opportunity_id,channel_name,campaign_name,region_name,company_size,plan,sites,status,created_month,close_month,expected_value,won_value,open_pipeline_value,lost_value,sales_cycle_days,value_imputed
1,LinkedIn Ads,Decision Makers,Walloon Brabant,10-49,Pro,1,Lost,2025-11,2025-11,1451.59,0.0,0.0,1451.59,24.0,0
2,Meta Ads,Lead Magnet,Brussels,1-9,Starter,1,Lost,2025-11,2025-11,592.22,0.0,0.0,592.22,5.0,0
3,Organic Search,SEO Product Pages,Brussels,1-9,Starter,1,Won,2025-11,2025-11,618.92,605.18,0.0,0.0,14.0,0
4,Referral,Customer Referral,Flemish Brabant,10-49,Pro,1,Won,2025-11,2025-11,1460.98,1323.92,0.0,0.0,19.0,0
5,Organic Search,SEO Product Pages,Hainaut,10-49,Pro,1,Won,2025-11,2025-12,1389.53,1325.68,0.0,0.0,22.0,0
6,Organic Search,SEO Product Pages,East Flanders,1-9,Starter,1,Lost,2025-11,2025-12,571.84,0.0,0.0,571.84,25.0,0
7,Google Ads,High Intent Search,Flemish Brabant,10-49,Pro,1,Won,2025-11,2025-11,1374.75,1393.12,0.0,0.0,20.0,0
8,Organic Search,SEO Product Pages,Antwerp,1-9,Starter,1,Lost,2025-11,2025-11,583.8,0.0,0.0,583.8,18.0,0
9,Organic Search,SEO Guides,Brussels,1-9,Starter,1,Won,2025-11,2025-11,624.88,621.03,0.0,0.0,10.0,0
10,Direct,Brand Direct,East Flanders,1-9,Starter,1,Lost,2025-11,2025-11,571.35,0.0,0.0,571.35,10.0,0
11,LinkedIn Ads,Decision Makers,Namur,10-49,Pro,1,Lost,2025-11,2025-11,1422.45,0.0,0.0,1422.45,8.0,0
12,Email,Newsletter,Brussels,1-9,Starter,1,Won,2025-11,2025-11,596.93,597.5,0.0,0.0,14.0,0
13,Referral,Customer Referral,Brussels,10-49,Starter,1,Lost,2025-11,2025-11,609.74,0.0,0.0,609.74,16.0,0
14,Organic Search,SEO Product Pages,East Flanders,50+,Group,3,Lost,2025-11,2025-12,10847.95,0.0,0.0,10847.95,31.0,0
15,Organic Search,SEO Product Pages,Hainaut,1-9,Pro,1,Won,2025-11,2025-11,1475.56,1359.5,0.0,0.0,14.0,0
16,Organic Search,SEO Guides,Walloon Brabant,10-49,Pro,1,Won,2025-11,2026-01,1568.79,1497.83,0.0,0.0,60.0,0
17,Direct,Brand Direct,East Flanders,10-49,Starter,1,Won,2025-11,2025-12,553.4,523.57,0.0,0.0,32.0,0
18,Direct,Brand Direct,Antwerp,1-9,Starter,1,Lost,2025-11,2025-11,558.31,0.0,0.0,558.31,15.0,0
19,Direct,Brand Direct,Brussels,10-49,Pro,1,Lost,2025-11,2025-11,1462.12,0.0,0.0,1462.12,15.0,0
20,Referral,Customer Referral,Namur,1-9,Starter,1,Lost,2025-11,2025-12,576.49,0.0,0.0,576.49,27.0,0
21,Meta Ads,Awareness Video,Liège,10-49,Pro,1,Won,2025-11,2025-12,1474.78,1374.53,0.0,0.0,31.0,0
22,Email,Newsletter,Walloon Brabant,1-9,Starter,1,Lost,2025-11,2025-11,640.93,0.0,0.0,640.93,17.0,0
23,Referral,Partner Network,Antwerp,10-49,Pro,1,Won,2025-11,2025-12,1305.64,1202.99,0.0,0.0,26.0,0
24,Referral,Customer Referral,Hainaut,10-49,Pro,1,Won,2025-11,2025-12,1523.03,1518.91,0.0,0.0,20.0,0
25,Organic Search,SEO Guides,Antwerp,1-9,Starter,1,Lost,2025-11,2025-12,536.51,0.0,0.0,536.51,35.0,0
26,Direct,Brand Direct,Brussels,1-9,Starter,1,Lost,2025-11,2025-11,607.51,0.0,0.0,607.51,7.0,0
27,Email,Newsletter,Liège,1-9,Starter,1,Lost,2025-11,2025-12,609.63,0.0,0.0,609.63,22.0,0
28,Referral,Partner Network,Flemish Brabant,10-49,Group,5,Won,2025-11,2025-12,18491.59,18782.58,0.0,0.0,15.0,0
29,Referral,Partner Network,Hainaut,1-9,Pro,1,Lost,2025-11,2025-12,1458.62,0.0,0.0,1458.62,12.0,0
30,Organic Search,SEO Product Pages,Antwerp,10-49,Starter,1,Lost,2025-11,2025-11,635.19,0.0,0.0,635.19,11.0,0
31,Organic Search,SEO Guides,East Flanders,1-9,Starter,1,Won,2025-11,2025-12,570.56,556.97,0.0,0.0,11.0,0
32,Direct,Brand Direct,Brussels,10-49,Pro,1,Won,2025-11,2025-12,1351.39,1278.42,0.0,0.0,31.0,0
33,Referral,Partner Network,East Flanders,1-9,Pro,1,Lost,2025-11,2025-12,1518.49,0.0,0.0,1518.49,22.0,0
34,Referral,Customer Referral,Antwerp,1-9,Starter,1,Won,2025-11,2025-12,622.11,558.12,0.0,0.0,18.0,0
35,Google Ads,Competitor Search,Hainaut,10-49,Pro,1,Lost,2025-11,2025-12,1381.71,0.0,0.0,1381.71,26.0,0
36,LinkedIn Ads,Decision Makers,Brussels,50+,Pro,1,Won,2025-11,2026-02,1490.54,1341.7,0.0,0.0,86.0,0
37,Organic Search,SEO Product Pages,Walloon Brabant,1-9,Starter,1,Lost,2025-11,2025-12,560.25,0.0,0.0,560.25,32.0,0
38,Direct,Brand Direct,East Flanders,10-49,Pro,1,Lost,2025-11,2026-01,1309.88,0.0,0.0,1309.88,43.0,0
39,Direct,Returning Visitors,Namur,10-49,Starter,1,Lost,2025-11,2025-12,636.72,0.0,0.0,636.72,23.0,0
40,Email,Newsletter,Liège,10-49,Pro,1,Won,2025-11,2025-12,1376.57,1399.35,0.0,0.0,15.0,0
41,Referral,Partner Network,Flemish Brabant,1-9,Starter,1,Lost,2025-11,2025-11,625.78,0.0,0.0,625.78,4.0,0
42,LinkedIn Ads,Decision Makers,Brussels,10-49,Starter,1,Lost,2025-11,2025-12,564.58,0.0,0.0,564.58,12.0,0
43,Organic Search,SEO Product Pages,Antwerp,10-49,Starter,1,Won,2025-11,2025-12,534.1,516.71,0.0,0.0,11.0,0
44,Organic Search,SEO Guides,Antwerp,1-9,Starter,1,Lost,2025-11,2025-11,631.16,0.0,0.0,631.16,8.0,0
45,Email,Newsletter,Flemish Brabant,1-9,Starter,1,Won,2025-11,2025-12,645.15,569.77,0.0,0.0,15.0,0
46,LinkedIn Ads,Decision Makers,Flemish Brabant,1-9,Pro,1,Won,2025-11,2025-12,1353.46,1160.83,0.0,0.0,12.0,0
47,Organic Search,SEO Product Pages,Liège,10-49,Pro,1,Lost,2025-11,2025-12,1376.55,0.0,0.0,1376.55,21.0,0
48,Organic Search,SEO Guides,Brussels,1-9,Pro,1,Lost,2025-11,2025-12,1530.97,0.0,0.0,1530.97,10.0,0
49,Direct,Returning Visitors,Brussels,1-9,Starter,1,Won,2025-11,2025-12,554.09,558.27,0.0,0.0,22.0,0
50,Email,Newsletter,Liège,1-9,Starter,1,Lost,2025-11,2025-12,581.17,0.0,0.0,581.17,26.0,0
51,Referral,Partner Network,Antwerp,10-49,Pro,1,Lost,2025-11,2025-12,1570.14,0.0,0.0,1570.14,16.0,0
52,LinkedIn Ads,Decision Makers,Antwerp,10-49,Pro,1,Won,2025-11,2025-12,1503.3,1470.92,0.0,0.0,35.0,0
53,Direct,Returning Visitors,East Flanders,1-9,Pro,1,Won,2025-11,2025-11,1554.31,1442.2,0.0,0.0,8.0,0
54,Direct,Returning Visitors,Walloon Brabant,10-49,Starter,1,Won,2025-11,2025-12,624.53,574.56,0.0,0.0,24.0,0
55,Organic Search,SEO Guides,Hainaut,50+,Group,3,Lost,2025-11,2026-01,10390.2,0.0,0.0,10390.2,52.0,0
56,Direct,Brand Direct,Namur,1-9,Starter,1,Lost,2025-11,2025-12,550.25,0.0,0.0,550.25,13.0,0
57,Direct,Returning Visitors,Hainaut,1-9,Pro,1,Lost,2025-11,2025-11,1525.4,0.0,0.0,1525.4,5.0,0
58,Referral,Customer Referral,Hainaut,1-9,Starter,1,Lost,2025-11,2025-12,635.09,0.0,0.0,635.09,18.0,0
59,Google Ads,Restaurant Operations,Antwerp,1-9,Pro,1,Lost,2025-11,2025-12,1514.11,0.0,0.0,1514.11,23.0,0
60,Organic Search,SEO Product Pages,Flemish Brabant,10-49,Group,4,Won,2025-11,2025-12,13915.69,11859.53,0.0,0.0,26.0,0
61,Organic Search,SEO Product Pages,Flemish Brabant,50+,Pro,1,Lost,2025-11,2026-03,1378.01,0.0,0.0,1378.01,127.0,0
62,Direct,Returning Visitors,Brussels,1-9,Starter,1,Lost,2025-11,2025-12,627.97,0.0,0.0,627.97,25.0,0
63,Email,Newsletter,Brussels,1-9,Starter,1,Won,2025-11,2025-12,620.5,536.0,0.0,0.0,21.0,0
64,Referral,Partner Network,Walloon Brabant,10-49,Pro,1,Lost,2025-11,2026-01,1446.87,0.0,0.0,1446.87,48.0,0
65,Organic Search,SEO Product Pages,Brussels,10-49,Pro,1,Lost,2025-11,2025-12,1551.61,0.0,0.0,1551.61,7.0,0
66,Organic Search,SEO Product Pages,Hainaut,1-9,Starter,1,Lost,2025-11,2025-12,544.3,0.0,0.0,544.3,5.0,0
67,Direct,Returning Visitors,Brussels,1-9,Starter,1,Won,2025-11,2026-01,561.95,480.24,0.0,0.0,38.0,0
68,Referral,Partner Network,Namur,10-49,Pro,1,Lost,2025-11,2025-12,1537.6,0.0,0.0,1537.6,15.0,0
69,Referral,Customer Referral,Flemish Brabant,1-9,Starter,1,Lost,2025-11,2025-12,550.09,0.0,0.0,550.09,15.0,0
70,Google Ads,High Intent Search,Brussels,1-9,Pro,1,Lost,2025-11,2025-12,1471.92,0.0,0.0,1471.92,15.0,0
71,Google Ads,Competitor Search,Antwerp,10-49,Pro,1,Lost,2025-11,2025-12,1426.03,0.0,0.0,1426.03,10.0,0
72,Organic Search,SEO Product Pages,Hainaut,1-9,Starter,1,Lost,2025-11,2025-12,633.62,0.0,0.0,633.62,9.0,0
73,Direct,Brand Direct,East Flanders,10-49,Pro,1,Lost,2025-11,2026-01,1427.51,0.0,0.0,1427.51,36.0,0
74,Referral,Customer Referral,Liège,1-9,Starter,1,Lost,2025-11,2025-12,550.35,0.0,0.0,550.35,12.0,0
75,LinkedIn Ads,Decision Makers,Walloon Brabant,1-9,Starter,1,Lost,2025-12,2025-12,544.96,0.0,0.0,544.96,10.0,0
76,Google Ads,Competitor Search,Liège,10-49,Pro,1,Won,2025-12,2025-12,1315.59,1149.78,0.0,0.0,8.0,0
77,Direct,Brand Direct,Antwerp,1-9,Starter,1,Lost,2025-11,2025-12,586.69,0.0,0.0,586.69,26.0,0
78,Direct,Returning Visitors,Liège,1-9,Starter,1,Lost,2025-11,2025-12,530.51,0.0,0.0,530.51,18.0,0
79,Direct,Brand Direct,Namur,10-49,Starter,1,Won,2025-11,2025-12,566.94,502.59,0.0,0.0,14.0,0
80,Direct,Brand Direct,Hainaut,50+,Group,3,Lost,2025-11,2026-03,10504.32,0.0,0.0,10504.32,109.0,0
81,Direct,Brand Direct,Hainaut,10-49,Pro,1,Lost,2025-12,2026-01,1383.62,0.0,0.0,1383.62,34.0,0
82,Email,Newsletter,Flemish Brabant,1-9,Starter,1,Lost,2025-12,2025-12,566.11,0.0,0.0,566.11,6.0,0
83,Email,Newsletter,Flemish Brabant,1-9,Pro,1,Lost,2025-11,2025-12,1332.18,0.0,0.0,1332.18,20.0,0
84,Referral,Partner Network,Antwerp,50+,Group,3,Lost,2025-11,2025-12,10658.67,0.0,0.0,10658.67,28.0,0
85,Organic Search,SEO Guides,East Flanders,1-9,Starter,1,Lost,2025-11,2025-12,641.78,0.0,0.0,641.78,15.0,0
86,Direct,Brand Direct,Liège,1-9,Starter,1,Lost,2025-11,2025-12,583.28,0.0,0.0,583.28,22.0,0
87,Direct,Brand Direct,Antwerp,50+,Group,3,Lost,2025-11,2025-12,10061.16,0.0,0.0,10061.16,14.0,0
88,Direct,Brand Direct,East Flanders,1-9,Starter,1,Lost,2025-12,2025-12,628.28,0.0,0.0,628.28,27.0,0
89,Referral,Customer Referral,Liège,1-9,Pro,1,Won,2025-11,2025-12,1447.9,1296.9,0.0,0.0,15.0,0
90,Organic Search,SEO Product Pages,East Flanders,1-9,Pro,1,Lost,2025-11,2025-12,1356.38,0.0,0.0,1356.38,31.0,0
91,Direct,Brand Direct,Brussels,50+,Group,4,Lost,2025-11,2026-01,14758.02,0.0,0.0,14758.02,42.0,0
92,Email,Newsletter,Flemish Brabant,1-9,Starter,1,Won,2025-11,2025-12,572.61,554.05,0.0,0.0,14.0,0
93,Google Ads,Competitor Search,Walloon Brabant,1-9,Starter,1,Lost,2025-12,2025-12,561.4,0.0,0.0,561.4,9.0,0
94,Google Ads,Restaurant Operations,Walloon Brabant,1-9,Starter,1,Lost,2025-12,2025-12,602.84,0.0,0.0,602.84,11.0,0
95,LinkedIn Ads,Decision Makers,Liège,10-49,Pro,1,Lost,2025-11,2025-12,1360.42,0.0,0.0,1360.42,9.0,0
96,Organic Search,SEO Product Pages,Antwerp,50+,Group,5,Won,2025-12,2025-12,19045.15,16940.62,0.0,0.0,16.0,0
97,Direct,Brand Direct,Antwerp,1-9,Starter,1,Lost,2025-11,2025-12,584.64,0.0,0.0,584.64,15.0,0
98,Referral,Partner Network,Brussels,1-9,Starter,1,Lost,2025-12,2025-12,591.97,0.0,0.0,591.97,22.0,0
99,Referral,Partner Network,Walloon Brabant,1-9,Starter,1,Won,2025-12,2025-12,554.26,505.97,0.0,0.0,6.0,0
100,Referral,Customer Referral,Flemish Brabant,10-49,Pro,1,Won,2025-12,2026-01,1381.28,1245.19,0.0,0.0,41.0,0
101,Email,Newsletter,Brussels,10-49,Pro,1,Lost,2025-12,2025-12,1553.58,0.0,0.0,1553.58,27.0,0
102,Referral,Customer Referral,Brussels,10-49,Pro,1,Lost,2025-12,2025-12,1314.51,0.0,0.0,1314.51,27.0,0
103,Organic Search,SEO Guides,Brussels,1-9,Starter,1,Lost,2025-12,2025-12,549.79,0.0,0.0,549.79,16.0,0
104,Direct,Brand Direct,Brussels,10-49,Starter,1,Lost,2025-12,2025-12,543.09,0.0,0.0,543.09,16.0,0
105,Referral,Partner Network,Hainaut,10-49,Pro,1,Lost,2025-12,2025-12,1430.42,0.0,0.0,1430.42,21.0,0
106,Organic Search,SEO Guides,East Flanders,1-9,Starter,1,Lost,2025-12,2026-01,622.16,0.0,0.0,622.16,38.0,0
107,Email,Newsletter,Flemish Brabant,50+,Group,4,Lost,2025-12,2026-02,13665.56,0.0,0.0,13665.56,61.0,0
108,Email,Newsletter,Antwerp,50+,Group,3,Lost,2025-12,2025-12,10596.69,0.0,0.0,10596.69,21.0,0
109,Referral,Partner Network,East Flanders,10-49,Pro,1,Lost,2025-12,2025-12,1480.85,0.0,0.0,1480.85,18.0,0
110,Referral,Partner Network,East Flanders,1-9,Starter,1,Lost,2025-12,2025-12,590.34,0.0,0.0,590.34,8.0,0
111,Direct,Returning Visitors,Flemish Brabant,1-9,Starter,1,Lost,2025-12,2025-12,604.59,0.0,0.0,604.59,11.0,0
112,Email,Newsletter,Antwerp,50+,Group,3,Lost,2025-12,2026-02,11218.44,0.0,0.0,11218.44,56.0,0
113,Email,Lead Nurture,Walloon Brabant,10-49,Pro,1,Lost,2025-12,2026-01,1467.79,0.0,0.0,1467.79,28.0,0
114,Email,Lead Nurture,Liège,1-9,Starter,1,Lost,2025-12,2025-12,578.59,0.0,0.0,578.59,5.0,0
115,Email,Lead Nurture,East Flanders,10-49,Pro,1,Won,2025-12,2025-12,1340.86,1208.75,0.0,0.0,17.0,0
116,LinkedIn Ads,Decision Makers,Antwerp,10-49,Pro,1,Lost,2025-12,2026-01,1348.75,0.0,0.0,1348.75,46.0,0
117,Email,Newsletter,Hainaut,1-9,Starter,1,Lost,2025-12,2025-12,561.42,0.0,0.0,561.42,14.0,0
118,Referral,Partner Network,Flemish Brabant,10-49,Starter,1,Won,2025-12,2026-01,605.2,550.27,0.0,0.0,35.0,0
119,Google Ads,Restaurant Operations,Walloon Brabant,10-49,Starter,1,Lost,2025-12,2025-12,634.69,0.0,0.0,634.69,16.0,0
120,Direct,Brand Direct,East Flanders,1-9,Starter,1,Lost,2025-12,2025-12,549.55,0.0,0.0,549.55,11.0,0
121,Direct,Brand Direct,Antwerp,10-49,Pro,1,Lost,2025-12,2025-12,1420.37,0.0,0.0,1420.37,19.0,0
122,Referral,Partner Network,Liège,1-9,Starter,1,Won,2025-12,2026-01,595.93,550.33,0.0,0.0,24.0,0
123,LinkedIn Ads,Decision Makers,Antwerp,1-9,Pro,1,Lost,2025-12,2025-12,1422.73,0.0,0.0,1422.73,16.0,0
124,Organic Search,SEO Product Pages,Walloon Brabant,10-49,Starter,1,Lost,2025-12,2025-12,542.21,0.0,0.0,542.21,12.0,0
125,Google Ads,Restaurant Operations,Antwerp,1-9,Starter,1,Lost,2025-12,2025-12,643.46,0.0,0.0,643.46,6.0,0
126,Organic Search,SEO Product Pages,Brussels,50+,Group,5,Lost,2025-12,2026-01,17751.55,0.0,0.0,17751.55,41.0,0
127,Organic Search,SEO Product Pages,Brussels,10-49,Pro,1,Lost,2025-12,2026-01,1410.75,0.0,0.0,1410.75,26.0,0
128,Organic Search,SEO Product Pages,Namur,10-49,Group,5,Lost,2025-12,2026-01,16234.92,0.0,0.0,16234.92,42.0,0
129,Organic Search,SEO Guides,Flemish Brabant,50+,Group,2,Lost,2025-12,2025-12,7644.47,0.0,0.0,7644.47,18.0,0
130,Direct,Brand Direct,Namur,10-49,Starter,1,Lost,2025-12,2026-01,559.89,0.0,0.0,559.89,16.0,0
131,Direct,Brand Direct,Namur,10-49,Group,3,Won,2025-12,2026-01,10478.97,10081.33,0.0,0.0,22.0,0
132,Referral,Partner Network,Antwerp,1-9,Starter,1,Won,2025-12,2026-01,605.47,542.83,0.0,0.0,24.0,0
133,Referral,Partner Network,Walloon Brabant,1-9,Starter,1,Won,2025-12,2026-01,533.55,453.53,0.0,0.0,26.0,0
134,Referral,Customer Referral,Antwerp,10-49,Pro,1,Won,2025-12,2026-01,1334.46,1218.92,0.0,0.0,33.0,0
135,Google Ads,High Intent Search,Brussels,10-49,Pro,1,Lost,2025-12,2026-01,1292.91,0.0,0.0,1292.91,19.0,0
136,Google Ads,High Intent Search,Hainaut,1-9,Starter,1,Won,2025-12,2025-12,552.31,485.83,0.0,0.0,7.0,0
137,Email,Lead Nurture,Flemish Brabant,1-9,Starter,1,Won,2025-12,2026-01,629.7,635.48,0.0,0.0,26.0,0
138,Referral,Partner Network,Brussels,1-9,Starter,1,Lost,2025-12,2025-12,610.27,0.0,0.0,610.27,6.0,0
139,Referral,Partner Network,Antwerp,50+,Group,4,Lost,2025-12,2026-01,12992.76,0.0,0.0,12992.76,38.0,0
140,Referral,Partner Network,Antwerp,10-49,Pro,1,Lost,2025-12,2025-12,1359.76,0.0,0.0,1359.76,21.0,0
141,Google Ads,High Intent Search,Antwerp,1-9,Starter,1,Lost,2025-12,2026-01,621.97,0.0,0.0,621.97,18.0,0
142,Meta Ads,Lead Magnet,Antwerp,1-9,Starter,1,Lost,2025-12,2025-12,589.65,0.0,0.0,589.65,14.0,0
143,Direct,Brand Direct,Antwerp,10-49,Pro,1,Won,2025-12,2026-01,1402.22,1254.66,0.0,0.0,23.0,0
144,Direct,Returning Visitors,East Flanders,50+,Group,2,Lost,2025-12,2025-12,6553.24,0.0,0.0,6553.24,15.0,0
145,Referral,Partner Network,Walloon Brabant,1-9,Pro,1,Won,2025-12,2026-01,1436.58,1309.56,0.0,0.0,41.0,0
146,Referral,Partner Network,Brussels,1-9,Pro,1,Lost,2025-12,2025-12,1430.87,0.0,0.0,1430.87,15.0,0
147,Referral,Customer Referral,Walloon Brabant,10-49,Group,3,Lost,2025-12,2026-01,9803.14,0.0,0.0,9803.14,28.0,0
148,Referral,Customer Referral,East Flanders,1-9,Pro,1,Lost,2025-12,2025-12,1564.27,0.0,0.0,1564.27,4.0,0
149,Google Ads,High Intent Search,Walloon Brabant,50+,Group,5,Lost,2025-12,2026-03,18118.44,0.0,0.0,18118.44,84.0,0
150,Referral,Customer Referral,Brussels,10-49,Group,3,Lost,2025-12,2026-01,11004.41,0.0,0.0,11004.41,26.0,0
151,Referral,Customer Referral,East Flanders,10-49,Pro,1,Lost,2025-12,2026-01,1570.02,0.0,0.0,1570.02,25.0,0
152,Referral,Customer Referral,Antwerp,1-9,Starter,1,Lost,2025-12,2026-01,558.5,0.0,0.0,558.5,15.0,0
153,Referral,Partner Network,East Flanders,10-49,Pro,1,Lost,2025-12,2026-01,1354.21,0.0,0.0,1354.21,27.0,0
154,Referral,Customer Referral,East Flanders,1-9,Starter,1,Won,2025-12,2025-12,537.12,490.67,0.0,0.0,14.0,0
155,Referral,Customer Referral,Namur,1-9,Starter,1,Won,2025-12,2025-12,610.25,612.22,0.0,0.0,10.0,0
156,Meta Ads,Lead Magnet,Liège,50+,Group,5,Lost,2025-12,2026-01,17814.65,0.0,0.0,17814.65,20.0,0
157,Organic Search,SEO Product Pages,East Flanders,1-9,Starter,1,Lost,2025-12,2025-12,563.35,0.0,0.0,563.35,14.0,0
158,Direct,Brand Direct,Antwerp,50+,Pro,1,Lost,2025-12,2026-01,1531.77,0.0,0.0,1531.77,41.0,0
159,Referral,Partner Network,Hainaut,1-9,Starter,1,Won,2025-12,2025-12,632.6,644.09,0.0,0.0,13.0,0
160,Google Ads,High Intent Search,Liège,10-49,Pro,1,Lost,2025-12,2026-01,1515.23,0.0,0.0,1515.23,10.0,0
161,Direct,Brand Direct,Walloon Brabant,1-9,Starter,1,Lost,2025-12,2026-01,581.33,0.0,0.0,581.33,19.0,0
162,Email,Lead Nurture,Namur,1-9,Starter,1,Lost,2025-12,2025-12,595.31,0.0,0.0,595.31,10.0,0
163,Referral,Partner Network,Brussels,10-49,Pro,1,Lost,2025-12,2026-01,1543.18,0.0,0.0,1543.18,33.0,0
164,Referral,Customer Referral,Liège,50+,Group,2,Won,2025-12,2026-03,6821.05,6115.85,0.0,0.0,81.0,0
165,Referral,Customer Referral,Antwerp,1-9,Starter,1,Won,2025-12,2026-01,532.65,488.14,0.0,0.0,31.0,0
166,Organic Search,SEO Product Pages,Walloon Brabant,10-49,Pro,1,Won,2025-12,2026-01,1399.36,1324.16,0.0,0.0,26.0,0
167,Direct,Returning Visitors,Brussels,1-9,Starter,1,Lost,2025-12,2026-01,574.54,0.0,0.0,574.54,20.0,0
168,Email,Newsletter,Brussels,1-9,Starter,1,Won,2025-12,2026-01,549.39,536.79,0.0,0.0,18.0,0
169,Organic Search,SEO Product Pages,Flemish Brabant,50+,Group,2,Lost,2025-12,2026-01,6829.95,0.0,0.0,6829.95,28.0,0
170,Organic Search,SEO Product Pages,Hainaut,10-49,Starter,1,Won,2025-12,2026-01,533.78,462.4,0.0,0.0,16.0,0
171,Direct,Returning Visitors,Namur,10-49,Pro,1,Won,2025-12,2026-01,1301.84,1307.4,0.0,0.0,24.0,0
172,Email,Newsletter,Walloon Brabant,10-49,Pro,1,Lost,2025-12,2026-01,1336.4,0.0,0.0,1336.4,17.0,0
173,Google Ads,Restaurant Operations,Namur,1-9,Starter,1,Lost,2025-12,2026-01,548.52,0.0,0.0,548.52,20.0,0
174,Organic Search,SEO Product Pages,Brussels,10-49,Pro,1,Lost,2025-12,2025-12,1378.24,0.0,0.0,1378.24,8.0,0
175,Direct,Brand Direct,East Flanders,1-9,Starter,1,Lost,2025-12,2026-01,562.37,0.0,0.0,562.37,17.0,0
176,Direct,Returning Visitors,Walloon Brabant,1-9,Starter,1,Lost,2025-12,2026-01,594.07,0.0,0.0,594.07,14.0,0
177,Referral,Partner Network,Antwerp,1-9,Starter,1,Won,2025-12,2026-01,566.1,521.81,0.0,0.0,18.0,0
178,Referral,Partner Network,Liège,1-9,Pro,1,Lost,2025-12,2025-12,1480.31,0.0,0.0,1480.31,10.0,0
179,Referral,Partner Network,Namur,10-49,Pro,1,Won,2025-12,2026-01,1444.44,1337.64,0.0,0.0,19.0,0
180,Referral,Customer Referral,Namur,10-49,Group,5,Lost,2025-12,2026-02,18365.11,0.0,0.0,18365.11,53.0,0
181,Referral,Customer Referral,Antwerp,1-9,Starter,1,Lost,2025-12,2026-01,608.57,0.0,0.0,608.57,16.0,0
182,LinkedIn Ads,Operations Leaders,Hainaut,50+,Group,5,Lost,2025-12,2026-01,17223.17,0.0,0.0,17223.17,27.0,0
183,Direct,Returning Visitors,Brussels,1-9,Pro,1,Won,2025-12,2026-01,1349.33,1318.49,0.0,0.0,17.0,0
184,Email,Newsletter,Antwerp,1-9,Starter,1,Lost,2025-12,2026-01,640.86,0.0,0.0,640.86,28.0,0
185,Referral,Partner Network,Flemish Brabant,10-49,Pro,1,Won,2025-12,2026-01,1454.8,1289.38,0.0,0.0,21.0,0
186,Organic Search,SEO Guides,Hainaut,10-49,Group,3,Lost,2025-12,2026-01,9580.12,0.0,0.0,9580.12,19.0,0
187,Organic Search,SEO Guides,Walloon Brabant,1-9,Pro,1,Lost,2025-12,2026-01,1357.01,0.0,0.0,1357.01,14.0,0
188,Email,Newsletter,Flemish Brabant,10-49,Starter,1,Won,2025-12,2026-01,539.53,515.06,0.0,0.0,22.0,0
189,Referral,Partner Network,Hainaut,10-49,Pro,1,Won,2025-12,2026-01,1367.68,1188.96,0.0,0.0,11.0,0
190,Referral,Partner Network,Hainaut,10-49,Starter,1,Won,2025-12,2026-02,539.76,461.32,0.0,0.0,51.0,0
191,Direct,Brand Direct,Brussels,1-9,Starter,1,Won,2025-12,2026-01,544.24,536.75,0.0,0.0,11.0,0
192,Email,Lead Nurture,Walloon Brabant,1-9,Starter,1,Lost,2025-12,2026-01,590.85,0.0,0.0,590.85,16.0,0
193,Referral,Customer Referral,Brussels,10-49,Pro,1,Won,2025-12,2026-01,1332.21,1247.4,0.0,0.0,13.0,0
194,Direct,Brand Direct,East Flanders,1-9,Starter,1,Lost,2025-12,2026-01,617.19,0.0,0.0,617.19,17.0,0
195,Referral,Partner Network,Namur,10-49,Pro,1,Lost,2025-12,2026-01,1301.45,0.0,0.0,1301.45,16.0,0
196,Direct,Returning Visitors,Hainaut,1-9,Starter,1,Lost,2025-12,2026-01,581.44,0.0,0.0,581.44,10.0,0
197,Referral,Customer Referral,Liège,1-9,Starter,1,Lost,2025-12,2026-01,599.51,0.0,0.0,599.51,14.0,0
198,Google Ads,High Intent Search,Flemish Brabant,50+,Group,3,Won,2025-12,2026-02,11204.68,9922.22,0.0,0.0,62.0,0
199,Organic Search,SEO Product Pages,Brussels,1-9,Pro,1,Lost,2025-12,2026-01,1364.24,0.0,0.0,1364.24,19.0,0
200,Organic Search,SEO Guides,Brussels,1-9,Starter,1,Won,2025-12,2026-01,585.33,587.9,0.0,0.0,13.0,0
201,Referral,Customer Referral,Namur,50+,Group,5,Won,2025-12,2026-01,18309.66,18440.32,0.0,0.0,27.0,0
202,Email,Newsletter,Brussels,50+,Group,2,Lost,2025-12,2026-02,7129.84,0.0,0.0,7129.84,54.0,0
203,Email,Lead Nurture,Flemish Brabant,1-9,Starter,1,Won,2025-12,2026-01,544.49,545.12,0.0,0.0,6.0,0
204,Email,Lead Nurture,Hainaut,50+,Group,2,Lost,2025-12,2026-01,7333.96,0.0,0.0,7333.96,21.0,0
205,Email,Lead Nurture,Liège,50+,Group,4,Won,2026-01,2026-04,12798.55,11408.7,0.0,0.0,94.0,0
206,Referral,Customer Referral,Antwerp,1-9,Starter,1,Won,2025-12,2026-01,603.28,591.7,0.0,0.0,18.0,0
207,Organic Search,SEO Product Pages,Antwerp,50+,Pro,1,Lost,2026-01,2026-03,1503.72,0.0,0.0,1503.72,75.0,0
208,Organic Search,SEO Guides,Brussels,1-9,Starter,1,Won,2025-12,2026-01,631.19,596.44,0.0,0.0,15.0,0
209,Email,Lead Nurture,Hainaut,10-49,Starter,1,Lost,2025-12,2026-01,547.55,0.0,0.0,547.55,27.0,0
210,Email,Lead Nurture,Brussels,1-9,Pro,1,Lost,2026-01,2026-01,1377.97,0.0,0.0,1377.97,13.0,0
211,Organic Search,SEO Product Pages,Antwerp,50+,Group,2,Lost,2026-01,2026-02,7182.55,0.0,0.0,7182.55,42.0,0
212,Direct,Demo Page Direct,Brussels,1-9,Starter,1,Lost,2025-12,2026-01,635.18,0.0,0.0,635.18,16.0,0
213,Organic Search,SEO Product Pages,Liège,1-9,Starter,1,Won,2026-01,2026-01,564.49,559.23,0.0,0.0,6.0,0
214,Organic Search,SEO Guides,Brussels,1-9,Starter,1,Lost,2026-01,2026-01,621.55,0.0,0.0,621.55,12.0,0
215,Direct,Brand Direct,East Flanders,1-9,Starter,1,Lost,2026-01,2026-01,624.92,0.0,0.0,624.92,13.0,0
216,Direct,Demo Page Direct,Namur,1-9,Starter,1,Won,2026-01,2026-01,551.52,500.75,0.0,0.0,16.0,0
217,Google Ads,High Intent Search,Brussels,1-9,Pro,1,Lost,2026-01,2026-01,1354.4,0.0,0.0,1354.4,6.0,0
218,LinkedIn Ads,Operations Leaders,Hainaut,10-49,Pro,1,Lost,2026-01,2026-04,1320.89,0.0,0.0,1320.89,92.0,0
219,Meta Ads,Lead Magnet,Namur,10-49,Pro,1,Lost,2026-01,2026-02,1323.14,0.0,0.0,1323.14,42.0,0
220,Organic Search,SEO Guides,Walloon Brabant,1-9,Starter,1,Lost,2026-01,2026-01,635.02,0.0,0.0,635.02,19.0,0
221,Google Ads,High Intent Search,Brussels,1-9,Pro,1,Won,2026-01,2026-01,1515.44,1428.88,0.0,0.0,7.0,0
222,Direct,Returning Visitors,Hainaut,1-9,Pro,1,Won,2026-01,2026-01,1526.32,1478.76,0.0,0.0,15.0,0
223,Referral,Customer Referral,Hainaut,1-9,Starter,1,Lost,2026-01,2026-01,569.06,0.0,0.0,569.06,13.0,0
224,Organic Search,SEO Product Pages,Namur,1-9,Starter,1,Lost,2026-01,2026-01,636.88,0.0,0.0,636.88,28.0,0
225,Organic Search,SEO Guides,Hainaut,1-9,Starter,1,Won,2026-01,2026-01,543.08,494.39,0.0,0.0,15.0,0
226,Direct,Brand Direct,Namur,10-49,Pro,1,Lost,2026-01,2026-01,1340.23,0.0,0.0,1340.23,23.0,0
227,Direct,Returning Visitors,Brussels,50+,Group,3,Lost,2026-01,2026-03,9425.34,0.0,0.0,9425.34,82.0,0
228,Email,Lead Nurture,Flemish Brabant,1-9,Pro,1,Lost,2026-01,2026-01,1538.41,0.0,0.0,1538.41,12.0,0
229,Referral,Customer Referral,Liège,10-49,Starter,1,Won,2026-01,2026-01,569.94,578.72,0.0,0.0,7.0,0
230,Direct,Brand Direct,East Flanders,10-49,Starter,1,Lost,2026-01,2026-02,613.0,0.0,0.0,613.0,34.0,0
231,Organic Search,SEO Product Pages,Liège,1-9,Pro,1,Lost,2026-01,2026-01,1319.45,0.0,0.0,1319.45,13.0,0
232,Direct,Returning Visitors,East Flanders,10-49,Pro,1,Lost,2026-01,2026-01,1320.59,0.0,0.0,1320.59,19.0,0
233,Email,Lead Nurture,Liège,1-9,Pro,1,Lost,2026-01,2026-01,1470.95,0.0,0.0,1470.95,20.0,0
234,Email,Lead Nurture,Antwerp,1-9,Starter,1,Lost,2026-01,2026-01,552.93,0.0,0.0,552.93,19.0,0
235,Google Ads,High Intent Search,Brussels,1-9,Starter,1,Won,2026-01,2026-01,531.64,519.18,0.0,0.0,17.0,0
236,Google Ads,High Intent Search,East Flanders,1-9,Pro,1,Lost,2026-01,2026-01,1308.54,0.0,0.0,1308.54,8.0,0
237,Referral,Partner Network,Antwerp,10-49,Pro,1,Lost,2026-01,2026-01,1428.95,0.0,0.0,1428.95,13.0,0
238,Google Ads,High Intent Search,Antwerp,1-9,Starter,1,Lost,2026-01,2026-01,533.26,0.0,0.0,533.26,6.0,0
239,Google Ads,Competitor Search,Liège,10-49,Starter,1,Won,2026-01,2026-02,589.57,594.55,0.0,0.0,27.0,0
240,Direct,Brand Direct,Antwerp,1-9,Starter,1,Lost,2026-01,2026-01,578.56,0.0,0.0,578.56,13.0,0
241,Direct,Returning Visitors,Namur,1-9,Starter,1,Won,2026-01,2026-02,561.67,500.2,0.0,0.0,18.0,0
242,Google Ads,High Intent Search,Walloon Brabant,1-9,Pro,1,Lost,2026-01,2026-01,1346.54,0.0,0.0,1346.54,18.0,0
243,Organic Search,SEO Guides,Liège,10-49,Pro,1,Lost,2026-01,2026-01,1482.61,0.0,0.0,1482.61,12.0,0
244,Direct,Brand Direct,Antwerp,1-9,Starter,1,Lost,2026-01,2026-02,569.03,0.0,0.0,569.03,34.0,0
245,Direct,Brand Direct,Flemish Brabant,50+,Group,4,Lost,2026-01,2026-01,12765.65,0.0,0.0,12765.65,15.0,0
246,Email,Lead Nurture,Antwerp,10-49,Group,2,Lost,2026-01,2026-01,7078.32,0.0,0.0,7078.32,19.0,0
247,Organic Search,SEO Product Pages,Walloon Brabant,10-49,Pro,1,Lost,2026-01,2026-02,1365.26,0.0,0.0,1365.26,21.0,0
248,Direct,Returning Visitors,East Flanders,1-9,Starter,1,Won,2026-01,2026-01,623.95,545.94,0.0,0.0,13.0,0
249,Email,Newsletter,Walloon Brabant,10-49,Group,2,Lost,2026-01,2026-01,6650.77,0.0,0.0,6650.77,12.0,0
250,Referral,Partner Network,Hainaut,10-49,Group,3,Won,2026-01,2026-01,9838.45,8755.02,0.0,0.0,19.0,0
251,Referral,Customer Referral,Antwerp,1-9,Pro,1,Lost,2026-01,2026-02,1311.74,0.0,0.0,1311.74,23.0,0
252,Meta Ads,Lead Magnet,Liège,10-49,Starter,1,Lost,2026-01,2026-02,561.01,0.0,0.0,561.01,22.0,0
253,Organic Search,SEO Guides,Liège,1-9,Starter,1,Won,2026-01,2026-01,535.39,520.18,0.0,0.0,12.0,0
254,Direct,Returning Visitors,East Flanders,1-9,Starter,1,Lost,2026-01,2026-01,573.17,0.0,0.0,573.17,15.0,0
255,Email,Lead Nurture,Hainaut,1-9,Pro,1,Lost,2026-01,2026-02,1531.05,0.0,0.0,1531.05,27.0,0
256,Email,Lead Nurture,East Flanders,1-9,Starter,1,Won,2026-01,2026-02,553.24,534.87,0.0,0.0,30.0,0
257,Google Ads,High Intent Search,Brussels,10-49,Pro,1,Won,2026-01,2026-02,1453.42,1458.54,0.0,0.0,18.0,0
258,Direct,Brand Direct,Antwerp,1-9,Pro,1,Lost,2026-01,2026-01,1465.96,0.0,0.0,1465.96,3.0,0
259,Direct,Returning Visitors,Brussels,1-9,Starter,1,Won,2026-01,2026-02,575.27,507.93,0.0,0.0,38.0,0
260,Meta Ads,Lead Magnet,Liège,1-9,Starter,1,Lost,2026-01,2026-01,612.1,0.0,0.0,612.1,8.0,0
261,Organic Search,SEO Product Pages,Brussels,1-9,Pro,1,Lost,2026-01,2026-01,1359.44,0.0,0.0,1359.44,14.0,0
262,Direct,Returning Visitors,Namur,10-49,Pro,1,Won,2026-01,2026-02,1496.94,1333.46,0.0,0.0,18.0,0
263,Email,Newsletter,Brussels,1-9,Starter,1,Won,2026-01,2026-01,588.19,593.16,0.0,0.0,11.0,0
264,Email,Lead Nurture,Flemish Brabant,10-49,Pro,1,Lost,2026-01,2026-01,1527.97,0.0,0.0,1527.97,8.0,0
265,Referral,Customer Referral,Brussels,10-49,Group,3,Won,2026-01,2026-02,9621.03,8722.9,0.0,0.0,34.0,0
266,LinkedIn Ads,Operations Leaders,Brussels,50+,Group,3,Won,2026-01,2026-03,10273.37,10082.93,0.0,0.0,51.0,0
267,Direct,Brand Direct,Brussels,10-49,Starter,1,Lost,2026-01,2026-02,536.92,0.0,0.0,536.92,40.0,0
268,Email,Newsletter,Liège,1-9,Starter,1,Lost,2026-01,2026-02,577.5,0.0,0.0,577.5,17.0,0
269,Referral,Customer Referral,Antwerp,10-49,Pro,1,Won,2026-01,2026-01,1552.08,1419.27,0.0,0.0,12.0,0
270,Referral,Customer Referral,Flemish Brabant,10-49,Pro,1,Lost,2026-01,2026-02,1460.17,0.0,0.0,1460.17,13.0,0
271,Email,Lead Nurture,Liège,10-49,Pro,1,Won,2026-01,2026-02,1467.1,1411.1,0.0,0.0,36.0,0
272,Referral,Partner Network,Antwerp,10-49,Pro,1,Won,2026-01,2026-02,1366.02,1278.09,0.0,0.0,26.0,0
273,Google Ads,Restaurant Operations,Flemish Brabant,50+,Group,5,Lost,2026-01,2026-02,17565.77,0.0,0.0,17565.77,40.0,0
274,Organic Search,SEO Product Pages,Flemish Brabant,10-49,Pro,1,Won,2026-01,2026-02,1481.17,1418.92,0.0,0.0,20.0,0
275,Direct,Demo Page Direct,Liège,1-9,Pro,1,Lost,2026-01,2026-02,1287.61,0.0,0.0,1287.61,21.0,0
276,Referral,Customer Referral,Brussels,10-49,Pro,1,Lost,2026-01,2026-02,1529.1,0.0,0.0,1529.1,26.0,0
277,Direct,Brand Direct,East Flanders,10-49,Pro,1,Lost,2026-01,2026-02,1309.03,0.0,0.0,1309.03,14.0,0
278,Direct,Demo Page Direct,East Flanders,1-9,Starter,1,Won,2026-01,2026-02,568.56,496.89,0.0,0.0,13.0,0
279,Referral,Partner Network,Antwerp,10-49,Pro,1,Lost,2026-01,2026-02,1480.81,0.0,0.0,1480.81,37.0,0
280,Referral,Customer Referral,Brussels,1-9,Starter,1,Lost,2026-01,2026-01,646.47,0.0,0.0,646.47,8.0,0
281,Organic Search,SEO Guides,Hainaut,1-9,Starter,1,Lost,2026-01,2026-02,642.11,0.0,0.0,642.11,29.0,0
282,Direct,Brand Direct,Namur,10-49,Pro,1,Lost,2026-01,2026-02,1325.08,0.0,0.0,1325.08,18.0,0
283,Direct,Returning Visitors,Antwerp,1-9,Pro,1,Lost,2026-01,2026-02,1523.01,0.0,0.0,1523.01,16.0,0
284,Email,Lead Nurture,Liège,10-49,Pro,1,Won,2026-01,2026-02,1561.82,1451.33,0.0,0.0,29.0,0
285,Referral,Partner Network,Hainaut,10-49,Pro,1,Won,2026-01,2026-02,1410.17,1244.6,0.0,0.0,38.0,0
286,Organic Search,SEO Product Pages,Namur,10-49,Pro,1,Won,2026-01,2026-02,1438.02,1337.99,0.0,0.0,15.0,0
287,Organic Search,SEO Product Pages,Liège,10-49,Pro,1,Lost,2026-01,2026-04,1484.21,0.0,0.0,1484.21,91.0,0
288,Meta Ads,Lead Magnet,Brussels,1-9,Starter,1,Lost,2026-01,2026-02,598.49,0.0,0.0,598.49,37.0,0
289,Organic Search,SEO Product Pages,Brussels,10-49,Pro,1,Lost,2026-01,2026-03,1397.83,0.0,0.0,1397.83,35.0,0
290,Direct,Brand Direct,East Flanders,50+,Group,3,Lost,2026-01,2026-04,11088.13,0.0,0.0,11088.13,82.0,0
291,Direct,Demo Page Direct,Antwerp,10-49,Pro,1,Lost,2026-01,2026-02,1446.05,0.0,0.0,1446.05,17.0,0
292,LinkedIn Ads,Decision Makers,East Flanders,1-9,Starter,1,Won,2026-01,2026-02,597.33,598.25,0.0,0.0,17.0,0
293,Direct,Returning Visitors,Hainaut,1-9,Starter,1,Won,2026-01,2026-02,537.09,462.72,0.0,0.0,9.0,0
294,Email,Lead Nurture,Hainaut,1-9,Starter,1,Lost,2026-01,2026-02,599.96,0.0,0.0,599.96,17.0,0
295,Referral,Partner Network,Flemish Brabant,1-9,Starter,1,Lost,2026-01,2026-02,600.57,0.0,0.0,600.57,20.0,0
296,Google Ads,High Intent Search,Liège,10-49,Pro,1,Lost,2026-01,2026-02,1400.24,0.0,0.0,1400.24,28.0,0
297,LinkedIn Ads,Operations Leaders,Brussels,50+,Pro,1,Won,2026-01,2026-03,1415.4,1408.97,0.0,0.0,65.0,0
298,Organic Search,SEO Product Pages,Brussels,10-49,Pro,1,Lost,2026-01,2026-03,1325.68,0.0,0.0,1325.68,36.0,0
299,Direct,Demo Page Direct,Hainaut,10-49,Pro,1,Lost,2026-01,2026-02,1496.38,0.0,0.0,1496.38,30.0,0
300,Google Ads,High Intent Search,Liège,1-9,Pro,1,Lost,2026-01,2026-02,1412.26,0.0,0.0,1412.26,13.0,0
301,Google Ads,High Intent Search,Hainaut,1-9,Starter,1,Lost,2026-01,2026-02,644.05,0.0,0.0,644.05,26.0,0
302,Direct,Brand Direct,Namur,50+,Pro,1,Won,2026-01,2026-02,1441.08,1353.63,0.0,0.0,16.0,0
303,Direct,Returning Visitors,Antwerp,10-49,Pro,1,Won,2026-01,2026-02,1395.6,1418.7,0.0,0.0,26.0,0
304,Email,Newsletter,Brussels,1-9,Starter,1,Won,2026-01,2026-02,633.45,643.98,0.0,0.0,17.0,0
305,Email,Newsletter,Namur,1-9,Starter,1,Won,2026-01,2026-02,632.99,548.89,0.0,0.0,25.0,0
306,Referral,Customer Referral,Liège,10-49,Pro,1,Lost,2026-01,2026-02,1426.92,0.0,0.0,1426.92,30.0,0
307,Referral,Customer Referral,East Flanders,10-49,Group,5,Lost,2026-01,2026-03,16186.85,0.0,0.0,16186.85,50.0,0
308,Referral,Customer Referral,Walloon Brabant,1-9,Pro,1,Lost,2026-01,2026-02,1327.03,0.0,0.0,1327.03,20.0,0
309,Referral,Customer Referral,Namur,50+,Group,4,Lost,2026-01,2026-04,12710.07,0.0,0.0,12710.07,70.0,0
310,Google Ads,High Intent Search,Brussels,10-49,Pro,1,Lost,2026-01,2026-03,1290.34,0.0,0.0,1290.34,62.0,0
311,Organic Search,SEO Product Pages,Brussels,50+,Group,5,Lost,2026-01,2026-02,17713.5,0.0,0.0,17713.5,27.0,0
312,Organic Search,SEO Product Pages,Flemish Brabant,50+,Group,3,Lost,2026-01,2026-03,9864.75,0.0,0.0,9864.75,41.0,0
313,Organic Search,SEO Guides,Antwerp,50+,Group,5,Lost,2026-01,2026-02,18087.18,0.0,0.0,18087.18,28.0,0
314,Direct,Brand Direct,Hainaut,50+,Group,2,Lost,2026-01,2026-03,7074.71,0.0,0.0,7074.71,56.0,0
315,Direct,Brand Direct,Flemish Brabant,1-9,Starter,1,Lost,2026-01,2026-02,598.15,0.0,0.0,598.15,6.0,0
316,Email,Newsletter,Brussels,1-9,Pro,1,Lost,2026-01,2026-02,1449.38,0.0,0.0,1449.38,9.0,0
317,Email,Lead Nurture,East Flanders,50+,Group,3,Lost,2026-01,2026-05,11467.8,0.0,0.0,11467.8,114.0,0
318,Referral,Partner Network,Hainaut,1-9,Pro,1,Won,2026-01,2026-02,1560.2,1345.33,0.0,0.0,21.0,0
319,Referral,Customer Referral,Flemish Brabant,1-9,Starter,1,Lost,2026-01,2026-02,548.24,0.0,0.0,548.24,16.0,0
320,Google Ads,High Intent Search,Brussels,50+,Group,3,Lost,2026-02,2026-03,10368.0,0.0,0.0,10368.0,42.0,0
321,Direct,Returning Visitors,Hainaut,1-9,Starter,1,Won,2026-01,2026-02,630.09,548.16,0.0,0.0,8.0,0
322,Email,Newsletter,East Flanders,1-9,Starter,1,Lost,2026-01,2026-02,536.99,0.0,0.0,536.99,9.0,0
323,Email,Lead Nurture,Antwerp,10-49,Starter,1,Won,2026-01,2026-02,532.08,529.18,0.0,0.0,14.0,0
324,Referral,Partner Network,Antwerp,50+,Pro,1,Lost,2026-01,2026-02,1461.63,0.0,0.0,1461.63,28.0,0
325,Organic Search,SEO Product Pages,Hainaut,50+,Group,2,Lost,2026-02,2026-04,7527.39,0.0,0.0,7527.39,87.0,0
326,Organic Search,SEO Product Pages,Antwerp,10-49,Starter,1,Lost,2026-01,2026-03,595.99,0.0,0.0,595.99,36.0,0
327,Organic Search,SEO Guides,East Flanders,1-9,Starter,1,Won,2026-01,2026-02,607.04,556.93,0.0,0.0,9.0,0
328,Direct,Brand Direct,East Flanders,1-9,Starter,1,Lost,2026-01,2026-01,540.81,0.0,0.0,540.81,3.0,0
329,Direct,Brand Direct,Liège,1-9,Starter,1,Lost,2026-01,2026-02,538.99,0.0,0.0,538.99,5.0,0
330,Email,Lead Nurture,Antwerp,10-49,Pro,1,Lost,2026-02,2026-02,1561.81,0.0,0.0,1561.81,14.0,0
331,Referral,Partner Network,Brussels,10-49,Pro,1,Lost,2026-01,2026-02,1498.84,0.0,0.0,1498.84,19.0,0
332,Referral,Partner Network,Hainaut,1-9,Starter,1,Lost,2026-01,2026-02,606.21,0.0,0.0,606.21,10.0,0
333,Direct,Returning Visitors,Brussels,50+,Group,2,Won,2026-02,2026-03,7102.65,7001.57,0.0,0.0,40.0,0
334,Email,Lead Nurture,Liège,1-9,Pro,1,Won,2026-01,2026-02,1521.45,1505.19,0.0,0.0,10.0,0
335,Referral,Customer Referral,Brussels,10-49,Pro,1,Lost,2026-01,2026-02,1288.81,0.0,0.0,1288.81,13.0,0
336,Organic Search,SEO Guides,Antwerp,1-9,Starter,1,Lost,2026-01,2026-02,543.62,0.0,0.0,543.62,9.0,0
337,Direct,Demo Page Direct,Walloon Brabant,10-49,Pro,1,Lost,2026-02,2026-03,1430.53,0.0,0.0,1430.53,30.0,0
338,Meta Ads,Awareness Video,Hainaut,1-9,Starter,1,Won,2026-01,2026-02,546.71,509.75,0.0,0.0,15.0,0
339,Direct,Brand Direct,Brussels,50+,Group,5,Lost,2026-01,2026-04,17525.11,0.0,0.0,17525.11,81.0,0
340,Email,Newsletter,Namur,1-9,Starter,1,Lost,2026-01,2026-02,558.66,0.0,0.0,558.66,21.0,0
341,Organic Search,SEO Guides,Brussels,1-9,Pro,1,Lost,2026-01,2026-02,1568.04,0.0,0.0,1568.04,9.0,0
342,Direct,Brand Direct,Walloon Brabant,50+,Pro,1,Lost,2026-02,2026-03,1502.13,0.0,0.0,1502.13,46.0,0
343,Direct,Returning Visitors,East Flanders,10-49,Pro,1,Won,2026-02,2026-03,1551.45,1551.45,0.0,0.0,26.0,1
344,Email,Newsletter,Walloon Brabant,1-9,Starter,1,Lost,2026-02,2026-02,547.61,0.0,0.0,547.61,21.0,0
345,Referral,Customer Referral,Hainaut,1-9,Pro,1,Won,2026-01,2026-03,1424.11,1222.39,0.0,0.0,36.0,0
346,Google Ads,High Intent Search,Liège,10-49,Pro,1,Lost,2026-01,2026-02,1474.55,0.0,0.0,1474.55,9.0,0
347,LinkedIn Ads,Operations Leaders,Hainaut,50+,Pro,1,Won,2026-02,2026-02,1356.64,1369.44,0.0,0.0,20.0,0
348,Organic Search,SEO Guides,Liège,1-9,Pro,1,Lost,2026-02,2026-02,1453.68,0.0,0.0,1453.68,19.0,0
349,Direct,Brand Direct,East Flanders,1-9,Starter,1,Lost,2026-01,2026-02,536.91,0.0,0.0,536.91,28.0,0
350,Direct,Brand Direct,Hainaut,1-9,Pro,1,Lost,2026-02,2026-02,1319.27,0.0,0.0,1319.27,13.0,0
351,Direct,Brand Direct,Antwerp,1-9,Pro,1,Won,2026-02,2026-02,1296.69,1253.43,0.0,0.0,10.0,0
352,Email,Newsletter,Liège,50+,Pro,1,Won,2026-02,2026-02,1290.42,1125.17,0.0,0.0,16.0,0
353,Email,Lead Nurture,Walloon Brabant,10-49,Pro,1,Won,2026-02,2026-02,1296.37,1152.14,0.0,0.0,18.0,0
354,Email,Lead Nurture,Antwerp,1-9,Pro,1,Lost,2026-02,2026-02,1380.4,0.0,0.0,1380.4,11.0,0
355,Email,Lead Nurture,Flemish Brabant,10-49,Pro,1,Won,2026-01,2026-02,1419.1,1247.53,0.0,0.0,19.0,0
356,Referral,Partner Network,Antwerp,10-49,Starter,1,Lost,2026-02,2026-03,631.78,0.0,0.0,631.78,27.0,0
357,Organic Search,SEO Guides,Hainaut,1-9,Starter,1,Won,2026-02,2026-02,594.46,524.62,0.0,0.0,9.0,0
358,Referral,Partner Network,Flemish Brabant,1-9,Starter,1,Won,2026-02,2026-02,570.7,528.06,0.0,0.0,11.0,0
359,Referral,Partner Network,Hainaut,1-9,Starter,1,Won,2026-02,2026-02,530.98,454.23,0.0,0.0,8.0,0
360,Referral,Customer Referral,East Flanders,10-49,Pro,1,Won,2026-02,2026-02,1400.2,1414.11,0.0,0.0,17.0,0
361,Referral,Customer Referral,Namur,1-9,Starter,1,Won,2026-02,2026-02,538.11,480.53,0.0,0.0,6.0,0
362,Google Ads,High Intent Search,Flemish Brabant,1-9,Starter,1,Lost,2026-02,2026-02,538.19,0.0,0.0,538.19,13.0,0
363,Organic Search,SEO Guides,East Flanders,10-49,Starter,1,Won,2026-02,2026-02,634.13,553.82,0.0,0.0,22.0,0
364,Direct,Demo Page Direct,Brussels,1-9,Starter,1,Lost,2026-02,2026-03,602.97,0.0,0.0,602.97,31.0,0
365,Email,Newsletter,Brussels,1-9,Pro,1,Lost,2026-02,2026-02,1387.32,0.0,0.0,1387.32,3.0,0
366,Referral,Partner Network,Flemish Brabant,10-49,Pro,1,Lost,2026-02,2026-03,1425.91,0.0,0.0,1425.91,48.0,0
367,Direct,Brand Direct,Brussels,10-49,Starter,1,Lost,2026-02,2026-03,635.9,0.0,0.0,635.9,30.0,0
368,Email,Lead Nurture,Liège,10-49,Group,4,Lost,2026-02,2026-03,12681.19,0.0,0.0,12681.19,22.0,0
369,Referral,Partner Network,Brussels,10-49,Pro,1,Won,2026-02,2026-02,1568.92,1560.68,0.0,0.0,23.0,0
370,Referral,Partner Network,Brussels,10-49,Pro,1,Won,2026-02,2026-02,1497.29,1469.07,0.0,0.0,11.0,0
371,LinkedIn Ads,Operations Leaders,East Flanders,50+,Group,3,Lost,2026-02,2026-04,10173.37,0.0,0.0,10173.37,54.0,0
372,Email,Lead Nurture,Brussels,10-49,Pro,1,Won,2026-02,2026-03,1492.48,1369.82,0.0,0.0,52.0,0
373,Email,Reactivation,Hainaut,10-49,Starter,1,Won,2026-02,2026-02,579.62,577.79,0.0,0.0,13.0,0
374,Meta Ads,Retargeting,Walloon Brabant,1-9,Pro,1,Won,2026-02,2026-02,1403.01,1281.55,0.0,0.0,12.0,0
375,Email,Newsletter,Brussels,10-49,Pro,1,Lost,2026-02,2026-02,1394.61,0.0,0.0,1394.61,18.0,0
376,Email,Newsletter,Brussels,10-49,Pro,1,Won,2026-02,2026-04,1536.28,1457.22,0.0,0.0,59.0,0
377,Email,Newsletter,Brussels,50+,Group,5,Lost,2026-02,2026-03,18443.58,0.0,0.0,18443.58,37.0,0
378,Email,Newsletter,Walloon Brabant,10-49,Group,4,Lost,2026-02,2026-04,13357.5,0.0,0.0,13357.5,58.0,0
379,Email,Lead Nurture,East Flanders,10-49,Group,2,Lost,2026-02,2026-02,7443.83,0.0,0.0,7443.83,7.0,0
380,Referral,Partner Network,Hainaut,1-9,Starter,1,Lost,2026-02,2026-02,596.6,0.0,0.0,596.6,5.0,0
381,Organic Search,SEO Product Pages,Flemish Brabant,10-49,Group,2,Lost,2026-02,2026-03,6911.32,0.0,0.0,6911.32,36.0,0
382,Email,Newsletter,Brussels,1-9,Starter,1,Won,2026-02,2026-02,552.68,483.1,0.0,0.0,10.0,0
383,Referral,Partner Network,Antwerp,10-49,Starter,1,Won,2026-02,2026-03,561.91,514.83,0.0,0.0,28.0,0
384,Referral,Customer Referral,Brussels,10-49,Group,5,Lost,2026-02,2026-03,15687.02,0.0,0.0,15687.02,24.0,0
385,Referral,Customer Referral,Antwerp,10-49,Group,4,Lost,2026-02,2026-03,14447.24,0.0,0.0,14447.24,19.0,0
386,Direct,Returning Visitors,Hainaut,10-49,Group,3,Lost,2026-02,2026-03,9768.25,0.0,0.0,9768.25,21.0,0
387,Direct,Returning Visitors,Hainaut,1-9,Starter,1,Lost,2026-02,2026-02,547.7,0.0,0.0,547.7,5.0,0
388,Email,Newsletter,Liège,1-9,Starter,1,Won,2026-02,2026-02,554.3,538.54,0.0,0.0,5.0,0
389,Referral,Partner Network,Hainaut,10-49,Pro,1,Lost,2026-02,2026-03,1423.05,0.0,0.0,1423.05,33.0,0
390,LinkedIn Ads,Operations Leaders,Antwerp,10-49,Pro,1,Lost,2026-02,2026-03,1394.53,0.0,0.0,1394.53,30.0,0
391,LinkedIn Ads,SMB Growth,Antwerp,50+,Group,2,Lost,2026-02,2026-03,6736.89,0.0,0.0,6736.89,38.0,0
392,Organic Search,SEO Product Pages,Brussels,1-9,Starter,1,Lost,2026-02,2026-02,636.48,0.0,0.0,636.48,8.0,0
393,Organic Search,SEO Product Pages,Walloon Brabant,10-49,Group,2,Lost,2026-02,2026-03,6331.24,0.0,0.0,6331.24,30.0,0
394,Organic Search,SEO Guides,Brussels,1-9,Starter,1,Lost,2026-02,2026-02,585.05,0.0,0.0,585.05,4.0,0
395,Direct,Brand Direct,Hainaut,1-9,Pro,1,Lost,2026-02,2026-03,1310.93,0.0,0.0,1310.93,18.0,0
396,Direct,Brand Direct,Hainaut,10-49,Group,2,Lost,2026-02,2026-03,6416.39,0.0,0.0,6416.39,29.0,0
397,Email,Newsletter,Flemish Brabant,10-49,Group,2,Won,2026-02,2026-03,7574.73,7064.3,0.0,0.0,23.0,0
398,Email,Lead Nurture,Walloon Brabant,10-49,Pro,1,Won,2026-02,2026-03,1551.33,1462.47,0.0,0.0,37.0,0
399,Direct,Brand Direct,Antwerp,1-9,Starter,1,Lost,2026-02,2026-02,615.05,0.0,0.0,615.05,12.0,0
400,Direct,Demo Page Direct,Namur,10-49,Pro,1,Lost,2026-02,2026-03,1470.03,0.0,0.0,1470.03,29.0,0
401,Email,Lead Nurture,East Flanders,1-9,Pro,1,Won,2026-02,2026-03,1352.75,1370.46,0.0,0.0,23.0,0
402,Referral,Partner Network,East Flanders,1-9,Starter,1,Lost,2026-02,2026-02,577.92,0.0,0.0,577.92,8.0,0
403,Referral,Partner Network,Brussels,1-9,Starter,1,Lost,2026-02,2026-02,561.02,0.0,0.0,561.02,11.0,0
404,Referral,Partner Network,Hainaut,10-49,Pro,1,Won,2026-02,2026-02,1465.17,1301.4,0.0,0.0,11.0,0
405,Email,Lead Nurture,Walloon Brabant,10-49,Group,4,Won,2026-02,2026-02,13824.07,14055.68,0.0,0.0,9.0,0
406,Email,Lead Nurture,East Flanders,1-9,Pro,1,Won,2026-02,2026-03,1409.87,1357.01,0.0,0.0,25.0,0
407,Referral,Customer Referral,Hainaut,10-49,Group,2,Won,2026-02,2026-03,7575.57,7066.84,0.0,0.0,24.0,0
408,Google Ads,Restaurant Operations,Walloon Brabant,1-9,Pro,1,Lost,2026-02,2026-02,1467.37,0.0,0.0,1467.37,13.0,0
409,Organic Search,SEO Product Pages,Brussels,1-9,Starter,1,Lost,2026-02,2026-03,549.7,0.0,0.0,549.7,19.0,0
410,Organic Search,SEO Guides,Brussels,1-9,Starter,1,Won,2026-02,2026-03,640.3,623.78,0.0,0.0,16.0,0
411,Direct,Demo Page Direct,Namur,1-9,Starter,1,Won,2026-02,2026-02,601.33,524.43,0.0,0.0,9.0,0
412,Email,Lead Nurture,Brussels,1-9,Starter,1,Lost,2026-02,2026-03,533.81,0.0,0.0,533.81,23.0,0
413,Google Ads,High Intent Search,Brussels,50+,Pro,1,Lost,2026-02,2026-02,1518.57,0.0,0.0,1518.57,6.0,0
414,Google Ads,High Intent Search,Liège,1-9,Starter,1,Lost,2026-02,2026-03,580.06,0.0,0.0,580.06,29.0,0
415,LinkedIn Ads,Decision Makers,Liège,10-49,Pro,1,Lost,2026-02,2026-02,1444.19,0.0,0.0,1444.19,13.0,0
416,Organic Search,SEO Guides,Flemish Brabant,10-49,Group,2,Lost,2026-02,2026-03,6791.52,0.0,0.0,6791.52,20.0,0
417,Direct,Brand Direct,Antwerp,1-9,Starter,1,Won,2026-02,2026-02,616.23,550.52,0.0,0.0,10.0,0
418,Direct,Brand Direct,East Flanders,1-9,Starter,1,Lost,2026-02,2026-02,587.08,0.0,0.0,587.08,7.0,0
419,Email,Lead Nurture,Hainaut,10-49,Pro,1,Lost,2026-02,2026-02,1290.65,0.0,0.0,1290.65,9.0,0
420,Email,Reactivation,Walloon Brabant,10-49,Pro,1,Lost,2026-02,2026-03,1424.76,0.0,0.0,1424.76,36.0,0
421,Referral,Customer Referral,East Flanders,1-9,Starter,1,Won,2026-02,2026-02,547.32,534.79,0.0,0.0,9.0,0
422,Meta Ads,Lead Magnet,Liège,50+,Pro,1,Lost,2026-02,2026-04,1342.16,0.0,0.0,1342.16,50.0,0
423,Organic Search,SEO Product Pages,Hainaut,50+,Group,2,Lost,2026-02,2026-05,6578.12,0.0,0.0,6578.12,90.0,0
424,Organic Search,SEO Product Pages,Flemish Brabant,1-9,Starter,1,Lost,2026-02,2026-03,645.55,0.0,0.0,645.55,26.0,0
425,Organic Search,SEO Comparison,Liège,1-9,Starter,1,Won,2026-02,2026-02,640.72,582.23,0.0,0.0,14.0,0
426,Organic Search,SEO Comparison,East Flanders,50+,Group,4,Won,2026-02,2026-04,14448.24,13610.21,0.0,0.0,46.0,0
427,Email,Newsletter,Brussels,1-9,Starter,1,Won,2026-02,,557.68,565.5,0.0,0.0,,0
428,Referral,Customer Referral,Namur,1-9,Starter,1,Won,2026-02,2026-02,588.4,522.69,0.0,0.0,3.0,0
429,Google Ads,High Intent Search,Walloon Brabant,50+,Pro,1,Lost,2026-02,2026-03,1429.05,0.0,0.0,1429.05,16.0,0
430,LinkedIn Ads,SMB Growth,Brussels,10-49,Pro,1,Lost,2026-02,2026-03,1542.04,0.0,0.0,1542.04,44.0,0
431,Organic Search,SEO Product Pages,Brussels,50+,Group,5,Lost,2026-02,2026-03,17255.34,0.0,0.0,17255.34,18.0,0
432,Email,Newsletter,Namur,10-49,Pro,1,Lost,2026-02,2026-04,1539.48,0.0,0.0,1539.48,47.0,0
433,Organic Search,SEO Comparison,East Flanders,1-9,Starter,1,Won,2026-02,2026-02,606.87,615.88,0.0,0.0,10.0,0
434,Email,Lead Nurture,Brussels,10-49,Pro,1,Lost,2026-02,2026-03,1513.17,0.0,0.0,1513.17,25.0,0
435,Referral,Partner Network,Brussels,50+,Group,3,Lost,2026-02,2026-03,10326.67,0.0,0.0,10326.67,42.0,0
436,Email,Lead Nurture,Flemish Brabant,1-9,Starter,1,Lost,2026-02,2026-03,578.37,0.0,0.0,578.37,12.0,0
437,Email,Lead Nurture,Antwerp,50+,Pro,1,Lost,2026-02,2026-04,1418.81,0.0,0.0,1418.81,64.0,0
438,Email,Lead Nurture,Walloon Brabant,1-9,Starter,1,Lost,2026-02,2026-03,548.42,0.0,0.0,548.42,13.0,0
439,Email,Lead Nurture,Brussels,1-9,Starter,1,Won,2026-02,2026-02,614.72,535.38,0.0,0.0,10.0,0
440,Referral,Partner Network,Brussels,1-9,Starter,1,Lost,2026-02,2026-03,633.93,0.0,0.0,633.93,13.0,0
441,Referral,Customer Referral,Flemish Brabant,1-9,Starter,1,Lost,2026-02,2026-02,633.68,0.0,0.0,633.68,12.0,0
442,Referral,Customer Referral,Brussels,1-9,Starter,1,Won,2026-02,2026-03,588.8,509.29,0.0,0.0,23.0,0
443,Google Ads,Restaurant Operations,Walloon Brabant,1-9,Pro,1,Won,2026-02,2026-03,1565.04,1538.65,0.0,0.0,6.0,0
444,LinkedIn Ads,Decision Makers,Antwerp,10-49,Pro,1,Lost,2026-02,2026-03,1467.22,0.0,0.0,1467.22,27.0,0
445,LinkedIn Ads,Operations Leaders,Walloon Brabant,10-49,Pro,1,Won,2026-02,2026-04,1478.74,1257.39,0.0,0.0,59.0,0
446,Meta Ads,Awareness Video,Antwerp,1-9,Starter,1,Lost,2026-02,2026-02,606.47,0.0,0.0,606.47,6.0,0
447,Referral,Partner Network,Antwerp,1-9,Starter,1,Lost,2026-02,2026-03,531.33,0.0,0.0,531.33,10.0,0
448,LinkedIn Ads,Decision Makers,Hainaut,10-49,Pro,1,Lost,2026-02,2026-03,1369.25,0.0,0.0,1369.25,24.0,0
449,Organic Search,SEO Guides,Liège,10-49,Starter,1,Lost,2026-02,2026-03,571.44,0.0,0.0,571.44,24.0,0
450,Organic Search,SEO Guides,Antwerp,1-9,Pro,1,Lost,2026-02,2026-03,1485.85,0.0,0.0,1485.85,16.0,0
451,Email,Lead Nurture,Namur,1-9,Starter,1,Lost,2026-02,2026-03,618.92,0.0,0.0,618.92,15.0,0
452,Email,Reactivation,East Flanders,1-9,Starter,1,Lost,2026-02,2026-03,549.95,0.0,0.0,549.95,12.0,0
453,Referral,Customer Referral,Hainaut,1-9,Starter,1,Won,2026-02,2026-02,584.9,540.72,0.0,0.0,3.0,0
454,Direct,Demo Page Direct,Brussels,10-49,Starter,1,Won,2026-02,2026-02,535.12,510.22,0.0,0.0,9.0,0
455,Email,Lead Nurture,Hainaut,10-49,Pro,1,Lost,2026-02,2026-03,1471.48,0.0,0.0,1471.48,26.0,0
456,Referral,Customer Referral,Antwerp,1-9,Starter,1,Won,2026-02,2026-03,572.9,552.51,0.0,0.0,14.0,0
457,Meta Ads,Retargeting,Walloon Brabant,1-9,Pro,1,Lost,2026-02,2026-03,1334.82,0.0,0.0,1334.82,10.0,0
458,Direct,Brand Direct,Antwerp,1-9,Starter,1,Won,2026-02,2026-03,531.99,531.61,0.0,0.0,22.0,0
459,Direct,Returning Visitors,Liège,1-9,Pro,1,Lost,2026-02,2026-03,1316.08,0.0,0.0,1316.08,26.0,0
460,Google Ads,High Intent Search,Walloon Brabant,1-9,Pro,1,Won,2026-02,2026-03,1408.8,1414.84,0.0,0.0,14.0,0
461,LinkedIn Ads,Decision Makers,Antwerp,50+,Group,2,Lost,2026-02,2026-04,6358.37,0.0,0.0,6358.37,49.0,0
462,Organic Search,SEO Guides,Liège,1-9,Pro,1,Lost,2026-02,2026-03,1467.44,0.0,0.0,1467.44,10.0,0
463,Organic Search,SEO Guides,Brussels,10-49,Pro,1,Lost,2026-02,2026-03,1404.86,0.0,0.0,1404.86,9.0,0
464,Direct,Brand Direct,Brussels,10-49,Group,5,Lost,2026-02,2026-03,18527.15,0.0,0.0,18527.15,22.0,0
465,Email,Newsletter,Antwerp,1-9,Pro,1,Won,2026-03,2026-03,1477.15,1327.89,0.0,0.0,6.0,0
466,Organic Search,SEO Product Pages,Hainaut,1-9,Starter,1,Lost,2026-02,2026-03,588.22,0.0,0.0,588.22,10.0,0
467,Direct,Demo Page Direct,Namur,1-9,Starter,1,Lost,2026-02,2026-03,546.25,0.0,0.0,546.25,15.0,0
468,Email,Lead Nurture,Brussels,1-9,Starter,1,Lost,2026-02,2026-03,630.51,0.0,0.0,630.51,10.0,0
469,LinkedIn Ads,Operations Leaders,Hainaut,50+,Pro,1,Won,2026-02,2026-04,1536.74,1375.04,0.0,0.0,62.0,0
470,Direct,Brand Direct,Hainaut,1-9,Starter,1,Won,2026-02,2026-03,625.19,607.94,0.0,0.0,11.0,0
471,Email,Lead Nurture,Walloon Brabant,1-9,Pro,1,Won,2026-03,2026-03,1395.73,1317.46,0.0,0.0,8.0,0
472,Direct,Returning Visitors,East Flanders,10-49,Pro,1,Lost,2026-03,2026-03,1526.6,0.0,0.0,1526.6,21.0,0
473,Direct,Returning Visitors,Antwerp,50+,Pro,1,Lost,2026-03,2026-04,1489.33,0.0,0.0,1489.33,35.0,0
474,Direct,Demo Page Direct,East Flanders,1-9,Starter,1,Lost,2026-02,2026-03,619.73,0.0,0.0,619.73,13.0,0
475,Referral,Partner Network,Hainaut,10-49,Pro,1,Lost,2026-02,2026-03,1291.38,0.0,0.0,1291.38,31.0,0
476,Referral,Partner Network,Antwerp,10-49,Pro,1,Lost,2026-02,2026-03,1288.61,0.0,0.0,1288.61,13.0,0
477,Referral,Industry Events,Brussels,10-49,Pro,1,Lost,2026-02,2026-03,1503.34,0.0,0.0,1503.34,28.0,0
478,Direct,Brand Direct,Brussels,1-9,Pro,1,Lost,2026-03,2026-03,1429.07,0.0,0.0,1429.07,10.0,0
479,Direct,Demo Page Direct,Brussels,10-49,Starter,1,Won,2026-02,2026-04,613.97,607.98,0.0,0.0,38.0,0
480,Email,Newsletter,Flemish Brabant,1-9,Pro,1,Won,2026-03,2026-03,1328.93,1225.9,0.0,0.0,23.0,0
481,Email,Newsletter,Liège,10-49,Pro,1,Won,2026-02,2026-03,1533.75,1314.25,0.0,0.0,19.0,0
482,Email,Lead Nurture,Walloon Brabant,10-49,Pro,1,Lost,2026-02,2026-04,1414.59,0.0,0.0,1414.59,55.0,0
483,Email,Reactivation,East Flanders,1-9,Starter,1,Lost,2026-02,2026-03,581.85,0.0,0.0,581.85,21.0,0
484,Referral,Partner Network,Brussels,10-49,Pro,1,Lost,2026-03,2026-03,1522.23,0.0,0.0,1522.23,26.0,0
485,Referral,Customer Referral,Liège,1-9,Starter,1,Won,2026-03,2026-04,640.27,647.0,0.0,0.0,34.0,0
486,Organic Search,SEO Product Pages,Namur,10-49,Pro,1,Lost,2026-02,2026-03,1339.69,0.0,0.0,1339.69,24.0,0
487,Email,Lead Nurture,Brussels,1-9,Starter,1,Lost,2026-03,2026-04,638.95,0.0,0.0,638.95,27.0,0
488,Email,Lead Nurture,Antwerp,1-9,Starter,1,Lost,2026-03,2026-03,640.82,0.0,0.0,640.82,3.0,0
489,Google Ads,High Intent Search,Brussels,1-9,Pro,1,Lost,2026-03,2026-03,1514.11,0.0,0.0,1514.11,24.0,0
490,Direct,Brand Direct,Flemish Brabant,1-9,Pro,1,Lost,2026-03,2026-03,1497.23,0.0,0.0,1497.23,20.0,0
491,Email,Newsletter,Antwerp,1-9,Starter,1,Lost,2026-03,2026-03,581.33,0.0,0.0,581.33,5.0,0
492,Email,Newsletter,Walloon Brabant,1-9,Pro,1,Lost,2026-03,2026-03,1310.75,0.0,0.0,1310.75,6.0,0
493,Email,Reactivation,Namur,10-49,Pro,1,Lost,2026-03,2026-03,1535.28,0.0,0.0,1535.28,20.0,0
494,Referral,Partner Network,Liège,10-49,Pro,1,Lost,2026-03,2026-03,1446.76,0.0,0.0,1446.76,22.0,0
495,Google Ads,High Intent Search,Walloon Brabant,1-9,Starter,1,Lost,2026-03,2026-03,644.23,0.0,0.0,644.23,21.0,0
496,Google Ads,Competitor Search,Antwerp,1-9,Starter,1,Won,2026-03,2026-03,572.93,571.53,0.0,0.0,9.0,0
497,Organic Search,SEO Product Pages,East Flanders,1-9,Starter,1,Lost,2026-03,2026-03,568.49,0.0,0.0,568.49,10.0,0
498,Organic Search,SEO Product Pages,Flemish Brabant,50+,Group,4,Lost,2026-03,2026-03,12828.7,0.0,0.0,12828.7,19.0,0
499,Email,Newsletter,East Flanders,10-49,Pro,1,Lost,2026-03,2026-03,1417.5,0.0,0.0,1417.5,18.0,0
500,Referral,Customer Referral,Antwerp,1-9,Pro,1,Won,2026-02,2026-03,1468.76,1271.0,0.0,0.0,4.0,0
501,Direct,Brand Direct,East Flanders,50+,Group,3,Lost,2026-03,2026-05,11478.89,0.0,0.0,11478.89,75.0,0
502,Direct,Brand Direct,Namur,1-9,Starter,1,Lost,2026-03,2026-03,605.33,0.0,0.0,605.33,18.0,0
503,Email,Newsletter,Liège,10-49,Pro,1,Lost,2026-03,2026-04,1521.42,0.0,0.0,1521.42,58.0,0
504,Email,Newsletter,East Flanders,10-49,Pro,1,Lost,2026-03,2026-04,1313.63,0.0,0.0,1313.63,31.0,0
505,Email,Newsletter,Brussels,50+,Group,4,Lost,2026-03,2026-03,13574.24,0.0,0.0,13574.24,11.0,0
506,Email,Lead Nurture,Flemish Brabant,50+,Pro,1,Lost,2026-03,2026-03,1366.94,0.0,0.0,1366.94,25.0,0
507,Google Ads,Restaurant Operations,Hainaut,10-49,Starter,1,Lost,2026-03,2026-03,568.99,0.0,0.0,568.99,17.0,0
508,Organic Search,SEO Comparison,Flemish Brabant,50+,Pro,1,Won,2026-03,2026-03,1412.18,1352.23,0.0,0.0,15.0,0
509,Email,Newsletter,Brussels,10-49,Pro,1,Lost,2026-03,2026-04,1393.29,0.0,0.0,1393.29,44.0,0
510,Referral,Partner Network,Brussels,50+,Group,2,Lost,2026-03,2026-05,7118.9,0.0,0.0,7118.9,76.0,0
511,Google Ads,High Intent Search,Liège,1-9,Starter,1,Lost,2026-03,2026-03,543.89,0.0,0.0,543.89,18.0,0
512,Meta Ads,Awareness Video,Hainaut,1-9,Pro,1,Lost,2026-03,2026-03,1543.11,0.0,0.0,1543.11,12.0,0
513,Organic Search,SEO Product Pages,Antwerp,10-49,Pro,1,Lost,2026-03,2026-03,1374.88,0.0,0.0,1374.88,14.0,0
514,Organic Search,SEO Guides,Brussels,1-9,Starter,1,Lost,2026-03,2026-03,557.62,0.0,0.0,557.62,14.0,0
515,Email,Lead Nurture,Walloon Brabant,10-49,Pro,1,Lost,2026-03,2026-03,1444.96,0.0,0.0,1444.96,9.0,0
516,Referral,Customer Referral,Flemish Brabant,50+,Group,5,Lost,2026-03,2026-04,18073.06,0.0,0.0,18073.06,44.0,0
517,Referral,Industry Events,Brussels,10-49,Starter,1,Won,2026-03,2026-03,575.37,494.32,0.0,0.0,11.0,0
518,LinkedIn Ads,Operations Leaders,Hainaut,50+,Group,4,Won,2026-03,2026-03,14201.46,12155.6,0.0,0.0,21.0,0
519,Organic Search,SEO Product Pages,Namur,1-9,Pro,1,Lost,2026-03,2026-03,1525.71,0.0,0.0,1525.71,18.0,0
520,Organic Search,SEO Product Pages,East Flanders,10-49,Group,3,Lost,2026-03,2026-03,10456.26,0.0,0.0,10456.26,5.0,0
521,Organic Search,SEO Comparison,Antwerp,1-9,Starter,1,Lost,2026-03,2026-03,613.27,0.0,0.0,613.27,6.0,0
522,Direct,Returning Visitors,Walloon Brabant,1-9,Pro,1,Lost,2026-03,2026-04,1307.9,0.0,0.0,1307.9,27.0,0
523,Email,Newsletter,Hainaut,10-49,Pro,1,Lost,2026-03,2026-03,1490.27,0.0,0.0,1490.27,17.0,0
524,Referral,Partner Network,Flemish Brabant,10-49,Starter,1,Lost,2026-03,2026-03,635.92,0.0,0.0,635.92,17.0,0
525,Referral,Customer Referral,Antwerp,1-9,Starter,1,Lost,2026-03,2026-03,574.39,0.0,0.0,574.39,21.0,0
526,Organic Search,SEO Product Pages,Walloon Brabant,1-9,Starter,1,Lost,2026-03,2026-03,630.44,0.0,0.0,630.44,8.0,0
527,Organic Search,SEO Comparison,East Flanders,1-9,Pro,1,Lost,2026-03,2026-03,1421.09,0.0,0.0,1421.09,13.0,0
528,Direct,Brand Direct,Brussels,1-9,Starter,1,Won,2026-03,2026-04,559.82,520.19,0.0,0.0,24.0,0
529,Direct,Brand Direct,Liège,10-49,Pro,1,Lost,2026-03,2026-03,1512.83,0.0,0.0,1512.83,21.0,0
530,Direct,Returning Visitors,Antwerp,1-9,Pro,1,Lost,2026-03,2026-03,1312.7,0.0,0.0,1312.7,6.0,0
531,Direct,Returning Visitors,Namur,1-9,Starter,1,Lost,2026-03,2026-03,572.8,0.0,0.0,572.8,8.0,0
532,Email,Newsletter,Flemish Brabant,50+,Group,4,Lost,2026-03,2026-05,12950.06,0.0,0.0,12950.06,63.0,0
533,Email,Newsletter,Brussels,1-9,Starter,1,Lost,2026-03,2026-03,601.7,0.0,0.0,601.7,16.0,0
534,Email,Lead Nurture,Hainaut,1-9,Starter,1,Lost,2026-03,2026-03,557.28,0.0,0.0,557.28,23.0,0
535,Email,Lead Nurture,Antwerp,10-49,Pro,1,Lost,2026-03,2026-03,1505.43,0.0,0.0,1505.43,17.0,0
536,Referral,Customer Referral,Hainaut,50+,Pro,1,Lost,2026-03,2026-05,1462.56,0.0,0.0,1462.56,66.0,0
537,Organic Search,SEO Comparison,Walloon Brabant,10-49,Pro,1,Lost,2026-03,2026-03,1463.02,0.0,0.0,1463.02,24.0,0
538,Email,Newsletter,Brussels,1-9,Starter,1,Lost,2026-03,2026-03,580.84,0.0,0.0,580.84,3.0,0
539,Email,Lead Nurture,Liège,1-9,Starter,1,Won,2026-03,2026-03,619.52,589.93,0.0,0.0,15.0,0
540,Referral,Partner Network,Walloon Brabant,1-9,Starter,1,Lost,2026-03,2026-04,570.83,0.0,0.0,570.83,38.0,0
541,Google Ads,Restaurant Operations,Flemish Brabant,50+,Group,5,Won,2026-03,2026-05,18865.52,17619.24,0.0,0.0,74.0,0
542,Meta Ads,Awareness Video,Hainaut,50+,Group,4,Lost,2026-03,2026-05,14645.26,0.0,0.0,14645.26,52.0,0
543,Meta Ads,Awareness Video,Antwerp,50+,Group,5,Lost,2026-03,2026-04,16925.43,0.0,0.0,16925.43,33.0,0
544,Organic Search,SEO Product Pages,Antwerp,10-49,Pro,1,Won,2026-03,2026-04,1317.32,1163.78,0.0,0.0,28.0,0
545,Direct,Returning Visitors,Brussels,1-9,Starter,1,Lost,2026-03,2026-03,634.87,0.0,0.0,634.87,9.0,0
546,Email,Newsletter,Flemish Brabant,1-9,Starter,1,Lost,2026-03,2026-03,572.18,0.0,0.0,572.18,11.0,0
547,Email,Lead Nurture,East Flanders,1-9,Starter,1,Won,2026-03,2026-04,637.32,616.5,0.0,0.0,24.0,0
548,Email,Lead Nurture,Antwerp,1-9,Pro,1,Lost,2026-03,2026-03,1368.77,0.0,0.0,1368.77,15.0,0
549,Referral,Partner Network,Brussels,10-49,Pro,1,Lost,2026-03,2026-04,1321.48,0.0,0.0,1321.48,31.0,0
550,Google Ads,High Intent Search,Liège,50+,Group,3,Lost,2026-03,2026-04,9818.89,0.0,0.0,9818.89,28.0,0
551,LinkedIn Ads,Operations Leaders,East Flanders,10-49,Pro,1,Lost,2026-03,2026-04,1328.73,0.0,0.0,1328.73,22.0,0
552,Direct,Brand Direct,Antwerp,10-49,Starter,1,Won,2026-03,2026-04,559.66,479.38,0.0,0.0,22.0,0
553,Email,Reactivation,Antwerp,1-9,Pro,1,Lost,2026-03,2026-03,1314.93,0.0,0.0,1314.93,16.0,0
554,Referral,Industry Events,Brussels,10-49,Pro,1,Lost,2026-03,2026-04,1341.63,0.0,0.0,1341.63,36.0,0
555,Email,Lead Nurture,East Flanders,10-49,Pro,1,Lost,2026-03,2026-04,1504.32,0.0,0.0,1504.32,35.0,0
556,Direct,Brand Direct,Brussels,1-9,Starter,1,Lost,2026-03,2026-03,586.65,0.0,0.0,586.65,14.0,0
557,Organic Search,SEO Comparison,Namur,10-49,Pro,1,Lost,2026-03,2026-03,1555.55,0.0,0.0,1555.55,14.0,0
558,Referral,Partner Network,Brussels,10-49,Pro,1,Lost,2026-03,2026-03,1371.65,0.0,0.0,1371.65,12.0,0
559,LinkedIn Ads,Decision Makers,Walloon Brabant,50+,Group,5,Lost,2026-03,2026-05,18655.26,0.0,0.0,18655.26,50.0,0
560,Organic Search,SEO Product Pages,Flemish Brabant,1-9,Pro,1,Lost,2026-03,2026-03,1489.28,0.0,0.0,1489.28,6.0,0
561,Organic Search,SEO Guides,Liège,1-9,Pro,1,Won,2026-03,2026-03,1392.47,1285.07,0.0,0.0,12.0,0
562,Organic Search,SEO Guides,East Flanders,1-9,Starter,1,Lost,2026-03,2026-04,609.35,0.0,0.0,609.35,31.0,0
563,Organic Search,SEO Guides,Hainaut,1-9,Starter,1,Won,2026-03,2026-04,577.13,541.52,0.0,0.0,19.0,0
564,Email,Newsletter,Hainaut,1-9,Starter,1,Lost,2026-03,2026-03,597.54,0.0,0.0,597.54,12.0,0
565,Referral,Customer Referral,Antwerp,1-9,Starter,1,Lost,2026-03,2026-03,548.11,0.0,0.0,548.11,18.0,0
566,Google Ads,Restaurant Operations,Hainaut,1-9,Starter,1,Won,2026-03,2026-03,619.27,626.01,0.0,0.0,8.0,0
567,Google Ads,Restaurant Operations,Antwerp,10-49,Group,2,Lost,2026-03,2026-04,6283.91,0.0,0.0,6283.91,46.0,0
568,Referral,Customer Referral,Liège,1-9,Starter,1,Won,2026-03,2026-03,608.33,548.53,0.0,0.0,13.0,0
569,Google Ads,High Intent Search,Brussels,1-9,Starter,1,Lost,2026-03,2026-03,595.57,0.0,0.0,595.57,4.0,0
570,Organic Search,SEO Product Pages,Brussels,1-9,Pro,1,Lost,2026-03,2026-04,1460.43,0.0,0.0,1460.43,18.0,0
571,Organic Search,SEO Product Pages,East Flanders,50+,Pro,1,Lost,2026-03,2026-04,1550.53,0.0,0.0,1550.53,24.0,0
572,Direct,Demo Page Direct,Antwerp,1-9,Pro,1,Lost,2026-03,2026-04,1348.74,0.0,0.0,1348.74,14.0,0
573,Email,Reactivation,Namur,50+,Group,4,Lost,2026-03,2026-04,13366.92,0.0,0.0,13366.92,40.0,0
574,Referral,Customer Referral,Antwerp,10-49,Group,5,Lost,2026-03,2026-04,17426.51,0.0,0.0,17426.51,36.0,0
575,Referral,Customer Referral,Walloon Brabant,50+,Group,5,Won,2026-03,2026-04,17766.1,15813.0,0.0,0.0,21.0,0
576,Google Ads,High Intent Search,Brussels,1-9,Starter,1,Won,2026-03,2026-04,567.2,530.07,0.0,0.0,22.0,0
577,Google Ads,Restaurant Operations,Liège,1-9,Starter,1,Lost,2026-03,2026-03,604.32,0.0,0.0,604.32,8.0,0
578,Meta Ads,Retargeting,East Flanders,1-9,Starter,1,Lost,2026-03,2026-03,641.37,0.0,0.0,641.37,15.0,0
579,Organic Search,SEO Guides,Antwerp,10-49,Group,4,Lost,2026-03,2026-04,13453.85,0.0,0.0,13453.85,33.0,0
580,Email,Newsletter,Hainaut,50+,Pro,1,Lost,2026-03,2026-05,1475.18,0.0,0.0,1475.18,62.0,0
581,Email,Lead Nurture,Antwerp,1-9,Starter,1,Lost,2026-03,2026-03,542.08,0.0,0.0,542.08,9.0,0
582,Referral,Customer Referral,Hainaut,1-9,Pro,1,Lost,2026-03,2026-03,1319.26,0.0,0.0,1319.26,8.0,0
583,Organic Search,SEO Comparison,Brussels,10-49,Pro,1,Lost,2026-03,2026-04,1339.29,0.0,0.0,1339.29,26.0,0
584,Direct,Brand Direct,Antwerp,10-49,Group,2,Lost,2026-03,2026-05,7477.31,0.0,0.0,7477.31,52.0,0
585,Email,Lead Nurture,Antwerp,1-9,Starter,1,Won,2026-03,2026-04,627.95,551.06,0.0,0.0,11.0,0
586,Email,Reactivation,Walloon Brabant,1-9,Pro,1,Won,2026-03,2026-04,1335.43,1292.42,0.0,0.0,8.0,0
587,LinkedIn Ads,Decision Makers,Namur,50+,Pro,1,Open,2026-03,,1377.3,0.0,1377.3,0.0,,0
588,Meta Ads,Retargeting,East Flanders,1-9,Pro,1,Lost,2026-03,2026-04,1343.83,0.0,0.0,1343.83,19.0,0
589,Organic Search,SEO Guides,Namur,1-9,Starter,1,Lost,2026-03,2026-04,559.05,0.0,0.0,559.05,12.0,0
590,Organic Search,SEO Comparison,Brussels,1-9,Pro,1,Lost,2026-03,2026-04,1325.36,0.0,0.0,1325.36,20.0,0
591,Referral,Partner Network,Namur,1-9,Starter,1,Lost,2026-03,2026-04,581.08,0.0,0.0,581.08,19.0,0
592,Referral,Customer Referral,Flemish Brabant,10-49,Starter,1,Won,2026-03,2026-04,571.39,501.1,0.0,0.0,12.0,0
593,Referral,Industry Events,Antwerp,1-9,Starter,1,Lost,2026-03,2026-04,620.23,0.0,0.0,620.23,9.0,0
594,Organic Search,SEO Guides,Flemish Brabant,1-9,Starter,1,Lost,2026-03,2026-04,593.87,0.0,0.0,593.87,19.0,0
595,Direct,Brand Direct,Brussels,1-9,Starter,1,Lost,2026-03,2026-04,558.19,0.0,0.0,558.19,16.0,0
596,Direct,Brand Direct,Brussels,1-9,Starter,1,Won,2026-03,2026-04,616.33,582.18,0.0,0.0,16.0,0
597,Email,Newsletter,Walloon Brabant,50+,Group,4,Won,2026-03,2026-04,13551.48,12274.02,0.0,0.0,16.0,0
598,Email,Lead Nurture,Brussels,1-9,Starter,1,Lost,2026-03,2026-04,590.13,0.0,0.0,590.13,25.0,0
599,Referral,Customer Referral,Antwerp,1-9,Pro,1,Lost,2026-03,2026-04,1398.69,0.0,0.0,1398.69,14.0,0
600,Referral,Industry Events,Antwerp,1-9,Starter,1,Lost,2026-03,2026-04,543.34,0.0,0.0,543.34,17.0,0
601,Google Ads,High Intent Search,Liège,1-9,Starter,1,Lost,2026-03,2026-04,579.47,0.0,0.0,579.47,16.0,0
602,Google Ads,Competitor Search,Hainaut,10-49,Pro,1,Lost,2026-03,2026-04,1566.37,0.0,0.0,1566.37,15.0,0
603,Email,Newsletter,Brussels,1-9,Starter,1,Lost,2026-03,2026-04,588.1,0.0,0.0,588.1,17.0,0
604,Email,Newsletter,Brussels,1-9,Starter,1,Lost,2026-03,2026-04,592.62,0.0,0.0,592.62,20.0,0
605,Direct,Brand Direct,Namur,1-9,Starter,1,Lost,2026-03,2026-04,629.81,0.0,0.0,629.81,8.0,0
606,Referral,Partner Network,East Flanders,10-49,Pro,1,Won,2026-03,2026-04,1295.36,1188.51,0.0,0.0,38.0,0
607,Referral,Partner Network,Hainaut,10-49,Group,3,Won,2026-03,2026-05,11335.09,10835.7,0.0,0.0,52.0,0
608,Referral,Customer Referral,Antwerp,1-9,Pro,1,Won,2026-03,2026-04,1437.69,1362.83,0.0,0.0,8.0,0
609,Google Ads,High Intent Search,Hainaut,1-9,Starter,1,Lost,2026-03,2026-04,553.27,0.0,0.0,553.27,23.0,0
610,Organic Search,SEO Comparison,Liège,50+,Group,3,Lost,2026-03,2026-06,10894.87,0.0,0.0,10894.87,71.0,0
611,Direct,Returning Visitors,Namur,10-49,Group,5,Lost,2026-03,2026-05,15865.81,0.0,0.0,15865.81,34.0,0
612,Email,Newsletter,Hainaut,1-9,Starter,1,Lost,2026-03,2026-04,585.79,0.0,0.0,585.79,8.0,0
613,Referral,Partner Network,Brussels,10-49,Starter,1,Lost,2026-03,2026-04,608.72,0.0,0.0,608.72,20.0,0
614,Referral,Industry Events,Walloon Brabant,10-49,Pro,1,Lost,2026-03,2026-04,1552.79,0.0,0.0,1552.79,27.0,0
615,Organic Search,SEO Product Pages,East Flanders,10-49,Starter,1,Lost,2026-03,2026-05,536.35,0.0,0.0,536.35,34.0,0
616,Organic Search,SEO Guides,Namur,1-9,Pro,1,Won,2026-03,2026-04,1514.34,1312.71,0.0,0.0,12.0,0
617,Organic Search,SEO Comparison,Flemish Brabant,1-9,Pro,1,Lost,2026-03,2026-04,1417.64,0.0,0.0,1417.64,23.0,0
618,Direct,Brand Direct,Flemish Brabant,1-9,Starter,1,Lost,2026-03,2026-04,624.25,0.0,0.0,624.25,11.0,0
619,Direct,Brand Direct,Walloon Brabant,1-9,Starter,1,Won,2026-03,2026-04,629.61,558.11,0.0,0.0,23.0,0
620,Direct,Returning Visitors,Liège,10-49,Pro,1,Lost,2026-03,2026-04,1382.74,0.0,0.0,1382.74,11.0,0
621,Email,Newsletter,East Flanders,50+,Pro,1,Lost,2026-03,2026-04,1288.98,0.0,0.0,1288.98,14.0,0
622,Email,Lead Nurture,Brussels,1-9,Starter,1,Lost,2026-03,2026-04,536.54,0.0,0.0,536.54,7.0,0
623,Referral,Industry Events,Flemish Brabant,1-9,Starter,1,Lost,2026-03,2026-04,617.82,0.0,0.0,617.82,17.0,0
624,Organic Search,SEO Product Pages,Hainaut,10-49,Pro,1,Lost,2026-03,2026-04,1326.81,0.0,0.0,1326.81,28.0,0
625,Direct,Returning Visitors,Liège,1-9,Starter,1,Won,2026-03,2026-04,628.51,593.25,0.0,0.0,19.0,0
626,Email,Newsletter,Flemish Brabant,1-9,Starter,1,Lost,2026-03,2026-04,592.14,0.0,0.0,592.14,14.0,0
627,Referral,Industry Events,Liège,1-9,Starter,1,Won,2026-04,2026-04,602.61,587.9,0.0,0.0,21.0,0
628,Meta Ads,Awareness Video,Antwerp,10-49,Group,4,Lost,2026-04,2026-04,14289.67,0.0,0.0,14289.67,19.0,0
629,Meta Ads,Awareness Video,East Flanders,10-49,Pro,1,Won,2026-03,2026-05,1323.16,1302.92,0.0,0.0,35.0,0
630,Meta Ads,Awareness Video,Hainaut,50+,Group,5,Lost,2026-03,2026-05,16494.72,0.0,0.0,16494.72,56.0,0
631,Meta Ads,Lead Magnet,Namur,1-9,Starter,1,Won,2026-03,2026-04,639.32,612.83,0.0,0.0,8.0,0
632,Meta Ads,Lead Magnet,Antwerp,1-9,Starter,1,Lost,2026-03,2026-04,589.24,0.0,0.0,589.24,30.0,0
633,Organic Search,SEO Comparison,Walloon Brabant,1-9,Starter,1,Won,2026-03,2026-04,595.3,595.3,0.0,0.0,18.0,1
634,Direct,Brand Direct,Brussels,10-49,Starter,1,Won,2026-03,2026-04,594.4,537.02,0.0,0.0,20.0,0
635,Direct,Returning Visitors,East Flanders,1-9,Pro,1,Won,2026-04,2026-04,1515.44,1416.62,0.0,0.0,5.0,0
636,Direct,Returning Visitors,East Flanders,10-49,Starter,1,Won,2026-04,2026-04,560.1,567.75,0.0,0.0,26.0,0
637,Email,Lead Nurture,Flemish Brabant,1-9,Pro,1,Won,2026-04,2026-04,1293.78,1308.63,0.0,0.0,4.0,0
638,Referral,Partner Network,Hainaut,10-49,Starter,1,Lost,2026-04,2026-05,636.0,0.0,0.0,636.0,38.0,0
639,Referral,Industry Events,Antwerp,1-9,Starter,1,Lost,2026-03,2026-04,588.26,0.0,0.0,588.26,16.0,0
640,Direct,Brand Direct,Hainaut,50+,Group,3,Lost,2026-03,2026-05,9602.04,0.0,0.0,9602.04,53.0,0
641,Direct,Returning Visitors,East Flanders,1-9,Starter,1,Lost,2026-03,2026-04,633.11,0.0,0.0,633.11,29.0,0
642,Direct,Returning Visitors,Liège,1-9,Pro,1,Won,2026-03,2026-04,1397.24,1190.98,0.0,0.0,7.0,0
643,Referral,Partner Network,Brussels,1-9,Starter,1,Lost,2026-03,2026-04,533.82,0.0,0.0,533.82,9.0,0
644,Referral,Customer Referral,Hainaut,1-9,Starter,1,Won,2026-03,2026-04,573.01,555.66,0.0,0.0,6.0,0
645,Referral,Customer Referral,Brussels,50+,Pro,1,Lost,2026-03,2026-05,1316.76,0.0,0.0,1316.76,60.0,0
646,Google Ads,Restaurant Operations,Flemish Brabant,10-49,Pro,1,Won,2026-04,2026-04,1411.66,1317.3,0.0,0.0,24.0,0
647,LinkedIn Ads,Decision Makers,Brussels,10-49,Pro,1,Won,2026-03,2026-05,1530.45,1342.82,0.0,0.0,60.0,0
648,Organic Search,SEO Product Pages,Brussels,1-9,Starter,1,Lost,2026-03,2026-04,548.22,0.0,0.0,548.22,13.0,0
649,Organic Search,SEO Guides,East Flanders,10-49,Starter,1,Lost,2026-03,2026-05,548.21,0.0,0.0,548.21,43.0,0
650,Email,Newsletter,Antwerp,10-49,Pro,1,Won,2026-03,2026-05,1427.14,1400.25,0.0,0.0,32.0,0
651,Organic Search,SEO Product Pages,Flemish Brabant,1-9,Starter,1,Lost,2026-04,2026-04,557.37,0.0,0.0,557.37,17.0,0
652,Direct,Brand Direct,Hainaut,1-9,Starter,1,Won,2026-04,2026-04,569.85,527.82,0.0,0.0,9.0,0
653,Direct,Brand Direct,East Flanders,1-9,Starter,1,Lost,2026-03,2026-04,614.25,0.0,0.0,614.25,24.0,0
654,Direct,Demo Page Direct,Antwerp,10-49,Starter,1,Lost,2026-03,2026-04,614.41,0.0,0.0,614.41,27.0,0
655,Referral,Partner Network,Hainaut,1-9,Starter,1,Lost,2026-04,2026-04,546.17,0.0,0.0,546.17,10.0,0
656,Google Ads,High Intent Search,Brussels,1-9,Starter,1,Won,2026-03,2026-04,591.34,554.14,0.0,0.0,21.0,0
657,Meta Ads,Unassigned,Hainaut,10-49,Starter,1,Lost,2026-04,2026-04,617.57,0.0,0.0,617.57,14.0,0
658,Direct,Returning Visitors,East Flanders,10-49,Pro,1,Lost,2026-04,2026-04,1536.74,0.0,0.0,1536.74,23.0,0
659,Email,Newsletter,Walloon Brabant,1-9,Pro,1,Lost,2026-03,2026-04,1482.9,0.0,0.0,1482.9,9.0,0
660,Email,Lead Nurture,Brussels,10-49,Pro,1,Lost,2026-04,2026-04,1375.62,0.0,0.0,1375.62,9.0,0
661,Email,Lead Nurture,Namur,1-9,Pro,1,Won,2026-03,2026-04,1311.45,1307.36,0.0,0.0,15.0,0
662,Referral,Partner Network,Hainaut,1-9,Starter,1,Won,2026-03,2026-04,632.84,543.0,0.0,0.0,11.0,0
663,Meta Ads,Retargeting,Walloon Brabant,10-49,Pro,1,Lost,2026-04,2026-04,1564.23,0.0,0.0,1564.23,19.0,0
664,Email,Newsletter,Flemish Brabant,10-49,Pro,1,Lost,2026-03,2026-04,1482.53,0.0,0.0,1482.53,12.0,0
665,Email,Lead Nurture,East Flanders,10-49,Starter,1,Lost,2026-03,2026-04,581.83,0.0,0.0,581.83,29.0,0
666,Email,Reactivation,East Flanders,1-9,Starter,1,Lost,2026-03,2026-04,545.64,0.0,0.0,545.64,27.0,0
667,Referral,Customer Referral,Hainaut,10-49,Pro,1,Won,2026-04,2026-04,1299.47,1135.57,0.0,0.0,26.0,0
668,Direct,Brand Direct,Hainaut,10-49,Starter,1,Won,2026-04,2026-05,533.63,516.24,0.0,0.0,37.0,0
669,Direct,Brand Direct,Flemish Brabant,10-49,Starter,1,Lost,2026-04,2026-05,562.48,0.0,0.0,562.48,43.0,0
670,Email,Newsletter,Flemish Brabant,1-9,Pro,1,Lost,2026-04,2026-05,1566.09,0.0,0.0,1566.09,27.0,0
671,Email,Lead Nurture,Liège,10-49,Starter,1,Won,2026-04,2026-05,603.26,520.03,0.0,0.0,31.0,0
672,Email,Reactivation,Liège,1-9,Starter,1,Lost,2026-04,2026-04,591.61,0.0,0.0,591.61,16.0,0
673,Google Ads,Restaurant Operations,Liège,50+,Group,5,Open,2026-04,,15936.14,0.0,15936.14,0.0,,0
674,Organic Search,SEO Product Pages,Brussels,50+,Group,5,Lost,2026-04,2026-04,18996.04,0.0,0.0,18996.04,28.0,0
675,Email,Newsletter,Brussels,1-9,Starter,1,Lost,2026-04,2026-04,590.69,0.0,0.0,590.69,9.0,0
676,Referral,Customer Referral,Hainaut,1-9,Pro,1,Won,2026-04,2026-04,1349.16,1236.42,0.0,0.0,7.0,0
677,Google Ads,High Intent Search,East Flanders,10-49,Pro,1,Lost,2026-04,2026-05,1302.64,0.0,0.0,1302.64,41.0,0
678,Meta Ads,Awareness Video,East Flanders,10-49,Starter,1,Lost,2026-04,2026-05,597.46,0.0,0.0,597.46,32.0,0
679,Organic Search,SEO Product Pages,Brussels,1-9,Starter,1,Won,2026-04,2026-04,608.97,579.08,0.0,0.0,20.0,0
680,Organic Search,SEO Product Pages,Hainaut,1-9,Pro,1,Lost,2026-04,2026-04,1549.84,0.0,0.0,1549.84,13.0,0
681,Direct,Brand Direct,East Flanders,10-49,Group,3,Lost,2026-04,2026-05,9705.73,0.0,0.0,9705.73,49.0,0
682,Email,Lead Nurture,Walloon Brabant,1-9,Starter,1,Lost,2026-04,2026-04,592.82,0.0,0.0,592.82,20.0,0
683,Referral,Partner Network,Walloon Brabant,1-9,Pro,1,Lost,2026-04,2026-04,1312.5,0.0,0.0,1312.5,16.0,0
684,Referral,Customer Referral,Liège,1-9,Pro,1,Won,2026-04,2026-04,1555.46,1403.69,0.0,0.0,13.0,0
685,Organic Search,SEO Guides,Walloon Brabant,10-49,Pro,1,Lost,2026-04,2026-05,1287.53,0.0,0.0,1287.53,30.0,0
686,Organic Search,SEO Guides,Walloon Brabant,50+,Group,5,Lost,2026-04,2026-05,17140.41,0.0,0.0,17140.41,43.0,0
687,Email,Lead Nurture,Brussels,1-9,Starter,1,Won,2026-04,2026-05,624.15,616.23,0.0,0.0,22.0,0
688,Referral,Industry Events,Namur,10-49,Starter,1,Lost,2026-04,2026-04,593.55,0.0,0.0,593.55,11.0,0
689,Google Ads,High Intent Search,Liège,10-49,Pro,1,Lost,2026-04,2026-05,1423.5,0.0,0.0,1423.5,34.0,0
690,Direct,Brand Direct,Flemish Brabant,10-49,Starter,1,Lost,2026-04,2026-05,563.24,0.0,0.0,563.24,31.0,0
691,Direct,Brand Direct,Flemish Brabant,10-49,Starter,1,Won,2026-04,2026-04,626.46,542.19,0.0,0.0,19.0,0
692,Direct,Returning Visitors,Flemish Brabant,10-49,Starter,1,Lost,2026-04,2026-04,549.74,0.0,0.0,549.74,19.0,0
693,Email,Lead Nurture,Antwerp,10-49,Pro,1,Lost,2026-04,2026-06,1467.09,0.0,0.0,1467.09,65.0,0
694,Email,Lead Nurture,Brussels,1-9,Starter,1,Won,2026-04,2026-05,552.03,557.02,0.0,0.0,37.0,0
695,Email,Lead Nurture,Antwerp,1-9,Starter,1,Won,2026-04,2026-04,635.56,620.01,0.0,0.0,23.0,0
696,Meta Ads,Awareness Video,Hainaut,1-9,Starter,1,Lost,2026-04,2026-04,596.07,0.0,0.0,596.07,13.0,0
697,Direct,Brand Direct,Namur,10-49,Starter,1,Won,2026-04,2026-04,607.98,592.08,0.0,0.0,9.0,0
698,Email,Newsletter,Antwerp,1-9,Pro,1,Lost,2026-04,2026-04,1416.5,0.0,0.0,1416.5,11.0,0
699,Referral,Industry Events,Brussels,1-9,Starter,1,Lost,2026-04,2026-04,577.34,0.0,0.0,577.34,18.0,0
700,Referral,Industry Events,Antwerp,1-9,Starter,1,Won,2026-04,2026-04,552.24,515.77,0.0,0.0,14.0,0
701,Referral,Industry Events,Namur,50+,Group,5,Won,2026-04,2026-05,17105.28,17105.28,0.0,0.0,24.0,1
702,Google Ads,High Intent Search,Brussels,1-9,Starter,1,Won,2026-04,2026-04,596.18,561.21,0.0,0.0,13.0,0
703,Direct,Brand Direct,Namur,1-9,Pro,1,Lost,2026-04,2026-05,1551.51,0.0,0.0,1551.51,24.0,0
704,Direct,Demo Page Direct,East Flanders,10-49,Group,5,Lost,2026-04,2026-04,15820.24,0.0,0.0,15820.24,9.0,0
705,Email,Newsletter,Brussels,1-9,Starter,1,Lost,2026-04,2026-04,628.56,0.0,0.0,628.56,13.0,0
706,Meta Ads,Retargeting,Liège,10-49,Group,5,Lost,2026-04,2026-05,18594.91,0.0,0.0,18594.91,24.0,0
707,Organic Search,SEO Product Pages,Liège,1-9,Pro,1,Lost,2026-04,2026-04,1315.9,0.0,0.0,1315.9,4.0,0
708,Organic Search,SEO Guides,Antwerp,10-49,Starter,1,Won,2026-04,2026-05,621.78,543.22,0.0,0.0,19.0,0
709,Organic Search,SEO Comparison,Brussels,10-49,Pro,1,Won,2026-04,2026-04,1450.43,1360.67,0.0,0.0,19.0,0
710,Email,Reactivation,Antwerp,1-9,Starter,1,Won,2026-04,2026-04,639.84,552.95,0.0,0.0,9.0,0
711,Referral,Partner Network,East Flanders,1-9,Starter,1,Lost,2026-04,2026-04,644.31,0.0,0.0,644.31,8.0,0
712,LinkedIn Ads,SMB Growth,Flemish Brabant,10-49,Pro,1,Lost,2026-04,2026-05,1405.85,0.0,0.0,1405.85,26.0,0
713,Meta Ads,Awareness Video,Walloon Brabant,1-9,Starter,1,Lost,2026-04,2026-04,567.25,0.0,0.0,567.25,14.0,0
714,Organic Search,SEO Product Pages,Brussels,1-9,Pro,1,Lost,2026-04,2026-04,1300.6,0.0,0.0,1300.6,9.0,0
715,Direct,Returning Visitors,Hainaut,1-9,Starter,1,Won,2026-04,2026-04,626.78,586.38,0.0,0.0,15.0,0
716,Email,Newsletter,East Flanders,50+,Group,3,Lost,2026-04,2026-06,10079.93,0.0,0.0,10079.93,52.0,0
717,Email,Newsletter,Hainaut,1-9,Pro,1,Lost,2026-04,2026-04,1411.71,0.0,0.0,1411.71,13.0,0
718,Email,Lead Nurture,Brussels,1-9,Starter,1,Lost,2026-04,2026-04,583.72,0.0,0.0,583.72,18.0,0
719,LinkedIn Ads,Operations Leaders,East Flanders,50+,Group,5,Won,2026-04,2026-06,15986.51,14322.33,0.0,0.0,74.0,0
720,Meta Ads,Lead Magnet,Brussels,1-9,Pro,1,Lost,2026-04,2026-04,1315.01,0.0,0.0,1315.01,8.0,0
721,Organic Search,SEO Comparison,Liège,50+,Group,4,Lost,2026-04,2026-06,14996.19,0.0,0.0,14996.19,60.0,0
722,Direct,Returning Visitors,Brussels,1-9,Starter,1,Lost,2026-04,2026-05,620.92,0.0,0.0,620.92,16.0,0
723,Email,Newsletter,Liège,1-9,Starter,1,Lost,2026-04,2026-05,603.75,0.0,0.0,603.75,20.0,0
724,Email,Lead Nurture,Antwerp,10-49,Pro,1,Lost,2026-04,2026-04,1538.14,0.0,0.0,1538.14,15.0,0
725,Email,Reactivation,Hainaut,10-49,Pro,1,Won,2026-04,2026-05,1505.13,1401.56,0.0,0.0,23.0,0
726,Google Ads,High Intent Search,Brussels,1-9,Starter,1,Won,2026-04,2026-04,641.51,603.64,0.0,0.0,8.0,0
727,Google Ads,High Intent Search,Walloon Brabant,1-9,Pro,1,Lost,2026-04,2026-05,1492.67,0.0,0.0,1492.67,21.0,0
728,Organic Search,SEO Product Pages,Liège,10-49,Starter,1,Lost,2026-04,2026-06,608.31,0.0,0.0,608.31,45.0,0
729,Organic Search,SEO Product Pages,Brussels,50+,Pro,1,Lost,2026-04,2026-05,1486.96,0.0,0.0,1486.96,46.0,0
730,Direct,Returning Visitors,Liège,10-49,Pro,1,Won,2026-04,2026-05,1536.82,1330.68,0.0,0.0,44.0,0
731,Email,Newsletter,Antwerp,1-9,Starter,1,Lost,2026-04,2026-04,629.38,0.0,0.0,629.38,8.0,0
732,Referral,Partner Network,Flemish Brabant,1-9,Pro,1,Won,2026-04,2026-04,1544.16,1449.94,0.0,0.0,16.0,0
733,Referral,Partner Network,Liège,10-49,Pro,1,Won,2026-04,2026-05,1372.01,1306.43,0.0,0.0,29.0,0
734,Referral,Partner Network,Hainaut,10-49,Starter,1,Lost,2026-04,2026-04,619.54,0.0,0.0,619.54,16.0,0
735,Google Ads,Restaurant Operations,Brussels,1-9,Pro,1,Lost,2026-04,2026-05,1507.65,0.0,0.0,1507.65,27.0,0
736,Organic Search,SEO Product Pages,Flemish Brabant,1-9,Pro,1,Won,2026-04,2026-04,1374.4,1295.49,0.0,0.0,11.0,0
737,Direct,Brand Direct,Hainaut,50+,Group,2,Lost,2026-04,2026-05,6482.16,0.0,0.0,6482.16,33.0,0
738,Email,Newsletter,Flemish Brabant,1-9,Starter,1,Lost,2026-04,2026-04,628.1,0.0,0.0,628.1,10.0,0
739,Email,Newsletter,Brussels,10-49,Pro,1,Lost,2026-04,2026-06,1296.66,0.0,0.0,1296.66,48.0,0
740,Email,Lead Nurture,Liège,10-49,Pro,1,Lost,2026-04,2026-06,1330.7,0.0,0.0,1330.7,53.0,0
741,Email,Lead Nurture,Liège,1-9,Starter,1,Lost,2026-04,2026-05,646.22,0.0,0.0,646.22,19.0,0
742,Email,Reactivation,Antwerp,10-49,Starter,1,Won,2026-04,2026-05,537.6,495.35,0.0,0.0,46.0,0
743,Referral,Customer Referral,Flemish Brabant,10-49,Pro,1,Won,2026-04,2026-05,1531.5,1479.28,0.0,0.0,39.0,0
744,Organic Search,SEO Comparison,Namur,10-49,Pro,1,Lost,2026-04,2026-05,1342.32,0.0,0.0,1342.32,21.0,0
745,Direct,Brand Direct,Brussels,1-9,Starter,1,Won,2026-04,,542.56,517.46,0.0,0.0,,0
746,Email,Reactivation,Antwerp,1-9,Pro,1,Lost,2026-04,2026-05,1554.88,0.0,0.0,1554.88,14.0,0
747,Email,Reactivation,East Flanders,1-9,Starter,1,Lost,2026-04,2026-04,597.61,0.0,0.0,597.61,4.0,0
748,Referral,Customer Referral,Brussels,10-49,Pro,1,Lost,2026-04,2026-05,1490.06,0.0,0.0,1490.06,38.0,0
749,Organic Search,SEO Product Pages,Walloon Brabant,10-49,Pro,1,Lost,2026-04,2026-05,1402.4,0.0,0.0,1402.4,13.0,0
750,Organic Search,SEO Product Pages,Walloon Brabant,1-9,Pro,1,Lost,2026-04,2026-04,1565.78,0.0,0.0,1565.78,9.0,0
751,Organic Search,SEO Guides,East Flanders,10-49,Pro,1,Lost,2026-04,2026-05,1434.21,0.0,0.0,1434.21,23.0,0
752,Email,Lead Nurture,Brussels,1-9,Starter,1,Lost,2026-04,2026-04,578.27,0.0,0.0,578.27,12.0,0
753,Referral,Partner Network,Flemish Brabant,1-9,Starter,1,Won,2026-04,2026-04,564.98,511.8,0.0,0.0,10.0,0
754,Referral,Customer Referral,Liège,1-9,Pro,1,Lost,2026-04,2026-05,1398.17,0.0,0.0,1398.17,22.0,0
755,Organic Search,SEO Product Pages,East Flanders,1-9,Starter,1,Won,2026-04,2026-04,602.0,611.08,0.0,0.0,15.0,0
756,Direct,Returning Visitors,Walloon Brabant,1-9,Pro,1,Lost,2026-04,2026-05,1516.33,0.0,0.0,1516.33,18.0,0
757,Direct,Returning Visitors,East Flanders,1-9,Pro,1,Lost,2026-04,2026-05,1453.1,0.0,0.0,1453.1,30.0,0
758,Email,Lead Nurture,Namur,1-9,Pro,1,Won,2026-04,2026-05,1511.99,1447.29,0.0,0.0,29.0,0
759,Referral,Industry Events,Brussels,10-49,Pro,1,Won,2026-04,2026-05,1316.8,1324.22,0.0,0.0,15.0,0
760,Meta Ads,Lead Magnet,East Flanders,10-49,Pro,1,Lost,2026-04,2026-05,1377.88,0.0,0.0,1377.88,28.0,0
761,Meta Ads,Retargeting,Brussels,1-9,Pro,1,Lost,2026-04,2026-05,1330.69,0.0,0.0,1330.69,14.0,0
762,Organic Search,SEO Product Pages,East Flanders,10-49,Pro,1,Lost,2026-04,2026-05,1318.78,0.0,0.0,1318.78,31.0,0
763,Organic Search,SEO Product Pages,East Flanders,10-49,Starter,1,Won,2026-04,2026-05,614.28,555.31,0.0,0.0,30.0,0
764,Email,Newsletter,Flemish Brabant,1-9,Starter,1,Lost,2026-04,2026-04,596.82,0.0,0.0,596.82,5.0,0
765,Referral,Industry Events,Namur,1-9,Starter,1,Won,2026-04,2026-05,582.29,575.85,0.0,0.0,17.0,0
766,Referral,Industry Events,Brussels,1-9,Starter,1,Won,2026-04,2026-05,606.85,578.09,0.0,0.0,16.0,0
767,Google Ads,Restaurant Operations,Brussels,1-9,Starter,1,Won,2026-04,2026-05,637.55,591.6,0.0,0.0,21.0,0
768,Direct,Brand Direct,Antwerp,1-9,Starter,1,Won,2026-04,2026-04,558.06,550.0,0.0,0.0,10.0,0
769,Direct,Returning Visitors,Brussels,1-9,Starter,1,Lost,2026-04,2026-05,627.4,0.0,0.0,627.4,12.0,0
770,Email,Lead Nurture,Hainaut,10-49,Pro,1,Open,2026-04,,1468.53,0.0,1468.53,0.0,,0
771,Email,Reactivation,Liège,10-49,Pro,1,Lost,2026-04,2026-05,1369.71,0.0,0.0,1369.71,20.0,0
772,Organic Search,SEO Product Pages,Liège,10-49,Pro,1,Won,2026-04,2026-05,1351.52,1330.27,0.0,0.0,16.0,0
773,Email,Newsletter,East Flanders,1-9,Pro,1,Lost,2026-04,2026-05,1508.75,0.0,0.0,1508.75,14.0,0
774,Email,Lead Nurture,Walloon Brabant,1-9,Starter,1,Won,2026-04,2026-05,623.49,591.82,0.0,0.0,13.0,0
775,Email,Lead Nurture,East Flanders,1-9,Starter,1,Won,2026-04,2026-05,573.79,510.79,0.0,0.0,9.0,0
776,Email,Reactivation,Flemish Brabant,10-49,Pro,1,Lost,2026-04,2026-05,1513.83,0.0,0.0,1513.83,18.0,0
777,Referral,Customer Referral,Hainaut,10-49,Pro,1,Lost,2026-04,2026-05,1396.93,0.0,0.0,1396.93,20.0,0
778,Referral,Customer Referral,Antwerp,1-9,Starter,1,Won,2026-04,2026-05,545.74,511.99,0.0,0.0,14.0,0
779,Google Ads,High Intent Search,Flemish Brabant,50+,Pro,1,Open,2026-04,,1361.5,0.0,1361.5,0.0,,0
780,Google Ads,High Intent Search,Namur,1-9,Starter,1,Won,2026-04,2026-05,638.5,583.63,0.0,0.0,14.0,0
781,Organic Search,SEO Guides,Hainaut,1-9,Starter,1,Lost,2026-04,2026-04,642.77,0.0,0.0,642.77,5.0,0
782,Email,Newsletter,Hainaut,10-49,Group,2,Lost,2026-04,2026-05,6278.21,0.0,0.0,6278.21,25.0,0
783,Referral,Industry Events,Flemish Brabant,1-9,Starter,1,Lost,2026-04,2026-05,569.88,0.0,0.0,569.88,16.0,0
784,Meta Ads,Awareness Video,Flemish Brabant,10-49,Pro,1,Lost,2026-04,2026-06,1509.22,0.0,0.0,1509.22,44.0,0
785,Email,Newsletter,Brussels,10-49,Pro,1,Lost,2026-04,2026-05,1332.34,0.0,0.0,1332.34,18.0,0
786,Email,Lead Nurture,Hainaut,50+,Group,2,Lost,2026-04,2026-06,7628.86,0.0,0.0,7628.86,44.0,0
787,Organic Search,SEO Product Pages,Brussels,1-9,Starter,1,Lost,2026-04,2026-06,577.24,0.0,0.0,577.24,34.0,0
788,Organic Search,SEO Comparison,Brussels,10-49,Pro,1,Won,2026-04,2026-05,1479.01,1303.08,0.0,0.0,25.0,0
789,Organic Search,SEO Comparison,Brussels,50+,Group,4,Lost,2026-04,2026-06,13042.81,0.0,0.0,13042.81,58.0,0
790,LinkedIn Ads,SMB Growth,Flemish Brabant,10-49,Pro,1,Lost,2026-04,2026-05,1522.35,0.0,0.0,1522.35,29.0,0
791,Meta Ads,Unassigned,East Flanders,1-9,Starter,1,Lost,2026-04,2026-06,574.62,0.0,0.0,574.62,51.0,0
792,Direct,Returning Visitors,Walloon Brabant,1-9,Starter,1,Lost,2026-04,2026-05,567.96,0.0,0.0,567.96,8.0,0
793,Referral,Industry Events,Walloon Brabant,50+,Pro,1,Won,2026-04,2026-05,1516.5,1477.77,0.0,0.0,19.0,0
794,Direct,Demo Page Direct,East Flanders,1-9,Starter,1,Lost,2026-04,2026-05,562.62,0.0,0.0,562.62,15.0,0
795,Email,Reactivation,Hainaut,1-9,Pro,1,Won,2026-05,2026-05,1500.05,1518.49,0.0,0.0,3.0,0
796,Referral,Partner Network,Brussels,1-9,Pro,1,Won,2026-04,2026-05,1515.81,1483.85,0.0,0.0,22.0,0
797,Referral,Partner Network,Walloon Brabant,1-9,Starter,1,Won,2026-04,2026-05,572.63,527.41,0.0,0.0,9.0,0
798,Referral,Partner Network,Antwerp,10-49,Group,5,Lost,2026-04,2026-05,16088.25,0.0,0.0,16088.25,13.0,0
799,Referral,Customer Referral,Antwerp,10-49,Pro,1,Open,2026-05,,1395.47,0.0,1395.47,0.0,,0
800,Organic Search,SEO Guides,Liège,10-49,Pro,1,Lost,2026-04,2026-05,1549.14,0.0,0.0,1549.14,34.0,0
801,Direct,Demo Page Direct,Brussels,10-49,Pro,1,Lost,2026-04,2026-06,1534.02,0.0,0.0,1534.02,46.0,0
802,Email,Newsletter,Namur,1-9,Starter,1,Lost,2026-04,2026-05,589.79,0.0,0.0,589.79,12.0,0
803,Email,Newsletter,Walloon Brabant,1-9,Pro,1,Lost,2026-04,2026-04,1446.66,0.0,0.0,1446.66,6.0,0
804,Email,Lead Nurture,Walloon Brabant,50+,Group,3,Won,2026-04,2026-06,10367.43,9374.82,0.0,0.0,65.0,0
805,LinkedIn Ads,Decision Makers,Brussels,50+,Group,5,Lost,2026-04,2026-06,16906.26,0.0,0.0,16906.26,45.0,0
806,LinkedIn Ads,Operations Leaders,Flemish Brabant,10-49,Pro,1,Lost,2026-04,2026-05,1304.55,0.0,0.0,1304.55,16.0,0
807,Organic Search,SEO Product Pages,East Flanders,10-49,Pro,1,Lost,2026-04,2026-05,1518.57,0.0,0.0,1518.57,21.0,0
808,Organic Search,SEO Product Pages,East Flanders,50+,Group,4,Won,2026-05,2026-06,13154.58,13112.17,0.0,0.0,31.0,0
809,Direct,Brand Direct,East Flanders,1-9,Starter,1,Lost,2026-04,2026-05,607.47,0.0,0.0,607.47,8.0,0
810,Direct,Demo Page Direct,Flemish Brabant,10-49,Starter,1,Lost,2026-05,2026-05,591.73,0.0,0.0,591.73,26.0,0
811,Email,Newsletter,Antwerp,1-9,Starter,1,Lost,2026-05,2026-05,586.06,0.0,0.0,586.06,20.0,0
812,Referral,Industry Events,Namur,10-49,Pro,1,Won,2026-05,2026-06,1337.78,1328.08,0.0,0.0,37.0,0
813,Referral,Industry Events,Liège,1-9,Starter,1,Won,2026-04,2026-05,536.83,489.84,0.0,0.0,10.0,0
814,Meta Ads,Awareness Video,East Flanders,10-49,Pro,1,Lost,2026-05,2026-06,1452.81,0.0,0.0,1452.81,28.0,0
815,Email,Newsletter,Antwerp,10-49,Pro,1,Won,2026-05,2026-05,1433.22,1321.01,0.0,0.0,14.0,0
816,Email,Lead Nurture,Brussels,10-49,Pro,1,Lost,2026-04,2026-05,1555.8,0.0,0.0,1555.8,12.0,0
817,Referral,Customer Referral,Namur,1-9,Starter,1,Won,2026-05,2026-05,599.69,543.71,0.0,0.0,24.0,0
818,Meta Ads,Lead Magnet,Antwerp,10-49,Pro,1,Lost,2026-05,2026-05,1535.33,0.0,0.0,1535.33,25.0,0
819,Organic Search,SEO Product Pages,Liège,1-9,Starter,1,Lost,2026-04,2026-05,599.24,0.0,0.0,599.24,26.0,0
820,Organic Search,SEO Comparison,East Flanders,10-49,Group,3,Won,2026-05,2026-06,11310.48,10021.94,0.0,0.0,39.0,0
821,Email,Newsletter,Brussels,1-9,Pro,1,Lost,2026-04,2026-05,1490.82,0.0,0.0,1490.82,10.0,0
822,Email,Lead Nurture,Brussels,10-49,Group,2,Won,2026-04,2026-05,7270.06,6845.12,0.0,0.0,13.0,0
823,Email,Reactivation,Flemish Brabant,10-49,Pro,1,Lost,2026-04,2026-05,1417.7,0.0,0.0,1417.7,25.0,0
824,Referral,Customer Referral,Namur,1-9,Starter,1,Won,2026-05,2026-05,540.06,465.48,0.0,0.0,18.0,0
825,LinkedIn Ads,Decision Makers,Antwerp,10-49,Group,5,Lost,2026-05,2026-06,15925.72,0.0,0.0,15925.72,33.0,0
826,Organic Search,SEO Product Pages,Brussels,1-9,Starter,1,Lost,2026-05,2026-05,590.42,0.0,0.0,590.42,15.0,0
827,Organic Search,SEO Comparison,Brussels,10-49,Pro,1,Lost,2026-04,2026-05,1487.31,0.0,0.0,1487.31,25.0,0
828,Email,Newsletter,Hainaut,10-49,Pro,1,Lost,2026-04,2026-05,1432.46,0.0,0.0,1432.46,21.0,0
829,LinkedIn Ads,Decision Makers,Namur,1-9,Pro,1,Lost,2026-05,2026-06,1554.29,0.0,0.0,1554.29,38.0,0
830,Organic Search,SEO Product Pages,Namur,10-49,Group,4,Won,2026-05,2026-06,15146.99,15146.99,0.0,0.0,41.0,1
831,Organic Search,SEO Guides,Hainaut,50+,Group,3,Lost,2026-05,2026-06,11423.41,0.0,0.0,11423.41,53.0,0
832,Referral,Customer Referral,Hainaut,50+,Group,4,Open,2026-05,,12771.23,0.0,12771.23,0.0,,0
833,Referral,Industry Events,Brussels,1-9,Starter,1,Won,2026-05,2026-05,572.72,572.72,0.0,0.0,21.0,1
834,Referral,Partner Network,Liège,1-9,Starter,1,Lost,2026-05,2026-05,639.69,0.0,0.0,639.69,16.0,0
835,Referral,Partner Network,Antwerp,1-9,Starter,1,Won,2026-05,2026-05,611.84,619.57,0.0,0.0,12.0,0
836,Referral,Industry Events,East Flanders,50+,Group,2,Open,2026-05,,6518.81,0.0,6518.81,0.0,,0
837,Google Ads,High Intent Search,Hainaut,10-49,Starter,1,Lost,2026-05,2026-05,637.16,0.0,0.0,637.16,18.0,0
838,Google Ads,High Intent Search,Brussels,10-49,Starter,1,Won,2026-05,2026-06,573.5,517.36,0.0,0.0,27.0,0
839,LinkedIn Ads,Decision Makers,Flemish Brabant,1-9,Pro,1,Won,2026-05,2026-05,1467.78,1491.78,0.0,0.0,26.0,0
840,Meta Ads,Lead Magnet,Flemish Brabant,1-9,Starter,1,Lost,2026-05,2026-05,538.11,0.0,0.0,538.11,24.0,0
841,Email,Newsletter,Flemish Brabant,50+,Group,5,Open,2026-05,,17645.44,0.0,17645.44,0.0,,0
842,Email,Lead Nurture,Liège,1-9,Pro,1,Lost,2026-05,2026-06,1486.93,0.0,0.0,1486.93,34.0,0
843,Google Ads,High Intent Search,Namur,1-9,Starter,1,Lost,2026-05,2026-05,558.64,0.0,0.0,558.64,13.0,0
844,Organic Search,SEO Guides,Namur,50+,Pro,1,Lost,2026-05,2026-05,1456.02,0.0,0.0,1456.02,13.0,0
845,Organic Search,SEO Comparison,Brussels,1-9,Starter,1,Lost,2026-05,2026-05,566.08,0.0,0.0,566.08,13.0,0
846,Direct,Brand Direct,Flemish Brabant,10-49,Pro,1,Open,2026-05,,1385.01,0.0,1385.01,0.0,,0
847,Email,Newsletter,East Flanders,50+,Pro,1,Won,2026-05,2026-06,1550.32,1562.7,0.0,0.0,27.0,0
848,Email,Reactivation,Liège,1-9,Starter,1,Lost,2026-05,2026-05,601.83,0.0,0.0,601.83,8.0,0
849,Referral,Partner Network,Namur,10-49,Pro,1,Lost,2026-05,2026-05,1354.97,0.0,0.0,1354.97,12.0,0
850,Referral,Customer Referral,Brussels,50+,Group,3,Won,2026-05,2026-05,10977.34,10370.47,0.0,0.0,19.0,0
851,Meta Ads,Awareness Video,East Flanders,50+,Pro,1,Lost,2026-05,2026-06,1327.96,0.0,0.0,1327.96,30.0,0
852,Organic Search,SEO Product Pages,Antwerp,50+,Group,5,Won,2026-05,2026-06,16551.37,14740.8,0.0,0.0,36.0,0
853,Organic Search,SEO Product Pages,East Flanders,1-9,Starter,1,Lost,2026-05,2026-05,635.23,0.0,0.0,635.23,13.0,0
854,Direct,Brand Direct,Brussels,1-9,Pro,1,Lost,2026-05,2026-05,1314.47,0.0,0.0,1314.47,21.0,0
855,Email,Newsletter,Brussels,1-9,Pro,1,Lost,2026-05,2026-05,1459.89,0.0,0.0,1459.89,8.0,0
856,Email,Newsletter,Antwerp,1-9,Starter,1,Lost,2026-05,2026-05,529.97,0.0,0.0,529.97,20.0,0
857,Email,Lead Nurture,Walloon Brabant,1-9,Starter,1,Lost,2026-05,2026-05,566.24,0.0,0.0,566.24,17.0,0
858,Referral,Industry Events,Namur,1-9,Starter,1,Lost,2026-05,2026-05,604.26,0.0,0.0,604.26,4.0,0
859,LinkedIn Ads,Decision Makers,Brussels,1-9,Starter,1,Won,2026-05,2026-05,616.63,529.58,0.0,0.0,27.0,0
860,LinkedIn Ads,SMB Growth,Antwerp,50+,Group,5,Lost,2026-05,2026-06,19116.07,0.0,0.0,19116.07,45.0,0
861,Direct,Demo Page Direct,Flemish Brabant,1-9,Starter,1,Lost,2026-05,2026-05,539.4,0.0,0.0,539.4,18.0,0
862,Meta Ads,Retargeting,Hainaut,1-9,Starter,1,Won,2026-05,2026-06,579.55,572.05,0.0,0.0,26.0,0
863,Direct,Brand Direct,Flemish Brabant,50+,Group,4,Lost,2026-05,2026-05,14160.04,0.0,0.0,14160.04,23.0,0
864,Email,Reactivation,Flemish Brabant,1-9,Starter,1,Lost,2026-05,2026-05,594.51,0.0,0.0,594.51,14.0,0
865,Referral,Customer Referral,Brussels,10-49,Starter,1,Lost,2026-05,2026-06,554.54,0.0,0.0,554.54,25.0,0
866,Google Ads,Competitor Search,Brussels,10-49,Group,3,Lost,2026-05,,10650.81,0.0,0.0,10650.81,,0
867,Direct,Brand Direct,Namur,1-9,Starter,1,Lost,2026-05,2026-05,569.48,0.0,0.0,569.48,10.0,0
868,Direct,Brand Direct,Flemish Brabant,1-9,Starter,1,Lost,2026-05,2026-05,609.72,0.0,0.0,609.72,13.0,0
869,Referral,Partner Network,Hainaut,50+,Pro,1,Open,2026-05,,1369.8,0.0,1369.8,0.0,,0
870,Referral,Partner Network,Namur,1-9,Pro,1,Won,2026-05,2026-05,1300.88,1127.68,0.0,0.0,11.0,0
871,Referral,Customer Referral,Walloon Brabant,1-9,Starter,1,Lost,2026-05,2026-05,595.17,0.0,0.0,595.17,11.0,0
872,LinkedIn Ads,Decision Makers,Antwerp,50+,Pro,1,Open,2026-05,,1339.77,0.0,1339.77,0.0,,0
873,LinkedIn Ads,Decision Makers,Liège,1-9,Pro,1,Won,2026-05,2026-06,1323.31,1255.72,0.0,0.0,34.0,0
874,Organic Search,SEO Product Pages,Hainaut,1-9,Starter,1,Won,2026-05,2026-05,585.86,537.04,0.0,0.0,12.0,0
875,Organic Search,SEO Product Pages,Brussels,10-49,Pro,1,Lost,2026-05,2026-06,1414.77,0.0,0.0,1414.77,31.0,0
876,Direct,Returning Visitors,Walloon Brabant,10-49,Pro,1,Lost,2026-05,2026-05,1308.6,0.0,0.0,1308.6,21.0,0
877,Direct,Demo Page Direct,East Flanders,10-49,Pro,1,Lost,2026-05,2026-06,1367.04,0.0,0.0,1367.04,47.0,0
878,Referral,Partner Network,Brussels,10-49,Pro,1,Won,2026-05,2026-05,1292.07,1279.77,0.0,0.0,15.0,0
879,Referral,Partner Network,Brussels,50+,Pro,1,Won,2026-05,2026-06,1345.69,1186.33,0.0,0.0,34.0,0
880,Referral,Customer Referral,Hainaut,1-9,Starter,1,Lost,2026-05,2026-05,600.08,0.0,0.0,600.08,18.0,0
881,LinkedIn Ads,SMB Growth,Hainaut,10-49,Pro,1,Lost,2026-05,2026-06,1375.38,0.0,0.0,1375.38,20.0,0
882,Direct,Brand Direct,Hainaut,10-49,Pro,1,Won,2026-05,2026-05,1537.26,1352.93,0.0,0.0,14.0,0
883,Direct,Demo Page Direct,East Flanders,1-9,Pro,1,Open,2026-05,,1406.45,0.0,1406.45,0.0,,0
884,Email,Newsletter,Brussels,1-9,Pro,1,Lost,2026-05,2026-05,1323.94,0.0,0.0,1323.94,14.0,0
885,Email,Reactivation,Brussels,1-9,Starter,1,Lost,2026-05,2026-05,541.92,0.0,0.0,541.92,16.0,0
886,LinkedIn Ads,Operations Leaders,Brussels,10-49,Pro,1,Won,2026-05,2026-06,1404.51,1343.08,0.0,0.0,25.0,0
887,Organic Search,SEO Product Pages,Liège,10-49,Pro,1,Lost,2026-05,2026-05,1375.37,0.0,0.0,1375.37,11.0,0
888,Direct,Brand Direct,Hainaut,1-9,Starter,1,Won,2026-05,2026-05,562.91,481.64,0.0,0.0,15.0,0
889,Email,Newsletter,Namur,50+,Group,5,Won,2026-05,2026-06,17648.67,16965.97,0.0,0.0,25.0,0
890,Email,Lead Nurture,Namur,10-49,Pro,1,Lost,2026-05,2026-06,1444.05,0.0,0.0,1444.05,20.0,0
891,Email,Lead Nurture,Antwerp,50+,Pro,1,Won,2026-05,2026-05,1462.78,1350.45,0.0,0.0,8.0,0
892,Referral,Partner Network,Antwerp,10-49,Pro,1,Lost,2026-05,2026-06,1552.17,0.0,0.0,1552.17,22.0,0
893,Referral,Customer Referral,Brussels,10-49,Pro,1,Lost,2026-05,2026-05,1466.81,0.0,0.0,1466.81,22.0,0
894,Referral,Customer Referral,Namur,10-49,Pro,1,Won,2026-05,2026-05,1535.27,1350.97,0.0,0.0,20.0,0
895,Referral,Industry Events,East Flanders,1-9,Starter,1,Lost,2026-05,2026-05,643.02,0.0,0.0,643.02,7.0,0
896,Organic Search,SEO Product Pages,Walloon Brabant,1-9,Pro,1,Lost,2026-05,2026-05,1373.19,0.0,0.0,1373.19,3.0,0
897,Organic Search,SEO Guides,Flemish Brabant,1-9,Pro,1,Lost,2026-05,2026-05,1440.84,0.0,0.0,1440.84,17.0,0
898,Direct,Returning Visitors,Antwerp,1-9,Pro,1,Won,2026-05,2026-05,1321.35,1347.22,0.0,0.0,12.0,0
899,Email,Newsletter,Walloon Brabant,50+,Group,5,Won,2026-05,2026-05,17266.2,16453.54,0.0,0.0,17.0,0
900,Referral,Partner Network,Walloon Brabant,50+,Group,2,Open,2026-05,,7369.76,0.0,7369.76,0.0,,0
901,Referral,Customer Referral,Walloon Brabant,10-49,Starter,1,Lost,2026-05,2026-06,560.19,0.0,0.0,560.19,47.0,0
902,Referral,Customer Referral,Flemish Brabant,1-9,Pro,1,Won,2026-05,2026-05,1348.98,1361.94,0.0,0.0,10.0,0
903,Referral,Industry Events,Hainaut,10-49,Pro,1,Lost,2026-05,2026-06,1489.97,0.0,0.0,1489.97,23.0,0
904,Referral,Industry Events,East Flanders,1-9,Starter,1,Lost,2026-05,2026-05,542.49,0.0,0.0,542.49,8.0,0
905,Google Ads,High Intent Search,Brussels,1-9,Starter,1,Won,2026-05,2026-05,570.46,521.9,0.0,0.0,13.0,0
906,Google Ads,Restaurant Operations,Hainaut,10-49,Pro,1,Lost,2026-05,2026-06,1406.24,0.0,0.0,1406.24,31.0,0
907,Organic Search,SEO Product Pages,Antwerp,50+,Group,2,Won,2026-05,2026-06,6488.23,6010.31,0.0,0.0,37.0,0
908,Organic Search,SEO Product Pages,Walloon Brabant,1-9,Pro,1,Won,2026-05,2026-06,1379.7,1314.35,0.0,0.0,22.0,0
909,Direct,Returning Visitors,East Flanders,10-49,Pro,1,Won,2026-05,2026-06,1312.7,1215.0,0.0,0.0,29.0,0
910,Direct,Demo Page Direct,East Flanders,50+,Group,2,Lost,2026-05,2026-06,7317.79,0.0,0.0,7317.79,42.0,0
911,Referral,Partner Network,Flemish Brabant,1-9,Pro,1,Lost,2026-05,2026-05,1367.98,0.0,0.0,1367.98,15.0,0
912,Google Ads,High Intent Search,Brussels,10-49,Pro,1,Won,2026-05,2026-06,1411.86,1359.49,0.0,0.0,19.0,0
913,Direct,Brand Direct,Walloon Brabant,1-9,Starter,1,Lost,2026-05,2026-05,543.49,0.0,0.0,543.49,8.0,0
914,Direct,Brand Direct,Hainaut,1-9,Pro,1,Lost,2026-05,2026-05,1366.66,0.0,0.0,1366.66,4.0,0
915,Direct,Brand Direct,Brussels,50+,Group,3,Open,2026-05,,9653.24,0.0,9653.24,0.0,,0
916,Organic Search,SEO Comparison,Liège,1-9,Pro,1,Won,2026-05,2026-05,1328.08,1325.36,0.0,0.0,14.0,0
917,Email,Lead Nurture,Hainaut,50+,Group,4,Lost,2026-05,2026-06,12985.46,0.0,0.0,12985.46,23.0,0
918,Referral,Partner Network,Liège,10-49,Starter,1,Lost,2026-05,2026-06,581.91,0.0,0.0,581.91,35.0,0
919,LinkedIn Ads,Decision Makers,East Flanders,10-49,Pro,1,Won,2026-05,2026-06,1362.47,1167.11,0.0,0.0,21.0,0
920,LinkedIn Ads,Decision Makers,Namur,10-49,Starter,1,Lost,2026-05,,530.97,0.0,0.0,530.97,,0
921,Organic Search,SEO Comparison,Liège,1-9,Starter,1,Open,2026-05,,542.93,0.0,542.93,0.0,,0
922,Direct,Returning Visitors,East Flanders,50+,Group,3,Won,2026-05,2026-06,10810.77,10350.41,0.0,0.0,26.0,0
923,Referral,Industry Events,Brussels,1-9,Pro,1,Won,2026-05,2026-06,1402.01,1402.58,0.0,0.0,15.0,0
924,Referral,Industry Events,Walloon Brabant,1-9,Starter,1,Won,2026-05,2026-05,599.0,547.21,0.0,0.0,11.0,0
925,Google Ads,High Intent Search,Liège,1-9,Starter,1,Won,2026-05,2026-06,609.92,537.64,0.0,0.0,21.0,0
926,LinkedIn Ads,Decision Makers,Antwerp,1-9,Starter,1,Won,2026-05,2026-06,549.08,546.59,0.0,0.0,27.0,0
927,Organic Search,SEO Comparison,Liège,10-49,Pro,1,Lost,2026-05,2026-06,1369.25,0.0,0.0,1369.25,39.0,0
928,Direct,Brand Direct,Antwerp,50+,Group,2,Won,2026-05,2026-06,6812.47,6496.62,0.0,0.0,20.0,0
929,Direct,Brand Direct,Liège,1-9,Starter,1,Lost,2026-05,2026-06,626.21,0.0,0.0,626.21,15.0,0
930,Direct,Brand Direct,Antwerp,1-9,Starter,1,Lost,2026-05,2026-05,549.77,0.0,0.0,549.77,9.0,0
931,Direct,Brand Direct,Namur,10-49,Pro,1,Open,2026-05,,1407.19,0.0,1407.19,0.0,,0
932,Direct,Brand Direct,Flemish Brabant,1-9,Starter,1,Lost,2026-05,2026-06,541.76,0.0,0.0,541.76,16.0,0
933,Direct,Returning Visitors,Antwerp,1-9,Starter,1,Lost,2026-05,2026-05,613.1,0.0,0.0,613.1,15.0,0
934,Direct,Demo Page Direct,Flemish Brabant,10-49,Group,2,Lost,2026-05,2026-06,6373.71,0.0,0.0,6373.71,16.0,0
935,Referral,Partner Network,Brussels,1-9,Pro,1,Lost,2026-05,2026-06,1412.27,0.0,0.0,1412.27,23.0,0
936,Google Ads,High Intent Search,Antwerp,10-49,Pro,1,Lost,2026-05,2026-05,1289.38,0.0,0.0,1289.38,12.0,0
937,Organic Search,SEO Product Pages,Brussels,10-49,Pro,1,Lost,2026-05,2026-06,1404.62,0.0,0.0,1404.62,19.0,0
938,Direct,Returning Visitors,Antwerp,1-9,Starter,1,Lost,2026-05,2026-06,575.39,0.0,0.0,575.39,17.0,0
939,Direct,Returning Visitors,Hainaut,50+,Group,5,Lost,2026-05,2026-06,16824.64,0.0,0.0,16824.64,34.0,0
940,Email,Newsletter,Brussels,10-49,Pro,1,Lost,2026-05,2026-06,1320.27,0.0,0.0,1320.27,25.0,0
941,LinkedIn Ads,Decision Makers,Namur,50+,Group,4,Won,2026-05,2026-06,14487.21,13189.68,0.0,0.0,25.0,0
942,Organic Search,SEO Product Pages,Hainaut,1-9,Starter,1,Lost,2026-05,2026-06,537.38,0.0,0.0,537.38,12.0,0
943,Organic Search,SEO Product Pages,East Flanders,10-49,Pro,1,Won,2026-05,2026-06,1440.2,1324.37,0.0,0.0,12.0,0
944,Organic Search,SEO Comparison,Hainaut,50+,Group,2,Open,2026-05,,7384.35,0.0,7384.35,0.0,,0
945,Organic Search,SEO Comparison,Liège,10-49,Starter,1,Lost,2026-05,2026-06,533.93,0.0,0.0,533.93,28.0,0
946,Organic Search,SEO Comparison,Walloon Brabant,10-49,Group,5,Lost,2026-05,2026-06,16059.39,0.0,0.0,16059.39,25.0,0
947,Direct,Brand Direct,Hainaut,1-9,Starter,1,Won,2026-05,2026-06,561.74,545.97,0.0,0.0,12.0,0
948,Direct,Brand Direct,Brussels,1-9,Pro,1,Lost,2026-05,2026-06,1463.56,0.0,0.0,1463.56,23.0,0
949,Email,Lead Nurture,East Flanders,10-49,Starter,1,Won,2026-05,2026-06,604.71,560.07,0.0,0.0,36.0,0
950,Referral,Partner Network,East Flanders,1-9,Starter,1,Won,2026-05,2026-06,551.51,510.59,0.0,0.0,26.0,0
951,Google Ads,Restaurant Operations,Flemish Brabant,1-9,Starter,1,Lost,2026-05,2026-05,628.74,0.0,0.0,628.74,9.0,0
952,Organic Search,SEO Comparison,Antwerp,1-9,Pro,1,Lost,2026-05,2026-06,1491.84,0.0,0.0,1491.84,25.0,0
953,Email,Lead Nurture,East Flanders,1-9,Starter,1,Lost,2026-05,2026-06,532.63,0.0,0.0,532.63,13.0,0
954,Referral,Partner Network,Flemish Brabant,1-9,Starter,1,Lost,2026-05,2026-06,633.74,0.0,0.0,633.74,14.0,0
955,Referral,Partner Network,Walloon Brabant,10-49,Pro,1,Open,2026-05,,1364.35,0.0,1364.35,0.0,,0
956,Referral,Partner Network,Walloon Brabant,1-9,Pro,1,Lost,2026-05,2026-06,1449.07,0.0,0.0,1449.07,21.0,0
957,Direct,Returning Visitors,Walloon Brabant,10-49,Pro,1,Won,2026-05,2026-06,1358.65,1330.32,0.0,0.0,19.0,0
958,Google Ads,Restaurant Operations,Hainaut,1-9,Starter,1,Won,2026-05,2026-06,596.9,604.33,0.0,0.0,20.0,0
959,Organic Search,SEO Product Pages,Namur,1-9,Starter,1,Lost,2026-05,2026-06,600.78,0.0,0.0,600.78,23.0,0
960,Organic Search,SEO Comparison,Brussels,1-9,Starter,1,Lost,2026-05,2026-05,582.33,0.0,0.0,582.33,5.0,0
961,Direct,Brand Direct,Antwerp,1-9,Starter,1,Won,2026-05,2026-06,635.96,634.06,0.0,0.0,19.0,0
962,Email,Newsletter,Brussels,1-9,Starter,1,Won,2026-05,2026-05,628.58,595.48,0.0,0.0,3.0,0
963,Email,Lead Nurture,Liège,1-9,Starter,1,Lost,2026-05,2026-06,585.24,0.0,0.0,585.24,33.0,0
964,Referral,Partner Network,Flemish Brabant,1-9,Starter,1,Won,2026-05,2026-06,534.19,508.29,0.0,0.0,10.0,0
965,Organic Search,SEO Product Pages,Antwerp,10-49,Pro,1,Lost,2026-05,2026-06,1335.08,0.0,0.0,1335.08,18.0,0
966,Email,Lead Nurture,Hainaut,10-49,Starter,1,Open,2026-05,,572.44,0.0,572.44,0.0,,0
967,Referral,Customer Referral,Hainaut,1-9,Starter,1,Won,2026-05,2026-06,623.72,532.88,0.0,0.0,14.0,0
968,Google Ads,High Intent Search,Brussels,10-49,Pro,1,Open,2026-05,,1474.34,0.0,1474.34,0.0,,0
969,Organic Search,SEO Product Pages,East Flanders,1-9,Starter,1,Lost,2026-05,2026-06,577.91,0.0,0.0,577.91,4.0,0
970,Organic Search,SEO Product Pages,Namur,1-9,Pro,1,Lost,2026-05,2026-05,1399.15,0.0,0.0,1399.15,4.0,0
971,Referral,Industry Events,Liège,10-49,Group,4,Won,2026-05,2026-06,13161.05,11321.3,0.0,0.0,17.0,0
972,Referral,Industry Events,Walloon Brabant,50+,Group,3,Lost,2026-05,2026-06,10027.06,0.0,0.0,10027.06,24.0,0
973,Organic Search,SEO Product Pages,Hainaut,1-9,Pro,1,Lost,2026-05,2026-06,1514.86,0.0,0.0,1514.86,31.0,0
974,Organic Search,SEO Product Pages,East Flanders,10-49,Pro,1,Lost,2026-05,2026-06,1476.89,0.0,0.0,1476.89,32.0,0
975,Direct,Demo Page Direct,Flemish Brabant,1-9,Starter,1,Lost,2026-05,2026-05,563.02,0.0,0.0,563.02,7.0,0
976,Email,Newsletter,Hainaut,1-9,Pro,1,Lost,2026-05,2026-06,1490.1,0.0,0.0,1490.1,19.0,0
977,Email,Lead Nurture,Liège,10-49,Pro,1,Won,2026-05,2026-06,1341.02,1210.09,0.0,0.0,24.0,0
978,Email,Lead Nurture,Namur,1-9,Starter,1,Lost,2026-05,2026-06,567.43,0.0,0.0,567.43,28.0,0
979,Referral,Customer Referral,Flemish Brabant,1-9,Starter,1,Won,2026-05,2026-06,570.89,576.07,0.0,0.0,12.0,0
980,LinkedIn Ads,Decision Makers,East Flanders,50+,Group,4,Open,2026-05,,15204.17,0.0,15204.17,0.0,,0
981,Meta Ads,Awareness Video,Antwerp,10-49,Pro,1,Lost,2026-05,2026-06,1430.97,0.0,0.0,1430.97,23.0,0
982,Organic Search,SEO Guides,Walloon Brabant,50+,Pro,1,Open,2026-06,,1524.41,0.0,1524.41,0.0,,0
983,Organic Search,SEO Guides,Walloon Brabant,10-49,Starter,1,Open,2026-05,,600.11,0.0,600.11,0.0,,0
984,Direct,Brand Direct,Antwerp,1-9,Pro,1,Lost,2026-05,2026-06,1372.7,0.0,0.0,1372.7,12.0,0
985,Referral,Customer Referral,Walloon Brabant,1-9,Starter,1,Won,2026-05,2026-06,555.74,555.74,0.0,0.0,9.0,1
986,Referral,Industry Events,Hainaut,10-49,Group,5,Won,2026-05,2026-06,17766.08,18033.46,0.0,0.0,11.0,0
987,Google Ads,High Intent Search,Flemish Brabant,1-9,Starter,1,Lost,2026-06,2026-06,576.4,0.0,0.0,576.4,7.0,0
988,Email,Newsletter,Brussels,1-9,Starter,1,Lost,2026-05,2026-06,553.4,0.0,0.0,553.4,22.0,0
989,Email,Lead Nurture,Namur,1-9,Starter,1,Lost,2026-05,2026-06,603.97,0.0,0.0,603.97,15.0,0
990,Google Ads,High Intent Search,Brussels,1-9,Starter,1,Lost,2026-05,2026-06,574.86,0.0,0.0,574.86,21.0,0
991,LinkedIn Ads,Decision Makers,Brussels,10-49,Pro,1,Lost,2026-06,2026-06,1553.29,0.0,0.0,1553.29,24.0,0
992,Organic Search,SEO Product Pages,Antwerp,50+,Pro,1,Open,2026-05,,1406.72,0.0,1406.72,0.0,,0
993,Direct,Returning Visitors,Brussels,1-9,Pro,1,Won,2026-05,2026-06,1501.76,1518.48,0.0,0.0,15.0,0
994,Direct,Returning Visitors,Brussels,50+,Group,3,Won,2026-05,2026-06,9515.56,9180.74,0.0,0.0,16.0,0
995,Email,Reactivation,Brussels,1-9,Pro,1,Lost,2026-05,2026-06,1431.98,0.0,0.0,1431.98,13.0,0
996,Referral,Partner Network,Liège,10-49,Pro,1,Open,2026-06,,1501.52,0.0,1501.52,0.0,,0
997,Referral,Customer Referral,Liège,1-9,Pro,1,Won,2026-05,2026-06,1520.72,1346.56,0.0,0.0,10.0,0
998,Email,Newsletter,East Flanders,1-9,Starter,1,Lost,2026-05,2026-06,634.76,0.0,0.0,634.76,8.0,0
999,Email,Lead Nurture,Brussels,10-49,Pro,1,Lost,2026-05,2026-06,1459.66,0.0,0.0,1459.66,30.0,0
1000,Meta Ads,Retargeting,Liège,10-49,Pro,1,Lost,2026-06,2026-06,1563.54,0.0,0.0,1563.54,21.0,0
1001,Organic Search,SEO Guides,East Flanders,1-9,Starter,1,Won,2026-06,2026-06,604.53,583.39,0.0,0.0,16.0,0
1002,Organic Search,SEO Guides,Brussels,1-9,Pro,1,Lost,2026-05,2026-06,1563.36,0.0,0.0,1563.36,25.0,0
1003,Direct,Demo Page Direct,Brussels,1-9,Starter,1,Lost,2026-05,2026-06,532.4,0.0,0.0,532.4,23.0,0
1004,Referral,Partner Network,Namur,1-9,Starter,1,Won,2026-06,2026-06,561.46,519.3,0.0,0.0,11.0,0
1005,Referral,Partner Network,East Flanders,1-9,Starter,1,Lost,2026-05,2026-06,581.53,0.0,0.0,581.53,10.0,0
1006,Referral,Partner Network,Liège,10-49,Group,2,Lost,2026-05,2026-06,7062.94,0.0,0.0,7062.94,29.0,0
1007,Referral,Customer Referral,Hainaut,10-49,Pro,1,Open,2026-06,,1540.94,0.0,1540.94,0.0,,0
1008,Referral,Industry Events,Liège,10-49,Pro,1,Open,2026-06,,1463.99,0.0,1463.99,0.0,,0
1009,Organic Search,SEO Product Pages,Antwerp,1-9,Pro,1,Lost,2026-06,2026-06,1512.77,0.0,0.0,1512.77,10.0,0
1010,Direct,Brand Direct,Brussels,1-9,Pro,1,Lost,2026-06,2026-06,1312.28,0.0,0.0,1312.28,5.0,0
1011,Direct,Brand Direct,Liège,10-49,Pro,1,Open,2026-06,,1418.59,0.0,1418.59,0.0,,0
1012,Organic Search,SEO Guides,Namur,10-49,Pro,1,Lost,2026-06,2026-06,1420.83,0.0,0.0,1420.83,13.0,0
1013,Direct,Returning Visitors,East Flanders,10-49,Starter,1,Open,2026-06,,543.27,0.0,543.27,0.0,,0
1014,Meta Ads,Lead Magnet,Brussels,10-49,Pro,1,Lost,2026-06,2026-06,1477.98,0.0,0.0,1477.98,11.0,0
1015,Organic Search,SEO Product Pages,Antwerp,50+,Pro,1,Lost,2026-06,2026-06,1567.61,0.0,0.0,1567.61,17.0,0
1016,Organic Search,SEO Product Pages,Liège,1-9,Starter,1,Lost,2026-06,2026-06,559.48,0.0,0.0,559.48,19.0,0
1017,Direct,Brand Direct,Hainaut,1-9,Pro,1,Open,2026-06,,1386.65,0.0,1386.65,0.0,,0
1018,Direct,Brand Direct,Hainaut,10-49,Group,2,Lost,2026-06,2026-06,6453.18,0.0,0.0,6453.18,14.0,0
1019,Email,Lead Nurture,East Flanders,10-49,Pro,1,Won,2026-06,2026-06,1490.41,1354.39,0.0,0.0,21.0,0
1020,Email,Lead Nurture,Walloon Brabant,1-9,Starter,1,Lost,2026-06,2026-06,559.53,0.0,0.0,559.53,12.0,0
1021,Referral,Partner Network,Antwerp,1-9,Starter,1,Won,2026-06,2026-06,561.22,516.61,0.0,0.0,16.0,0
1022,Referral,Customer Referral,Walloon Brabant,1-9,Starter,1,Lost,2026-06,2026-06,566.11,0.0,0.0,566.11,21.0,0
1023,Direct,Brand Direct,Walloon Brabant,50+,Group,5,Open,2026-06,,18448.99,0.0,18448.99,0.0,,0
1024,Referral,Partner Network,Brussels,1-9,Pro,1,Won,2026-06,2026-06,1358.49,1290.27,0.0,0.0,14.0,0
1025,Referral,Customer Referral,Brussels,1-9,Starter,1,Won,2026-06,2026-06,552.31,534.17,0.0,0.0,9.0,0
1026,Referral,Customer Referral,Namur,1-9,Starter,1,Open,2026-06,,573.96,0.0,573.96,0.0,,0
1027,LinkedIn Ads,Decision Makers,Namur,1-9,Pro,1,Lost,2026-06,2026-06,1348.9,0.0,0.0,1348.9,6.0,0
1028,LinkedIn Ads,Decision Makers,Namur,1-9,Starter,1,Won,2026-06,2026-06,540.65,541.87,0.0,0.0,18.0,0
1029,Meta Ads,Lead Magnet,East Flanders,1-9,Starter,1,Won,2026-06,2026-06,642.29,587.71,0.0,0.0,20.0,0
1030,Organic Search,SEO Product Pages,Hainaut,1-9,Starter,1,Lost,2026-06,2026-06,531.35,0.0,0.0,531.35,7.0,0
1031,Organic Search,SEO Guides,Antwerp,1-9,Pro,1,Lost,2026-06,2026-06,1446.81,0.0,0.0,1446.81,8.0,0
1032,Direct,Returning Visitors,Flemish Brabant,10-49,Starter,1,Open,2026-06,,594.87,0.0,594.87,0.0,,0
1033,Direct,Returning Visitors,Antwerp,10-49,Pro,1,Won,2026-06,2026-06,1528.73,1397.2,0.0,0.0,7.0,0
1034,Referral,Partner Network,Brussels,1-9,Starter,1,Lost,2026-06,2026-06,622.94,0.0,0.0,622.94,17.0,0
1035,Referral,Partner Network,Brussels,1-9,Starter,1,Open,2026-06,,604.46,0.0,604.46,0.0,,0
1036,Referral,Customer Referral,Brussels,10-49,Group,4,Lost,2026-06,2026-06,13685.6,0.0,0.0,13685.6,14.0,0
1037,Google Ads,High Intent Search,Brussels,1-9,Starter,1,Open,2026-06,,580.77,0.0,580.77,0.0,,0
1038,Google Ads,Competitor Search,Namur,1-9,Starter,1,Open,2026-06,,562.57,0.0,562.57,0.0,,0
1039,Google Ads,Restaurant Operations,Hainaut,1-9,Starter,1,Open,2026-06,,605.4,0.0,605.4,0.0,,0
1040,Organic Search,SEO Product Pages,Antwerp,1-9,Starter,1,Open,2026-06,,553.32,0.0,553.32,0.0,,0
1041,Email,Newsletter,Brussels,10-49,Pro,1,Won,2026-06,2026-06,1501.22,1402.07,0.0,0.0,10.0,0
1042,Google Ads,High Intent Search,East Flanders,1-9,Starter,1,Open,2026-06,,582.96,0.0,582.96,0.0,,0
1043,Google Ads,Competitor Search,East Flanders,1-9,Starter,1,Lost,2026-06,2026-06,603.08,0.0,0.0,603.08,10.0,0
1044,Meta Ads,Awareness Video,Flemish Brabant,10-49,Pro,1,Lost,2026-06,2026-06,1528.65,0.0,0.0,1528.65,19.0,0
1045,Organic Search,SEO Guides,Hainaut,50+,Group,2,Open,2026-06,,6374.16,0.0,6374.16,0.0,,0
1046,Direct,Brand Direct,Walloon Brabant,1-9,Pro,1,Won,2026-06,2026-06,1493.93,1501.05,0.0,0.0,21.0,0
1047,Direct,Returning Visitors,East Flanders,1-9,Pro,1,Won,2026-06,2026-06,1299.95,1220.41,0.0,0.0,15.0,0
1048,Direct,Returning Visitors,Brussels,1-9,Starter,1,Open,2026-06,,529.86,0.0,529.86,0.0,,0
1049,Email,Newsletter,Namur,1-9,Starter,1,Lost,2026-06,2026-06,531.82,0.0,0.0,531.82,13.0,0
1050,Email,Lead Nurture,Namur,10-49,Pro,1,Won,2026-06,2026-06,1453.31,1240.47,0.0,0.0,11.0,0
1051,Referral,Partner Network,Brussels,50+,Group,4,Open,2026-06,,13939.39,0.0,13939.39,0.0,,0
1052,Referral,Partner Network,Flemish Brabant,1-9,Starter,1,Open,2026-06,,609.33,0.0,609.33,0.0,,0
1053,Google Ads,High Intent Search,Namur,10-49,Group,4,Open,2026-06,,13443.41,0.0,13443.41,0.0,,0
1054,Meta Ads,Awareness Video,East Flanders,1-9,Starter,1,Lost,2026-06,2026-06,569.96,0.0,0.0,569.96,16.0,0
1055,Organic Search,SEO Product Pages,Liège,50+,Group,4,Open,2026-06,,13512.86,0.0,13512.86,0.0,,0
1056,Direct,Brand Direct,Brussels,1-9,Pro,1,Open,2026-06,,1294.89,0.0,1294.89,0.0,,0
1057,Email,Lead Nurture,Liège,1-9,Starter,1,Lost,2026-06,2026-06,614.65,0.0,0.0,614.65,10.0,0
1058,Email,Reactivation,East Flanders,10-49,Starter,1,Lost,2026-06,2026-06,646.2,0.0,0.0,646.2,20.0,0
1059,Referral,Partner Network,Flemish Brabant,1-9,Starter,1,Lost,2026-06,2026-06,574.14,0.0,0.0,574.14,10.0,0
1060,Referral,Partner Network,Namur,1-9,Pro,1,Open,2026-06,,1381.52,0.0,1381.52,0.0,,0
1061,Direct,Brand Direct,Flemish Brabant,1-9,Pro,1,Lost,2026-06,2026-06,1334.17,0.0,0.0,1334.17,13.0,0
1062,Direct,Demo Page Direct,Brussels,10-49,Pro,1,Open,2026-06,,1356.55,0.0,1356.55,0.0,,0
1063,Email,Newsletter,Liège,10-49,Group,3,Open,2026-06,,10898.92,0.0,10898.92,0.0,,0
1064,Email,Lead Nurture,Brussels,1-9,Starter,1,Open,2026-06,,557.21,0.0,557.21,0.0,,0
1065,Email,Lead Nurture,Brussels,10-49,Pro,1,Lost,2026-06,2026-06,1373.55,0.0,0.0,1373.55,19.0,0
1066,Referral,Customer Referral,Antwerp,10-49,Pro,1,Lost,2026-06,2026-06,1478.58,0.0,0.0,1478.58,15.0,0
1067,Google Ads,High Intent Search,Brussels,1-9,Pro,1,Lost,2026-06,2026-06,1381.78,0.0,0.0,1381.78,8.0,0
1068,Organic Search,SEO Guides,Walloon Brabant,1-9,Starter,1,Open,2026-06,,537.57,0.0,537.57,0.0,,0
1069,Organic Search,SEO Comparison,Brussels,1-9,Starter,1,Lost,2026-06,2026-06,543.93,0.0,0.0,543.93,17.0,0
1070,Direct,Brand Direct,Hainaut,1-9,Starter,1,Open,2026-06,,591.26,0.0,591.26,0.0,,0
1071,Direct,Returning Visitors,Antwerp,10-49,Pro,1,Won,2026-06,2026-06,1378.53,1264.42,0.0,0.0,22.0,0
1072,Direct,Returning Visitors,Liège,10-49,Starter,1,Lost,2026-06,2026-06,535.57,0.0,0.0,535.57,16.0,0
1073,Email,Lead Nurture,Brussels,10-49,Group,5,Open,2026-06,,18307.93,0.0,18307.93,0.0,,0
1074,Referral,Partner Network,Flemish Brabant,10-49,Pro,1,Open,2026-06,,1466.36,0.0,1466.36,0.0,,0
1075,Referral,Partner Network,Walloon Brabant,10-49,Pro,1,Won,2026-06,2026-06,1481.72,1361.06,0.0,0.0,19.0,0
1076,Referral,Customer Referral,Antwerp,1-9,Starter,1,Open,2026-06,,610.05,0.0,610.05,0.0,,0
1077,Organic Search,SEO Guides,East Flanders,10-49,Group,2,Open,2026-06,,7096.33,0.0,7096.33,0.0,,0
1078,Direct,Brand Direct,Walloon Brabant,1-9,Starter,1,Lost,2026-06,2026-06,577.89,0.0,0.0,577.89,13.0,0
1079,Direct,Returning Visitors,Brussels,1-9,Starter,1,Won,2026-06,2026-06,586.94,535.96,0.0,0.0,10.0,0
1080,Organic Search,SEO Product Pages,Brussels,50+,Pro,1,Open,2026-06,,1446.76,0.0,1446.76,0.0,,0
1081,Email,Newsletter,Namur,1-9,Pro,1,Lost,2026-06,2026-06,1508.56,0.0,0.0,1508.56,13.0,0
1082,Email,Newsletter,Walloon Brabant,1-9,Starter,1,Open,2026-06,,642.95,0.0,642.95,0.0,,0
1083,Referral,Customer Referral,Liège,10-49,Pro,1,Open,2026-06,,1452.91,0.0,1452.91,0.0,,0
1084,Referral,Industry Events,Brussels,10-49,Pro,1,Lost,2026-06,2026-06,1432.94,0.0,0.0,1432.94,16.0,0
1085,LinkedIn Ads,Operations Leaders,Flemish Brabant,1-9,Starter,1,Open,2026-06,,596.83,0.0,596.83,0.0,,0
1086,Meta Ads,Awareness Video,Brussels,1-9,Pro,1,Open,2026-06,,1313.85,0.0,1313.85,0.0,,0
1087,Organic Search,SEO Product Pages,Hainaut,50+,Pro,1,Open,2026-06,,1337.49,0.0,1337.49,0.0,,0
1088,Direct,Brand Direct,East Flanders,1-9,Pro,1,Open,2026-06,,1360.62,0.0,1360.62,0.0,,0
1089,Direct,Brand Direct,Flemish Brabant,1-9,Pro,1,Open,2026-06,,1486.79,0.0,1486.79,0.0,,0
1090,Referral,Partner Network,Brussels,10-49,Pro,1,Open,2026-06,,1422.74,0.0,1422.74,0.0,,0
1091,Referral,Partner Network,Liège,1-9,Pro,1,Won,2026-06,2026-06,1410.59,1205.46,0.0,0.0,6.0,0
1092,Organic Search,SEO Product Pages,Hainaut,10-49,Pro,1,Open,2026-06,,1353.17,0.0,1353.17,0.0,,0
1093,Organic Search,SEO Guides,Flemish Brabant,50+,Group,2,Open,2026-06,,6935.32,0.0,6935.32,0.0,,0
1094,Organic Search,SEO Guides,Liège,10-49,Starter,1,Won,2026-06,2026-06,628.92,635.53,0.0,0.0,12.0,0
1095,Organic Search,SEO Comparison,Brussels,1-9,Pro,1,Open,2026-06,,1483.59,0.0,1483.59,0.0,,0
1096,Organic Search,SEO Comparison,East Flanders,10-49,Group,4,Lost,2026-06,2026-06,14264.01,0.0,0.0,14264.01,13.0,0
1097,Direct,Brand Direct,Brussels,50+,Group,4,Open,2026-06,,15015.36,0.0,15015.36,0.0,,0
1098,Referral,Partner Network,Brussels,1-9,Pro,1,Won,2026-06,2026-06,1457.58,1447.05,0.0,0.0,5.0,0
1099,Referral,Partner Network,Brussels,1-9,Starter,1,Open,2026-06,,589.01,0.0,589.01,0.0,,0
1100,Google Ads,High Intent Search,Brussels,1-9,Pro,1,Won,2026-06,2026-06,1567.96,1575.99,0.0,0.0,14.0,0
1101,Google Ads,Restaurant Operations,Liège,10-49,Pro,1,Open,2026-06,,1296.52,0.0,1296.52,0.0,,0
1102,LinkedIn Ads,Operations Leaders,Liège,50+,Group,5,Open,2026-06,,16928.43,0.0,16928.43,0.0,,0
1103,Meta Ads,Awareness Video,Antwerp,10-49,Pro,1,Lost,2026-06,2026-06,1295.34,0.0,0.0,1295.34,13.0,0
1104,Organic Search,SEO Product Pages,Brussels,1-9,Pro,1,Won,2026-06,2026-06,1322.43,1180.51,0.0,0.0,16.0,0
1105,Organic Search,SEO Comparison,East Flanders,1-9,Pro,1,Won,2026-06,2026-06,1538.53,1530.96,0.0,0.0,14.0,0
1106,Direct,Brand Direct,Brussels,1-9,Starter,1,Lost,2026-06,2026-06,639.18,0.0,0.0,639.18,3.0,0
1107,Direct,Brand Direct,Liège,50+,Group,2,Open,2026-06,,7023.33,0.0,7023.33,0.0,,0
1108,Email,Lead Nurture,Hainaut,10-49,Pro,1,Open,2026-06,,1508.74,0.0,1508.74,0.0,,0
1109,Email,Lead Nurture,Namur,1-9,Starter,1,Open,2026-06,,536.3,0.0,536.3,0.0,,0
1110,Meta Ads,Retargeting,East Flanders,10-49,Pro,1,Open,2026-06,,1348.42,0.0,1348.42,0.0,,0
1111,Direct,Returning Visitors,Brussels,50+,Pro,1,Open,2026-06,,1396.69,0.0,1396.69,0.0,,0
1112,Email,Lead Nurture,Brussels,10-49,Pro,1,Open,2026-06,,1367.49,0.0,1367.49,0.0,,0
1113,Email,Lead Nurture,Brussels,10-49,Pro,1,Open,2026-06,,1438.75,0.0,1438.75,0.0,,0
1114,Referral,Partner Network,Brussels,10-49,Pro,1,Open,2026-06,,1364.08,0.0,1364.08,0.0,,0
1115,Google Ads,High Intent Search,Brussels,10-49,Pro,1,Open,2026-06,,1540.51,0.0,1540.51,0.0,,0
1116,Google Ads,Competitor Search,Liège,10-49,Starter,1,Open,2026-06,,542.58,0.0,542.58,0.0,,0
1117,LinkedIn Ads,Decision Makers,Liège,1-9,Starter,1,Open,2026-06,,574.78,0.0,574.78,0.0,,0
1118,LinkedIn Ads,SMB Growth,Antwerp,50+,Group,4,Open,2026-06,,14474.1,0.0,14474.1,0.0,,0
1119,Direct,Brand Direct,Antwerp,10-49,Starter,1,Open,2026-06,,562.99,0.0,562.99,0.0,,0
1120,Email,Newsletter,East Flanders,10-49,Pro,1,Open,2026-06,,1459.79,0.0,1459.79,0.0,,0
1121,Email,Newsletter,Hainaut,1-9,Pro,1,Won,2026-06,2026-06,1404.43,1425.99,0.0,0.0,5.0,0
1122,Email,Lead Nurture,Walloon Brabant,1-9,Starter,1,Open,2026-06,,564.7,0.0,564.7,0.0,,0
1123,Email,Reactivation,Hainaut,10-49,Pro,1,Open,2026-06,,1422.98,0.0,1422.98,0.0,,0
1124,Referral,Partner Network,Brussels,10-49,Pro,1,Lost,2026-06,2026-06,1371.86,0.0,0.0,1371.86,8.0,0
1125,Referral,Partner Network,Antwerp,1-9,Starter,1,Lost,2026-06,2026-06,576.55,0.0,0.0,576.55,10.0,0
1126,Google Ads,High Intent Search,Walloon Brabant,10-49,Pro,1,Open,2026-06,,1288.7,0.0,1288.7,0.0,,0
1127,Email,Newsletter,Hainaut,1-9,Starter,1,Won,2026-06,2026-06,600.19,609.3,0.0,0.0,8.0,0
1128,Referral,Partner Network,East Flanders,10-49,Starter,1,Open,2026-06,,573.87,0.0,573.87,0.0,,0
1129,Referral,Industry Events,Hainaut,1-9,Starter,1,Open,2026-06,,641.52,0.0,641.52,0.0,,0
1130,Direct,Demo Page Direct,Flemish Brabant,10-49,Pro,1,Open,2026-06,,1542.83,0.0,1542.83,0.0,,0
1131,Email,Newsletter,Namur,50+,Group,4,Open,2026-06,,14114.96,0.0,14114.96,0.0,,0
1132,Email,Lead Nurture,Hainaut,1-9,Pro,1,Open,2026-06,,1558.0,0.0,1558.0,0.0,,0
1133,Referral,Partner Network,Liège,10-49,Pro,1,Open,2026-06,,1350.14,0.0,1350.14,0.0,,0
1134,Referral,Customer Referral,Brussels,10-49,Pro,1,Open,2026-06,,1326.51,0.0,1326.51,0.0,,0
1135,LinkedIn Ads,Decision Makers,Brussels,50+,Pro,1,Open,2026-06,,1499.09,0.0,1499.09,0.0,,0
1136,Meta Ads,Lead Magnet,Walloon Brabant,10-49,Pro,1,Lost,2026-06,2026-06,1454.07,0.0,0.0,1454.07,10.0,0
1137,Organic Search,SEO Comparison,Liège,1-9,Pro,1,Open,2026-06,,1447.58,0.0,1447.58,0.0,,0
1138,Direct,Returning Visitors,Antwerp,1-9,Starter,1,Open,2026-06,,581.29,0.0,581.29,0.0,,0
1139,Email,Lead Nurture,Hainaut,50+,Group,5,Open,2026-06,,16398.49,0.0,16398.49,0.0,,0
1140,Email,Lead Nurture,Brussels,10-49,Pro,1,Open,2026-06,,1500.06,0.0,1500.06,0.0,,0
1141,Email,Lead Nurture,Walloon Brabant,1-9,Pro,1,Open,2026-06,,1480.63,0.0,1480.63,0.0,,0
1142,Referral,Partner Network,Namur,1-9,Starter,1,Won,2026-06,2026-06,627.01,547.08,0.0,0.0,7.0,0
1143,Referral,Partner Network,Flemish Brabant,1-9,Starter,1,Open,2026-06,,575.05,0.0,575.05,0.0,,0
1144,Organic Search,SEO Comparison,Antwerp,10-49,Starter,1,Open,2026-06,,619.35,0.0,619.35,0.0,,0
1145,Direct,Returning Visitors,East Flanders,50+,Group,2,Open,2026-06,,7187.39,0.0,7187.39,0.0,,0
1146,Direct,Demo Page Direct,Brussels,1-9,Starter,1,Open,2026-06,,550.68,0.0,550.68,0.0,,0
1147,Referral,Partner Network,Antwerp,1-9,Starter,1,Lost,2026-06,2026-06,611.46,0.0,0.0,611.46,4.0,0
1148,Organic Search,SEO Guides,Liège,1-9,Starter,1,Won,2026-06,2026-06,609.88,542.31,0.0,0.0,4.0,0
1149,Referral,Partner Network,Namur,10-49,Group,2,Open,2026-06,,6412.9,0.0,6412.9,0.0,,0
1150,Organic Search,SEO Product Pages,Brussels,10-49,Pro,1,Open,2026-06,,1525.8,0.0,1525.8,0.0,,0
1151,Direct,Brand Direct,Brussels,1-9,Starter,1,Open,2026-06,,636.35,0.0,636.35,0.0,,0
1152,Direct,Brand Direct,East Flanders,1-9,Starter,1,Open,2026-06,,575.05,0.0,575.05,0.0,,0
1153,Direct,Returning Visitors,Hainaut,10-49,Group,4,Open,2026-06,,12950.73,0.0,12950.73,0.0,,0
1154,Email,Lead Nurture,Brussels,10-49,Group,2,Open,2026-06,,6401.46,0.0,6401.46,0.0,,0
1155,Email,Lead Nurture,East Flanders,1-9,Starter,1,Open,2026-06,,600.09,0.0,600.09,0.0,,0
1156,Referral,Industry Events,East Flanders,10-49,Starter,1,Open,2026-06,,596.25,0.0,596.25,0.0,,0
1157,Email,Newsletter,Brussels,10-49,Pro,1,Open,2026-06,,1427.81,0.0,1427.81,0.0,,0
1158,Referral,Customer Referral,Flemish Brabant,1-9,Starter,1,Open,2026-06,,533.13,0.0,533.13,0.0,,0
1159,LinkedIn Ads,Operations Leaders,Brussels,10-49,Starter,1,Open,2026-06,,533.74,0.0,533.74,0.0,,0
1160,LinkedIn Ads,SMB Growth,East Flanders,10-49,Starter,1,Open,2026-06,,628.47,0.0,628.47,0.0,,0
1161,Direct,Brand Direct,Liège,1-9,Starter,1,Open,2026-06,,592.84,0.0,592.84,0.0,,0
1162,Email,Newsletter,Brussels,1-9,Starter,1,Open,2026-06,,611.53,0.0,611.53,0.0,,0
1163,Referral,Partner Network,Brussels,1-9,Starter,1,Open,2026-06,,595.7,0.0,595.7,0.0,,0
1164,Referral,Partner Network,Hainaut,10-49,Pro,1,Open,2026-06,,1504.88,0.0,1504.88,0.0,,0
1165,Referral,Customer Referral,East Flanders,1-9,Pro,1,Open,2026-06,,1540.53,0.0,1540.53,0.0,,0
1166,Referral,Customer Referral,Liège,10-49,Pro,1,Open,2026-06,,1430.13,0.0,1430.13,0.0,,0
1167,Referral,Industry Events,Hainaut,1-9,Starter,1,Open,2026-06,,603.51,0.0,603.51,0.0,,0
1168,Google Ads,High Intent Search,Walloon Brabant,1-9,Starter,1,Open,2026-06,,534.18,0.0,534.18,0.0,,0
1169,Organic Search,SEO Product Pages,East Flanders,1-9,Pro,1,Open,2026-06,,1476.61,0.0,1476.61,0.0,,0
1170,Organic Search,SEO Guides,East Flanders,1-9,Starter,1,Open,2026-06,,563.93,0.0,563.93,0.0,,0
1171,Direct,Brand Direct,Brussels,10-49,Pro,1,Open,2026-07,,1418.12,0.0,1418.12,0.0,,0
1172,Direct,Returning Visitors,East Flanders,1-9,Starter,1,Open,2026-06,,544.43,0.0,544.43,0.0,,0
1173,Referral,Partner Network,Namur,10-49,Group,5,Open,2026-06,,18653.55,0.0,18653.55,0.0,,0
1174,Referral,Customer Referral,East Flanders,1-9,Pro,1,Open,2026-06,,1548.45,0.0,1548.45,0.0,,0
1175,Referral,Customer Referral,Walloon Brabant,10-49,Pro,1,Open,2026-07,,1544.24,0.0,1544.24,0.0,,0
1176,Direct,Brand Direct,Hainaut,50+,Group,4,Open,2026-06,,14613.45,0.0,14613.45,0.0,,0
1177,Email,Lead Nurture,Brussels,1-9,Starter,1,Open,2026-07,,627.76,0.0,627.76,0.0,,0
1178,Referral,Customer Referral,Liège,1-9,Pro,1,Open,2026-07,,1448.32,0.0,1448.32,0.0,,0
1179,LinkedIn Ads,Decision Makers,Hainaut,1-9,Pro,1,Open,2026-06,,1552.71,0.0,1552.71,0.0,,0
1180,Meta Ads,Lead Magnet,Walloon Brabant,1-9,Starter,1,Open,2026-06,,606.51,0.0,606.51,0.0,,0
1181,Meta Ads,Lead Magnet,Brussels,1-9,Pro,1,Open,2026-06,,1548.05,0.0,1548.05,0.0,,0
1182,Direct,Brand Direct,Brussels,1-9,Starter,1,Open,2026-06,,603.38,0.0,603.38,0.0,,0
1183,Direct,Returning Visitors,Antwerp,1-9,Starter,1,Open,2026-06,,574.84,0.0,574.84,0.0,,0
1184,Referral,Partner Network,Antwerp,1-9,Starter,1,Open,2026-06,,642.51,0.0,642.51,0.0,,0
1185,Referral,Partner Network,East Flanders,10-49,Pro,1,Open,2026-07,,1535.55,0.0,1535.55,0.0,,0
1186,Google Ads,High Intent Search,Antwerp,10-49,Pro,1,Open,2026-07,,1371.65,0.0,1371.65,0.0,,0
1187,Direct,Brand Direct,Flemish Brabant,10-49,Pro,1,Open,2026-07,,1327.67,0.0,1327.67,0.0,,0
1188,Direct,Returning Visitors,Hainaut,1-9,Starter,1,Open,2026-07,,530.16,0.0,530.16,0.0,,0
1189,Referral,Industry Events,Antwerp,10-49,Group,2,Open,2026-07,,7465.28,0.0,7465.28,0.0,,0
1190,LinkedIn Ads,Operations Leaders,Hainaut,50+,Group,4,Open,2026-07,,12594.84,0.0,12594.84,0.0,,0
1191,LinkedIn Ads,Operations Leaders,Brussels,50+,Group,4,Open,2026-07,,14145.65,0.0,14145.65,0.0,,0
1192,Organic Search,SEO Product Pages,Antwerp,10-49,Pro,1,Open,2026-07,,1314.79,0.0,1314.79,0.0,,0
1193,Organic Search,SEO Product Pages,Hainaut,1-9,Starter,1,Open,2026-07,,614.54,0.0,614.54,0.0,,0
1194,Organic Search,SEO Guides,Liège,50+,Group,5,Open,2026-06,,17620.7,0.0,17620.7,0.0,,0
1195,Organic Search,SEO Guides,Brussels,1-9,Pro,1,Open,2026-07,,1331.34,0.0,1331.34,0.0,,0
1196,Organic Search,SEO Comparison,Flemish Brabant,10-49,Pro,1,Open,2026-07,,1387.06,0.0,1387.06,0.0,,0
1197,Email,Lead Nurture,Brussels,1-9,Starter,1,Open,2026-07,,560.95,0.0,560.95,0.0,,0
1198,Referral,Partner Network,Hainaut,10-49,Pro,1,Open,2026-07,,1428.88,0.0,1428.88,0.0,,0
1199,Referral,Industry Events,Walloon Brabant,1-9,Starter,1,Open,2026-07,,613.15,0.0,613.15,0.0,,0
1200,Google Ads,High Intent Search,Brussels,1-9,Starter,1,Open,2026-07,,561.71,0.0,561.71,0.0,,0
1201,Google Ads,Restaurant Operations,Hainaut,1-9,Starter,1,Open,2026-07,,537.58,0.0,537.58,0.0,,0
1202,Organic Search,SEO Product Pages,Antwerp,1-9,Starter,1,Open,2026-07,,596.2,0.0,596.2,0.0,,0
1203,Direct,Returning Visitors,Walloon Brabant,1-9,Pro,1,Open,2026-07,,1379.83,0.0,1379.83,0.0,,0
1204,Direct,Demo Page Direct,Brussels,10-49,Starter,1,Open,2026-07,,586.68,0.0,586.68,0.0,,0
1205,Meta Ads,Retargeting,Antwerp,1-9,Starter,1,Open,2026-07,,588.63,0.0,588.63,0.0,,0
1206,Organic Search,SEO Product Pages,Brussels,10-49,Pro,1,Open,2026-07,,1418.85,0.0,1418.85,0.0,,0
1207,Email,Newsletter,Namur,1-9,Starter,1,Open,2026-07,,594.23,0.0,594.23,0.0,,0
1208,Referral,Industry Events,Liège,10-49,Pro,1,Open,2026-07,,1562.04,0.0,1562.04,0.0,,0
1209,Meta Ads,Retargeting,Hainaut,10-49,Starter,1,Open,2026-07,,627.85,0.0,627.85,0.0,,0
1210,Organic Search,SEO Product Pages,Antwerp,1-9,Starter,1,Open,2026-07,,622.87,0.0,622.87,0.0,,0
1211,Organic Search,SEO Guides,Walloon Brabant,10-49,Starter,1,Open,2026-07,,578.95,0.0,578.95,0.0,,0
1212,Direct,Returning Visitors,Brussels,10-49,Pro,1,Open,2026-07,,1487.94,0.0,1487.94,0.0,,0
1213,Email,Newsletter,Hainaut,50+,Group,3,Open,2026-07,,11368.05,0.0,11368.05,0.0,,0
1214,Email,Lead Nurture,East Flanders,1-9,Pro,1,Open,2026-07,,1292.36,0.0,1292.36,0.0,,0
1215,Referral,Partner Network,Liège,50+,Group,3,Open,2026-07,,11057.23,0.0,11057.23,0.0,,0
1216,Referral,Partner Network,Antwerp,1-9,Pro,1,Open,2026-07,,1527.96,0.0,1527.96,0.0,,0
1217,Referral,Industry Events,Walloon Brabant,10-49,Pro,1,Open,2026-07,,1295.18,0.0,1295.18,0.0,,0
1218,LinkedIn Ads,SMB Growth,East Flanders,10-49,Group,5,Open,2026-07,,15893.63,0.0,15893.63,0.0,,0
1219,Direct,Brand Direct,Hainaut,1-9,Starter,1,Open,2026-07,,576.71,0.0,576.71,0.0,,0
1220,Email,Newsletter,Hainaut,1-9,Starter,1,Open,2026-07,,629.66,0.0,629.66,0.0,,0
1221,Referral,Customer Referral,Hainaut,50+,Pro,1,Open,2026-07,,1494.6,0.0,1494.6,0.0,,0
1222,Referral,Customer Referral,Liège,1-9,Starter,1,Open,2026-07,,546.3,0.0,546.3,0.0,,0
