date,channel,campaign,impressions,clicks,sessions,spend
2026-06-16,Organic Search,SEO Comparison,1969,63,63,0.0
2025-12-12,Referral,Partner Network,21,21,21,15.43
2026-03-11,LinkedIn Ads,SMB Growth,899,6,6,35.59
2026-03-05,Meta Ads,Lead Magnet,5053,59,53,44.04
2026-04-06,LinkedIn Ads,Decision Makers,1408,11,10,76.17
2026-05-26,Direct,Returning Visitors,62,62,62,0.0
2026-04-26,Direct,Returning Visitors,35,35,35,0.0
2026-02-18,Email,Newsletter,1079,41,41,6.5
2026-04-07,Referral,Partner Network,21,21,21,15.83
2026-02-21,Email,Lead Nurture,526,20,20,6.5
2026-04-28,Email,Lead Nurture,789,30,30,6.5
2025-12-05,LinkedIn Ads,Decision Makers,1007,7,6,60.06
2026-04-14,linkedin ads,SMB Growth,727,5,5,33.76
2026-05-21,Referral,Partner Network,23,23,23,16.22
2026-04-29,Meta Ads,Retargeting,2485,28,26,25.71
2026-03-09,Email,Reactivation,395,15,15,6.5
2026-05-18,Google Ads,Restaurant Operations,495,21,19,45.03
2026-04-03,Google Ads,High Intent Search,970,43,38,94.66
2026-03-28,Google Ads,Competitor Search,235,12,11,40.72
2026-04-12,Email,Reactivation,421,16,16,6.5
2026-05-05,Direct,Brand Direct,109,109,109,0.0
2026-04-07,Organic Search,SEO Product Pages,4875,156,156,0.0
2026-05-02,Referral,Customer Referral,6,6,6,0.0
2026-06-25,Google Ads,Restaurant Operations,487,23,21,49.9
2026-01-20,Google Ads,High Intent Search,1066,48,42,97.11
2026-06-06,Email,Reactivation,395,15,15,6.5
2026-02-05,Referral,Customer Referral,9,9,9,0.0
2025-11-04,Referral,Partner Network,17,17,17,16.11
2025-11-30,Referral,Partner Network,18,18,18,12.07
2025-11-19,Organic Search,SEO Product Pages,4000,128,128,0.0
2026-05-03,Referral,Industry Events,8,8,8,0.0
2026-02-06,Email,Newsletter,947,36,36,6.5
2026-01-02,LinkedIn Ads,Decision Makers,561,4,4,33.95
2026-04-25,Referral,Industry Events,7,7,7,0.0
2026-06-27,Direct,Brand Direct,80,80,80,0.0
2026-03-16,LinkedIn Ads,SMB Growth,887,6,5,36.28
2026-03-20,Organic Search,SEO Guides,4094,131,131,0.0
2026-04-02,LinkedIn Ads,SMB Growth,706,5,5,32.07
2026-03-31,Google Ads,Restaurant Operations,487,24,21,51.07
2026-01-29,Organic Search,SEO Guides,3719,119,119,0.0
2026-02-14,Meta Ads,Lead Magnet,3580,43,37,28.88
2026-04-23,Organic Search,SEO Comparison,1938,62,62,0.0
2026-05-30,Referral,Industry Events,14,14,14,0.0
2026-01-24,Email,Newsletter,605,23,23,6.5
2026-03-09,Google Ads,High Intent Search,899,42,39,113.6
2026-06-21,Email,Newsletter,658,25,25,6.5
2025-12-19,Referral,Partner Network,16,16,16,12.99
2025-12-18,Meta Ads,Lead Magnet,3222,38,35,29.28
2026-03-26,Direct,Brand Direct,119,119,119,0.0
2026-06-12,Google Ads,High Intent Search,983,47,43,100.06
2026-02-04,LinkedIn Ads,Decision Makers,1104,7,7,50.0
2026-05-21,META ADS,Lead Magnet,4377,50,47,36.31
2026-04-09,Google Ads,Restaurant Operations,490,24,22,49.82
2026-06-14,Google Ads,High Intent Search,765,33,29,81.73
2026-04-18,Referral,Partner Network,18,18,18,11.63
2026-01-19,LinkedIn Ads,Decision Makers,1046,8,7,62.77
2026-03-15,Meta Ads,Awareness Video,5546,68,61,42.04
2025-11-19,Direct,Returning Visitors,44,44,44,0.0
2025-11-18,Organic Search,SEO Guides,3062,98,98,0.0
2026-03-26,Email,Lead Nurture,605,23,23,6.5
2026-02-14,LinkedIn Ads,Operations Leaders,583,4,4,27.65
2026-06-30,Email,Lead Nurture,842,32,32,6.5
2026-02-11,Direct,Returning Visitors,56,56,56,0.0
2026-02-14,Direct,Demo Page Direct,22,22,22,0.0
2026-01-01,Google Ads,Competitor Search,177,8,7,25.45
2026-05-17,LinkedIn Ads,SMB Growth,685,5,5,29.7
2025-12-23,Meta Ads,Awareness Video,5202,62,58,39.29
2025-12-04,Organic Search,SEO Guides,4031,129,129,0.0
2025-11-13,Meta Ads,Lead Magnet,4165,51,47,37.48
2026-03-27,Organic Search,SEO Product Pages,4000,128,128,0.0
2026-02-06,Referral,Partner Network,24,24,24,16.05
2026-02-19,LinkedIn Ads,Operations Leaders,1108,8,7,48.74
2026-05-04,Email,Reactivation,658,25,25,6.5
2026-02-19,Email,Reactivation,421,16,16,6.5
2026-01-12,Meta Ads,Awareness Video,7664,92,86,54.1
2026-06-17,Organic Search,SEO Product Pages,4438,142,142,0.0
2025-11-03,Meta Ads,Awareness Video,9722,114,99,71.7
2025-11-28,Direct,Returning Visitors,43,43,43,0.0
2026-01-05,LinkedIn Ads,Decision Makers,922,8,7,60.22
2026-02-21,Email,Newsletter,842,32,32,6.5
2026-01-27,Google Ads,Restaurant Operations,374,15,14,34.85
2026-04-13,Referral,Customer Referral,18,18,18,0.0
2025-11-10,Direct,Brand Direct,77,77,77,0.0
2025-12-16,Referral,Customer Referral,12,12,12,0.0
2026-04-07,Organic Search,SEO Comparison,1844,59,59,0.0
2026-01-29,LinkedIn Ads,Decision Makers,838,6,5,47.52
2026-01-10,Email,Lead Nurture,474,18,18,6.5
2026-01-30,Direct,Brand Direct,92,92,92,0.0
2026-01-24,LinkedIn Ads,Decision Makers,646,5,5,37.05
2026-04-11,LinkedIn Ads,Decision Makers,672,5,4,38.7
2026-04-07,Organic Search,SEO Guides,3781,121,121,0.0
2026-01-26,LinkedIn Ads,SMB Growth,935,7,6,41.53
2026-05-30,Referral,Partner Network,20,20,20,14.28
2026-05-30,LinkedIn Ads,Operations Leaders,557,4,4,30.18
2026-06-15,Direct,Brand Direct,123,123,123,0.0
2026-02-12,Direct,Returning Visitors,54,54,54,0.0
2026-02-22,Organic Search,SEO Product Pages,3062,98,98,0.0
2026-03-07,Google Ads,High Intent Search,692,31,29,73.96
2026-03-21,Google Ads,Restaurant Operations,356,15,13,30.84
2026-06-19,Meta Ads,Awareness Video,9016,122,107,69.53
2026-06-02,Google Ads,Competitor Search,495,21,19,57.99
2026-04-21,Direct,Returning Visitors,62,62,62,0.0
2026-02-20,Meta Ads,Retargeting,2253,24,22,22.15
2026-06-11,Meta Ads,Lead Magnet,4356,56,48,40.63
2025-11-27,Organic Search,SEO Product Pages,3844,123,123,0.0
2026-05-18,Email,Reactivation,553,21,21,6.5
2026-01-05,Meta Ads,Awareness Video,9324,104,91,61.7
2026-04-02,Direct,Returning Visitors,34,34,34,0.0
2026-06-18,Referral,Customer Referral,18,18,18,0.0
2026-06-01,LinkedIn Ads,Operations Leaders,757,5,5,37.7
2026-02-28,Google Ads,Competitor Search,303,14,13,40.04
2026-06-15,Email,Lead Nurture,553,21,21,6.5
2026-04-19,LinkedIn Ads,Operations Leaders,754,5,5,33.54
2025-12-26,Organic Search,SEO Guides,2000,64,64,0.0
2026-02-13,Referral,Partner Network,18,18,18,16.53
2026-06-24,Meta Ads,Retargeting,2600,30,27,25.96
2026-01-24,Google Ads,Competitor Search,269,13,12,35.64
2026-01-17,Direct,Demo Page Direct,18,18,18,0.0
2026-05-01,LinkedIn Ads,Operations Leaders,907,6,6,41.77
2026-05-29,Meta Ads,Lead Magnet,5080,62,56,46.5
2026-04-04,Google Ads,High Intent Search,655,30,28,75.11
2026-04-08,Direct,Returning Visitors,53,53,53,0.0
2026-03-24,Linkedin Ads,Decision Makers,1451,9,8,67.81
2026-04-30,Organic Search,SEO Product Pages,4438,142,142,0.0
2026-05-15,Meta Ads,Retargeting,1832,24,22,23.56
2026-01-20,Email,Lead Nurture,553,21,21,6.5
2026-01-24,Organic Search,SEO Guides,3062,98,98,0.0
2026-05-23,Referral,Industry Events,10,10,10,0.0
2026-05-27,Direct,Returning Visitors,57,57,57,0.0
2026-02-26,Meta Ads,Retargeting,1870,21,19,19.66
2025-12-06,Email,Newsletter,474,18,18,6.5
2026-03-09,Google Ads,Restaurant Operations,372,18,16,37.93
2026-05-02,Email,Reactivation,316,12,12,6.5
2025-12-20,Organic Search,SEO Guides,2219,71,71,0.0
2026-05-20,Google Ads,Competitor Search,342,16,14,53.47
2026-05-14,Email,Lead Nurture,579,22,22,6.5
2026-03-22,Google Ads,Restaurant Operations,408,17,15,38.4
2026-02-20,Google Ads,Competitor Search,416,18,16,52.78
2026-04-28,Direct,Brand Direct,110,110,110,0.0
2026-06-25,Google Ads,High Intent Search,1017,48,42,106.36
2026-03-15,Meta Ads,Lead Magnet,2696,30,26,23.5
2026-02-23,LinkedIn Ads,SMB Growth,691,5,5,31.02
2026-05-25,Organic Search,SEO Comparison,1656,53,53,0.0
2026-02-10,Google Ads,High Intent Search,974,40,37,90.29
2026-04-23,Email,Reactivation,342,13,13,6.5
2026-01-20,Referral,Partner Network,9,9,9,14.54
2026-04-02,Meta Ads,Retargeting,1781,21,20,20.07
2026-04-20,Google Ads,Competitor Search,421,19,17,58.66
2026-04-01,LinkedIn Ads,SMB Growth,911,7,6,39.88
2026-06-04,Email,Reactivation,474,18,18,6.5
2026-01-28,Organic Search,SEO Product Pages,3875,124,124,0.0
2026-01-29,Direct,Brand Direct,95,95,95,0.0
2026-06-29,LinkedIn Ads,Decision Makers,1213,9,8,72.27
2026-04-05,Email,Lead Nurture,500,19,19,6.5
2026-06-12,Email,Reactivation,316,12,12,6.5
2026-06-16,Organic Search,SEO Guides,4656,149,149,0.0
2025-12-13,Meta Ads,Lead Magnet,2584,33,29,24.16
2025-11-27,Organic Search,SEO Guides,3625,116,116,0.0
2026-04-10,LinkedIn Ads,SMB Growth,801,6,5,36.36
2026-05-10,Email,Newsletter,684,26,26,6.5
2026-03-12,Referral,Customer Referral,21,21,21,0.0
2026-06-25,Google Ads,Competitor Search,397,17,15,56.04
2026-02-11,Google Ads,High Intent Search,1094,49,45,104.72
2026-02-16,Referral,Partner Network,16,16,16,14.98
2025-12-26,google ads,High Intent Search,532,27,24,59.53
2026-01-22,Referral,Customer Referral,11,11,11,0.0
2026-04-30,Linkedin Ads,SMB Growth,764,6,5,41.62
2026-02-14,Google Ads,High Intent Search,823,35,31,80.12
2025-11-11,Organic Search,SEO Product Pages,3312,106,106,0.0
2026-06-13,Direct,Brand Direct,87,87,87,0.0
2026-05-03,Google Ads,Restaurant Operations,421,17,16,34.51
2026-03-20,Referral,Partner Network,25,25,25,17.13
2026-04-14,LinkedIn Ads,Operations Leaders,745,5,4,35.23
2026-04-12,Google Ads,High Intent Search,757,34,30,77.64
2025-11-01,Direct,Returning Visitors,25,25,25,0.0
2026-03-10,Referral,Customer Referral,21,21,21,0.0
2026-03-22,Meta Ads,Retargeting,1659,20,19,17.44
2026-06-08,Referral,Partner Network,26,26,26,23.05
2026-05-23,Meta Ads,Retargeting,1489,19,17,17.07
2026-04-10,Google Ads,High Intent Search,1234,53,47,115.79
2026-05-11,Organic Search,SEO Guides,4344,139,139,0.0
2025-11-04,Direct,Returning Visitors,53,53,53,0.0
2026-03-15,LinkedIn Ads,Operations Leaders,596,4,3,26.6
2026-04-15,LinkedIn Ads,Decision Makers,1294,9,8,70.54
2026-06-13,Email,Reactivation,421,16,16,6.5
2026-04-22,Referral,Industry Events,10,10,10,0.0
2026-05-07,Meta Ads,Lead Magnet,4042,54,49,41.05
2026-06-21,Google Ads,Competitor Search,313,14,13,44.56
2026-06-30,LinkedIn Ads,Decision Makers,1312,9,8,69.58
2026-01-12,Organic Search,SEO Product Pages,4531,145,145,0.0
2026-01-23,LinkedIn Ads,Operations Leaders,728,5,5,33.73
2025-12-25,Google Ads,Competitor Search,158,7,6,23.57
2025-12-09,Referral,Customer Referral,14,14,14,0.0
2026-06-28,Direct,Returning Visitors,56,56,56,0.0
2026-02-01,LinkedIn Ads,SMB Growth,618,4,4,22.39
2025-11-03,Email,Newsletter,605,23,23,6.5
2026-06-09,Direct,Brand Direct,114,114,114,0.0
2026-02-06,Google Ads,Restaurant Operations,466,21,20,43.56
2025-12-29,LinkedIn Ads,Operations Leaders,532,4,4,24.22
2026-01-15,Email,Lead Nurture,711,27,27,6.5
2026-05-28,Organic Search,SEO Product Pages,4406,141,141,0.0
2025-12-25,Referral,Partner Network,8,8,8,7.79
2026-06-06,Organic Search,SEO Product Pages,3250,104,104,0.0
2026-01-22,Direct,Returning Visitors,50,50,50,0.0
2026-02-08,Direct,Demo Page Direct,21,21,21,0.0
2025-11-30,Google Ads,High Intent Search,724,31,29,82.72
2026-06-09,Organic Search,SEO Comparison,1844,59,59,0.0
2026-02-16,Organic Search,SEO Guides,3469,111,111,0.0
2025-12-23,LinkedIn Ads,Decision Makers,543,4,4,33.55
2026-04-30,Referral,Customer Referral,18,18,18,0.0
2026-06-17,Google Ads,Competitor Search,405,17,15,55.32
2026-04-19,LinkedIn Ads,SMB Growth,642,4,3,23.54
2026-01-23,Organic Search,SEO Product Pages,4344,139,139,0.0
2026-03-09,Meta Ads,Lead Magnet,4095,47,42,33.01
2026-06-17,Organic Search,SEO Guides,4406,141,141,0.0
2026-03-12,Meta Ads,Lead Magnet,4257,50,46,37.19
2026-05-03,Meta Ads,Retargeting,1423,17,16,15.55
2026-05-14,LinkedIn Ads,Decision Makers,1380,9,8,67.69
2026-02-12,Organic Search,SEO Comparison,1312,42,42,0.0
2026-06-03,Meta Ads,Retargeting,1947,22,19,19.37
2026-06-18,LinkedIn Ads,Operations Leaders,972,7,6,45.33
2026-02-25,Meta Ads,Lead Magnet,2675,35,30,30.48
2025-11-02,LinkedIn Ads,Decision Makers,924,6,5,40.73
2026-03-14,Direct,Returning Visitors,39,39,39,0.0
2026-05-29,Meta Ads,Retargeting,2573,30,27,23.46
2026-04-10,Email,Reactivation,474,18,18,6.5
2025-12-14,Email,Newsletter,737,28,28,6.5
2026-06-23,Direct,Returning Visitors,58,58,58,0.0
2025-11-29,Direct,Brand Direct,60,60,60,0.0
2026-03-28,Organic Search,SEO Comparison,1250,40,40,0.0
2026-04-25,Google Ads,Restaurant Operations,371,15,13,34.44
2026-03-20,LinkedIn Ads,Decision Makers,1157,9,8,61.69
2026-02-24,Direct,Brand Direct,114,114,114,0.0
2026-04-12,LinkedIn Ads,SMB Growth,768,5,4,26.33
2026-02-06,Email,Reactivation,395,15,15,6.5
2026-03-20,Direct,Returning Visitors,63,63,63,0.0
2026-04-24,Email,Reactivation,316,12,12,6.5
2026-02-23,Meta Ads,Awareness Video,7855,93,84,57.22
2026-02-21,Google Ads,Restaurant Operations,293,14,13,30.9
2025-12-30,Direct,Returning Visitors,28,28,28,0.0
2026-02-11,Email,Newsletter,711,27,27,6.5
2026-02-11,Direct,Brand Direct,107,107,107,0.0
2026-05-10,Meta Ads,Lead Magnet,3646,40,37,31.61
2026-04-02,Google Ads,Competitor Search,359,15,14,42.23
2025-11-05,Referral,Partner Network,12,12,12,13.88
2025-11-29,Google Ads,Restaurant Operations,369,16,14,31.14
2026-05-18,Direct,Brand Direct,131,131,131,0.0
2026-03-01,Referral,Industry Events,8,8,8,0.0
2026-05-11,Direct,Brand Direct,132,132,132,0.0
2026-06-29,Referral,Industry Events,15,15,15,0.0
2026-02-21,Meta Ads,Lead Magnet,3410,39,37,23.73
2025-11-29,Meta Ads,Awareness Video,5302,65,57,36.4
2026-01-30,Organic Search,SEO Guides,4062,130,130,0.0
2026-05-08,LinkedIn Ads,SMB Growth,1240,8,7,44.79
2026-03-08,linkedin ads,Decision Makers,830,7,7,48.24
2026-04-18,Referral,Industry Events,7,7,7,0.0
2025-12-09,Organic Search,SEO Guides,3281,105,105,0.0
2026-01-15,Meta Ads,Retargeting,1587,20,18,17.39
2026-02-23,Meta Ads,Retargeting,1914,24,21,22.76
2026-05-15,LinkedIn Ads,SMB Growth,895,6,6,35.82
2026-01-02,Meta Ads,Lead Magnet,2267,23,20,16.43
2026-02-26,Google Ads,High Intent Search,931,39,35,93.8
2026-03-10,Email,Reactivation,263,10,10,6.5
2026-02-05,Google Ads,Competitor Search,388,17,15,53.88
2025-12-09,Organic Search,SEO Product Pages,3750,120,120,0.0
2026-03-16,Email,Newsletter,1079,41,41,6.5
2026-05-29,Email,Newsletter,1000,38,38,6.5
2026-05-14,Direct,Brand Direct,114,114,114,0.0
2025-11-19,Organic Search,SEO Guides,3594,115,115,0.0
2026-03-27,Direct,Demo Page Direct,27,27,27,0.0
2026-01-05,Referral,Partner Network,20,20,20,16.87
2026-01-20,Organic Search,SEO Product Pages,4125,132,132,0.0
2026-01-23,Meta Ads,Awareness Video,8277,94,83,60.89
2026-05-04,Google Ads,Competitor Search,435,17,16,53.31
2026-05-31,Direct,Demo Page Direct,22,22,22,0.0
2026-02-27,META ADS,Awareness Video,10466,137,122,70.2
2026-02-01,Email,Reactivation,211,8,8,6.5
2026-06-29,Referral,Partner Network,22,22,22,19.43
2026-06-11,LinkedIn Ads,Operations Leaders,1250,8,7,49.73
2026-03-01,Direct,Demo Page Direct,18,18,18,0.0
2026-01-29,Referral,Partner Network,14,14,14,16.29
2026-02-22,Meta Ads,Awareness Video,5851,70,61,44.44
2026-02-26,Google Ads,Competitor Search,345,16,15,51.29
2026-06-27,Referral,Customer Referral,16,16,16,0.0
2026-06-19,Organic Search,SEO Guides,4219,135,135,0.0
2026-01-11,Direct,Demo Page Direct,20,20,20,0.0
2026-06-07,Email,Lead Nurture,500,19,19,6.5
2026-04-05,Direct,Brand Direct,80,80,80,0.0
2025-12-02,Direct,Brand Direct,101,101,101,0.0
2026-04-30,Direct,Demo Page Direct,35,35,35,0.0
2026-05-18,LinkedIn Ads,Decision Makers,1155,8,7,55.61
2026-04-23,Direct,Returning Visitors,44,44,44,0.0
2026-06-18,Referral,Partner Network,18,18,18,16.48
2025-12-13,Email,Lead Nurture,421,16,16,6.5
2026-01-24,Direct,Returning Visitors,42,42,42,0.0
2026-02-17,Organic Search,SEO Product Pages,4188,134,134,0.0
2026-02-25,Email,Lead Nurture,474,18,18,6.5
2026-05-14,Referral,Industry Events,7,7,7,0.0
2025-12-27,Direct,Demo Page Direct,15,15,15,0.0
2026-06-24,Email,Lead Nurture,947,36,36,6.5
2026-05-03,Email,Newsletter,974,37,37,6.5
2026-05-06,Google Ads,Competitor Search,381,18,16,55.36
2026-03-17,Google Ads,Restaurant Operations,355,19,17,42.72
2026-01-01,Direct,Returning Visitors,32,32,32,0.0
2026-06-06,Organic Search,SEO Guides,3469,111,111,0.0
2026-03-15,Direct,Brand Direct,60,60,60,0.0
2025-12-22,Organic Search,SEO Guides,2094,67,67,0.0
2026-01-25,Meta Ads,Awareness Video,4980,69,60,44.27
2026-05-28,Direct,Demo Page Direct,39,39,39,0.0
2026-01-10,Direct,Brand Direct,73,73,73,0.0
2026-01-18,Google Ads,Competitor Search,206,10,9,31.65
2026-04-02,Google Ads,Restaurant Operations,401,19,17,44.09
2026-01-24,Email,Lead Nurture,605,23,23,6.5
2025-12-31,Referral,Partner Network,14,14,14,7.76
2025-11-24,Email,Newsletter,842,32,32,6.5
2026-01-01,LinkedIn Ads,Decision Makers,515,4,4,29.76
2026-01-24,LinkedIn Ads,SMB Growth,664,4,3,25.97
2026-04-29,Email,Reactivation,395,15,15,6.5
2026-04-13,Organic Search,SEO Guides,4312,138,138,0.0
2026-02-16,Google Ads,High Intent Search,1024,44,40,107.88
2025-12-18,Referral,Partner Network,19,19,19,16.23
2025-12-23,Direct,Brand Direct,53,53,53,0.0
2026-05-01,Email,Newsletter,895,34,34,6.5
2026-02-05,LinkedIn Ads,Operations Leaders,772,6,5,40.67
2025-11-17,Meta Ads,Lead Magnet,2792,37,35,27.24
2026-04-09,Email,Reactivation,658,25,25,6.5
2026-04-03,Email,Reactivation,579,22,22,6.5
2025-12-09,Direct,Demo Page Direct,35,35,35,0.0
2025-12-05,LinkedIn Ads,Operations Leaders,776,5,4,32.24
2026-05-13,Organic Search,SEO Comparison,1750,56,56,0.0
2026-03-05,Organic Search,SEO Comparison,1781,57,57,0.0
2026-02-05,Email,Reactivation,447,17,17,6.5
2026-04-20,Meta Ads,Lead Magnet,4154,44,39,34.66
2025-12-22,Referral,Partner Network,9,9,9,8.76
2026-01-09,Organic Search,SEO Guides,2938,94,94,0.0
2026-05-18,Direct,Returning Visitors,45,45,45,0.0
2026-02-20,Direct,Returning Visitors,56,56,56,0.0
2026-02-21,LinkedIn Ads,Decision Makers,767,6,5,46.45
2026-02-25,LinkedIn Ads,Decision Makers,925,7,6,54.57
2026-04-27,Google Ads,Competitor Search,447,20,18,61.32
2026-03-22,Email,Lead Nurture,579,22,22,6.5
2026-01-17,Referral,Customer Referral,7,7,7,0.0
2026-06-25,Organic Search,SEO Product Pages,4656,149,149,0.0
2026-01-12,Google Ads,Competitor Search,348,16,15,49.27
2026-04-10,Organic Search,SEO Product Pages,4281,137,137,0.0
2026-06-13,Organic Search,SEO Guides,3094,99,99,0.0
2026-03-18,LinkedIn Ads,Decision Makers,1163,8,7,61.65
2026-03-22,Direct,Brand Direct,72,72,72,0.0
2025-11-16,Organic Search,SEO Product Pages,2094,67,67,0.0
2026-05-28,Direct,Returning Visitors,67,67,67,0.0
2026-05-14,Email,Reactivation,526,20,20,6.5
2026-03-13,Direct,Brand Direct,98,98,98,0.0
2026-03-02,Organic Search,SEO Product Pages,4531,145,145,0.0
2026-05-19,Email,Newsletter,974,37,37,6.5
2026-06-30,Meta Ads,Lead Magnet,3767,49,45,35.12
2025-12-18,Email,Newsletter,947,36,36,6.5
2025-11-22,Google Ads,Restaurant Operations,381,14,13,30.01
2025-12-25,Email,Lead Nurture,316,12,12,6.5
2026-02-22,Meta Ads,Lead Magnet,2663,28,26,21.89
2026-05-06,Meta Ads,Lead Magnet,4148,50,44,41.75
2026-06-29,Email,Lead Nurture,684,26,26,6.5
2026-05-27,Organic Search,SEO Comparison,1781,57,57,0.0
2026-04-09,Meta Ads,Retargeting,2418,30,26,25.52
2026-06-27,Meta Ads,Lead Magnet,2869,35,32,24.64
2026-04-24,Email,Lead Nurture,842,32,32,6.5
2026-05-02,Meta Ads,Retargeting,1471,18,17,15.43
2026-01-08,Meta Ads,Awareness Video,9336,104,90,67.09
2026-02-08,Meta Ads,Retargeting,1604,20,19,18.74
2026-01-07,Direct,Returning Visitors,45,45,45,0.0
2026-05-03,Meta Ads,Lead Magnet,2750,35,31,23.92
2025-11-21,Google Ads,Restaurant Operations,469,20,19,41.45
2026-03-22,Meta Ads,Awareness Video,8173,88,79,52.51
2026-04-21,Organic Search,SEO Guides,4156,133,133,0.0
2026-03-05,Google Ads,Competitor Search,509,20,19,57.34
2026-02-22,LinkedIn Ads,Operations Leaders,444,3,3,24.52
2026-01-08,Referral,Customer Referral,10,10,10,0.0
2026-03-13,Meta Ads,Retargeting,1922,22,21,20.79
2026-01-18,Meta Ads,Retargeting,1645,21,18,17.69
2026-02-06,Email,Lead Nurture,921,35,35,6.5
2026-06-11,Direct,Demo Page Direct,34,34,34,0.0
2026-06-13,Meta Ads,Retargeting,1511,20,17,20.21
2026-01-21,Organic Search,SEO Guides,3906,125,125,0.0
2025-12-30,Referral,Partner Network,8,8,8,7.75
2026-06-01,LinkedIn Ads,SMB Growth,855,6,6,34.59
2026-02-10,Direct,Brand Direct,120,120,120,0.0
2026-02-07,Organic Search,SEO Comparison,1094,35,35,0.0
2026-03-24,Referral,Industry Events,7,7,7,0.0
2025-12-16,Google Ads,High Intent Search,667,29,27,70.72
2026-02-07,Email,Lead Nurture,737,28,28,6.5
2025-12-28,Organic Search,SEO Guides,1594,51,51,0.0
2026-05-31,Email,Reactivation,184,7,7,6.5
2026-03-23,Direct,Brand Direct,108,108,108,0.0
2026-01-23,Email,Lead Nurture,447,17,17,6.5
2026-01-12,LinkedIn Ads,Decision Makers,1020,8,7,61.09
2026-02-28,Referral,Customer Referral,5,5,5,0.0
2025-12-06,Direct,Returning Visitors,25,25,25,0.0
2026-02-14,Referral,Customer Referral,11,11,11,0.0
2026-05-13,LinkedIn Ads,SMB Growth,908,6,5,38.85
2026-06-29,Google Ads,Competitor Search,346,17,15,43.96
2026-06-16,Google Ads,Competitor Search,494,21,18,64.22
2026-05-01,Organic Search,SEO Guides,4344,139,139,0.0
2026-01-28,Linkedin Ads,Operations Leaders,792,6,5,41.61
2026-02-06,Organic Search,SEO Guides,3469,111,111,0.0
2026-06-06,Google Ads,High Intent Search,649,32,29,77.93
2025-11-26,Organic Search,SEO Product Pages,3625,116,116,0.0
2026-01-09,Email,Lead Nurture,500,19,19,6.5
2026-03-26,Direct,Returning Visitors,71,71,71,0.0
2025-12-24,Direct,Demo Page Direct,17,17,17,0.0
2026-03-14,LinkedIn Ads,SMB Growth,462,3,3,18.37
2026-02-04,Direct,Demo Page Direct,31,31,31,0.0
2025-11-24,Meta Ads,Awareness Video,7950,92,84,55.5
2026-05-13,Referral,Customer Referral,17,17,17,0.0
2026-01-14,Google Ads,Restaurant Operations,563,23,21,50.19
2025-11-23,Direct,Brand Direct,78,78,78,0.0
2026-03-31,Meta Ads,Lead Magnet,3562,43,40,31.22
2026-03-05,Email,Lead Nurture,816,31,31,6.5
2026-05-26,LinkedIn Ads,Decision Makers,1461,10,9,70.92
2026-03-07,Email,Lead Nurture,289,11,11,6.5
2026-03-24,Direct,Demo Page Direct,29,29,29,0.0
2025-11-10,linkedin ads,Decision Makers,1223,8,7,69.67
2026-02-19,Email,Newsletter,974,37,37,6.5
2026-03-31,Email,Newsletter,711,27,27,6.5
2025-11-27,Meta Ads,Awareness Video,10387,110,101,61.69
2026-05-05,Direct,Returning Visitors,52,52,52,0.0
2025-11-05,META ADS,Lead Magnet,2791,38,35,29.74
2026-01-26,Direct,Brand Direct,97,97,97,0.0
2025-12-24,Referral,Customer Referral,7,7,7,0.0
2026-06-14,Organic Search,SEO Guides,3594,115,115,0.0
2026-01-14,Referral,Partner Network,17,17,17,14.0
2025-12-05,Google Ads,Restaurant Operations,447,21,19,43.74
2026-06-28,LinkedIn Ads,Decision Makers,962,7,6,55.45
2026-05-31,Organic Search,SEO Comparison,1625,52,52,0.0
2026-02-21,Meta Ads,Awareness Video,6931,80,74,43.77
2026-05-25,LinkedIn Ads,SMB Growth,1183,8,7,39.16
2026-06-29,Google Ads,Restaurant Operations,528,25,23,49.17
2025-12-19,Direct,Returning Visitors,40,40,40,0.0
2026-06-13,Referral,Industry Events,10,10,10,0.0
2026-03-03,Google Ads,Competitor Search,476,22,20,66.65
2026-04-17,LinkedIn Ads,Operations Leaders,704,5,5,40.46
2026-01-10,Google Ads,Restaurant Operations,264,11,10,24.79
2026-01-16,Referral,Customer Referral,10,10,10,0.0
2026-04-06,Email,Reactivation,395,15,15,6.5
2025-12-21,Meta Ads,Awareness Video,6257,81,73,42.59
2026-04-20,Direct,Demo Page Direct,29,29,29,0.0
2026-04-20,Google Ads,Restaurant Operations,496,23,20,47.88
2026-01-06,LinkedIn Ads,Decision Makers,1484,11,10,66.96
2026-03-14,Direct,Brand Direct,81,81,81,0.0
2026-06-03,Direct,Demo Page Direct,30,30,30,0.0
2026-05-26,Meta Ads,Lead Magnet,3405,47,44,37.84
2025-12-26,Direct,Returning Visitors,35,35,35,0.0
2026-01-17,Email,Newsletter,658,25,25,6.5
2026-02-12,Email,Newsletter,842,32,32,6.5
2025-11-21,Organic Search,SEO Guides,3031,97,97,0.0
2026-04-23,Google Ads,High Intent Search,1070,44,38,100.68
2026-01-11,Meta Ads,Awareness Video,4619,59,55,35.41
2025-11-04,Organic Search,SEO Product Pages,3656,117,117,0.0
2026-03-01,Meta Ads,Lead Magnet,2741,35,30,25.42
2026-06-27,LinkedIn Ads,Operations Leaders,535,4,4,32.76
2026-03-14,LinkedIn Ads,Operations Leaders,726,5,5,31.55
2026-05-09,LinkedIn Ads,SMB Growth,773,5,5,27.77
2026-03-14,Email,Newsletter,605,23,23,6.5
2026-02-18,Direct,Returning Visitors,63,63,63,0.0
2026-04-15,google ads,Restaurant Operations,435,21,18,48.66
2026-02-21,Direct,Demo Page Direct,21,21,21,0.0
2026-02-02,Google Ads,High Intent Search,689,32,29,79.38
2026-01-21,Direct,Returning Visitors,48,48,48,0.0
2026-02-23,Google Ads,Competitor Search,340,17,15,50.51
2025-11-06,Referral,Partner Network,17,17,17,13.89
2026-04-28,Email,Newsletter,974,37,37,6.5
2026-06-07,Meta Ads,Awareness Video,8048,95,88,51.02
2026-02-26,Referral,Industry Events,11,11,11,0.0
2026-03-22,Google Ads,High Intent Search,519,26,23,63.17
2026-06-16,Email,Newsletter,1026,39,39,6.5
2025-11-21,Google Ads,High Intent Search,707,31,27,73.5
2025-12-17,LinkedIn Ads,Decision Makers,1020,8,7,54.33
2026-02-25,Email,Newsletter,1184,45,45,6.5
2026-06-20,LinkedIn Ads,Operations Leaders,919,6,6,38.89
2026-06-20,Organic Search,SEO Comparison,1188,38,38,0.0
2026-02-25,Google Ads,Competitor Search,434,19,18,56.09
2026-02-03,Organic Search,SEO Product Pages,3719,119,119,0.0
2026-03-04,Google Ads,Restaurant Operations,546,23,22,46.16
2025-11-12,LinkedIn Ads,Decision Makers,1181,8,7,66.11
2026-01-02,Email,Lead Nurture,474,18,18,6.5
2026-06-02,Organic Search,SEO Comparison,1719,55,55,0.0
2026-03-31,Organic Search,SEO Comparison,1750,56,56,0.0
2026-04-06,Google Ads,High Intent Search,948,48,43,122.0
2025-12-28,Google Ads,High Intent Search,369,17,15,37.13
2025-11-28,Google Ads,Competitor Search,346,17,15,51.29
2026-06-08,Email,Reactivation,211,8,8,6.5
2026-05-25,Meta Ads,Awareness Video,10669,124,110,71.94
2026-06-09,LinkedIn Ads,Decision Makers,1460,9,8,66.9
2026-06-20,Direct,Demo Page Direct,27,27,27,0.0
2026-04-24,Google Ads,Competitor Search,352,16,15,50.66
2025-12-04,Google Ads,Restaurant Operations,592,27,24,54.72
2026-01-13,LinkedIn Ads,Operations Leaders,693,5,4,34.32
2025-12-07,Email,Newsletter,553,21,21,6.5
2026-06-12,Organic Search,SEO Guides,4531,145,145,0.0
2025-11-16,Referral,Customer Referral,2,2,2,0.0
2026-03-29,linkedin ads,Operations Leaders,601,4,4,28.21
2025-12-26,Email,Lead Nurture,211,8,8,6.5
2026-01-30,Meta Ads,Awareness Video,8147,100,90,62.8
2026-04-15,Meta ads ,Awareness Video,7985,108,97,65.56
2026-03-21,LinkedIn Ads,Operations Leaders,619,4,4,29.05
2025-11-14,Direct,Returning Visitors,52,52,52,0.0
2026-04-25,Google Ads,High Intent Search,382,21,19,46.81
2026-05-22,Referral,Partner Network,16,16,16,15.81
2025-12-17,Google Ads,High Intent Search,946,42,36,97.35
2026-01-20,Meta Ads,Awareness Video,9945,107,93,65.16
2026-05-07,Referral,Industry Events,9,9,9,0.0
2026-01-25,Google Ads,Restaurant Operations,368,14,12,29.87
2026-02-15,Google Ads,Restaurant Operations,296,14,13,32.59
2026-01-25,Referral,Customer Referral,7,7,7,0.0
2025-12-30,LinkedIn Ads,Operations Leaders,585,4,3,24.11
2026-03-01,Email,Reactivation,368,14,14,6.5
2026-04-18,Google Ads,Restaurant Operations,387,16,14,36.03
2026-02-09,Direct,Brand Direct,120,120,120,0.0
2025-11-10,Email,Newsletter,711,27,27,6.5
2026-06-08,Direct,Brand Direct,95,95,95,0.0
2026-02-05,Direct,Returning Visitors,62,62,62,0.0
2026-01-21,Organic Search,SEO Product Pages,4062,130,130,0.0
2026-05-07,Google ads,High Intent Search,995,43,38,98.15
2026-03-01,Google Ads,High Intent Search,592,27,23,66.75
2026-03-26,Direct,Demo Page Direct,27,27,27,0.0
2026-03-07,Google Ads,Restaurant Operations,469,20,18,37.47
2025-11-12,Referral,Customer Referral,12,12,12,0.0
2026-04-29,Email,Lead Nurture,842,32,32,6.5
2026-05-06,Referral,Industry Events,14,14,14,0.0
2026-04-26,LinkedIn Ads,Decision Makers,1099,8,7,59.25
2025-11-20,Google Ads,Restaurant Operations,415,20,18,46.48
2026-04-02,Organic Search,SEO Comparison,1719,55,55,0.0
2026-04-03,Referral,Partner Network,20,20,20,17.4
2026-01-26,Google Ads,Restaurant Operations,665,26,24,48.71
2026-04-10,Meta Ads,Awareness Video,7631,104,92,65.23
2026-05-02,Organic Search,SEO Comparison,1125,36,36,0.0
2026-01-20,LinkedIn Ads,Operations Leaders,694,5,4,35.22
2025-11-25,Google Ads,High Intent Search,740,37,34,78.88
2026-04-22,Direct,Brand Direct,109,109,109,0.0
2026-06-27,Meta Ads,Retargeting,1284,18,16,16.82
2026-02-03,Meta Ads,Awareness Video,7790,92,86,59.63
2026-04-26,Organic Search,SEO Product Pages,3812,122,122,0.0
2026-02-18,Referral,Industry Events,9,9,9,0.0
2026-06-26,LinkedIn Ads,Operations Leaders,713,5,4,41.8
2026-06-30,Referral,Industry Events,10,10,10,0.0
2026-02-17,LinkedIn Ads,SMB Growth,893,6,5,36.24
2026-04-02,Email,Newsletter,684,26,26,6.5
2025-11-04,Meta Ads,Awareness Video,9952,111,98,67.66
2025-12-14,Google Ads,Restaurant Operations,400,16,14,30.43
2026-03-16,Organic Search,SEO Guides,3469,111,111,0.0
2026-06-26,Organic Search,SEO Comparison,1562,50,50,0.0
2026-03-07,LinkedIn Ads,Decision Makers,1070,7,6,55.96
2026-05-28,Meta Ads,Awareness Video,9754,113,98,63.97
2025-12-29,Email,Lead Nurture,184,7,7,6.5
2026-03-19,Direct,Returning Visitors,67,67,67,0.0
2025-12-27,Email,Lead Nurture,316,12,12,6.5
2026-02-15,Email,Reactivation,342,13,13,6.5
2026-04-05,Google Ads,High Intent Search,741,35,31,77.48
2026-06-01,Referral,Customer Referral,10,10,10,0.0
2026-03-27,Google Ads,High Intent Search,820,40,35,102.18
2026-01-29,Organic Search,SEO Product Pages,3969,127,127,0.0
2026-03-30,Organic Search,SEO Product Pages,4219,135,135,0.0
2025-11-30,LinkedIn Ads,Decision Makers,963,6,5,38.32
2025-12-01,Referral,Customer Referral,10,10,10,0.0
2026-06-15,Organic Search,SEO Guides,4781,153,153,0.0
2026-06-26,Email,Lead Nurture,789,30,30,6.5
2025-12-21,Google Ads,Competitor Search,254,11,10,35.29
2025-12-18,Google Ads,High Intent Search,789,38,34,87.55
2026-04-24,Organic Search,SEO Comparison,1938,62,62,0.0
2025-12-07,Direct,Brand Direct,61,61,61,0.0
2026-05-26,Organic Search,SEO Product Pages,4156,133,133,0.0
2026-01-27,Google Ads,Competitor Search,350,16,14,50.48
2026-03-12,Organic Search,SEO Guides,4781,153,153,0.0
2026-02-09,Google Ads,High Intent Search,1074,48,43,97.35
2025-11-05,Organic Search,SEO Guides,3156,101,101,0.0
2025-12-14,Direct,Returning Visitors,27,27,27,0.0
2025-11-22,Referral,Partner Network,7,7,7,10.05
2026-02-04,Referral,Partner Network,17,17,17,15.54
2026-04-03,Linkedin Ads,Decision Makers,1649,11,10,82.69
2026-02-05,Organic Search,SEO Comparison,1375,44,44,0.0
2026-02-28,Email,Lead Nurture,237,9,9,6.5
2026-01-20,Meta Ads,Lead Magnet,3087,41,37,32.81
2026-02-18,LinkedIn Ads,Operations Leaders,932,6,5,40.8
2026-05-02,Meta Ads,Awareness Video,7098,83,73,46.85
2026-03-27,Referral,Partner Network,14,14,14,18.4
2026-04-21,Referral,Partner Network,20,20,20,19.92
2026-05-26,Google Ads,High Intent Search,802,42,38,94.02
2026-02-07,Organic Search,SEO Guides,2844,91,91,0.0
2026-03-25,Referral,Customer Referral,11,11,11,0.0
2026-02-19,Meta Ads,Awareness Video,9123,107,98,64.23
2025-12-02,Email,Lead Nurture,658,25,25,6.5
2026-03-15,Email,Newsletter,579,22,22,6.5
2026-05-07,Email,Reactivation,737,28,28,6.5
2026-05-03,LinkedIn Ads,SMB Growth,544,4,4,24.4
2026-03-09,Email,Newsletter,842,32,32,6.5
2026-01-15,Google Ads,High Intent Search,699,30,27,75.87
2026-03-10,Email,Lead Nurture,842,32,32,6.5
2026-06-09,Email,Reactivation,763,29,29,6.5
2026-04-17,Email,Lead Nurture,842,32,32,6.5
2026-02-15,LinkedIn Ads,SMB Growth,540,4,4,26.17
2025-12-03,Email,Newsletter,868,33,33,6.5
2026-02-27,Email,Newsletter,947,36,36,6.5
2026-01-10,Organic Search,SEO Guides,1969,63,63,0.0
2026-03-01,Referral,Customer Referral,8,8,8,0.0
2026-03-21,Organic Search,SEO Guides,2656,85,85,0.0
2026-04-27,Organic Search,SEO Guides,4344,139,139,0.0
2026-05-22,Meta Ads,Lead Magnet,3605,44,41,35.83
2026-06-28,Organic Search,SEO Product Pages,3219,103,103,0.0
2025-12-16,Direct,Demo Page Direct,33,33,33,0.0
2026-03-20,Direct,Demo Page Direct,31,31,31,0.0
2026-02-06,Organic Search,SEO Comparison,1438,46,46,0.0
2026-04-05,Google Ads,Competitor Search,269,12,10,35.34
2025-11-22,Direct,Brand Direct,78,78,78,0.0
2025-11-06,Meta Ads,Lead Magnet,5241,60,55,40.35
2026-03-19,Meta Ads,Retargeting,1907,23,20,21.41
2026-06-22,Email,Reactivation,447,17,17,6.5
2026-06-19,Organic Search,SEO Product Pages,5344,171,171,0.0
2025-12-27,LinkedIn Ads,Decision Makers,266,2,2,19.05
2026-02-27,Meta Ads,Lead Magnet,4649,50,43,37.65
2026-06-14,Direct,Demo Page Direct,19,19,19,0.0
2026-05-08,Meta Ads,Lead Magnet,4599,47,43,36.87
2026-05-30,Google Ads,High Intent Search,950,40,36,85.95
2026-02-11,Meta Ads,Lead Magnet,4052,47,41,30.44
2026-03-09,Organic Search,SEO Comparison,1500,48,48,0.0
,Referral,Customer Referral,13,13,13,0.0
2026-03-01,LinkedIn Ads,SMB Growth,709,5,5,26.59
2026-02-05,Meta Ads,Awareness Video,10681,113,105,68.06
2026-05-29,Organic Search,SEO Comparison,1781,57,57,0.0
2026-01-30,Email,Lead Nurture,553,21,21,6.5
2026-01-17,Referral,Partner Network,10,10,10,10.88
2026-01-03,Email,Lead Nurture,79,3,3,6.5
2025-11-17,Google Ads,Competitor Search,279,13,12,38.61
2026-06-26,Referral,Customer Referral,21,21,21,0.0
2026-03-06,Organic Search,SEO Product Pages,4500,144,144,0.0
2026-05-15,Email,Newsletter,947,36,36,6.5
2026-03-25,Direct,Brand Direct,112,112,112,0.0
2026-01-28,Meta Ads,Awareness Video,7961,101,93,61.81
2026-04-20,Organic Search,SEO Product Pages,4344,139,139,0.0
2026-04-29,Meta Ads,Awareness Video,11356,135,125,75.45
2025-12-02,Referral,Customer Referral,13,13,13,0.0
2026-05-03,Referral,Customer Referral,11,11,11,0.0
2026-05-13,Google Ads,Restaurant Operations,331,16,15,38.26
2026-03-13,Referral,Industry Events,15,15,15,0.0
2025-12-07,Direct,Returning Visitors,30,30,30,0.0
2026-03-30,Email,Lead Nurture,500,19,19,6.5
2026-03-29,Organic Search,SEO Comparison,1281,41,41,0.0
2026-01-13,Referral,Partner Network,17,17,17,14.52
2026-02-10,LinkedIn Ads,Operations Leaders,682,5,5,34.88
2025-11-14,Referral,Partner Network,9,9,9,16.13
2025-12-07,Direct,Demo Page Direct,20,20,20,0.0
2026-03-24,Email,Reactivation,368,14,14,6.5
2026-01-21,Google Ads,High Intent Search,970,46,43,111.02
2026-03-24,Organic Search,SEO Comparison,1719,55,55,0.0
2026-01-12,Google Ads,High Intent Search,961,40,36,93.64
2025-12-07,Google Ads,High Intent Search,675,28,26,60.0
2026-04-26,Google Ads,High Intent Search,836,36,32,80.82
2026-04-09,Organic Search,SEO Comparison,1812,58,58,0.0
2026-04-04,Meta Ads,Lead Magnet,3089,39,36,28.96
2026-01-14,Organic Search,SEO Product Pages,4125,132,132,0.0
2026-01-25,Meta Ads,Retargeting,1575,20,18,17.67
2026-03-10,Meta Ads,Retargeting,2565,29,26,26.69
2026-02-09,Direct,Demo Page Direct,28,28,28,0.0
2026-02-01,Google Ads,Restaurant Operations,334,15,14,31.84
2026-03-04,Email,Newsletter,947,36,36,6.5
2025-12-09,Meta Ads,Lead Magnet,3195,35,31,25.19
2026-05-13,Organic Search,SEO Guides,4250,136,136,0.0
2026-04-05,Organic Search,SEO Guides,2969,95,95,0.0
2026-01-25,Organic Search,SEO Guides,2562,82,82,0.0
2026-05-19,Referral,Partner Network,16,16,16,17.8
2025-12-25,Meta Ads,Lead Magnet,1392,18,17,14.51
2026-01-31,Google Ads,Restaurant Operations,363,15,13,33.51
2025-11-19,Referral,Partner Network,16,16,16,13.45
2026-04-02,Referral,Industry Events,6,6,6,0.0
2026-06-26,Email,Newsletter,816,31,31,6.5
2026-03-18,Direct,Demo Page Direct,19,19,19,0.0
2026-02-08,Referral,Partner Network,20,20,20,10.57
2026-05-03,Referral,Partner Network,10,10,10,12.48
2026-01-12,Direct,Brand Direct,115,115,115,0.0
2025-12-13,Direct,Demo Page Direct,22,22,22,0.0
2026-02-12,Organic Search,SEO Product Pages,3969,127,127,0.0
2026-02-19,Email,Lead Nurture,789,30,30,6.5
2026-06-07,Meta Ads,Retargeting,1771,19,17,17.53
2026-02-20,LinkedIn Ads,Decision Makers,1301,9,8,67.81
2026-05-19,Google Ads,High Intent Search,872,42,37,88.87
2026-03-31,Email,Lead Nurture,605,23,23,6.5
2025-12-13,Direct,Brand Direct,77,77,77,0.0
2026-04-04,Direct,Brand Direct,82,82,82,0.0
2026-01-03,Meta Ads,Awareness Video,4602,47,41,28.16
2026-02-18,Referral,Customer Referral,13,13,13,0.0
2025-11-22,Google Ads,High Intent Search,540,22,20,50.44
2026-05-18,Referral,Industry Events,10,10,10,0.0
2026-06-07,Referral,Partner Network,15,15,15,14.03
2026-03-13,Email,Reactivation,447,17,17,6.5
2026-05-29,Referral,Industry Events,6,6,6,0.0
2026-06-08,Direct,Returning Visitors,60,60,60,0.0
2026-02-13,Email,Newsletter,947,36,36,6.5
2026-02-03,Google Ads,Competitor Search,310,15,14,48.5
2026-01-04,Email,Newsletter,500,19,19,6.5
2026-03-06,Referral,Industry Events,5,5,5,0.0
2026-06-30,Meta Ads,Awareness Video,10548,136,118,83.35
2026-05-22,Email,Lead Nurture,368,14,14,6.5
2026-01-30,Google Ads,Restaurant Operations,417,17,15,37.39
2026-05-09,Referral,Customer Referral,9,9,9,0.0
2026-03-24,Meta Ads,Retargeting,2525,29,27,25.75
2026-03-11,Meta Ads,Lead Magnet,3785,41,37,29.47
2026-05-29,Direct,Demo Page Direct,33,33,33,0.0
2026-04-28,Referral,Industry Events,9,9,9,0.0
2026-06-12,LinkedIn Ads,SMB Growth,812,6,5,36.86
2026-05-20,Google Ads,High Intent Search,811,42,39,94.94
2026-05-27,Google Ads,Restaurant Operations,418,19,17,41.22
2026-04-28,Google Ads,Competitor Search,413,19,17,59.46
2026-03-09,LinkedIn Ads,Decision Makers,1038,7,6,52.23
2026-01-30,LinkedIn Ads,Decision Makers,1176,9,8,61.32
2025-12-06,Referral,Partner Network,11,11,11,9.82
2026-03-19,LinkedIn Ads,SMB Growth,715,5,4,31.53
2026-01-20,Direct,Demo Page Direct,30,30,30,0.0
2026-01-17,Google Ads,Restaurant Operations,327,16,14,32.17
2026-05-17,Direct,Brand Direct,68,68,68,0.0
2026-03-04,Organic Search,SEO Product Pages,4562,146,146,0.0
2026-01-24,Organic Search,SEO Product Pages,2875,92,92,0.0
2025-12-21,Direct,Brand Direct,69,69,69,0.0
2026-04-21,Email,Newsletter,711,27,27,-6.5
2025-12-29,Email,Newsletter,342,13,13,6.5
2026-05-05,Meta Ads,Retargeting,2426,28,24,23.26
2026-06-19,Email,Reactivation,158,6,6,6.5
2026-05-23,Email,Lead Nurture,632,24,24,6.5
2026-02-03,Meta Ads,Lead Magnet,4006,45,42,34.46
2026-03-18,Email,Lead Nurture,868,33,33,6.5
2026-03-30,Google Ads,Competitor Search,468,21,19,59.36
2026-04-25,Organic Search,SEO Product Pages,3219,103,103,0.0
2026-02-12,Google Ads,Restaurant Operations,531,23,21,45.37
2026-04-17,Referral,Partner Network,25,25,25,15.92
2025-12-05,Referral,Partner Network,14,14,14,17.71
2026-01-25,Email,Newsletter,579,22,22,6.5
2026-01-07,Meta Ads,Awareness Video,8958,115,105,65.86
2026-03-03,Direct,Demo Page Direct,23,23,23,0.0
2026-06-29,Direct,Demo Page Direct,26,26,26,0.0
2026-06-08,Meta Ads,Awareness Video,9416,111,98,61.94
2025-11-18,Google Ads,Competitor Search,372,18,17,50.73
2026-06-13,Organic Search,SEO Comparison,1031,33,33,0.0
2025-12-10,Google Ads,High Intent Search,824,38,36,81.38
2026-05-01,Direct,Brand Direct,128,128,128,0.0
2026-02-11,Google Ads,Competitor Search,380,20,19,59.07
2026-05-08,Email,Newsletter,921,35,35,6.5
2026-04-19,Email,Reactivation,395,15,15,6.5
2026-03-14,Referral,Customer Referral,11,11,11,0.0
2026-05-11,Email,Newsletter,1184,45,45,6.5
2025-11-18,Google Ads,High Intent Search,744,39,34,95.9
2026-06-21,Organic Search,SEO Product Pages,3469,111,111,0.0
2025-11-04,LinkedIn Ads,Decision Makers,923,7,6,47.41
2026-03-18,Email,Reactivation,368,14,14,6.5
2026-04-20,Direct,Brand Direct,126,126,126,0.0
2026-05-18,Google Ads,High Intent Search,1215,52,48,108.0
2026-03-09,Email,Lead Nurture,605,23,23,6.5
2025-12-03,Direct,Brand Direct,100,100,100,0.0
2025-12-25,Email,Newsletter,447,17,17,6.5
2026-01-01,Direct,Brand Direct,61,61,61,0.0
2025-11-08,Referral,Partner Network,9,9,9,9.52
2026-06-04,Email,Lead Nurture,526,20,20,6.5
2026-04-14,Referral,Partner Network,13,13,13,15.82
2026-05-04,Google Ads,Restaurant Operations,551,24,21,52.84
2026-02-10,LinkedIn Ads,Decision Makers,1197,8,7,62.11
2026-06-28,Referral,Customer Referral,10,10,10,0.0
2026-01-21,Meta Ads,Lead Magnet,3304,41,37,29.92
2025-12-17,Email,Newsletter,842,32,32,6.5
2026-06-17,LinkedIn Ads,Decision Makers,780,6,5,46.08
2026-04-23,Direct,Brand Direct,112,112,112,0.0
2025-12-30,Email,Newsletter,447,17,17,6.5
2026-04-23,Meta Ads,Awareness Video,8323,121,107,67.25
2026-05-10,Organic Search,SEO Product Pages,3188,102,102,0.0
2026-05-06,Organic Search,SEO Guides,4250,136,136,0.0
2026-03-17,Google Ads,High Intent Search,718,34,31,84.52
2026-05-26,Direct,Demo Page Direct,29,29,29,0.0
2025-11-02,Email,Newsletter,421,16,16,6.5
2026-03-06,LinkedIn Ads,SMB Growth,687,5,4,31.86
2025-12-29,Meta Ads,Lead Magnet,2043,27,24,20.5
2025-12-04,Direct,Demo Page Direct,34,34,34,0.0
2026-05-02,Direct,Brand Direct,70,70,70,0.0
2025-11-13,Direct,Brand Direct,83,83,83,0.0
2026-04-16,Referral,Customer Referral,17,17,17,0.0
2026-05-27,LinkedIn Ads,SMB Growth,950,8,7,47.88
2026-06-16,Google Ads,Restaurant Operations,388,19,18,40.35
2026-04-28,google ads,High Intent Search,1070,49,44,124.61
2025-11-26,Google Ads,Competitor Search,290,14,12,42.87
2025-12-03,Email,Lead Nurture,605,23,23,6.5
2026-06-22,LinkedIn Ads,SMB Growth,743,5,4,29.98
2026-05-23,Organic Search,SEO Guides,2812,90,90,0.0
2026-04-12,Google Ads,Restaurant Operations,359,17,15,34.53
2026-02-10,Email,Newsletter,763,29,29,6.5
2026-03-11,Email,Reactivation,474,18,18,6.5
2025-12-15,LinkedIn Ads,Operations Leaders,848,6,6,38.94
2025-12-16,Google Ads,Competitor Search,359,16,15,51.72
2026-04-30,Meta Ads,Awareness Video,6552,87,75,52.3
2026-01-01,LinkedIn Ads,Operations Leaders,390,3,3,19.01
2026-04-02,Organic Search,SEO Guides,3750,120,120,0.0
2026-05-12,Direct,Brand Direct,120,120,120,0.0
2026-03-05,Organic Search,SEO Guides,3781,121,121,0.0
2026-01-16,Meta Ads,Lead Magnet,3782,45,39,33.39
2026-06-01,Referral,Partner Network,22,22,22,16.02
2026-05-06,Organic Search,SEO Comparison,2031,65,65,0.0
2026-04-09,Google Ads,Competitor Search,498,24,22,65.88
2026-04-17,Referral,Customer Referral,11,11,11,0.0
2026-06-28,Organic Search,SEO Comparison,1500,48,48,0.0
2025-12-04,Referral,Customer Referral,8,8,8,0.0
2026-06-21,Referral,Customer Referral,10,10,10,0.0
2026-02-20,Organic Search,SEO Product Pages,4500,144,144,0.0
2025-11-22,Referral,Customer Referral,5,5,5,0.0
2026-01-06,LinkedIn Ads,Operations Leaders,896,6,6,36.79
2026-03-29,LinkedIn Ads,Decision Makers,1097,8,7,56.97
2026-01-09,Direct,Returning Visitors,56,56,56,0.0
2026-06-06,Direct,Demo Page Direct,24,24,24,0.0
2026-02-12,Meta Ads,Retargeting,1764,22,19,21.57
2026-03-14,Organic Search,SEO Guides,2906,93,93,0.0
2026-06-26,Meta Ads,Retargeting,2484,31,27,28.03
2026-05-23,LinkedIn Ads,Decision Makers,847,6,6,44.4
2025-12-11,Direct,Brand Direct,101,101,101,0.0
2026-04-19,Google Ads,Restaurant Operations,394,16,14,31.6
2026-05-30,Meta Ads,Lead Magnet,3462,39,34,30.93
2026-03-14,Organic Search,SEO Product Pages,3219,103,103,0.0
2026-06-22,Organic Search,SEO Comparison,2125,68,68,0.0
2026-04-22,Organic Search,SEO Comparison,1406,45,45,0.0
2026-05-06,Organic Search,SEO Product Pages,4312,138,138,0.0
2025-12-21,Google Ads,Restaurant Operations,467,19,18,37.37
2026-04-24,Direct,Demo Page Direct,30,30,30,0.0
2026-02-02,Google Ads,Competitor Search,352,15,14,45.36
2026-05-18,Organic Search,SEO Comparison,1469,47,47,0.0
2026-02-19,Meta Ads,Retargeting,1605,20,18,17.93
2026-01-08,Referral,Partner Network,18,18,18,16.15
2026-04-22,Direct,Returning Visitors,49,49,49,0.0
2026-02-23,LinkedIn Ads,Decision Makers,1302,9,8,67.66
2025-12-04,Direct,Brand Direct,86,86,86,0.0
2026-06-20,Direct,Brand Direct,98,98,98,0.0
2026-03-23,LinkedIn Ads,Decision Makers,1486,10,9,74.1
2026-03-17,Referral,Partner Network,18,18,18,15.06
2026-02-08,Organic Search,SEO Product Pages,2469,79,79,0.0
2026-03-15,Organic Search,SEO Guides,3156,101,101,0.0
2026-02-08,Direct,Returning Visitors,43,43,43,0.0
2026-06-25,Organic Search,SEO Guides,4375,140,140,0.0
2026-02-20,LinkedIn Ads,SMB Growth,1264,8,7,45.59
2026-04-17,Organic Search,SEO Comparison,1312,42,42,0.0
2026-02-14,Google Ads,Restaurant Operations,264,11,10,21.55
2026-02-06,Direct,Brand Direct,99,99,99,0.0
2026-06-06,Meta Ads,Retargeting,1315,16,15,14.42
2025-12-26,Direct,Brand Direct,65,65,65,0.0
2026-02-17,Referral,Partner Network,18,18,18,14.5
2026-03-23,Referral,Partner Network,20,20,20,13.76
2026-03-04,Referral,Industry Events,10,10,10,0.0
2026-03-21,Direct,Brand Direct,71,71,71,0.0
2026-02-13,Email,Lead Nurture,737,28,28,6.5
2026-03-04,Meta Ads,Awareness Video,8983,119,109,71.35
2026-03-17,Email,Newsletter,763,29,29,6.5
2026-05-04,Email,Lead Nurture,763,29,29,6.5
2026-06-04,Google Ads,Restaurant Operations,439,19,18,40.93
2025-12-15,Referral,Customer Referral,17,17,17,0.0
2026-06-09,Google Ads,Restaurant Operations,494,22,21,51.32
2026-04-10,Google Ads,Competitor Search,400,19,16,57.82
2026-05-16,Meta Ads,Retargeting,1904,22,20,17.9
2026-01-12,Referral,Customer Referral,13,13,13,0.0
2026-04-16,Email,Reactivation,421,16,16,6.5
2026-01-18,Meta Ads,Lead Magnet,2783,34,30,26.25
2026-05-03,Email,Lead Nurture,368,14,14,6.5
2025-11-08,Email,Newsletter,500,19,19,6.5
2026-01-02,Google Ads,Restaurant Operations,207,9,8,19.56
2026-06-14,Email,Lead Nurture,395,15,15,6.5
2026-05-31,LinkedIn Ads,Operations Leaders,561,4,4,27.03
2025-12-02,Organic Search,SEO Guides,4125,132,132,0.0
2026-06-25,Organic Search,SEO Comparison,1625,52,52,0.0
2026-06-24,Google Ads,Restaurant Operations,531,23,21,50.94
2026-06-27,Email,Lead Nurture,632,24,24,6.5
2026-06-29,Meta Ads,Retargeting,2971,36,31,31.48
2026-01-11,Google Ads,Competitor Search,269,12,11,37.38
2026-05-04,LinkedIn Ads,SMB Growth,663,5,5,30.35
2026-06-02,LinkedIn Ads,Operations Leaders,783,5,4,35.64
2026-06-10,Referral,Industry Events,12,12,12,0.0
2026-05-07,Referral,Customer Referral,24,24,24,0.0
2026-05-08,Direct,Returning Visitors,50,50,50,0.0
2026-03-06,LinkedIn Ads,Operations Leaders,853,6,6,39.41
2026-04-11,LinkedIn Ads,SMB Growth,626,4,4,29.16
2025-12-14,Meta Ads,Awareness Video,5252,63,58,37.43
2025-12-12,Referral,Customer Referral,10,10,10,0.0
2026-03-08,Direct,Returning Visitors,46,46,46,0.0
2026-05-02,Referral,Partner Network,19,19,19,10.44
2026-03-15,LinkedIn Ads,SMB Growth,603,4,4,24.55
2026-02-27,Meta Ads,Retargeting,2352,28,25,25.98
2026-01-28,Google Ads,Competitor Search,332,13,12,39.72
2025-12-08,Referral,Customer Referral,15,15,15,0.0
2026-02-18,Meta Ads,Retargeting,2337,29,26,22.72
2025-12-10,Google Ads,Competitor Search,314,14,13,46.94
2026-02-27,Referral,Partner Network,20,20,20,17.11
2026-06-21,LinkedIn Ads,SMB Growth,536,4,4,26.2
2026-05-23,Meta Ads,Awareness Video,7923,98,87,55.02
2026-04-07,Meta ads ,Retargeting,1456,19,17,19.91
2025-11-15,Meta Ads,Lead Magnet,2463,30,28,22.21
2026-02-18,LinkedIn Ads,SMB Growth,630,5,5,30.89
2025-11-05,Direct,Brand Direct,94,94,94,0.0
2025-11-02,Google Ads,Competitor Search,243,10,9,31.05
2026-04-12,LinkedIn Ads,Decision Makers,1086,7,6,53.89
2026-02-12,Meta Ads,Awareness Video,7657,91,80,55.15
2025-12-12,Google Ads,Competitor Search,284,14,12,40.12
2026-03-03,Referral,Customer Referral,16,16,16,0.0
2025-12-06,Google Ads,Competitor Search,210,10,9,30.79
2026-05-24,Referral,Partner Network,15,15,15,14.2
2026-04-06,Meta Ads,Awareness Video,8542,102,90,59.36
2025-11-16,Direct,Returning Visitors,24,24,24,0.0
2026-04-05,LinkedIn Ads,Operations Leaders,644,4,4,25.34
2026-04-12,Referral,Customer Referral,16,16,16,0.0
2026-06-04,LinkedIn Ads,Operations Leaders,1054,6,6,40.69
2026-02-08,Direct,Brand Direct,84,84,84,0.0
2026-02-08,google ads,Restaurant Operations,360,16,14,35.15
2026-04-07,Direct,Returning Visitors,51,51,51,0.0
2026-01-30,Organic Search,SEO Product Pages,4062,130,130,0.0
2026-03-10,Organic Search,SEO Comparison,1719,55,55,0.0
2025-12-22,Direct,Demo Page Direct,23,23,23,0.0
2025-12-17,Direct,Demo Page Direct,20,20,20,0.0
2026-05-17,Organic Search,SEO Product Pages,3281,105,105,0.0
2026-05-28,LinkedIn Ads,SMB Growth,1049,6,5,37.98
2026-03-02,LinkedIn Ads,Decision Makers,1286,9,8,75.02
2026-06-09,Email,Newsletter,789,30,30,6.5
2025-11-02,Referral,Partner Network,10,10,10,9.24
2026-05-24,Email,Lead Nurture,421,16,16,6.5
2026-02-27,Referral,Industry Events,12,12,12,0.0
2026-01-21,LinkedIn Ads,Decision Makers,1349,9,8,63.3
2025-12-03,Referral,Customer Referral,10,10,10,0.0
2025-11-26,Direct,Returning Visitors,41,41,41,0.0
2026-03-05,LinkedIn Ads,Decision Makers,1186,8,7,60.24
2026-04-23,Meta Ads,Retargeting,2332,28,25,25.0
2025-11-13,Organic Search,SEO Guides,2969,95,95,0.0
2026-03-11,Google Ads,Competitor Search,406,17,15,48.36
2026-01-18,Referral,Partner Network,13,13,13,12.59
2026-03-29,Direct,Demo Page Direct,18,18,18,0.0
2025-11-20,LinkedIn Ads,Decision Makers,1080,8,7,61.91
2026-04-17,Google ads,High Intent Search,1078,51,46,114.47
2026-04-17,Direct,Demo Page Direct,36,36,36,0.0
2026-06-16,LinkedIn Ads,SMB Growth,1199,8,7,45.57
2026-06-08,Meta Ads,Lead Magnet,4818,61,53,39.15
2026-01-17,LinkedIn Ads,SMB Growth,489,3,3,21.43
2026-03-16,Direct,Brand Direct,95,95,95,0.0
2026-04-29,Referral,Partner Network,23,23,23,19.03
2026-01-16,Direct,Demo Page Direct,28,28,28,0.0
2026-05-04,Meta Ads,Lead Magnet,3663,44,41,33.83
2026-06-07,Organic Search,SEO Product Pages,3750,120,120,0.0
2026-05-12,Meta Ads,Lead Magnet,5442,57,53,39.43
2025-12-10,Direct,Returning Visitors,43,43,43,0.0
2026-03-07,Email,Reactivation,474,18,18,6.5
2025-11-07,Direct,Returning Visitors,42,42,42,0.0
2025-11-11,Google Ads,Competitor Search,408,16,14,50.4
2026-06-29,Direct,Brand Direct,126,126,126,0.0
2026-02-06,Direct,Returning Visitors,37,37,37,0.0
2026-06-12,Referral,Industry Events,3,3,3,0.0
2026-01-10,Google Ads,High Intent Search,527,25,22,56.25
2026-03-06,Email,Newsletter,947,36,36,6.5
2026-02-09,Google Ads,Competitor Search,401,17,16,49.6
2026-04-16,Direct,Returning Visitors,55,55,55,0.0
2026-03-09,Meta Ads,Awareness Video,8822,91,81,51.39
2026-02-17,Direct,Brand Direct,105,105,105,0.0
2026-05-29,Referral,Partner Network,14,14,14,16.89
2026-04-21,Google Ads,Restaurant Operations,470,20,18,44.1
2026-03-22,Direct,Returning Visitors,25,25,25,0.0
2026-04-30,Google Ads,Restaurant Operations,493,22,19,45.44
2025-12-26,Meta Ads,Awareness Video,4427,60,53,35.87
2025-11-16,Google Ads,High Intent Search,533,26,23,55.46
2026-03-05,Google Ads,High Intent Search,782,38,36,95.7
2026-03-27,Email,Lead Nurture,658,25,25,6.5
2025-12-29,Direct,Returning Visitors,24,24,24,0.0
2025-12-19,LinkedIn Ads,Operations Leaders,687,5,4,35.85
2026-03-22,Organic Search,SEO Product Pages,3312,106,106,0.0
2026-03-25,Email,Reactivation,526,20,20,6.5
2026-01-20,LinkedIn Ads,SMB Growth,714,5,5,33.82
2026-01-31,Meta Ads,Awareness Video,6953,91,81,45.79
2026-04-18,Meta Ads,Awareness Video,4704,63,54,38.95
2025-12-17,Direct,Brand Direct,95,95,95,0.0
2026-05-01,Referral,Customer Referral,11,11,11,0.0
2026-05-19,Organic Search,SEO Product Pages,4875,156,156,0.0
2026-03-13,LinkedIn Ads,Decision Makers,1176,8,7,56.87
2026-03-01,LinkedIn Ads,Operations Leaders,587,4,4,26.07
2026-04-26,Google Ads,Restaurant Operations,341,15,14,26.61
2026-05-20,LinkedIn Ads,SMB Growth,1039,8,7,40.15
2026-04-26,Referral,Partner Network,13,13,13,13.48
2026-02-17,LinkedIn Ads,Operations Leaders,1005,7,6,43.67
2026-01-25,Direct,Returning Visitors,47,47,47,0.0
2026-03-02,Direct,Returning Visitors,44,44,44,0.0
2026-06-11,LinkedIn Ads,SMB Growth,1006,7,6,40.82
2025-12-05,Meta Ads,Lead Magnet,3918,46,42,33.13
2026-06-17,Email,Lead Nurture,974,37,37,6.5
2026-05-14,Google Ads,High Intent Search,1023,49,44,117.06
2026-01-25,Direct,Brand Direct,73,73,73,0.0
2026-03-31,Referral,Partner Network,25,25,25,14.5
2026-02-09,Meta Ads,Lead Magnet,3385,44,39,35.53
2026-04-20,Google Ads,High Intent Search,786,35,30,80.94
2026-02-24,Referral,Customer Referral,15,15,15,0.0
2025-11-08,Google Ads,High Intent Search,755,32,29,66.52
2026-02-17,Referral,Industry Events,10,10,10,0.0
2026-04-19,LinkedIn Ads,Decision Makers,636,5,5,39.94
2026-04-14,Organic Search,SEO Guides,4656,149,149,0.0
2026-06-28,Google Ads,Competitor Search,343,16,15,44.18
2026-05-17,Google Ads,High Intent Search,758,33,30,75.15
2026-04-11,Google Ads,High Intent Search,689,35,32,78.29
2026-03-25,Google Ads,Competitor Search,428,18,17,50.29
2026-05-30,Referral,Customer Referral,9,9,9,0.0
2026-03-16,Meta Ads,Awareness Video,9710,111,96,58.48
2026-01-26,Direct,Returning Visitors,39,39,39,0.0
2026-01-10,Referral,Customer Referral,11,11,11,0.0
2026-02-24,Referral,Partner Network,19,19,19,15.75
2026-06-03,Organic Search,SEO Product Pages,4625,148,148,0.0
2026-05-30,Direct,Brand Direct,88,88,88,0.0
2026-04-26,Email,Newsletter,895,34,34,6.5
2026-01-13,Direct,Demo Page Direct,21,21,21,0.0
2025-12-01,Google Ads,High Intent Search,728,36,32,83.53
2025-12-20,LinkedIn Ads,Operations Leaders,573,4,4,26.06
2026-06-10,Meta Ads,Retargeting,2673,36,31,31.93
2025-11-08,Meta Ads,Lead Magnet,1915,24,21,18.18
2026-04-10,LinkedIn Ads,Operations Leaders,985,7,6,48.8
2026-03-02,LinkedIn Ads,Operations Leaders,951,6,6,46.17
2026-06-08,Referral,Industry Events,15,15,15,0.0
2026-03-22,Referral,Industry Events,7,7,7,0.0
2026-02-07,Email,Newsletter,421,16,16,6.5
2026-04-20,LinkedIn Ads,SMB Growth,700,5,5,33.09
2026-06-12,GOOGLE ADS ,Competitor Search,376,19,16,56.99
2026-05-25,LinkedIn Ads,Decision Makers,1188,7,6,55.46
2026-03-06,Email,Reactivation,553,21,21,6.5
2025-12-05,Referral,Customer Referral,12,12,12,0.0
2026-02-15,LinkedIn Ads,Operations Leaders,694,4,4,28.36
2026-05-25,Email,Reactivation,500,19,19,6.5
2026-01-26,Google Ads,High Intent Search,1208,52,45,121.52
2026-05-14,Organic Search,SEO Product Pages,4719,151,151,0.0
2026-05-11,LinkedIn Ads,Operations Leaders,1005,6,5,43.13
2026-03-08,Meta Ads,Awareness Video,7675,79,69,47.9
2026-04-30,Meta Ads,Retargeting,1997,26,23,22.73
2025-12-09,Google Ads,Restaurant Operations,349,16,15,33.78
2026-02-23,Referral,Customer Referral,13,13,13,0.0
2025-11-14,Google Ads,High Intent Search,738,32,28,83.96
2026-01-09,Google Ads,High Intent Search,997,47,43,114.73
2025-11-25,Direct,Brand Direct,96,96,96,0.0
2026-02-28,Organic Search,SEO Product Pages,2688,86,86,0.0
2025-11-03,Google Ads,Competitor Search,292,14,12,44.44
2025-11-14,Organic Search,SEO Guides,3688,118,118,0.0
2025-11-02,Direct,Brand Direct,71,71,71,0.0
2026-06-06,Organic Search,SEO Comparison,1281,41,41,0.0
2025-12-09,LinkedIn Ads,Decision Makers,818,6,5,52.12
2025-11-03,Direct,Brand Direct,96,96,96,0.0
2026-06-13,Google Ads,Restaurant Operations,346,15,13,33.08
2025-12-30,Meta Ads,Lead Magnet,1738,21,19,17.34
2025-12-09,Google Ads,Competitor Search,319,15,14,48.15
2025-11-12,Google Ads,Competitor Search,356,18,16,56.78
2025-11-30,Direct,Returning Visitors,39,39,39,0.0
2026-05-04,Google Ads,High Intent Search,1054,51,47,110.51
2025-11-08,Organic Search,SEO Guides,2062,66,66,0.0
2026-02-25,LinkedIn Ads,SMB Growth,985,7,6,37.1
2026-06-05,Direct,Brand Direct,132,132,132,0.0
2026-05-01,Organic Search,SEO Product Pages,4312,138,138,0.0
2025-11-30,Email,Newsletter,605,23,23,6.5
2026-02-07,Google Ads,High Intent Search,880,36,31,78.01
2026-03-14,LinkedIn Ads,Decision Makers,914,6,5,46.12
2026-05-15,Email,Lead Nurture,474,18,18,6.5
2026-02-05,google ads,Restaurant Operations,474,23,20,53.46
2026-01-13,Organic Search,SEO Product Pages,4812,154,154,0.0
2026-01-20,Google Ads,Restaurant Operations,508,22,20,45.13
2025-11-29,Direct,Returning Visitors,33,33,33,0.0
2025-12-31,Google Ads,High Intent Search,547,23,22,52.68
2025-11-30,Organic Search,SEO Guides,2406,77,77,0.0
2026-01-19,Meta Ads,Lead Magnet,3735,44,38,32.47
2026-04-03,LinkedIn Ads,SMB Growth,699,5,5,33.69
2026-05-01,Google Ads,Competitor Search,334,14,12,46.15
2025-12-13,Organic Search,SEO Product Pages,2531,81,81,0.0
2026-04-18,Organic Search,SEO Guides,3594,115,115,0.0
2026-03-18,Google Ads,Restaurant Operations,521,21,19,45.9
2025-12-24,Meta Ads,Awareness Video,4344,53,50,32.62
2026-03-29,Meta Ads,Retargeting,1348,15,14,14.23
2026-01-20,Referral,Customer Referral,15,15,15,0.0
2026-02-11,Google Ads,Restaurant Operations,420,18,17,40.35
2026-02-04,Google Ads,Restaurant Operations,504,23,20,44.87
2026-04-14,Email,Newsletter,974,37,37,6.5
2025-12-17,Organic Search,SEO Guides,4531,145,145,0.0
2026-06-23,LinkedIn Ads,SMB Growth,1150,7,6,40.94
2025-11-06,Direct,Brand Direct,100,100,100,0.0
2026-06-14,Referral,Customer Referral,11,11,11,0.0
2026-05-03,Organic Search,SEO Guides,3031,97,97,0.0
2026-05-08,Direct,Brand Direct,107,107,107,0.0
2025-11-06,Email,Newsletter,974,37,37,6.5
2026-04-04,Google Ads,Competitor Search,240,11,9,35.35
2026-06-23,Organic Search,SEO Comparison,2062,66,66,0.0
2026-04-12,Referral,Partner Network,12,12,12,13.19
2026-05-25,Email,Newsletter,1184,45,45,6.5
2026-02-28,Direct,Brand Direct,74,74,74,0.0
2026-05-16,Google Ads,Restaurant Operations,357,16,14,34.35
2026-02-17,Direct,Demo Page Direct,24,24,24,0.0
2026-06-06,Email,Newsletter,763,29,29,6.5
2025-12-08,Meta Ads,Lead Magnet,2603,36,32,28.63
2026-01-09,Email,Newsletter,842,32,32,6.5
2026-03-05,Google Ads,Restaurant Operations,484,21,18,41.68
2026-04-13,Google Ads,Competitor Search,416,18,17,54.61
2026-01-13,Organic Search,SEO Guides,3656,117,117,0.0
2025-12-17,Email,Lead Nurture,737,28,28,6.5
2026-01-28,Referral,Customer Referral,18,18,18,0.0
2026-04-23,Meta Ads,Lead Magnet,3259,44,41,33.12
2026-02-17,Email,Lead Nurture,500,19,19,6.5
2026-02-19,Meta Ads,Lead Magnet,3984,46,40,34.78
2026-04-09,LinkedIn Ads,SMB Growth,783,5,4,34.4
2026-05-29,Referral,Customer Referral,19,19,19,0.0
2026-06-27,Referral,Partner Network,6,6,6,12.39
2026-03-24,LinkedIn Ads,Operations Leaders,636,5,4,39.21
2026-01-15,Direct,Returning Visitors,60,60,60,0.0
2026-01-25,Email,Lead Nurture,263,10,10,6.5
2025-12-20,Direct,Returning Visitors,29,29,29,0.0
2026-06-16,Google Ads,High Intent Search,1032,44,38,103.7
2025-12-23,Google Ads,Competitor Search,183,9,8,26.94
2025-12-24,LinkedIn Ads,Decision Makers,605,4,4,29.18
2026-06-29,Direct,Returning Visitors,62,62,62,0.0
2026-05-04,Referral,Industry Events,10,10,10,0.0
2026-05-22,Meta Ads,Awareness Video,8946,106,95,60.23
2026-05-25,Organic Search,SEO Guides,3875,124,124,0.0
2025-12-22,Email,Newsletter,447,17,17,6.5
2026-06-06,Meta Ads,Lead Magnet,3172,40,36,31.16
2026-05-21,Organic Search,SEO Comparison,1531,49,49,0.0
2026-06-04,Organic Search,SEO Product Pages,5062,162,162,0.0
2026-02-26,Email,Reactivation,500,19,19,6.5
2026-04-03,Direct,Brand Direct,114,114,114,0.0
2025-12-14,Direct,Brand Direct,83,83,83,0.0
2026-03-25,Google Ads,Restaurant Operations,592,28,24,57.68
2026-03-31,LinkedIn Ads,Decision Makers,1318,9,8,69.21
2026-03-17,Email,Reactivation,553,21,21,6.5
2025-11-04,Organic Search,SEO Guides,3312,106,106,0.0
2026-06-23,Meta Ads,Lead Magnet,5442,54,50,39.81
2026-02-28,Organic Search,SEO Comparison,1156,37,37,0.0
2026-03-04,Referral,Partner Network,20,20,20,16.33
2026-05-04,Direct,Demo Page Direct,31,31,31,0.0
2025-12-30,Direct,Demo Page Direct,19,19,19,0.0
2026-01-22,Meta Ads,Retargeting,2135,24,21,22.72
2026-03-13,meta ads,Awareness Video,9077,105,96,63.87
2026-06-06,Email,Lead Nurture,500,19,19,6.5
2025-11-21,Direct,Returning Visitors,49,49,49,0.0
2026-02-10,LinkedIn Ads,SMB Growth,856,6,5,37.16
2026-04-24,Referral,Customer Referral,18,18,18,0.0
2026-04-28,LinkedIn Ads,SMB Growth,725,5,5,27.74
2026-02-27,Referral,Customer Referral,10,10,10,0.0
2026-06-20,Email,Lead Nurture,579,22,22,6.5
2025-11-03,Direct,Returning Visitors,42,42,42,0.0
2026-06-06,Direct,Brand Direct,76,76,76,0.0
2025-11-26,Organic Search,SEO Guides,3312,106,106,0.0
2026-02-18,Google Ads,High Intent Search,680,32,28,80.59
2026-02-22,Email,Newsletter,816,31,31,6.5
2026-02-09,Email,Reactivation,316,12,12,6.5
2026-03-21,Google Ads,High Intent Search,720,31,27,70.45
2026-05-10,LinkedIn Ads,SMB Growth,661,4,4,26.63
2025-12-28,Google Ads,Restaurant Operations,200,8,7,17.43
2026-05-01,Email,Lead Nurture,632,24,24,6.5
2026-02-25,Referral,Industry Events,7,7,7,0.0
2026-05-06,Direct,Brand Direct,116,116,116,0.0
2026-06-18,Meta Ads,Awareness Video,9868,124,114,75.79
2025-12-21,Organic Search,SEO Product Pages,3000,96,96,0.0
2026-01-26,Email,Newsletter,842,32,32,6.5
2026-05-21,Email,Lead Nurture,579,22,22,6.5
2026-05-23,Google Ads,High Intent Search,703,29,26,65.68
2026-06-11,Organic Search,SEO Product Pages,4969,159,159,0.0
2026-01-04,Google Ads,High Intent Search,565,28,26,66.41
2026-04-11,Google Ads,Restaurant Operations,365,15,13,31.82
2026-06-20,Referral,Customer Referral,6,6,6,0.0
2026-03-01,Referral,Partner Network,12,12,12,12.24
2025-11-20,Direct,Returning Visitors,42,42,42,0.0
2026-05-22,Referral,Industry Events,8,8,8,0.0
2026-02-06,LinkedIn Ads,Operations Leaders,801,6,5,40.75
2026-01-06,Email,Newsletter,868,33,33,6.5
2026-01-29,Email,Newsletter,842,32,32,6.5
2026-03-28,LinkedIn Ads,Operations Leaders,601,4,4,32.08
2026-06-07,Organic Search,SEO Guides,3281,105,105,0.0
2026-03-09,Google Ads,Competitor Search,269,14,12,46.0
2026-03-18,Google Ads,Competitor Search,381,16,15,46.15
2026-05-06,Email,Lead Nurture,658,25,25,6.5
2026-02-14,Organic Search,SEO Product Pages,3562,114,114,0.0
2026-04-10,LinkedIn Ads,Decision Makers,1299,8,7,63.52
2026-03-30,Organic Search,SEO Guides,4062,130,130,0.0
2026-05-06,linkedin ads,SMB Growth,965,6,6,36.15
2025-11-27,Direct,Brand Direct,87,87,87,0.0
2026-02-07,Meta Ads,Awareness Video,5950,76,66,45.32
2026-03-03,Email,Newsletter,816,31,31,6.5
2026-03-14,Organic Search,SEO Comparison,969,31,31,0.0
2026-01-03,Direct,Returning Visitors,18,18,18,0.0
2025-12-19,Google Ads,High Intent Search,995,42,37,93.34
2026-05-06,Direct,Returning Visitors,59,59,59,0.0
2026-02-22,Organic Search,SEO Guides,2938,94,94,0.0
2026-02-12,Referral,Partner Network,18,18,18,14.26
2026-01-01,Google Ads,Restaurant Operations,264,13,11,29.68
2025-12-29,Referral,Customer Referral,9,9,9,0.0
2026-03-06,Organic Search,SEO Guides,3781,121,121,0.0
2026-03-25,Google Ads,High Intent Search,858,41,36,91.39
2026-06-19,Meta Ads,Lead Magnet,3610,42,38,29.7
2026-05-07,Google Ads,Competitor Search,354,16,14,49.31
2026-05-28,LinkedIn Ads,Operations Leaders,986,7,7,46.74
2026-06-30,Organic Search,SEO Comparison,1844,59,59,0.0
2026-01-08,Direct,Demo Page Direct,35,35,35,0.0
2026-01-06,Direct,Returning Visitors,44,44,44,0.0
2025-12-12,Google Ads,High Intent Search,973,44,41,105.55
2025-12-24,Email,Newsletter,368,14,14,6.5
2026-01-27,Direct,Returning Visitors,53,53,53,0.0
2026-01-14,LinkedIn Ads,Decision Makers,1176,8,7,61.29
2025-11-06,Google Ads,Competitor Search,396,17,15,49.25
2026-06-21,Direct,Returning Visitors,46,46,46,0.0
2026-01-26,Meta Ads,Lead Magnet,4586,56,49,39.74
2026-01-05,LinkedIn Ads,Operations Leaders,807,6,6,40.08
2026-05-31,Linkedin Ads,SMB Growth,649,5,4,27.08
2025-12-17,Referral,Partner Network,11,11,11,16.96
2026-03-08,Meta Ads,Retargeting,1460,18,17,17.81
2026-05-06,Email,Newsletter,1105,42,42,6.5
2026-03-25,Direct,Demo Page Direct,32,32,32,0.0
2026-02-16,LinkedIn Ads,SMB Growth,913,6,5,34.72
2025-11-23,Referral,Partner Network,15,15,15,10.02
2026-06-01,Referral,Industry Events,15,15,15,0.0
2026-01-22,google ads,High Intent Search,928,42,37,97.49
2026-05-19,Email,Reactivation,421,16,16,6.5
2026-02-03,LinkedIn Ads,Operations Leaders,1004,6,6,37.95
2026-05-26,Email,Reactivation,632,24,24,6.5
2026-05-20,Organic Search,SEO Guides,4625,148,148,0.0
2025-12-03,Google Ads,High Intent Search,991,39,35,84.57
2025-11-17,Direct,Brand Direct,88,88,88,0.0
2026-06-24,Direct,Brand Direct,138,138,138,0.0
2026-05-18,Referral,Customer Referral,12,12,12,0.0
2026-03-05,Email,Reactivation,447,17,17,6.5
2026-02-07,Organic Search,SEO Product Pages,3438,110,110,0.0
2026-01-07,Referral,Partner Network,10,10,10,16.22
2026-01-31,Google Ads,High Intent Search,902,36,32,68.72
2025-12-29,Organic Search,SEO Product Pages,2219,71,71,0.0
2026-05-07,Referral,Partner Network,23,23,23,15.45
2026-04-09,Organic Search,SEO Guides,3688,118,118,0.0
2026-05-03,Direct,Brand Direct,92,92,92,0.0
2026-03-08,Email,Newsletter,553,21,21,6.5
2026-03-13,LinkedIn Ads,Operations Leaders,844,7,6,48.51
2025-12-12,Direct,Returning Visitors,41,41,41,0.0
2026-03-20,linkedin ads,Operations Leaders,922,7,6,46.82
2026-04-03,Direct,Returning Visitors,55,55,55,0.0
2026-04-26,Referral,Customer Referral,8,8,8,0.0
2026-06-24,Organic Search,SEO Guides,4344,139,139,0.0
2026-05-31,Google Ads,High Intent Search,677,32,28,71.33
2026-05-09,Referral,Partner Network,15,15,15,13.88
2025-11-29,Organic Search,SEO Product Pages,2375,76,76,0.0
2025-11-17,LinkedIn Ads,Decision Makers,1109,8,7,60.57
2026-06-05,LinkedIn Ads,SMB Growth,699,5,5,33.44
2026-04-05,Email,Reactivation,447,17,17,6.5
2026-04-01,Email,Lead Nurture,632,24,24,6.5
2026-02-01,Meta Ads,Retargeting,1516,20,18,16.94
2025-11-10,Google Ads,Competitor Search,392,19,18,47.38
2025-12-22,Meta Ads,Awareness Video,3906,51,44,31.01
2026-02-26,Referral,Customer Referral,17,17,17,0.0
2025-11-04,Referral,Customer Referral,18,18,18,0.0
2026-06-20,Google Ads,High Intent Search,777,36,31,82.73
2025-12-17,Direct,Returning Visitors,55,55,55,0.0
2026-06-07,Direct,Demo Page Direct,26,26,26,0.0
2026-01-12,Direct,Demo Page Direct,35,35,35,0.0
2026-02-03,Meta Ads,Retargeting,2521,30,26,25.41
2026-01-03,Google Ads,High Intent Search,316,14,13,32.86
2026-06-08,Organic Search,SEO Comparison,1312,42,42,0.0
2026-03-25,Referral,Partner Network,14,14,14,15.17
2026-04-14,Organic Search,SEO Product Pages,4719,151,151,0.0
2026-04-13,Direct,Returning Visitors,55,55,55,0.0
2025-11-15,Google Ads,Restaurant Operations,408,17,15,33.66
2026-04-19,Referral,Industry Events,7,7,7,1126.33
2026-06-19,Google Ads,Restaurant Operations,498,23,20,43.99
2026-05-18,LinkedIn Ads,Operations Leaders,780,5,4,35.07
2026-06-14,Google Ads,Restaurant Operations,362,17,16,37.61
2026-05-05,Email,Newsletter,816,31,31,6.5
2026-02-20,Organic Search,SEO Comparison,1562,50,50,0.0
2026-05-05,Google Ads,Competitor Search,357,17,15,53.78
2026-05-17,Meta Ads,Retargeting,2069,26,24,20.73
2026-04-16,Google Ads,High Intent Search,800,37,33,88.82
2026-02-22,LinkedIn Ads,SMB Growth,408,3,3,22.1
2026-03-01,Organic Search,SEO Guides,2875,92,92,0.0
2025-12-01,Referral,Partner Network,21,21,21,16.26
2026-01-16,Direct,Returning Visitors,50,50,50,0.0
2026-01-17,Meta Ads,Retargeting,1298,16,14,14.4
2026-04-21,Organic Search,SEO Comparison,1500,48,48,0.0
2025-12-28,Meta Ads,Lead Magnet,1359,18,16,13.95
2026-01-24,Meta Ads,Retargeting,1856,21,19,18.23
2025-12-11,Organic Search,SEO Product Pages,4656,149,149,0.0
2026-05-17,Meta Ads,Awareness Video,5276,68,59,40.17
2026-04-14,Google Ads,High Intent Search,989,43,38,97.85
2026-03-27,Meta Ads,Lead Magnet,3772,44,39,31.25
2026-05-02,Google Ads,Competitor Search,195,9,8,27.31
2026-02-01,Direct,Returning Visitors,32,32,32,0.0
2026-04-06,Organic Search,SEO Product Pages,4812,154,154,0.0
2026-05-14,Referral,Customer Referral,8,8,8,0.0
2026-01-16,Google Ads,High Intent Search,910,39,35,91.67
2026-03-19,Direct,Brand Direct,100,100,100,0.0
2026-06-03,Email,Reactivation,737,28,28,6.5
2026-04-13,Direct,Demo Page Direct,28,28,28,0.0
2026-03-15,Google Ads,Competitor Search,275,13,12,40.04
2026-01-26,Email,Lead Nurture,816,31,31,6.5
2026-05-21,Organic Search,SEO Guides,3719,119,119,0.0
2026-03-10,Direct,Brand Direct,106,106,106,0.0
2026-05-15,Organic Search,SEO Guides,4156,133,133,0.0
2025-12-25,LinkedIn Ads,Operations Leaders,421,3,3,19.03
2026-06-22,Meta Ads,Awareness Video,11760,136,119,78.67
2025-11-21,Email,Newsletter,658,25,25,6.5
2026-03-03,Referral,Industry Events,14,14,14,0.0
2026-04-12,Organic Search,SEO Comparison,875,28,28,0.0
2026-01-13,Google Ads,Competitor Search,421,17,16,54.59
2025-11-11,Referral,Partner Network,11,11,11,11.47
2026-03-23,LinkedIn Ads,Operations Leaders,872,6,5,37.79
2025-12-25,Direct,Returning Visitors,33,33,33,0.0
2026-02-20,Referral,Customer Referral,15,15,15,0.0
2026-04-03,Meta Ads,Awareness Video,7809,106,94,63.03
2026-01-17,Organic Search,SEO Product Pages,2812,90,90,0.0
2025-11-28,Referral,Customer Referral,18,18,18,0.0
2025-12-26,Email,Newsletter,474,18,18,6.5
2026-04-04,LinkedIn Ads,Operations Leaders,557,4,4,27.18
2026-03-26,Google Ads,High Intent Search,822,39,35,85.12
2026-03-20,LinkedIn Ads,SMB Growth,765,6,5,34.41
2026-06-07,Email,Reactivation,526,20,20,6.5
2025-11-28,Referral,Partner Network,15,15,15,13.54
2025-11-26,Meta Ads,Awareness Video,8418,113,102,68.09
2026-06-10,Email,Newsletter,1158,44,44,6.5
2026-05-16,Google Ads,Competitor Search,285,12,10,36.56
2026-04-03,Meta Ads,Lead Magnet,4624,50,44,40.7
2026-06-26,Google Ads,Competitor Search,457,24,21,67.62
2026-06-16,LinkedIn Ads,Operations Leaders,994,7,6,43.23
2026-06-02,Meta Ads,Lead Magnet,4361,50,44,40.17
2026-05-11,Meta Ads,Retargeting,1814,22,19,21.1
2026-02-17,Google Ads,Restaurant Operations,486,21,19,47.57
2026-01-11,Meta Ads,Lead Magnet,3087,36,33,25.93
2025-12-02,LinkedIn Ads,Decision Makers,839,6,5,47.71
2026-01-28,Meta Ads,Retargeting,2429,27,24,23.32
2025-11-13,Organic Search,SEO Product Pages,4156,133,133,0.0
2026-03-01,Meta Ads,Retargeting,1352,17,15,15.6
2026-05-29,linkedin ads,Operations Leaders,891,6,6,37.68
2026-04-08,Direct,Brand Direct,114,114,114,0.0
2026-04-21,Meta Ads,Awareness Video,8737,111,101,62.17
2025-12-13,Referral,Customer Referral,10,10,10,0.0
2026-06-24,Direct,Returning Visitors,64,64,64,0.0
2025-11-16,Google Ads,Competitor Search,278,11,10,31.86
2026-06-05,Direct,Demo Page Direct,35,35,35,0.0
2026-03-11,Google Ads,Restaurant Operations,603,23,21,47.93
2026-02-21,Referral,Partner Network,12,12,12,12.35
2026-05-30,Google Ads,Competitor Search,331,14,13,36.92
2025-11-24,Direct,Brand Direct,94,94,94,0.0
2025-11-27,Meta Ads,Lead Magnet,2559,28,25,24.17
2026-02-15,LinkedIn Ads,Decision Makers,987,7,6,48.2
2026-01-07,Meta Ads,Lead Magnet,3160,42,37,30.7
2026-03-23,Email,Lead Nurture,842,32,32,6.5
2026-06-03,Direct,Returning Visitors,68,68,68,0.0
2026-01-01,Email,Newsletter,421,16,16,6.5
2026-06-14,Meta Ads,Retargeting,2141,23,21,20.56
2025-12-28,Email,Newsletter,474,18,18,6.5
2026-05-26,Organic Search,SEO Comparison,1688,54,54,0.0
2026-01-16,Referral,Partner Network,13,13,13,15.96
2026-02-07,Direct,Returning Visitors,34,34,34,0.0
2026-04-04,Organic Search,SEO Guides,2844,91,91,0.0
2025-12-25,Direct,Demo Page Direct,11,11,11,0.0
2026-04-04,Organic Search,SEO Product Pages,3031,97,97,0.0
2026-02-15,Organic Search,SEO Product Pages,2594,83,83,0.0
2025-12-15,Organic Search,SEO Guides,3844,123,123,0.0
2026-05-29,LinkedIn Ads,SMB Growth,953,6,5,34.42
2025-12-05,Email,Lead Nurture,553,21,21,6.5
2026-04-01,Referral,Industry Events,8,8,8,0.0
2026-06-13,Organic Search,SEO Product Pages,3188,102,102,0.0
2026-06-05,Meta Ads,Retargeting,3237,35,32,28.45
2025-12-16,Email,Newsletter,868,33,33,6.5
2026-06-29,Email,Newsletter,1132,43,43,6.5
2026-04-16,Email,Lead Nurture,868,33,33,6.5
2026-03-07,Direct,Returning Visitors,45,45,45,0.0
2026-04-15,Email,Lead Nurture,500,19,19,6.5
2025-12-13,Google Ads,Restaurant Operations,282,14,13,31.5
2025-11-22,LinkedIn Ads,Decision Makers,645,4,4,29.17
2026-03-04,Direct,Demo Page Direct,26,26,26,0.0
2026-01-21,Meta Ads,Awareness Video,7604,89,79,54.69
2026-02-05,Google Ads,High Intent Search,776,34,31,78.71
2025-12-10,Referral,Partner Network,14,14,14,14.5
2026-02-18,Direct,Demo Page Direct,35,35,35,0.0
2026-03-16,Meta Ads,Lead Magnet,3861,52,46,38.32
2026-05-10,Google Ads,Competitor Search,316,14,13,42.57
2026-04-14,Direct,Brand Direct,126,126,126,0.0
2026-03-09,Direct,Returning Visitors,52,52,52,0.0
2026-02-05,Meta Ads,Retargeting,1810,23,21,21.74
2026-03-17,Referral,Industry Events,9,9,9,0.0
2026-05-09,Meta Ads,Lead Magnet,3280,38,33,26.2
2026-04-18,Direct,Demo Page Direct,25,25,25,0.0
2026-03-13,Meta Ads,Lead Magnet,4427,51,46,39.84
2026-02-08,Referral,Partner Network,20,20,20,10.57
2025-12-18,Organic Search,SEO Product Pages,4094,131,131,0.0
2025-12-01,LinkedIn Ads,Decision Makers,1054,7,6,53.81
2026-02-18,LinkedIn Ads,Decision Makers,822,6,5,49.14
2026-03-27,Email,Reactivation,421,16,16,6.5
2025-11-25,Referral,Customer Referral,15,15,15,0.0
2026-01-27,Meta Ads,Retargeting,1713,21,19,19.53
2026-02-09,Organic Search,SEO Guides,3188,102,102,0.0
2026-05-18,Email,Lead Nurture,816,31,31,6.5
2026-05-19,Direct,Returning Visitors,65,65,65,0.0
2026-02-20,Referral,Partner Network,17,17,17,17.13
2026-03-12,Email,Newsletter,1158,44,44,6.5
2026-04-08,Organic Search,SEO Product Pages,4312,138,138,0.0
2026-04-08,Referral,Partner Network,24,24,24,17.98
2026-05-26,Email,Newsletter,1184,45,45,6.5
2026-04-09,Referral,Customer Referral,16,16,16,0.0
2026-05-13,LinkedIn Ads,Decision Makers,1572,11,10,83.33
2026-01-27,Organic Search,SEO Product Pages,3344,107,107,0.0
2026-03-10,Meta Ads,Lead Magnet,5181,60,56,43.58
2026-03-02,Google Ads,Restaurant Operations,470,22,19,43.89
2026-03-15,Direct,Returning Visitors,38,38,38,0.0
2026-04-16,Organic Search,SEO Guides,3688,118,118,0.0
2025-11-20,Organic Search,SEO Guides,3594,115,115,0.0
2025-11-20,Meta Ads,Lead Magnet,2619,33,31,25.93
2025-11-19,Referral,Customer Referral,9,9,9,0.0
2025-11-28,Organic Search,SEO Guides,3250,104,104,0.0
2026-05-18,Direct,Demo Page Direct,24,24,24,0.0
2026-05-01,Organic Search,SEO Comparison,1375,44,44,0.0
2026-02-15,Direct,Returning Visitors,37,37,37,0.0
2026-05-12,Organic Search,SEO Comparison,1625,52,52,0.0
2026-04-28,Organic Search,SEO Product Pages,4438,142,142,0.0
2026-05-07,Meta Ads,Awareness Video,9794,121,110,74.62
2025-12-24,Email,Lead Nurture,632,24,24,6.5
2026-03-06,Google Ads,Restaurant Operations,512,22,21,44.54
2026-02-20,Direct,Demo Page Direct,35,35,35,0.0
2025-12-22,Email,Lead Nurture,289,11,11,6.5
2026-05-23,Email,Newsletter,737,28,28,6.5
2026-03-16,Google Ads,Competitor Search,386,16,14,46.7
2025-11-28,Direct,Brand Direct,81,81,81,0.0
2025-12-14,Referral,Customer Referral,6,6,6,0.0
2026-06-05,LinkedIn Ads,Decision Makers,962,7,6,59.24
2026-01-18,Meta Ads,Awareness Video,5734,76,68,45.97
2026-01-23,Direct,Returning Visitors,42,42,42,0.0
2026-02-04,Google Ads,Competitor Search,334,15,14,43.3
2026-06-30,Organic Search,SEO Product Pages,4875,156,156,0.0
2026-03-11,Direct,Brand Direct,129,129,129,0.0
2026-03-30,Direct,Returning Visitors,49,49,49,0.0
2025-12-28,LinkedIn Ads,Operations Leaders,288,2,2,13.62
2026-03-28,Direct,Demo Page Direct,21,21,21,0.0
2026-01-10,Google Ads,Competitor Search,286,12,10,36.87
2026-06-28,Meta Ads,Lead Magnet,3110,36,32,27.66
2026-02-22,Google Ads,Competitor Search,301,13,12,34.18
2026-02-16,Direct,Returning Visitors,47,47,47,0.0
2026-04-07,LinkedIn Ads,SMB Growth,905,6,6,35.9
2026-05-22,Organic Search,SEO Guides,4781,153,153,0.0
2025-12-20,Meta Ads,Awareness Video,6213,78,68,43.39
2026-03-07,Meta Ads,Awareness Video,5908,81,74,51.65
2026-02-08,Email,Lead Nurture,605,23,23,6.5
2026-06-03,Google Ads,Restaurant Operations,668,25,23,52.52
2025-12-16,LinkedIn Ads,Decision Makers,1333,8,7,58.16
2026-01-03,Organic Search,SEO Guides,1344,43,43,0.0
2026-05-26,Google Ads,Restaurant Operations,541,26,24,52.52
2025-12-28,Referral,Partner Network,10,10,10,6.03
2026-06-05,Google Ads,Restaurant Operations,642,27,25,54.7
2026-06-25,Direct,Returning Visitors,63,63,63,0.0
2026-06-09,LinkedIn Ads,Operations Leaders,1078,7,6,41.7
2025-11-14,Google Ads,Competitor Search,324,13,11,42.4
2026-04-02,Referral,Customer Referral,18,18,18,0.0
2026-03-31,Organic Search,SEO Product Pages,3906,125,125,0.0
2026-05-19,Meta Ads,Awareness Video,9908,110,99,69.18
2026-05-08,Direct,Demo Page Direct,21,21,21,0.0
2026-04-22,Email,Newsletter,1053,40,40,6.5
2026-06-15,LinkedIn Ads,Operations Leaders,825,6,5,45.18
2026-04-21,Meta Ads,Lead Magnet,3088,43,38,31.6
2026-04-18,Organic Search,SEO Comparison,1000,32,32,0.0
2025-11-17,Referral,Partner Network,17,17,17,14.79
2026-04-29,Organic Search,SEO Guides,4062,130,130,0.0
2026-03-15,Referral,Industry Events,13,13,13,0.0
2025-12-03,Organic Search,SEO Guides,3844,123,123,0.0
2025-11-29,Organic Search,SEO Guides,2344,75,75,0.0
2026-05-08,Email,Lead Nurture,842,32,32,6.5
2026-02-18,Meta Ads,Awareness Video,7468,92,83,61.29
2026-05-29,Organic Search,SEO Guides,3406,109,109,0.0
2026-03-20,Email,Reactivation,342,13,13,6.5
2025-11-25,Google Ads,Restaurant Operations,330,16,14,34.65
2026-02-01,Organic Search,SEO Comparison,1156,37,37,0.0
2026-06-15,Organic Search,SEO Comparison,1562,50,50,0.0
2026-05-09,Meta Ads,Retargeting,1175,14,13,13.79
2026-02-18,Organic Search,SEO Comparison,1500,48,48,0.0
2026-02-04,LinkedIn Ads,SMB Growth,868,6,5,33.27
2026-06-20,google ads,Competitor Search,177,9,8,28.62
2026-01-26,Referral,Partner Network,17,17,17,12.49
2026-03-14,Google Ads,Competitor Search,258,12,11,37.77
2025-12-19,Email,Newsletter,711,27,27,6.5
2026-06-14,Direct,Brand Direct,79,79,79,0.0
2026-02-18,Meta Ads,Lead Magnet,3157,38,33,28.5
2026-06-08,LinkedIn Ads,SMB Growth,691,5,5,32.58
2026-03-07,Google Ads,Competitor Search,312,13,12,39.49
2026-03-21,Meta Ads,Awareness Video,7945,95,83,53.25
2026-02-28,Meta Ads,Lead Magnet,3582,39,34,26.88
2026-06-30,LinkedIn Ads,SMB Growth,760,5,4,32.32
2026-02-06,LinkedIn Ads,Decision Makers,1246,10,9,71.75
2026-05-23,Organic Search,SEO Product Pages,3500,112,112,0.0
2026-05-09,Organic Search,SEO Comparison,1312,42,42,0.0
2025-12-29,Google Ads,Competitor Search,213,9,8,27.63
2026-04-20,LinkedIn Ads,Operations Leaders,647,5,5,40.33
2026-04-10,Email,Lead Nurture,947,36,36,6.5
2025-11-04,Meta Ads,Lead Magnet,3060,42,38,28.84
2025-12-28,Email,Lead Nurture,237,9,9,6.5
2026-04-23,Google Ads,Competitor Search,309,13,12,41.47
2026-04-22,LinkedIn Ads,Operations Leaders,517,4,4,30.73
2026-04-17,Email,Newsletter,711,27,27,6.5
2025-12-02,Meta Ads,Awareness Video,8766,99,89,58.84
2025-11-25,Meta Ads,Lead Magnet,4067,54,48,37.69
2026-05-28,LinkedIn Ads,Decision Makers,1140,8,7,59.92
2025-11-02,Meta Ads,Lead Magnet,2283,32,29,24.4
2026-01-30,Referral,Partner Network,10,10,10,14.26
2026-04-07,Referral,Customer Referral,13,13,13,0.0
2026-04-04,Email,Lead Nurture,368,14,14,6.5
2026-03-01,Google Ads,Competitor Search,275,12,11,33.19
2026-03-25,Referral,Industry Events,13,13,13,0.0
2026-02-02,Referral,Partner Network,14,14,14,13.25
2025-12-21,Direct,Returning Visitors,26,26,26,0.0
2026-02-01,Organic Search,SEO Guides,3125,100,100,0.0
2026-05-02,Organic Search,SEO Product Pages,3688,118,118,0.0
2026-02-16,Email,Newsletter,658,25,25,6.5
2026-04-11,Referral,Industry Events,6,6,6,0.0
2026-05-03,Email,Reactivation,447,17,17,6.5
2026-02-09,LinkedIn Ads,SMB Growth,802,5,4,34.45
2026-01-22,Direct,Demo Page Direct,29,29,29,0.0
2026-04-21,Email,Reactivation,500,19,19,6.5
2025-11-17,Organic Search,SEO Guides,3062,98,98,0.0
2026-02-17,Direct,Returning Visitors,43,43,43,0.0
2025-12-14,Google Ads,High Intent Search,610,27,24,64.05
2026-04-30,Email,Reactivation,526,20,20,6.5
2026-03-06,Referral,Customer Referral,15,15,15,0.0
2026-04-01,Google Ads,High Intent Search,768,36,31,85.27
2026-04-04,Referral,Industry Events,11,11,11,0.0
2026-03-12,LinkedIn Ads,SMB Growth,702,5,4,28.91
2026-03-15,Direct,Demo Page Direct,19,19,19,0.0
2026-03-19,Organic Search,SEO Guides,4344,139,139,0.0
2026-01-02,Organic Search,SEO Product Pages,2344,75,75,0.0
2025-12-22,Direct,Brand Direct,58,58,58,0.0
2026-04-09,Meta Ads,Awareness Video,7154,89,82,59.2
2025-12-14,LinkedIn Ads,Decision Makers,895,6,5,40.79
2026-03-30,LinkedIn Ads,SMB Growth,847,6,6,33.66
2026-01-02,LinkedIn Ads,Operations Leaders,420,3,3,18.75
2026-04-11,Organic Search,SEO Guides,2750,88,88,0.0
2025-12-11,Email,Lead Nurture,605,23,23,6.5
2025-12-11,Direct,Demo Page Direct,22,22,22,0.0
2026-05-05,Organic Search,SEO Guides,4344,139,139,0.0
2025-12-08,Direct,Demo Page Direct,35,35,35,0.0
2026-06-29,Google Ads,High Intent Search,831,38,33,93.97
2026-01-14,LinkedIn Ads,Operations Leaders,1233,7,6,49.91
2026-02-25,LinkedIn Ads,Operations Leaders,867,6,5,39.47
2025-12-06,Direct,Demo Page Direct,12,12,12,0.0
2026-03-16,Referral,Customer Referral,7,7,7,0.0
2026-03-26,Organic Search,SEO Comparison,1750,56,56,0.0
2026-04-10,Meta Ads,Retargeting,1740,21,19,18.74
2026-02-15,Referral,Industry Events,5,5,5,0.0
2026-04-07,LinkedIn Ads,Decision Makers,1177,8,7,66.21
2026-05-19,LinkedIn Ads,Operations Leaders,1025,7,6,46.66
2026-05-05,Email,Lead Nurture,868,33,33,6.5
2026-01-02,Email,Newsletter,447,17,17,6.5
2025-12-01,Direct,Brand Direct,104,104,104,0.0
2026-06-11,Email,Reactivation,395,15,15,6.5
2026-02-25,Google Ads,High Intent Search,986,44,38,108.73
2026-01-25,Referral,Partner Network,11,11,11,11.57
2026-03-14,Email,Reactivation,263,10,10,6.5
2026-01-29,Referral,Customer Referral,14,14,14,0.0
2026-05-29,Organic Search,SEO Product Pages,4875,156,156,0.0
2026-04-29,LinkedIn Ads,Decision Makers,1340,10,9,69.42
2026-01-25,Meta Ads,Lead Magnet,2357,28,24,21.39
2026-02-15,Organic Search,SEO Comparison,1219,39,39,0.0
2026-04-15,Direct,Brand Direct,102,102,102,0.0
2026-04-20,Referral,Customer Referral,9,9,9,0.0
2026-06-13,Meta Ads,Lead Magnet,2304,29,25,22.85
2026-04-08,Google Ads,Competitor Search,477,21,18,63.04
2025-11-24,Referral,Customer Referral,12,12,12,0.0
2026-02-08,Email,Newsletter,632,24,24,6.5
2026-01-28,Email,Lead Nurture,895,34,34,6.5
2025-11-08,Google Ads,Competitor Search,272,13,11,34.22
2026-05-02,Direct,Returning Visitors,45,45,45,0.0
2026-06-07,Direct,Brand Direct,79,79,79,0.0
2026-01-15,Referral,Partner Network,18,18,18,17.65
2026-05-14,Meta Ads,Awareness Video,11775,133,122,74.54
2025-12-08,LinkedIn Ads,Decision Makers,885,6,5,48.49
2026-03-28,Organic Search,SEO Product Pages,3375,108,108,0.0
2026-06-03,LinkedIn Ads,SMB Growth,890,7,7,41.0
2026-01-14,Google Ads,Competitor Search,353,19,17,55.42
2026-06-02,Referral,Industry Events,14,14,14,0.0
2026-03-28,Referral,Partner Network,13,13,13,12.64
2026-03-04,Direct,Returning Visitors,48,48,48,0.0
2026-05-13,Meta Ads,Awareness Video,10156,113,98,62.27
2026-02-24,Organic Search,SEO Product Pages,3906,125,125,0.0
2026-05-01,Google Ads,Restaurant Operations,514,22,19,46.62
2026-04-26,Email,Lead Nurture,684,26,26,6.5
2026-06-12,Organic Search,SEO Comparison,1844,59,59,0.0
2026-06-23,Email,Lead Nurture,737,28,28,6.5
2026-05-02,Direct,Demo Page Direct,21,21,21,0.0
2025-11-07,Email,Newsletter,632,24,24,6.5
2026-03-17,Meta Ads,Awareness Video,8899,103,93,60.78
2026-05-04,Email,Newsletter,1026,39,39,6.5
2026-04-30,Referral,Partner Network,18,18,18,14.98
2026-03-24,Google Ads,Competitor Search,407,18,17,54.66
2026-01-27,Organic Search,SEO Guides,3844,123,123,0.0
2026-05-23,Google Ads,Restaurant Operations,408,20,18,45.26
2026-01-01,Google Ads,High Intent Search,406,21,18,49.17
2026-05-26,Email,Lead Nurture,658,25,25,6.5
2026-02-21,Meta Ads,Retargeting,1227,15,13,14.66
2026-06-13,Email,Lead Nurture,316,12,12,6.5
2026-01-31,Meta ads ,Retargeting,1374,16,14,14.22
2026-02-28,LinkedIn Ads,Decision Makers,891,6,6,50.44
2026-05-04,Referral,Partner Network,19,19,19,18.51
2026-01-14,Organic Search,SEO Guides,3625,116,116,0.0
2026-01-20,Email,Newsletter,895,34,34,6.5
2026-02-13,Meta Ads,Awareness Video,8103,102,95,62.0
2026-02-27,Google Ads,Competitor Search,447,19,17,51.19
2026-01-21,Email,Lead Nurture,789,30,30,6.5
2026-04-18,Google Ads,High Intent Search,742,29,27,72.47
2026-03-16,LinkedIn Ads,Operations Leaders,974,7,6,49.68
2026-05-13,Google Ads,Competitor Search,408,19,17,64.29
2025-12-24,Organic Search,SEO Guides,2188,70,70,0.0
2026-02-22,Referral,Customer Referral,13,13,13,0.0
2026-06-22,LinkedIn Ads,Decision Makers,1214,9,8,71.41
2026-06-09,Direct,Demo Page Direct,28,28,28,0.0
2026-03-18,Meta Ads,Retargeting,2581,32,28,25.81
2026-03-30,Meta Ads,Awareness Video,10627,118,109,72.91
2026-04-17,Email,Reactivation,368,14,14,6.5
2026-02-03,LinkedIn Ads,Decision Makers,1260,9,8,62.66
2026-05-01,Direct,Demo Page Direct,24,24,24,0.0
2026-03-12,Google Ads,High Intent Search,948,42,37,102.35
2026-03-17,Email,Lead Nurture,632,24,24,6.5
2025-11-18,Email,Newsletter,868,33,33,6.5
2026-01-27,LinkedIn Ads,Decision Makers,947,6,6,50.05
2026-01-06,Google Ads,Restaurant Operations,528,22,21,46.34
2026-05-09,Meta Ads,Awareness Video,10130,127,109,66.3
2026-06-28,Referral,Industry Events,11,11,11,0.0
2026-05-15,Meta Ads,Awareness Video,9331,106,92,60.84
2026-02-18,Email,Reactivation,368,14,14,6.5
2025-12-30,Google Ads,Restaurant Operations,277,11,10,23.18
2026-06-07,Google Ads,Competitor Search,266,13,12,40.31
2026-03-01,Direct,Brand Direct,93,93,93,0.0
2026-06-15,Email,Reactivation,368,14,14,6.5
2026-03-13,LinkedIn Ads,SMB Growth,775,5,5,34.2
2025-11-16,LinkedIn Ads,Decision Makers,1137,6,5,42.55
2025-12-20,Email,Newsletter,579,22,22,6.5
2026-03-12,LinkedIn Ads,Decision Makers,1215,9,8,62.91
2026-06-06,Direct,Returning Visitors,27,27,27,0.0
2026-06-08,Google Ads,High Intent Search,886,45,39,93.94
2025-11-15,Email,Newsletter,579,22,22,6.5
2026-02-28,Email,Reactivation,211,8,8,6.5
2026-06-02,Google Ads,Restaurant Operations,571,25,22,54.3
2026-01-04,Direct,Brand Direct,63,63,63,0.0
2026-04-27,Direct,Demo Page Direct,34,34,34,0.0
2025-11-27,Email,Newsletter,737,28,28,6.5
2025-12-22,Direct,Returning Visitors,22,22,22,0.0
2026-04-29,Referral,Customer Referral,18,18,18,0.0
2026-03-23,Organic Search,SEO Guides,4500,144,144,0.0
2026-02-19,Google Ads,Restaurant Operations,603,22,19,45.0
2026-01-07,Google Ads,Restaurant Operations,373,19,16,41.19
2026-04-07,Google Ads,Competitor Search,341,15,13,46.13
2025-12-20,Direct,Demo Page Direct,12,12,12,0.0
2026-06-29,Google Ads,Competitor Search,346,17,15,43.96
2026-03-21,Email,Reactivation,368,14,14,6.5
2026-04-18,LinkedIn Ads,Decision Makers,837,6,5,46.1
2026-01-23,LinkedIn Ads,SMB Growth,675,5,5,32.68
2026-03-11,Referral,Customer Referral,11,11,11,0.0
2026-01-07,Google Ads,High Intent Search,882,39,37,100.06
2026-06-04,Referral,Customer Referral,14,14,14,0.0
2026-03-05,LinkedIn Ads,Operations Leaders,1003,7,6,48.48
2026-02-21,Google Ads,Competitor Search,271,11,10,32.78
2026-01-11,Direct,Returning Visitors,34,34,34,0.0
2026-02-02,Direct,Returning Visitors,43,43,43,0.0
2026-05-30,Organic Search,SEO Comparison,1438,46,46,0.0
2025-11-07,Meta Ads,Lead Magnet,3199,40,37,28.91
2026-05-10,Email,Lead Nurture,553,21,21,6.5
2026-01-13,Email,Lead Nurture,500,19,19,6.5
2026-06-11,Email,Newsletter,816,31,31,6.5
2026-05-09,Direct,Demo Page Direct,21,21,21,0.0
2026-02-14,Meta Ads,Awareness Video,6567,75,65,45.42
2026-03-04,Direct,Brand Direct,112,112,112,0.0
2026-05-08,Meta Ads,Retargeting,1665,23,21,22.22
2026-03-15,Email,Reactivation,237,9,9,6.5
2026-04-28,Organic Search,SEO Comparison,1781,57,57,0.0
2026-03-16,Organic Search,SEO Product Pages,4500,144,144,0.0
2026-01-19,Organic Search,SEO Guides,4062,130,130,0.0
2026-06-21,Referral,Partner Network,15,15,15,10.57
2026-01-24,Meta Ads,Awareness Video,7456,89,83,48.69
2025-12-05,Meta Ads,Awareness Video,7671,94,83,55.11
2026-01-20,LinkedIn Ads,Decision Makers,903,7,6,46.16
2026-02-19,Direct,Returning Visitors,54,54,54,0.0
2025-12-24,Google Ads,High Intent Search,476,21,19,45.97
2026-04-17,Organic Search,SEO Guides,3750,120,120,0.0
2026-01-15,Google Ads,Restaurant Operations,523,22,19,47.07
2026-05-30,Organic Search,SEO Product Pages,2812,90,90,0.0
2025-11-30,Google Ads,Competitor Search,227,9,8,25.9
2026-02-25,Direct,Demo Page Direct,33,33,33,0.0
2026-03-23,Referral,Customer Referral,6,6,6,0.0
2026-04-14,Direct,Returning Visitors,59,59,59,0.0
2026-06-02,Meta Ads,Retargeting,1691,20,18,18.5
2026-03-12,Direct,Demo Page Direct,30,30,30,0.0
2025-12-29,Direct,Demo Page Direct,13,13,13,0.0
2026-06-28,Email,Lead Nurture,579,22,22,6.5
2026-05-21,Meta Ads,Retargeting,2029,26,23,22.62
2026-05-24,LinkedIn Ads,Decision Makers,1177,8,7,57.5
2026-06-16,Referral,Customer Referral,19,19,19,0.0
2026-03-24,Google Ads,Restaurant Operations,469,19,16,42.77
2026-03-21,Organic Search,SEO Comparison,875,28,28,0.0
2025-12-25,Direct,Brand Direct,51,51,51,0.0
2026-04-27,Referral,Industry Events,12,12,12,0.0
2026-05-11,Organic Search,SEO Product Pages,4500,144,144,0.0
2026-04-25,Google Ads,Competitor Search,229,12,11,34.76
2026-01-29,Direct,Returning Visitors,58,58,58,0.0
2026-06-07,Referral,Industry Events,6,6,6,0.0
2025-12-31,Direct,Demo Page Direct,12,12,12,0.0
2026-02-21,Email,Reactivation,421,16,16,6.5
2026-05-21,LinkedIn Ads,Operations Leaders,753,6,5,44.75
2026-01-23,Meta Ads,Retargeting,1824,23,20,19.92
2026-06-15,Email,Newsletter,895,34,34,6.5
2026-06-02,Google Ads,High Intent Search,901,43,38,102.23
2026-02-22,Google Ads,High Intent Search,641,31,27,75.62
2025-12-15,LinkedIn Ads,Decision Makers,1154,8,7,58.38
2025-11-12,Email,Newsletter,632,24,24,6.5
2026-04-07,Direct,Demo Page Direct,30,30,30,0.0
2026-05-22,LinkedIn Ads,SMB Growth,630,5,5,31.33
2026-03-16,Meta Ads,Retargeting,1791,24,22,21.49
2026-02-16,LinkedIn Ads,Operations Leaders,748,5,5,33.83
2025-12-01,Meta Ads,Awareness Video,8711,98,85,58.52
2026-04-05,Meta Ads,Lead Magnet,2898,30,27,22.38
2026-04-01,LinkedIn Ads,Decision Makers,1219,9,8,68.41
2026-02-08,Google Ads,Competitor Search,296,12,11,37.28
2026-06-05,Referral,Industry Events,18,18,18,1167.3
2026-04-10,Organic Search,SEO Guides,4062,130,130,0.0
2026-03-02,Meta Ads,Retargeting,1923,20,19,19.77
2026-03-23,Email,Newsletter,816,31,31,6.5
2026-06-09,Referral,Partner Network,23,23,23,18.93
2026-05-11,LinkedIn Ads,SMB Growth,783,6,5,37.97
2026-01-02,Referral,Partner Network,13,13,13,8.43
2026-02-28,Organic Search,SEO Guides,3094,99,99,0.0
2026-01-20,Direct,Brand Direct,114,114,114,0.0
2026-01-02,Direct,Demo Page Direct,11,11,11,0.0
2026-02-03,Email,Lead Nurture,737,28,28,6.5
2026-05-12,Referral,Customer Referral,15,15,15,0.0
2026-03-14,Direct,Demo Page Direct,12,12,12,0.0
2026-01-21,Referral,Customer Referral,19,19,19,0.0
2026-03-15,Google Ads,High Intent Search,750,38,35,81.3
2026-03-13,Direct,Demo Page Direct,31,31,31,0.0
2026-02-22,Referral,Partner Network,19,19,19,9.89
2026-01-16,Direct,Brand Direct,109,109,109,0.0
2026-02-13,Organic Search,SEO Product Pages,3656,117,117,0.0
2026-05-16,Referral,Customer Referral,8,8,8,0.0
2025-12-01,Google Ads,Competitor Search,344,16,14,45.65
2026-03-12,Direct,Returning Visitors,43,43,43,0.0
2026-01-28,Organic Search,SEO Guides,4281,137,137,0.0
2025-12-04,Organic Search,SEO Product Pages,4000,128,128,0.0
2025-11-05,Direct,Returning Visitors,41,41,41,0.0
2026-06-21,Organic Search,SEO Guides,3125,100,100,0.0
2026-06-28,LinkedIn Ads,Operations Leaders,517,4,4,29.48
2026-02-28,Direct,Demo Page Direct,19,19,19,0.0
2026-03-19,Meta Ads,Awareness Video,9985,125,113,80.76
2026-02-07,Meta Ads,Lead Magnet,2798,32,29,25.23
2026-05-30,Google Ads,Restaurant Operations,414,17,16,34.99
2025-12-05,Direct,Brand Direct,88,88,88,0.0
2025-11-23,Direct,Returning Visitors,27,27,27,0.0
2026-04-04,Referral,Customer Referral,8,8,8,0.0
2025-12-22,LinkedIn Ads,Decision Makers,420,3,3,24.83
2026-06-21,Organic Search,SEO Comparison,1594,51,51,0.0
2025-11-28,Meta Ads,Awareness Video,8832,96,86,53.2
2026-03-27,Direct,Brand Direct,127,127,127,0.0
2026-01-31,Referral,Partner Network,12,12,12,14.48
2026-03-10,Google Ads,High Intent Search,1024,49,43,119.36
2026-04-17,Organic Search,SEO Product Pages,4094,131,131,0.0
2026-04-05,Referral,Partner Network,13,13,13,9.6
2026-06-26,Direct,Brand Direct,118,118,118,0.0
2026-03-19,LinkedIn Ads,Operations Leaders,1177,7,6,44.59
2026-02-08,Referral,Customer Referral,9,9,9,0.0
2026-04-17,Google Ads,Restaurant Operations,529,22,20,49.58
2026-05-27,Meta Ads,Retargeting,2676,30,28,25.56
2026-04-15,Meta Ads,Retargeting,2635,30,28,27.44
2026-02-26,Meta Ads,Lead Magnet,2916,36,31,29.63
2026-03-14,Google Ads,Restaurant Operations,312,14,13,31.42
2026-05-09,Google Ads,Restaurant Operations,306,14,12,33.59
2026-05-24,Google Ads,High Intent Search,885,38,35,87.74
2026-06-23,Direct,Brand Direct,144,144,144,0.0
2026-06-29,Email,Reactivation,579,22,22,6.5
2026-06-05,Organic Search,SEO Guides,4750,152,152,0.0
2025-11-02,Meta Ads,Awareness Video,5161,64,57,36.24
2026-06-03,Organic Search,SEO Guides,4250,136,136,0.0
2026-01-02,Meta Ads,Awareness Video,4155,49,42,31.92
2026-05-14,Organic Search,SEO Guides,4219,135,135,0.0
2026-03-12,Meta Ads,Awareness Video,10443,124,113,75.0
2026-06-26,Meta Ads,Lead Magnet,6172,64,58,51.73
2026-06-13,Direct,Demo Page Direct,20,20,20,0.0
2026-04-11,Organic Search,SEO Product Pages,2656,85,85,0.0
2026-04-03,Direct,Demo Page Direct,35,35,35,0.0
2026-01-30,Referral,Customer Referral,7,7,7,0.0
2026-06-02,LinkedIn Ads,SMB Growth,1066,7,6,42.3
2026-03-25,LinkedIn Ads,SMB Growth,781,5,4,32.57
2026-05-16,LinkedIn Ads,Operations Leaders,739,5,5,32.01
2026-04-06,Organic Search,SEO Guides,3781,121,121,0.0
2026-03-19,Referral,Customer Referral,15,15,15,0.0
2026-01-30,Meta Ads,Retargeting,2003,28,24,24.61
2026-02-06,Meta Ads,Retargeting,2912,33,30,27.29
2026-05-15,Meta Ads,Lead Magnet,4177,51,45,35.86
2026-02-19,Organic Search,SEO Product Pages,3562,114,114,0.0
2026-02-04,Meta Ads,Retargeting,1943,23,20,21.58
2026-02-28,Meta Ads,Retargeting,1429,17,16,17.14
2026-01-17,Google Ads,High Intent Search,543,24,22,55.94
2025-12-21,Referral,Partner Network,8,8,8,11.7
2025-12-12,Meta Ads,Lead Magnet,3311,41,38,27.2
2026-05-05,Direct,Demo Page Direct,31,31,31,0.0
2026-04-21,Referral,Industry Events,11,11,11,0.0
2026-03-17,LinkedIn Ads,Operations Leaders,1360,8,7,51.65
2026-06-17,Direct,Brand Direct,122,122,122,0.0
2026-04-14,LinkedIn Ads,Decision Makers,1251,9,8,70.54
2026-02-23,Direct,Demo Page Direct,30,30,30,0.0
2026-03-07,LinkedIn Ads,SMB Growth,599,5,4,25.21
2026-03-18,Referral,Customer Referral,11,11,11,0.0
2025-11-23,Organic Search,SEO Guides,2688,86,86,0.0
2026-05-14,Direct,Demo Page Direct,31,31,31,0.0
2025-12-31,Email,Lead Nurture,368,14,14,6.5
2025-11-01,Referral,Partner Network,10,10,10,11.8
2026-04-18,Organic Search,SEO Product Pages,3281,105,105,0.0
2026-04-13,LinkedIn Ads,Decision Makers,1066,7,6,52.32
2026-04-12,Organic Search,SEO Product Pages,3188,102,102,0.0
2025-12-30,Direct,Brand Direct,62,62,62,0.0
2026-02-05,Email,Newsletter,763,29,29,6.5
2026-05-07,Meta Ads,Retargeting,2118,28,25,24.72
2025-11-12,Google Ads,High Intent Search,804,36,31,81.59
2026-06-12,LinkedIn Ads,Decision Makers,1277,9,8,62.23
2026-03-28,Email,Reactivation,316,12,12,6.5
2026-02-19,Google Ads,High Intent Search,946,42,38,99.6
2026-02-22,Meta Ads,Retargeting,1605,21,19,19.0
2026-03-29,Direct,Returning Visitors,43,43,43,0.0
2026-03-18,LinkedIn Ads,SMB Growth,764,6,5,37.54
2026-03-05,LinkedIn Ads,SMB Growth,616,4,4,26.34
2026-06-23,Referral,Customer Referral,9,9,9,0.0
2026-04-02,LinkedIn Ads,Operations Leaders,757,6,5,42.77
2026-02-26,Organic Search,SEO Guides,3812,122,122,0.0
2026-01-28,Email,Newsletter,974,37,37,6.5
2025-12-07,Email,Lead Nurture,553,21,21,6.5
2026-01-18,Google Ads,Restaurant Operations,360,17,16,33.75
2025-11-17,Google Ads,Restaurant Operations,328,16,14,34.05
2026-04-29,Google Ads,Competitor Search,394,16,15,56.73
2026-03-26,LinkedIn Ads,Decision Makers,1072,7,6,53.12
2026-01-22,Email,Lead Nurture,895,34,34,6.5
2026-03-08,Email,Lead Nurture,474,18,18,6.5
2026-05-01,LinkedIn Ads,Decision Makers,1541,10,9,72.7
2026-06-27,Google ads,Competitor Search,336,14,12,45.25
2025-12-04,Meta Ads,Lead Magnet,3277,44,39,35.28
2026-04-20,Organic Search,SEO Comparison,1719,55,55,0.0
2026-03-25,Email,Newsletter,737,28,28,6.5
2026-02-21,Google Ads,High Intent Search,728,32,28,78.16
2026-05-22,Google Ads,Competitor Search,437,19,17,50.42
2026-04-14,Meta Ads,Awareness Video,7623,96,83,58.5
2026-04-16,LinkedIn Ads,SMB Growth,985,7,6,38.96
2025-11-22,Organic Search,SEO Guides,2906,93,93,0.0
2026-04-22,Meta Ads,Awareness Video,9413,119,103,71.53
2025-11-19,Meta Ads,Lead Magnet,4362,48,42,34.78
2026-05-23,LinkedIn Ads,Operations Leaders,640,5,4,28.51
2026-04-27,Referral,Customer Referral,7,7,7,0.0
2026-05-05,Email,Reactivation,421,16,16,6.5
2026-01-03,Direct,Brand Direct,38,38,38,0.0
2026-06-05,Organic Search,SEO Product Pages,4688,150,150,0.0
2026-02-30,Google Ads,Competitor Search,245,11,10,31.45
2026-01-15,LinkedIn Ads,Operations Leaders,675,5,5,34.88
2026-05-15,Email,Reactivation,421,16,16,6.5
2026-03-12,Google Ads,Competitor Search,386,17,15,45.46
2026-01-05,Direct,Returning Visitors,53,53,53,0.0
2026-05-07,Organic Search,SEO Comparison,1625,52,52,0.0
2026-04-06,LinkedIn Ads,SMB Growth,722,5,5,29.53
2026-01-17,Direct,Returning Visitors,39,39,39,0.0
2026-05-24,Organic Search,SEO Comparison,1344,43,43,0.0
2026-05-31,Google Ads,Competitor Search,284,12,11,36.75
2026-01-23,Referral,Customer Referral,16,16,16,0.0
2026-06-20,Meta Ads,Awareness Video,6885,90,81,50.14
2026-03-03,Meta Ads,Awareness Video,8805,102,89,63.16
2026-04-21,LinkedIn Ads,Decision Makers,1148,8,7,58.11
2026-05-25,Referral,Customer Referral,18,18,18,0.0
2026-06-30,Google Ads,Competitor Search,363,17,15,50.61
2026-05-26,Direct,Brand Direct,126,126,126,0.0
2026-02-23,Referral,Industry Events,4,4,4,0.0
2026-03-15,Referral,Customer Referral,7,7,7,0.0
2026-05-22,Organic Search,SEO Comparison,1812,58,58,0.0
2026-06-03,Referral,Customer Referral,10,10,10,0.0
2026-01-03,Meta Ads,Lead Magnet,1355,15,13,10.67
2026-06-20,Google Ads,Restaurant Operations,433,19,17,39.76
2025-11-04,Email,Newsletter,711,27,27,6.5
2026-02-04,Email,Newsletter,632,24,24,6.5
2026-04-15,Organic Search,SEO Guides,3688,118,118,0.0
2026-05-16,Referral,Industry Events,14,14,14,0.0
2026-02-07,Email,Reactivation,316,12,12,6.5
2026-03-17,Organic Search,SEO Guides,3656,117,117,0.0
2026-06-23,Email,Newsletter,1000,38,38,6.5
2026-02-13,Google Ads,High Intent Search,961,41,39,92.78
2026-06-19,Organic Search,SEO Comparison,1781,57,57,0.0
2026-01-09,Google Ads,Competitor Search,372,15,14,45.7
2026-05-29,Meta Ads,Awareness Video,8859,93,85,57.33
2026-05-25,LinkedIn Ads,Operations Leaders,960,7,7,44.17
2026-03-22,LinkedIn Ads,SMB Growth,547,4,4,26.36
2026-05-01,Direct,Returning Visitors,56,56,56,0.0
2026-06-12,Referral,Partner Network,26,26,26,16.96
2026-01-12,LinkedIn Ads,Operations Leaders,839,6,5,44.07
2026-05-27,Meta Ads,Awareness Video,8448,111,101,69.59
2026-03-03,Meta Ads,Lead Magnet,4398,56,51,39.67
2026-04-11,Meta Ads,Awareness Video,4772,60,54,35.51
2025-12-12,Direct,Demo Page Direct,34,34,34,0.0
2025-11-10,Google ads,High Intent Search,684,32,29,74.35
2026-04-08,LinkedIn Ads,Decision Makers,1301,9,8,69.63
2026-01-22,Email,Newsletter,842,32,32,6.5
2026-02-16,GOOGLE ADS ,Competitor Search,362,16,15,45.09
2025-12-30,Google Ads,High Intent Search,495,23,21,53.48
2026-06-23,Google ads,Restaurant Operations,440,22,20,50.28
2026-04-21,Google Ads,Competitor Search,390,18,16,60.21
2026-03-17,Referral,Customer Referral,14,14,14,0.0
2026-01-13,Meta Ads,Lead Magnet,3245,41,35,32.1
2026-04-06,Meta Ads,Lead Magnet,3560,49,44,39.77
2026-01-03,Google Ads,Restaurant Operations,257,10,9,19.58
2026-06-18,Email,Reactivation,447,17,17,6.5
2026-01-10,Meta Ads,Lead Magnet,2690,34,31,25.49
2025-11-21,Meta Ads,Lead Magnet,2953,39,36,28.21
2026-04-11,Google Ads,Competitor Search,356,14,12,39.8
2026-02-20,Organic Search,SEO Guides,3844,123,123,0.0
2026-06-16,Referral,Partner Network,16,16,16,16.16
2025-11-22,Google Ads,Competitor Search,296,13,11,39.09
2026-05-12,Google Ads,High Intent Search,917,43,39,100.73
2026-04-16,Referral,Industry Events,14,14,14,0.0
2026-05-11,Email,Reactivation,421,16,16,6.5
2026-05-02,Meta Ads,Lead Magnet,3392,36,31,28.32
2026-04-27,Organic Search,SEO Product Pages,5188,166,166,0.0
2025-12-16,Organic Search,SEO Guides,3875,124,124,0.0
2025-12-19,Meta Ads,Lead Magnet,3704,41,37,32.81
2026-01-27,Meta Ads,Awareness Video,10714,124,116,74.87
2026-03-13,Google Ads,Restaurant Operations,434,21,19,45.48
2025-12-15,Direct,Demo Page Direct,25,25,25,0.0
2025-12-26,Google Ads,Restaurant Operations,274,13,12,26.21
2026-05-02,Email,Newsletter,789,30,30,6.5
2026-05-28,Meta Ads,Lead Magnet,3745,47,43,34.42
2026-03-02,Organic Search,SEO Comparison,1844,59,59,0.0
2026-01-05,Meta Ads,Awareness Video,9324,104,91,61.7
2026-05-08,LinkedIn Ads,Decision Makers,1469,9,8,67.53
2026-03-15,Email,Lead Nurture,447,17,17,6.5
2025-11-10,Meta ads ,Awareness Video,8401,103,89,59.73
2026-04-15,Organic Search,SEO Comparison,2438,78,78,0.0
2025-12-31,Google Ads,Restaurant Operations,202,9,8,21.3
2026-05-24,LinkedIn Ads,Operations Leaders,610,5,4,34.03
2026-04-04,Meta Ads,Retargeting,1479,19,17,17.47
2026-04-08,Meta Ads,Retargeting,2199,23,20,20.86
2026-02-02,LinkedIn Ads,Decision Makers,1335,9,8,69.88
2025-11-09,Referral,Partner Network,13,13,13,10.63
2026-02-24,Email,Lead Nurture,763,29,29,6.5
2026-01-01,Email,Lead Nurture,342,13,13,6.5
2026-05-06,Referral,Partner Network,18,18,18,17.62
2026-03-18,Google Ads,High Intent Search,883,41,37,93.31
2026-06-20,Direct,Returning Visitors,32,32,32,0.0
2026-05-08,Meta Ads,Awareness Video,9912,124,115,78.4
2026-06-22,Meta Ads,Retargeting,1928,21,18,18.72
2026-03-17,Organic Search,SEO Comparison,1781,57,57,0.0
2025-12-20,Direct,Brand Direct,75,75,75,0.0
2026-03-20,Google Ads,Restaurant Operations,506,22,20,42.59
2026-02-05,LinkedIn Ads,SMB Growth,625,5,5,32.81
2026-02-04,Google Ads,High Intent Search,880,40,35,88.88
2026-05-07,Direct,Demo Page Direct,34,34,34,0.0
2026-06-04,Google Ads,High Intent Search,832,41,38,94.91
2026-03-07,Organic Search,SEO Guides,3094,99,99,0.0
2026-06-24,Referral,Partner Network,28,28,28,18.74
2026-06-19,Email,Newsletter,816,31,31,6.5
2026-03-10,Google Ads,Restaurant Operations,397,19,17,37.43
2026-06-30,Meta Ads,Retargeting,2294,26,23,22.74
2026-03-04,Organic Search,SEO Comparison,1625,52,52,0.0
2025-12-07,Google Ads,Restaurant Operations,257,12,11,27.53
2026-01-10,LinkedIn Ads,Operations Leaders,766,5,4,32.73
2026-05-20,Organic Search,SEO Product Pages,4656,149,149,0.0
2026-05-03,Organic Search,SEO Comparison,1375,44,44,0.0
2026-01-04,Email,Lead Nurture,316,12,12,6.5
2025-12-10,Direct,Demo Page Direct,22,22,22,0.0
2026-06-19,Referral,Partner Network,25,25,25,18.49
2026-01-08,Organic Search,SEO Guides,3875,124,124,0.0
2026-01-02,Referral,Customer Referral,9,9,9,0.0
2026-03-22,Email,Newsletter,658,25,25,6.5
2026-04-15,Direct,Demo Page Direct,32,32,32,0.0
2026-02-28,Meta Ads,Awareness Video,7711,85,76,49.81
2026-02-09,Organic Search,SEO Product Pages,4281,137,137,0.0
2026-04-28,Email,Reactivation,474,18,18,6.5
2026-04-25,Meta Ads,Retargeting,1780,21,19,19.78
2025-11-06,Referral,Customer Referral,13,13,13,0.0
2026-01-24,Meta Ads,Lead Magnet,2274,29,26,21.85
2026-02-07,Google Ads,Competitor Search,256,12,11,33.39
2025-11-10,Meta Ads,Lead Magnet,3071,36,33,28.19
2026-01-03,Referral,Customer Referral,4,4,4,0.0
2026-01-07,Direct,Demo Page Direct,29,29,29,0.0
2026-05-26,Referral,Customer Referral,13,13,13,0.0
2026-06-13,LinkedIn Ads,SMB Growth,825,5,4,28.02
2025-11-22,Direct,Returning Visitors,39,39,39,0.0
2025-12-03,LinkedIn Ads,Operations Leaders,676,5,5,36.15
2026-06-13,Google Ads,High Intent Search,635,27,25,61.59
2026-05-05,Meta Ads,Lead Magnet,4624,53,46,36.29
2025-11-16,Organic Search,SEO Guides,1969,63,63,0.0
2026-05-02,Google Ads,High Intent Search,772,37,32,82.98
2026-03-30,Google Ads,High Intent Search,1100,45,39,104.23
2026-04-07,Google Ads,Restaurant Operations,562,26,24,56.87
2026-03-29,Email,Lead Nurture,500,19,19,6.5
2026-04-06,Google Ads,Restaurant Operations,396,17,15,40.38
2025-12-06,LinkedIn Ads,Operations Leaders,488,3,3,21.91
2026-01-06,Meta Ads,Awareness Video,6596,82,73,48.04
2026-06-27,Email,Reactivation,263,10,10,6.5
2026-02-14,Meta Ads,Retargeting,1574,18,17,17.58
2026-04-25,Direct,Brand Direct,74,74,74,0.0
2026-03-07,meta ads,Lead Magnet,2650,32,29,24.98
2026-02-04,Meta Ads,Lead Magnet,4618,53,46,37.25
2026-01-10,LinkedIn Ads,Decision Makers,744,5,5,41.53
2026-01-04,Referral,Partner Network,14,14,14,10.25
2026-03-19,Referral,Industry Events,10,10,10,1579.45
2026-04-29,Direct,Returning Visitors,44,44,44,0.0
2026-05-18,Meta Ads,Retargeting,2135,27,25,23.97
2026-06-12,Google Ads,Restaurant Operations,595,26,24,50.62
2026-03-04,Referral,Customer Referral,16,16,16,0.0
2026-01-27,Referral,Customer Referral,11,11,11,0.0
2026-05-24,Organic Search,SEO Product Pages,3156,101,101,0.0
2026-04-15,Email,Reactivation,342,13,13,6.5
2026-06-28,meta ads,Awareness Video,6628,83,75,50.13
2026-06-08,Email,Newsletter,895,34,34,6.5
2025-11-03,LinkedIn Ads,Decision Makers,1007,8,7,57.75
2026-06-12,Organic Search,SEO Product Pages,4188,134,134,0.0
2025-12-02,Google Ads,Competitor Search,364,16,14,47.18
2026-06-02,LinkedIn Ads,Decision Makers,955,8,7,63.64
2026-03-11,Direct,Returning Visitors,49,49,49,0.0
2026-06-03,Meta Ads,Lead Magnet,5036,56,50,36.55
2026-05-23,Direct,Demo Page Direct,23,23,23,0.0
2026-01-03,LinkedIn Ads,Operations Leaders,273,2,2,14.9
2026-04-02,Organic Search,SEO Product Pages,4219,135,135,0.0
2026-06-26,LinkedIn Ads,Decision Makers,1329,9,8,70.2
2026-02-09,LinkedIn Ads,Decision Makers,1409,9,8,61.82
2026-05-16,Email,Reactivation,237,9,9,6.5
2026-05-06,Google Ads,High Intent Search,1112,49,46,100.91
2026-05-18,LinkedIn Ads,SMB Growth,799,6,5,38.36
2025-12-31,Meta Ads,Awareness Video,4185,55,48,32.96
2026-06-11,Google Ads,Restaurant Operations,587,26,22,54.42
2026-02-02,Organic Search,SEO Guides,4156,133,133,0.0
2026-06-24,Direct,Demo Page Direct,35,35,35,0.0
2026-03-21,Google Ads,Competitor Search,224,9,8,27.96
2026-06-17,LinkedIn Ads,SMB Growth,864,6,6,35.6
2025-12-12,Organic Search,SEO Product Pages,3875,124,124,0.0
2026-04-13,Google Ads,Restaurant Operations,444,22,19,46.1
2026-04-09,Referral,Industry Events,16,16,16,0.0
2026-02-17,Google Ads,Competitor Search,280,14,12,43.27
2026-03-02,Referral,Industry Events,9,9,9,0.0
2026-01-22,Meta Ads,Lead Magnet,3029,37,33,28.56
2026-01-06,Google Ads,High Intent Search,791,33,29,84.01
2025-12-25,Organic Search,SEO Guides,2125,68,68,0.0
2026-02-25,Referral,Partner Network,17,17,17,18.26
2026-04-29,Google Ads,Restaurant Operations,478,21,18,46.35
2026-01-09,Referral,Customer Referral,14,14,14,0.0
2026-04-27,Email,Newsletter,763,29,29,6.5
2026-02-22,Referral,Industry Events,14,14,14,0.0
2026-05-17,Email,Reactivation,447,17,17,6.5
2026-05-29,Direct,Returning Visitors,54,54,54,0.0
2025-11-08,Direct,Returning Visitors,31,31,31,0.0
2026-04-13,LinkedIn Ads,SMB Growth,1150,8,7,42.36
2026-04-05,Google Ads,Restaurant Operations,322,16,14,34.84
2026-02-24,LinkedIn Ads,Operations Leaders,735,5,5,36.15
2025-12-18,Direct,Brand Direct,87,87,87,0.0
2026-03-15,Organic Search,SEO Product Pages,3031,97,97,0.0
2026-02-13,LinkedIn Ads,Operations Leaders,801,6,5,41.2
2026-01-10,Meta Ads,Awareness Video,6275,81,73,47.92
2025-12-13,Google Ads,Competitor Search,234,10,9,30.75
2025-12-19,Meta Ads,Awareness Video,7288,93,81,59.28
2026-02-01,Referral,Partner Network,10,10,10,12.46
2026-06-25,Email,Newsletter,1237,47,47,6.5
2026-06-05,Google Ads,High Intent Search,1034,53,46,119.62
2026-05-08,Email,Reactivation,474,18,18,6.5
2025-12-16,Direct,Brand Direct,100,100,100,0.0
2026-04-18,Email,Reactivation,263,10,10,6.5
2026-04-08,LinkedIn Ads,Operations Leaders,1052,7,6,41.48
2026-05-23,Referral,Customer Referral,13,13,13,0.0
2025-12-08,Google Ads,Restaurant Operations,564,25,22,48.2
2025-11-27,Google Ads,Competitor Search,318,15,13,43.38
2026-01-28,LinkedIn Ads,SMB Growth,735,5,4,28.65
2026-02-25,Meta Ads,Awareness Video,9887,116,107,68.46
2026-01-08,Organic Search,SEO Product Pages,4250,136,136,0.0
2025-12-28,Direct,Returning Visitors,15,15,15,0.0
2026-04-10,Referral,Customer Referral,12,12,12,0.0
2026-01-19,Google Ads,Restaurant Operations,442,23,21,48.19
2026-03-26,LinkedIn Ads,SMB Growth,788,5,5,33.93
2025-12-15,Meta Ads,Lead Magnet,3101,39,35,30.83
2026-02-17,meta ads,Awareness Video,7737,93,85,58.67
2026-03-14,Meta Ads,Lead Magnet,2057,27,23,19.29
2025-12-29,LinkedIn Ads,Decision Makers,563,4,4,27.9
2025-12-03,Google Ads,Competitor Search,304,16,15,48.48
2025-11-13,Email,Newsletter,1026,39,39,6.5
2025-11-02,Direct,Returning Visitors,17,17,17,0.0
2025-12-23,Google Ads,Competitor Search,183,9,8,26.94
2025-11-05,LinkedIn Ads,Decision Makers,943,7,6,48.68
2026-03-16,Referral,Industry Events,9,9,9,0.0
2026-04-02,Meta Ads,Lead Magnet,2716,35,31,28.2
2025-12-16,Meta Ads,Awareness Video,8502,110,100,66.59
2026-05-03,Meta Ads,Awareness Video,6411,78,71,50.35
2026-06-12,Direct,Demo Page Direct,27,27,27,0.0
2026-02-07,Direct,Demo Page Direct,23,23,23,0.0
2026-06-15,Meta Ads,Retargeting,2064,25,23,22.03
2026-05-01,Referral,Industry Events,11,11,11,0.0
2026-01-05,Google Ads,Competitor Search,309,12,11,36.02
2026-02-23,Direct,Returning Visitors,48,48,48,0.0
2026-03-18,Meta Ads,Awareness Video,8357,99,91,62.05
2026-04-24,Google Ads,Restaurant Operations,457,19,17,38.7
2026-04-11,Direct,Demo Page Direct,18,18,18,0.0
2026-01-16,Meta Ads,Retargeting,2089,23,20,19.58
2025-12-28,Google Ads,Competitor Search,166,7,7,20.58
2026-03-12,Organic Search,SEO Comparison,1500,48,48,0.0
2026-01-19,LinkedIn Ads,SMB Growth,1027,7,6,37.09
2026-06-16,Email,Lead Nurture,579,22,22,6.5
2026-02-21,Direct,Brand Direct,77,77,77,0.0
2026-05-21,Organic Search,SEO Product Pages,4594,147,147,0.0
2026-02-18,Google Ads,Competitor Search,431,20,19,53.46
2025-11-23,Google Ads,Competitor Search,293,13,11,37.86
2026-03-14,Google Ads,High Intent Search,610,28,25,70.25
2026-02-15,Meta Ads,Lead Magnet,2172,26,23,20.66
2026-03-02,LinkedIn Ads,SMB Growth,810,6,6,35.73
2026-04-17,LinkedIn Ads,Decision Makers,969,7,6,55.01
2026-03-11,Referral,Partner Network,12,12,12,15.14
2026-05-15,Direct,Returning Visitors,46,46,46,0.0
2026-06-15,Direct,Returning Visitors,56,56,56,0.0
2026-02-15,Direct,Demo Page Direct,14,14,14,0.0
2025-11-05,Email,Newsletter,868,33,33,6.5
2025-11-09,Meta Ads,Awareness Video,6788,78,72,42.98
2026-01-04,Meta Ads,Lead Magnet,2309,28,26,22.04
2026-05-26,Meta Ads,Retargeting,2458,29,27,27.51
2025-12-05,Direct,Returning Visitors,45,45,45,0.0
2026-05-19,Google Ads,Competitor Search,335,16,14,49.76
2026-04-02,Direct,Demo Page Direct,25,25,25,0.0
2026-04-08,Referral,Customer Referral,13,13,13,0.0
2026-05-23,Email,Reactivation,263,10,10,6.5
2026-05-14,Google Ads,Restaurant Operations,555,25,23,54.42
2026-05-23,Organic Search,SEO Comparison,1344,43,43,0.0
2026-02-15,Google Ads,High Intent Search,546,26,23,63.84
2025-11-26,LinkedIn Ads,Decision Makers,1160,8,7,63.36
2025-12-31,Meta Ads,Lead Magnet,1787,24,21,18.34
2026-06-18,Google Ads,Restaurant Operations,430,20,18,44.48
2025-12-15,Direct,Returning Visitors,59,59,59,0.0
2025-12-03,Google Ads,Restaurant Operations,438,21,19,46.07
2025-11-09,Meta Ads,Lead Magnet,2472,33,29,25.73
2025-12-10,LinkedIn Ads,Operations Leaders,1031,7,6,42.27
2026-02-25,Organic Search,SEO Guides,3969,127,127,0.0
2026-04-18,Google Ads,Competitor Search,241,12,11,41.7
2026-04-18,Email,Newsletter,526,20,20,6.5
2026-06-22,Meta Ads,Lead Magnet,4357,62,57,40.73
2026-01-26,Organic Search,SEO Guides,3688,118,118,0.0
2026-04-21,Organic Search,SEO Product Pages,5031,161,161,0.0
2026-05-10,Referral,Industry Events,14,14,14,0.0
2025-11-01,LinkedIn Ads,Decision Makers,977,6,6,41.81
2026-02-08,Organic Search,SEO Comparison,1188,38,38,0.0
2026-03-09,Referral,Partner Network,12,12,12,16.13
2026-06-21,Email,Lead Nurture,605,23,23,6.5
2026-04-03,LinkedIn Ads,Operations Leaders,711,5,5,36.81
2026-06-21,LinkedIn Ads,Operations Leaders,1058,5,5,37.19
2026-01-28,Meta Ads,Lead Magnet,2935,39,36,31.29
2026-03-27,GOOGLE ADS ,Restaurant Operations,506,23,20,49.68
2026-05-12,LinkedIn Ads,Operations Leaders,823,6,5,39.27
2026-05-14,Google Ads,Competitor Search,557,23,20,68.13
2026-04-28,LinkedIn Ads,Decision Makers,1019,7,6,55.88
2025-12-07,Meta Ads,Awareness Video,5999,67,59,39.89
2025-12-16,Meta Ads,Lead Magnet,3188,33,30,26.97
2026-04-15,Meta Ads,Lead Magnet,6277,67,62,43.89
2026-06-04,Direct,Returning Visitors,55,55,55,0.0
2026-04-17,Meta Ads,Awareness Video,11547,116,108,64.07
2026-03-19,Google Ads,High Intent Search,902,41,36,98.74
2026-06-30,Direct,Brand Direct,103,103,103,0.0
2025-11-05,Referral,Customer Referral,16,16,16,0.0
2026-06-11,LinkedIn Ads,Decision Makers,1172,8,7,65.92
2026-05-01,LinkedIn Ads,SMB Growth,858,6,5,35.69
2026-01-18,Referral,Customer Referral,10,10,10,0.0
2026-06-03,Email,Newsletter,1053,40,40,6.5
2026-02-01,Organic Search,SEO Product Pages,2812,90,90,0.0
2025-12-20,LinkedIn Ads,Decision Makers,767,6,5,40.14
2026-05-07,LinkedIn Ads,SMB Growth,822,6,5,33.14
2026-03-28,Meta Ads,Awareness Video,6307,71,66,46.05
2025-12-19,Direct,Demo Page Direct,27,27,27,0.0
2026-03-30,Referral,Partner Network,21,21,21,15.96
2026-06-27,Google ads,Restaurant Operations,362,16,14,30.16
2026-06-25,Email,Lead Nurture,553,21,21,6.5
2026-02-28,LinkedIn Ads,SMB Growth,533,3,3,19.77
2026-06-30,Google Ads,High Intent Search,1327,54,48,129.92
2026-06-09,Google Ads,Competitor Search,452,19,18,53.51
2026-05-31,Organic Search,SEO Guides,3125,100,100,0.0
2026-02-27,Direct,Brand Direct,121,121,121,0.0
2026-06-16,Meta Ads,Lead Magnet,4551,60,54,40.93
2025-12-06,Meta Ads,Awareness Video,5920,70,62,39.62
2026-04-14,Email,Lead Nurture,842,32,32,6.5
2026-05-20,Referral,Customer Referral,18,18,18,0.0
2026-02-20,LinkedIn Ads,Operations Leaders,936,6,5,39.17
2026-05-09,Referral,Industry Events,7,7,7,0.0
2026-06-18,Referral,Industry Events,8,8,8,0.0
2026-03-31,Linkedin Ads,Operations Leaders,720,5,4,39.22
2026-03-29,Referral,Customer Referral,9,9,9,0.0
2026-04-01,Email,Newsletter,974,37,37,6.5
2026-03-17,LinkedIn Ads,SMB Growth,909,6,5,33.87
2026-06-12,Meta Ads,Lead Magnet,3990,48,42,40.12
2026-05-19,LinkedIn Ads,Decision Makers,1588,11,10,86.35
2026-06-11,Referral,Partner Network,16,16,16,17.86
2026-06-25,LinkedIn Ads,Decision Makers,1508,10,9,74.02
2026-01-28,Google Ads,Restaurant Operations,300,13,12,28.19
2026-02-14,LinkedIn Ads,SMB Growth,438,3,3,20.44
2026-04-11,Referral,Partner Network,14,14,14,12.49
2026-01-13,Direct,Returning Visitors,57,57,57,0.0
2026-05-06,Google Ads,Restaurant Operations,555,26,23,55.76
2026-01-29,Google Ads,High Intent Search,944,43,40,105.41
2026-03-01,Organic Search,SEO Product Pages,2969,95,95,0.0
2026-06-16,Referral,Industry Events,10,10,10,0.0
2025-12-15,Google Ads,Competitor Search,296,14,12,44.33
2026-03-28,Email,Lead Nurture,368,14,14,6.5
2025-11-15,Google Ads,High Intent Search,488,25,23,61.74
2026-06-23,LinkedIn Ads,Decision Makers,2112,13,12,92.3
2025-12-31,Email,Newsletter,553,21,21,6.5
2026-03-06,Meta Ads,Awareness Video,8486,102,93,60.27
2026-02-11,LinkedIn Ads,Operations Leaders,823,6,6,39.65
2026-04-09,Google Ads,High Intent Search,760,33,29,74.82
2026-02-04,Direct,Brand Direct,124,124,124,0.0
2026-04-30,Email,Lead Nurture,868,33,33,6.5
2026-03-09,Meta Ads,Retargeting,2134,25,22,25.73
2026-05-29,Email,Lead Nurture,658,25,25,6.5
2026-06-07,LinkedIn Ads,SMB Growth,400,3,3,23.15
2026-06-20,Referral,Partner Network,14,14,14,12.33
2025-11-24,Organic Search,SEO Guides,3719,119,119,0.0
2025-12-26,Referral,Partner Network,9,9,9,8.74
2026-06-07,LinkedIn Ads,Decision Makers,1108,8,7,61.73
2025-11-15,Direct,Returning Visitors,31,31,31,0.0
2026-03-22,LinkedIn Ads,Decision Makers,991,7,6,53.73
2026-03-24,Organic Search,SEO Guides,3438,110,110,0.0
2025-12-07,LinkedIn Ads,Operations Leaders,603,4,4,25.58
2026-04-23,Email,Lead Nurture,579,22,22,6.5
2026-03-29,Meta Ads,Awareness Video,5583,80,73,47.73
2026-04-05,Referral,Industry Events,5,5,5,1399.47
2026-06-30,Email,Reactivation,447,17,17,6.5
2025-12-01,Organic Search,SEO Guides,4094,131,131,0.0
2026-03-31,Referral,Industry Events,9,9,9,0.0
2026-04-06,Email,Newsletter,1079,41,41,6.5
2026-04-22,LinkedIn Ads,Decision Makers,1357,9,8,65.7
2026-02-06,Direct,Demo Page Direct,19,19,19,0.0
2026-01-05,Google Ads,Restaurant Operations,547,24,21,51.95
2026-06-29,Meta Ads,Lead Magnet,5929,58,51,45.21
2025-12-23,Email,Newsletter,447,17,17,6.5
2026-03-09,Referral,Industry Events,8,8,8,0.0
2026-01-22,LinkedIn Ads,Operations Leaders,618,4,4,28.8
2026-01-22,Direct,Brand Direct,87,87,87,0.0
2026-03-04,LinkedIn Ads,Decision Makers,1023,8,7,67.53
2026-04-13,Meta Ads,Retargeting,2401,32,30,29.37
2026-02-02,Google Ads,Restaurant Operations,480,20,19,42.39
2026-02-08,LinkedIn Ads,SMB Growth,521,4,3,26.74
2026-06-24,Organic Search,SEO Comparison,1344,43,43,0.0
2026-02-24,Meta Ads,Awareness Video,9154,117,104,61.31
2026-05-09,Google Ads,High Intent Search,655,32,29,72.39
2025-11-27,Direct,Returning Visitors,50,50,50,0.0
2026-04-23,LinkedIn Ads,Operations Leaders,736,5,5,37.94
2026-02-10,Meta Ads,Awareness Video,6981,94,84,58.1
2026-03-30,Referral,Customer Referral,17,17,17,0.0
2025-12-01,LinkedIn Ads,Operations Leaders,768,5,5,33.31
2026-04-08,Google Ads,Restaurant Operations,584,26,24,53.29
2026-04-30,Google Ads,Competitor Search,351,17,15,56.38
2025-12-23,Email,Lead Nurture,368,14,14,6.5
2026-03-27,Direct,Returning Visitors,46,46,46,0.0
2026-01-08,LinkedIn Ads,Operations Leaders,965,6,5,34.28
2026-05-12,Email,Lead Nurture,684,26,26,6.5
2026-05-31,Meta Ads,Awareness Video,7030,84,78,45.82
2025-11-12,Direct,Brand Direct,78,78,78,0.0
2026-03-06,Google Ads,Competitor Search,383,16,14,49.22
2026-01-15,Organic Search,SEO Guides,4156,133,133,0.0
2026-05-30,LinkedIn Ads,Decision Makers,989,7,6,45.74
2025-12-18,Organic Search,SEO Guides,3875,124,124,0.0
2026-04-03,Organic Search,SEO Comparison,1844,59,59,0.0
2026-01-22,Google Ads,Competitor Search,292,14,12,41.95
2026-06-29,Google Ads,Restaurant Operations,528,25,23,49.17
2026-05-04,linkedin ads,Decision Makers,1146,8,7,66.12
2026-01-16,LinkedIn Ads,Operations Leaders,533,4,4,32.59
2025-12-04,Google Ads,High Intent Search,881,39,34,83.25
2026-03-24,Email,Newsletter,868,33,33,6.5
2025-11-21,Organic Search,SEO Product Pages,3625,116,116,0.0
2026-04-23,Referral,Industry Events,21,21,21,0.0
2025-11-26,Google Ads,High Intent Search,796,36,32,85.1
2026-05-19,Email,Lead Nurture,1184,45,45,6.5
2025-12-12,Email,Newsletter,711,27,27,6.5
2026-04-28,Meta Ads,Retargeting,2030,26,23,22.97
2026-01-24,Google Ads,High Intent Search,650,32,29,73.42
2026-05-03,Direct,Demo Page Direct,29,29,29,0.0
2025-12-03,Meta Ads,Awareness Video,9940,115,102,63.47
2026-06-06,LinkedIn Ads,SMB Growth,766,5,5,28.58
2026-04-09,Organic Search,SEO Product Pages,5156,165,165,0.0
2026-02-25,Email,Reactivation,421,16,16,6.5
2026-03-03,Google Ads,High Intent Search,973,47,43,118.85
2026-02-02,LinkedIn Ads,SMB Growth,733,5,4,32.56
2025-12-30,Referral,Customer Referral,9,9,9,0.0
2026-04-03,Organic Search,SEO Guides,3750,120,120,0.0
2025-11-21,Referral,Customer Referral,12,12,12,0.0
2026-03-11,Organic Search,SEO Product Pages,3875,124,124,0.0
2026-01-03,Referral,Partner Network,10,10,10,6.17
2026-04-28,Organic Search,SEO Guides,4250,136,136,0.0
2026-05-27,Email,Lead Nurture,711,27,27,6.5
2025-11-25,Organic Search,SEO Guides,3656,117,117,0.0
2026-06-10,Referral,Customer Referral,20,20,20,0.0
2026-01-18,LinkedIn Ads,SMB Growth,648,4,4,23.41
2026-05-30,LinkedIn Ads,SMB Growth,797,5,4,32.5
2026-04-13,Email,Lead Nurture,605,23,23,6.5
2026-03-06,Google Ads,High Intent Search,873,38,34,85.23
2026-04-07,Meta Ads,Lead Magnet,4386,50,45,32.73
2026-03-23,Direct,Returning Visitors,65,65,65,0.0
2026-06-17,LinkedIn Ads,Operations Leaders,844,6,6,35.23
2026-06-13,Meta Ads,Awareness Video,7293,90,83,51.43
2026-01-02,Google Ads,Competitor Search,215,10,9,28.67
2026-06-11,Meta Ads,Awareness Video,7854,107,94,61.9
2026-01-24,Direct,Demo Page Direct,23,23,23,0.0
2026-05-07,Organic Search,SEO Guides,4188,134,134,0.0
2026-05-18,Meta Ads,Awareness Video,8449,100,86,58.11
2026-04-02,Email,Lead Nurture,868,33,33,6.5
2026-05-26,Referral,Industry Events,10,10,10,0.0
2026-03-08,Referral,Partner Network,10,10,10,11.78
2026-03-18,Email,Newsletter,974,37,37,6.5
2026-04-14,Google Ads,Restaurant Operations,640,25,23,51.46
2025-12-01,Google Ads,Restaurant Operations,534,22,21,45.29
2025-11-09,Google Ads,Competitor Search,169,8,7,25.36
2026-04-20,Referral,Partner Network,18,18,18,18.58
2025-12-31,LinkedIn Ads,Decision Makers,666,5,5,34.65
2026-06-29,Referral,Customer Referral,15,15,15,0.0
2026-05-04,Direct,Brand Direct,125,125,125,0.0
2026-05-22,Organic Search,SEO Product Pages,4625,148,148,0.0
2026-02-28,Direct,Returning Visitors,31,31,31,0.0
2026-05-11,Referral,Customer Referral,8,8,8,0.0
2026-06-27,Referral,Industry Events,8,8,8,0.0
2025-11-25,Organic Search,SEO Product Pages,3531,113,113,0.0
2025-12-25,Referral,Customer Referral,5,5,5,0.0
2025-12-27,LinkedIn Ads,Operations Leaders,277,2,2,14.65
2026-03-15,Organic Search,SEO Comparison,1062,34,34,0.0
2026-04-06,Direct,Returning Visitors,44,44,44,0.0
2026-02-13,Meta Ads,Retargeting,1768,22,19,19.08
2026-02-16,Meta Ads,Lead Magnet,3052,39,37,28.72
2025-12-13,Linkedin Ads,Operations Leaders,705,4,3,27.75
2026-04-25,Organic Search,SEO Guides,3406,109,109,0.0
2025-11-07,Direct,Brand Direct,100,100,100,0.0
2026-06-06,Referral,Customer Referral,11,11,11,0.0
2026-05-04,meta ads,Awareness Video,10621,125,116,70.63
2026-05-10,Direct,Returning Visitors,40,40,40,0.0
2026-02-12,Google Ads,Competitor Search,374,16,15,49.86
2026-05-11,Referral,Industry Events,6,6,6,0.0
2026-04-24,Organic Search,SEO Product Pages,5281,169,169,0.0
2026-05-06,Referral,Customer Referral,14,14,14,0.0
2026-01-26,LinkedIn Ads,Decision Makers,797,6,5,51.05
2026-01-03,Google Ads,Competitor Search,126,6,5,18.42
2026-04-07,Direct,Brand Direct,99,99,99,0.0
2026-03-31,Organic Search,SEO Guides,4156,133,133,0.0
2026-03-31,Google Ads,Competitor Search,495,19,17,57.08
2026-03-10,Meta Ads,Awareness Video,9026,106,98,64.06
2026-02-12,LinkedIn Ads,Operations Leaders,898,7,6,42.95
2026-06-10,LinkedIn Ads,SMB Growth,998,7,6,46.04
2026-06-09,Email,Lead Nurture,763,29,29,6.5
2026-05-03,Google Ads,High Intent Search,693,33,29,69.97
2026-03-10,Google Ads,Competitor Search,322,14,12,45.43
2026-06-22,Referral,Industry Events,7,7,7,0.0
2025-12-18,Referral,Customer Referral,4,4,4,0.0
2026-01-10,Direct,Demo Page Direct,16,16,16,0.0
2026-06-18,LinkedIn Ads,Decision Makers,1671,11,10,83.28
2026-04-28,Referral,Partner Network,21,21,21,17.2
2026-01-17,LinkedIn Ads,Decision Makers,527,4,4,31.33
2026-06-26,Google Ads,High Intent Search,1145,56,51,113.83
2026-04-22,Organic Search,SEO Guides,3406,109,109,0.0
2026-02-03,Google Ads,Restaurant Operations,499,21,19,48.71
2026-01-23,Google Ads,Competitor Search,353,17,15,46.63
2026-02-19,Direct,Demo Page Direct,29,29,29,0.0
2026-03-12,Google Ads,Restaurant Operations,564,25,22,53.12
2026-05-10,Direct,Brand Direct,85,85,85,0.0
2026-06-01,Direct,Demo Page Direct,29,29,29,0.0
2026-04-19,Email,Newsletter,763,29,29,6.5
2025-12-04,Email,Lead Nurture,632,24,24,6.5
2026-04-27,Referral,Partner Network,17,17,17,19.57
2026-01-15,Organic Search,SEO Product Pages,4156,133,133,0.0
2026-06-15,Google Ads,Competitor Search,423,20,18,60.22
2025-11-27,Referral,Customer Referral,17,17,17,0.0
2026-05-15,Referral,Partner Network,13,13,13,16.83
2025-11-17,Referral,Customer Referral,13,13,13,0.0
2026-01-23,LinkedIn Ads,Decision Makers,1264,8,7,58.55
2026-01-15,Meta Ads,Awareness Video,7612,92,82,58.36
2026-04-07,Email,Reactivation,500,19,19,6.5
2025-11-16,Email,Newsletter,605,23,23,6.5
2026-05-27,Google Ads,High Intent Search,820,37,32,82.38
2026-05-24,Meta Ads,Awareness Video,5495,67,60,40.38
2025-12-18,Google Ads,Competitor Search,366,16,14,45.69
2026-05-28,Meta Ads,Retargeting,2051,25,22,25.54
2026-04-11,Email,Lead Nurture,605,23,23,6.5
2026-01-14,Direct,Demo Page Direct,27,27,27,0.0
2025-11-18,Meta Ads,Lead Magnet,3416,47,44,32.38
2026-04-20,Meta Ads,Awareness Video,9532,109,95,63.57
2026-06-14,GOOGLE ADS ,Competitor Search,276,13,12,41.04
2026-05-24,Google Ads,Competitor Search,368,15,13,46.45
2025-12-12,Google Ads,Restaurant Operations,405,20,19,41.81
2026-01-16,Organic Search,SEO Product Pages,4250,136,136,0.0
2025-12-02,LinkedIn Ads,Operations Leaders,669,5,5,35.71
2026-01-03,Email,Newsletter,105,4,4,6.5
2026-04-15,Google Ads,High Intent Search,1157,47,41,118.96
2025-11-08,Direct,Brand Direct,70,70,70,0.0
2026-04-16,Referral,Partner Network,12,12,12,20.19
2026-03-19,Email,Lead Nurture,737,28,28,6.5
2026-05-17,Referral,Customer Referral,11,11,11,0.0
2026-06-15,Organic Search,SEO Product Pages,4469,143,143,0.0
2026-05-22,Meta Ads,Retargeting,1744,23,21,19.87
2026-04-03,Google Ads,Restaurant Operations,485,22,20,48.25
2026-04-14,Direct,Demo Page Direct,25,25,25,0.0
2026-03-10,LinkedIn Ads,Operations Leaders,787,5,5,39.29
2026-04-11,Meta Ads,Lead Magnet,2121,27,24,21.17
2026-06-08,Direct,Demo Page Direct,34,34,34,0.0
2026-04-15,Organic Search,SEO Product Pages,4406,141,141,0.0
2025-12-22,Google Ads,Competitor Search,219,9,8,28.34
2026-01-13,Email,Newsletter,684,26,26,6.5
2026-06-24,Organic Search,SEO Product Pages,4938,158,158,0.0
2025-12-11,Google Ads,Competitor Search,439,18,16,60.35
2026-05-19,Referral,Customer Referral,14,14,14,0.0
2026-03-30,LinkedIn Ads,Operations Leaders,920,7,6,46.18
2026-04-13,Organic Search,SEO Product Pages,4688,150,150,0.0
2026-05-10,Google Ads,High Intent Search,824,38,34,84.55
2026-04-04,Direct,Returning Visitors,28,28,28,0.0
2026-05-20,Email,Lead Nurture,474,18,18,6.5
2026-03-17,Organic Search,SEO Product Pages,4062,130,130,0.0
2026-04-09,Direct,Brand Direct,98,98,98,0.0
2026-03-08,LinkedIn Ads,Operations Leaders,506,4,4,29.17
2026-03-04,Linkedin Ads,Operations Leaders,1028,7,6,43.25
2025-12-20,Referral,Customer Referral,6,6,6,0.0
2026-04-27,Meta Ads,Awareness Video,9629,116,104,68.24
2026-06-01,Google Ads,Competitor Search,431,18,17,54.06
2026-03-16,Email,Reactivation,474,18,18,6.5
2026-01-30,Direct,Demo Page Direct,31,31,31,0.0
2026-01-08,Email,Lead Nurture,474,18,18,6.5
2025-11-23,Referral,Customer Referral,9,9,9,0.0
2026-01-12,Email,Newsletter,711,27,27,6.5
2026-02-13,Direct,Demo Page Direct,22,22,22,0.0
2026-02-04,Email,Lead Nurture,921,35,35,6.5
2026-03-19,Direct,Demo Page Direct,22,22,22,0.0
2025-11-19,Direct,Brand Direct,121,121,121,0.0
2026-03-25,Direct,Returning Visitors,46,46,46,0.0
2026-05-21,Google Ads,Competitor Search,484,19,17,56.22
2026-03-27,Organic Search,SEO Guides,3906,125,125,0.0
2026-02-05,Direct,Brand Direct,99,99,99,0.0
2025-12-15,Google Ads,High Intent Search,740,35,30,77.78
2026-04-19,Google Ads,Competitor Search,290,13,12,39.62
2026-06-30,LinkedIn Ads,Operations Leaders,1334,8,7,48.31
2026-06-23,Direct,Demo Page Direct,20,20,20,0.0
2026-05-09,Direct,Returning Visitors,47,47,47,0.0
2026-01-24,LinkedIn Ads,Operations Leaders,492,4,4,28.68
2025-12-05,Email,Newsletter,921,35,35,6.5
2026-04-27,Email,Lead Nurture,605,23,23,6.5
2026-02-01,Direct,Brand Direct,75,75,75,0.0
2026-01-21,Referral,Partner Network,21,21,21,17.56
2026-05-21,Direct,Demo Page Direct,25,25,25,0.0
2025-12-01,Direct,Demo Page Direct,23,23,23,0.0
2025-11-24,Organic Search,SEO Product Pages,4094,131,131,0.0
2026-03-13,Referral,Partner Network,12,12,12,15.88
2026-02-12,LinkedIn Ads,SMB Growth,682,5,4,34.81
2025-11-12,Direct,Returning Visitors,43,43,43,0.0
2025-11-16,Meta Ads,Awareness Video,4587,59,52,36.11
2025-12-25,Google Ads,Restaurant Operations,220,11,10,21.26
2026-03-13,Referral,Customer Referral,10,10,10,0.0
2026-04-26,Organic Search,SEO Guides,2094,67,67,0.0
2026-04-01,Meta Ads,Lead Magnet,4911,49,44,37.02
2025-11-06,Organic Search,SEO Product Pages,3875,124,124,0.0
2026-04-28,Referral,Customer Referral,9,9,9,0.0
2025-12-23,LinkedIn Ads,Operations Leaders,411,3,3,20.77
2025-12-29,Organic Search,SEO Guides,2750,88,88,0.0
2026-01-13,LinkedIn Ads,Decision Makers,1079,7,6,53.25
2026-04-12,Organic Search,SEO Guides,3156,101,101,0.0
2026-06-08,Email,Lead Nurture,737,28,28,6.5
2026-02-25,Meta Ads,Retargeting,2329,27,25,24.26
2026-01-24,Referral,Customer Referral,14,14,14,0.0
2026-02-09,Email,Newsletter,763,29,29,6.5
2026-03-18,LinkedIn Ads,Operations Leaders,858,6,6,40.35
2026-05-01,Meta Ads,Retargeting,1499,20,18,19.77
2025-11-20,Organic Search,SEO Product Pages,3812,122,122,0.0
2026-06-12,Direct,Brand Direct,132,132,132,0.0
2026-04-20,Direct,Returning Visitors,54,54,54,0.0
2026-04-05,Direct,Returning Visitors,36,36,36,0.0
2026-06-24,Email,Reactivation,263,10,10,6.5
2026-02-13,Google Ads,Competitor Search,323,15,13,48.87
2026-04-01,Meta Ads,Retargeting,2553,30,26,27.87
2026-04-02,Meta Ads,Awareness Video,9835,99,89,56.02
2026-01-29,Meta Ads,Retargeting,1901,22,20,20.04
2026-04-30,Google Ads,High Intent Search,1021,43,37,97.9
2026-06-01,Email,Newsletter,1000,38,38,6.5
2026-04-26,Meta Ads,Awareness Video,5613,67,60,41.73
2026-04-30,LinkedIn Ads,Decision Makers,1739,11,10,83.97
2026-01-05,Organic Search,SEO Guides,3344,107,107,0.0
2026-04-03,Meta Ads,Retargeting,1992,25,22,23.73
2026-04-03,Referral,Industry Events,11,11,11,0.0
2026-02-10,Organic Search,SEO Comparison,1375,44,44,0.0
2026-04-08,Email,Newsletter,947,36,36,6.5
2026-02-18,Organic Search,SEO Guides,3656,117,117,0.0
2025-11-13,Referral,Customer Referral,12,12,12,0.0
2025-11-28,Organic Search,SEO Product Pages,4438,142,142,0.0
2026-05-24,Meta Ads,Lead Magnet,3684,44,39,30.63
2026-05-11,Google Ads,Competitor Search,496,19,17,56.18
2026-02-02,Direct,Demo Page Direct,25,25,25,0.0
2026-05-29,Google Ads,High Intent Search,1103,52,46,121.83
2026-01-17,Email,Lead Nurture,447,17,17,6.5
2026-04-06,Organic Search,SEO Comparison,1562,50,50,0.0
2025-12-10,Meta Ads,Awareness Video,9337,102,91,65.68
2026-05-05,LinkedIn Ads,Decision Makers,1292,10,9,68.39
2026-04-27,LinkedIn Ads,SMB Growth,584,4,4,26.88
2026-06-26,Referral,Industry Events,11,11,11,0.0
2026-02-28,Referral,Partner Network,10,10,10,13.33
2025-11-09,Direct,Returning Visitors,33,33,33,0.0
2026-03-01,Direct,Returning Visitors,52,52,52,0.0
2026-06-03,Google Ads,Competitor Search,377,17,16,55.58
2025-11-12,Organic Search,SEO Product Pages,3219,103,103,0.0
2026-04-10,Meta Ads,Lead Magnet,4010,49,43,35.71
2026-05-16,Email,Lead Nurture,500,19,19,6.5
2026-05-07,LinkedIn Ads,Operations Leaders,1032,6,6,37.69
2026-04-07,Google Ads,High Intent Search,1224,51,46,117.02
2026-05-19,Google Ads,Restaurant Operations,397,19,17,44.13
2026-04-03,Email,Lead Nurture,763,29,29,6.5
2026-05-10,Organic Search,SEO Guides,3375,108,108,0.0
2025-11-29,Google Ads,Competitor Search,271,12,11,36.08
2026-06-07,Google Ads,Restaurant Operations,515,21,18,38.98
2026-06-11,Email,Lead Nurture,763,29,29,6.5
2026-01-22,LinkedIn Ads,SMB Growth,888,6,5,36.07
2026-02-17,Meta Ads,Lead Magnet,2701,34,31,28.7
2026-05-05,LinkedIn Ads,SMB Growth,947,6,5,34.68
2026-03-02,Direct,Brand Direct,111,111,111,0.0
2026-06-30,Referral,Customer Referral,20,20,20,0.0
2026-06-25,Direct,Brand Direct,114,114,114,0.0
2026-03-23,LinkedIn Ads,SMB Growth,647,5,5,30.71
2026-05-24,Email,Reactivation,316,12,12,6.5
2026-03-10,LinkedIn Ads,Decision Makers,1185,9,8,69.38
2026-01-10,Email,Newsletter,658,25,25,6.5
2026-05-21,Google Ads,High Intent Search,1009,49,45,119.06
2026-03-02,Meta Ads,Awareness Video,7979,112,102,67.64
2025-11-03,Meta Ads,Lead Magnet,3405,42,37,31.47
2026-03-20,Organic Search,SEO Product Pages,4438,142,142,0.0
2026-03-22,Referral,Customer Referral,9,9,9,0.0
2025-12-08,Direct,Returning Visitors,51,51,51,0.0
2026-04-29,Organic Search,SEO Product Pages,5000,160,160,0.0
2026-04-20,Organic Search,SEO Guides,4469,143,143,0.0
2026-04-05,Email,Newsletter,395,15,15,6.5
2026-01-05,Meta Ads,Lead Magnet,3491,40,36,31.33
2025-12-09,Direct,Returning Visitors,45,45,45,0.0
2026-06-24,LinkedIn Ads,Operations Leaders,901,7,7,45.8
2026-06-22,Email,Newsletter,1263,48,48,6.5
2025-11-15,LinkedIn Ads,Decision Makers,879,6,5,43.29
2026-01-15,LinkedIn Ads,SMB Growth,672,5,5,31.03
2026-01-11,Direct,Brand Direct,66,66,66,0.0
2026-03-29,Email,Newsletter,579,22,22,6.5
2026-02-27,Email,Reactivation,368,14,14,6.5
2026-06-09,Meta Ads,Awareness Video,9160,111,104,64.74
2026-06-20,Email,Newsletter,737,28,28,6.5
2025-12-14,Email,Lead Nurture,421,16,16,6.5
2025-11-09,Organic Search,SEO Product Pages,2906,93,93,0.0
2025-11-15,Referral,Partner Network,14,14,14,10.18
2026-04-07,LinkedIn Ads,Operations Leaders,959,7,6,47.04
2025-12-30,Meta Ads,Awareness Video,4445,49,43,29.85
2026-01-05,Direct,Demo Page Direct,30,30,30,0.0
2026-05-23,Direct,Brand Direct,94,94,94,0.0
2026-04-11,Meta Ads,Retargeting,1501,17,16,15.45
2026-01-08,Direct,Brand Direct,100,100,100,0.0
2026-06-25,LinkedIn Ads,SMB Growth,1009,7,6,42.36
2026-03-21,Organic Search,SEO Product Pages,2906,93,93,0.0
2025-11-13,LinkedIn Ads,Decision Makers,1258,9,8,67.71
2026-02-23,Email,Lead Nurture,737,28,28,6.5
2026-04-01,Direct,Returning Visitors,48,48,48,0.0
2026-03-03,Email,Lead Nurture,763,29,29,6.5
2026-02-13,Referral,Customer Referral,17,17,17,0.0
2025-12-15,Email,Lead Nurture,500,19,19,6.5
2026-03-23,Referral,Industry Events,19,19,19,0.0
2026-06-08,Referral,Customer Referral,17,17,17,0.0
2025-12-08,Referral,Partner Network,18,18,18,14.82
2026-06-22,Google Ads,Competitor Search,350,16,14,51.44
2026-05-26,LinkedIn Ads,SMB Growth,859,6,6,37.47
2026-06-01,Direct,Brand Direct,140,140,140,0.0
2026-01-30,LinkedIn Ads,Operations Leaders,710,5,4,36.88
2026-04-19,Email,Lead Nurture,421,16,16,6.5
2026-05-22,Direct,Brand Direct,115,115,115,0.0
2025-12-17,Google Ads,Restaurant Operations,285,14,12,32.74
2026-05-06,Meta Ads,Retargeting,2088,26,24,23.64
2026-06-15,Direct,Demo Page Direct,36,36,36,0.0
2025-12-09,LinkedIn Ads,Operations Leaders,714,5,5,35.31
2025-12-28,Meta Ads,Awareness Video,3382,38,35,23.11
2025-11-24,Google Ads,High Intent Search,761,31,27,72.78
2026-01-14,Email,Lead Nurture,632,24,24,6.5
2026-06-26,Organic Search,SEO Guides,4438,142,142,0.0
2025-12-09,Email,Newsletter,921,35,35,6.5
2026-05-25,Direct,Brand Direct,111,111,111,0.0
2026-05-31,Google Ads,Restaurant Operations,337,17,15,36.73
2026-04-18,LinkedIn Ads,Operations Leaders,771,5,4,31.21
2026-05-22,LinkedIn Ads,Decision Makers,1055,8,7,65.15
2025-12-16,LinkedIn Ads,Operations Leaders,695,5,4,33.97
2026-05-02,LinkedIn Ads,SMB Growth,533,4,3,22.94
2025-12-25,Google Ads,High Intent Search,390,19,18,43.48
2026-01-21,Direct,Demo Page Direct,27,27,27,0.0
2026-04-30,Email,Newsletter,1184,45,45,6.5
2026-04-24,Google Ads,High Intent Search,915,41,35,90.3
2025-11-10,Direct,Returning Visitors,47,47,47,0.0
2026-06-04,Google Ads,Competitor Search,574,22,20,64.78
2026-05-23,Direct,Returning Visitors,51,51,51,0.0
2026-01-08,Google Ads,High Intent Search,900,41,37,98.84
2026-01-03,Direct,Demo Page Direct,7,7,7,0.0
2026-05-12,Direct,Demo Page Direct,38,38,38,0.0
2026-02-13,Email,Reactivation,447,17,17,6.5
2026-05-11,Meta Ads,Awareness Video,10466,123,109,71.52
2026-04-17,Google Ads,Competitor Search,352,15,14,39.85
2026-02-02,LinkedIn Ads,Operations Leaders,964,7,6,41.73
2026-05-05,Google Ads,High Intent Search,925,44,38,106.81
2026-01-09,Google Ads,Restaurant Operations,417,19,17,42.89
2025-11-30,Referral,Customer Referral,7,7,7,0.0
2026-04-05,Organic Search,SEO Product Pages,3594,115,115,0.0
2026-03-23,Meta Ads,Lead Magnet,3474,43,39,33.24
2025-12-29,Meta Ads,Awareness Video,4548,56,50,32.56
2026-03-31,Direct,Demo Page Direct,30,30,30,0.0
2026-06-25,Meta Ads,Awareness Video,6709,86,77,53.91
2025-12-21,Referral,Customer Referral,15,15,15,0.0
2026-04-14,Referral,Industry Events,20,20,20,0.0
2026-04-28,Meta Ads,Lead Magnet,3014,41,36,28.57
2026-01-28,Referral,Partner Network,18,18,18,17.62
2026-03-25,Email,Lead Nurture,737,28,28,6.5
2026-06-05,Google Ads,Competitor Search,338,16,15,52.21
2025-12-21,Email,Lead Nurture,421,16,16,6.5
2026-05-16,Organic Search,SEO Product Pages,3531,113,113,0.0
2025-11-11,Organic Search,SEO Guides,3719,119,119,0.0
2026-06-11,Google Ads,High Intent Search,1036,50,47,109.96
2026-04-22,Email,Lead Nurture,632,24,24,6.5
2026-02-19,Google Ads,Competitor Search,433,18,16,53.47
2026-04-19,Organic Search,SEO Comparison,1344,43,43,0.0
2026-03-08,Google Ads,Competitor Search,325,14,13,42.77
2025-11-06,Meta Ads,Awareness Video,7861,92,84,61.28
2026-05-04,Organic Search,SEO Comparison,1719,55,55,0.0
2026-03-12,Organic Search,SEO Product Pages,5250,168,168,0.0
2025-12-03,Referral,Partner Network,17,17,17,12.68
2026-03-03,Linkedin Ads,Operations Leaders,692,5,5,37.49
2026-05-27,Direct,Demo Page Direct,35,35,35,0.0
2026-01-11,Referral,Partner Network,18,18,18,10.3
2025-12-16,Google Ads,Restaurant Operations,459,19,18,41.33
2026-01-05,Google Ads,High Intent Search,759,33,31,81.79
2026-04-04,Google Ads,Restaurant Operations,291,13,12,27.65
2026-05-23,Meta Ads,Lead Magnet,2362,29,27,24.26
2026-01-10,Referral,Partner Network,13,13,13,10.93
2026-05-15,Google Ads,Restaurant Operations,576,24,21,45.71
2026-04-02,Direct,Brand Direct,108,108,108,0.0
2026-05-13,Direct,Returning Visitors,67,67,67,0.0
2026-06-06,LinkedIn Ads,Operations Leaders,784,5,4,31.85
2025-12-13,Email,Newsletter,868,33,33,6.5
2026-06-16,Email,Reactivation,500,19,19,6.5
2025-12-29,Referral,Partner Network,10,10,10,6.85
2025-11-19,Google Ads,Restaurant Operations,349,17,15,37.83
2025-11-27,Referral,Partner Network,18,18,18,13.8
2026-04-26,Direct,Demo Page Direct,16,16,16,0.0
2026-06-08,LinkedIn Ads,Decision Makers,1206,9,8,73.96
2026-01-22,Meta Ads,Awareness Video,7296,96,90,52.1
2026-02-14,Direct,Brand Direct,68,68,68,0.0
2025-11-23,Email,Newsletter,711,27,27,6.5
2025-12-14,Direct,Demo Page Direct,25,25,25,0.0
2026-02-15,Email,Lead Nurture,579,22,22,6.5
2026-04-08,LinkedIn Ads,SMB Growth,646,5,4,35.8
2026-03-27,linkedin ads,Operations Leaders,802,5,5,40.69
2026-03-05,Referral,Industry Events,4,4,4,1264.7
2026-04-10,Email,Newsletter,921,35,35,6.5
2026-02-09,Organic Search,SEO Comparison,1094,35,35,0.0
2026-05-10,Direct,Demo Page Direct,14,14,14,0.0
2026-02-18,Referral,Partner Network,16,16,16,12.78
2025-11-23,LinkedIn Ads,Decision Makers,726,5,4,42.98
2026-06-20,Organic Search,SEO Guides,3688,118,118,0.0
2026-03-21,Referral,Customer Referral,8,8,8,0.0
2025-11-18,Referral,Customer Referral,7,7,7,0.0
2026-05-16,Referral,Partner Network,20,20,20,13.76
2026-03-26,Referral,Partner Network,17,17,17,17.66
2026-05-01,Meta Ads,Lead Magnet,3802,52,48,40.09
2026-04-27,Google Ads,Restaurant Operations,486,26,22,51.78
2026-02-24,Meta Ads,Lead Magnet,2867,42,36,32.17
2026-03-17,Google Ads,Competitor Search,368,16,14,46.81
2025-11-02,Organic Search,SEO Product Pages,2656,85,85,0.0
2026-05-25,Referral,Partner Network,28,28,28,16.27
2026-02-23,Organic Search,SEO Product Pages,4000,128,128,0.0
2026-05-02,LinkedIn Ads,Operations Leaders,661,5,5,36.27
2026-06-30,Google Ads,Restaurant Operations,551,27,24,57.57
2025-12-20,Email,Lead Nurture,500,19,19,6.5
2026-01-11,Organic Search,SEO Guides,2562,82,82,0.0
2026-06-09,Google Ads,High Intent Search,769,38,35,8720.0
2025-11-10,Referral,Customer Referral,9,9,9,0.0
2026-06-14,LinkedIn Ads,Decision Makers,536,4,4,29.66
2026-02-06,Meta Ads,Awareness Video,9954,120,104,66.4
2026-06-27,Organic Search,SEO Comparison,1125,36,36,0.0
2026-04-12,Direct,Demo Page Direct,22,22,22,0.0
2026-05-09,Google Ads,Competitor Search,365,15,13,40.73
2026-03-17,Direct,Demo Page Direct,38,38,38,0.0
2026-03-21,LinkedIn Ads,SMB Growth,530,4,4,25.49
2025-11-27,LinkedIn Ads,Decision Makers,1299,9,8,61.04
2026-02-05,LinkedIn Ads,Decision Makers,1299,9,8,69.18
2026-04-23,LinkedIn Ads,SMB Growth,689,5,5,35.14
2026-06-11,Organic Search,SEO Comparison,1938,62,62,0.0
2026-03-14,Email,Lead Nurture,395,15,15,6.5
2026-03-03,Google Ads,Restaurant Operations,461,20,18,43.98
2026-02-11,Meta Ads,Awareness Video,7816,100,89,59.16
2026-04-10,Direct,Returning Visitors,52,52,52,0.0
2026-04-16,Organic Search,SEO Comparison,1719,55,55,0.0
2026-02-16,Email,Reactivation,342,13,13,6.5
2025-11-29,Referral,Customer Referral,10,10,10,0.0
2026-05-30,Email,Reactivation,289,11,11,6.5
2026-05-13,Email,Reactivation,526,20,20,6.5
2026-02-27,LinkedIn Ads,Decision Makers,1218,9,8,72.93
2026-06-11,Referral,Industry Events,8,8,8,0.0
2025-12-24,Meta Ads,Lead Magnet,1693,25,23,18.41
2025-12-16,Direct,Returning Visitors,46,46,46,0.0
2026-06-05,Referral,Customer Referral,24,24,24,0.0
2026-01-07,Organic Search,SEO Guides,3500,112,112,0.0
2026-03-05,Direct,Returning Visitors,54,54,54,0.0
2026-04-12,Email,Newsletter,632,24,24,6.5
2026-03-03,LinkedIn Ads,Decision Makers,1146,8,7,69.42
2026-03-06,Direct,Brand Direct,99,99,99,0.0
2026-04-22,Google Ads,Competitor Search,302,13,12,42.13
2026-04-13,Google Ads,High Intent Search,939,45,42,104.9
2026-04-13,LinkedIn Ads,Operations Leaders,868,6,5,44.08
2026-05-17,Google Ads,Competitor Search,226,12,11,36.89
2026-02-10,Referral,Customer Referral,11,11,11,0.0
2026-05-18,Google Ads,Competitor Search,354,19,17,57.49
2026-02-04,LinkedIn Ads,Operations Leaders,869,6,5,37.03
2026-04-21,Email,Lead Nurture,658,25,25,6.5
2025-11-18,Direct,Returning Visitors,45,45,45,0.0
2026-04-08,Organic Search,SEO Comparison,1844,59,59,0.0
2026-03-07,Direct,Brand Direct,76,76,76,0.0
2026-03-05,Direct,Demo Page Direct,24,24,24,0.0
2026-04-18,Meta Ads,Retargeting,1516,20,18,16.14
2025-12-19,Google Ads,Competitor Search,379,19,17,56.04
2026-05-19,Organic Search,SEO Guides,3312,106,106,0.0
2026-03-08,Google Ads,Restaurant Operations,385,17,15,32.06
2026-06-16,Meta Ads,Awareness Video,11335,131,117,77.91
2026-02-06,Organic Search,SEO Product Pages,4219,135,135,0.0
2026-02-17,Email,Newsletter,895,34,34,6.5
2025-12-20,Organic Search,SEO Product Pages,2375,76,76,0.0
2025-11-10,Organic Search,SEO Guides,3344,107,107,0.0
2026-06-04,LinkedIn Ads,Decision Makers,1193,8,7,60.82
2026-06-07,Referral,Customer Referral,5,5,5,0.0
2026-03-22,Referral,Partner Network,9,9,9,11.0
2026-03-05,Meta Ads,Awareness Video,7754,103,90,57.24
2026-03-25,Meta Ads,Retargeting,1978,23,20,17.6
2026-03-28,LinkedIn Ads,SMB Growth,561,4,4,25.26
2026-06-18,LinkedIn Ads,SMB Growth,698,6,5,36.83
2026-06-22,LinkedIn Ads,Operations Leaders,997,7,6,46.79
2026-01-30,Meta Ads,Lead Magnet,2673,36,31,29.16
2026-05-27,GOOGLE ADS ,Competitor Search,515,22,19,72.68
2026-03-08,Google Ads,High Intent Search,714,31,28,70.23
2025-12-10,LinkedIn Ads,Decision Makers,1124,8,7,52.92
2026-02-02,Meta Ads,Lead Magnet,3473,49,45,35.34
2026-01-04,Organic Search,SEO Guides,2469,79,79,0.0
2025-11-12,Meta Ads,Awareness Video,7957,108,94,61.38
2026-05-21,Direct,Brand Direct,128,128,128,0.0
2026-04-29,Direct,Demo Page Direct,25,25,25,0.0
2026-05-16,Direct,Demo Page Direct,16,16,16,0.0
2025-11-25,Email,Newsletter,605,23,23,6.5
2026-05-12,Organic Search,SEO Product Pages,4688,150,150,0.0
2026-02-16,Organic Search,SEO Product Pages,4188,134,134,0.0
2025-11-25,Google Ads,Competitor Search,315,15,13,50.62
2026-05-04,Referral,Customer Referral,18,18,18,0.0
2026-01-13,Google Ads,Restaurant Operations,357,17,16,34.32
2026-02-02,Meta Ads,Awareness Video,6043,85,78,54.99
2026-06-27,Google Ads,High Intent Search,687,32,28,80.35
2026-02-24,Organic Search,SEO Comparison,1938,62,62,0.0
2026-05-04,LinkedIn Ads,Operations Leaders,772,6,6,39.88
2025-11-19,LinkedIn Ads,Decision Makers,1161,8,7,58.61
2026-02-11,Direct,Demo Page Direct,29,29,29,0.0
2026-03-11,Direct,Demo Page Direct,33,33,33,0.0
2026-05-13,Email,Newsletter,1079,41,41,6.5
2025-12-23,Organic Search,SEO Product Pages,2281,73,73,0.0
2025-12-28,Direct,Demo Page Direct,4,4,4,0.0
2026-02-16,Meta Ads,Awareness Video,6416,76,67,51.06
2026-04-13,Meta Ads,Lead Magnet,3551,43,39,33.27
2026-05-26,Google Ads,Competitor Search,392,19,17,54.33
2026-05-08,Referral,Customer Referral,12,12,12,0.0
2026-04-30,Direct,Brand Direct,103,103,103,0.0
2026-05-16,Google Ads,High Intent Search,897,38,35,90.17
2025-11-03,Organic Search,SEO Product Pages,3469,111,111,0.0
2025-12-12,Organic Search,SEO Guides,3156,101,101,0.0
2026-04-04,Meta Ads,Awareness Video,7635,87,78,52.41
2026-05-21,Referral,Customer Referral,22,22,22,0.0
2026-05-05,Referral,Industry Events,10,10,10,1582.77
2026-03-09,Organic Search,SEO Product Pages,4750,152,152,0.0
2026-05-05,Meta Ads,Awareness Video,10310,115,101,65.45
2026-05-03,Organic Search,SEO Product Pages,3719,119,119,0.0
2026-04-25,Referral,Customer Referral,13,13,13,0.0
2026-04-12,Referral,Industry Events,6,6,6,0.0
2026-02-20,Meta Ads,Lead Magnet,4057,47,41,34.19
2025-11-07,Referral,Customer Referral,10,10,10,0.0
2026-02-15,Google Ads,Competitor Search,256,11,10,33.75
2026-05-15,Organic Search,SEO Comparison,1938,62,62,0.0
2026-04-01,Referral,Customer Referral,14,14,14,0.0
2026-02-10,Email,Lead Nurture,816,31,31,6.5
2026-04-15,Google Ads,Competitor Search,425,16,14,48.62
2026-03-12,LinkedIn Ads,Operations Leaders,1025,7,6,42.83
2026-04-27,Email,Reactivation,605,23,23,6.5
2026-04-24,Meta Ads,Retargeting,2167,27,24,24.8
2026-01-06,Email,Lead Nurture,632,24,24,6.5
2026-03-04,Google Ads,Competitor Search,405,17,15,45.53
2025-12-10,Email,Newsletter,763,29,29,6.5
2026-01-18,Google Ads,High Intent Search,750,31,28,63.99
2026-04-01,Google Ads,Competitor Search,328,15,13,52.66
2026-01-13,Google Ads,High Intent Search,991,43,37,97.16
2026-02-12,Referral,Customer Referral,14,14,14,0.0
2026-03-20,Meta Ads,Retargeting,2791,28,26,24.66
2026-06-03,GOOGLE ADS ,High Intent Search,769,40,35,94.4
2026-05-12,LinkedIn Ads,SMB Growth,998,7,6,41.48
2026-04-22,Direct,Demo Page Direct,26,26,26,0.0
2025-12-13,Organic Search,SEO Guides,2219,71,71,0.0
2026-01-03,LinkedIn Ads,Decision Makers,422,3,3,21.66
2026-01-04,Google Ads,Restaurant Operations,431,17,15,32.78
2026-04-28,Meta Ads,Awareness Video,9025,108,99,65.22
2026-01-17,Meta Ads,Lead Magnet,2060,26,24,20.03
2026-02-26,Google Ads,Restaurant Operations,453,19,16,38.56
2026-03-20,Meta Ads,Lead Magnet,3234,42,39,32.06
2026-04-25,LinkedIn Ads,Decision Makers,726,5,4,37.64
2025-11-19,Google Ads,High Intent Search,876,37,33,90.62
2026-05-18,Organic Search,SEO Guides,4125,132,132,0.0
2026-01-09,LinkedIn Ads,Operations Leaders,734,5,5,38.17
2026-04-14,Meta Ads,Lead Magnet,2609,36,34,28.23
2026-02-01,Direct,Demo Page Direct,12,12,12,0.0
2025-11-14,Referral,Customer Referral,12,12,12,0.0
2025-11-20,Meta Ads,Awareness Video,13380,134,124,77.68
2026-05-12,Email,Reactivation,368,14,14,6.5
2026-05-24,Google Ads,Restaurant Operations,321,15,13,33.03
2026-02-08,Organic Search,SEO Guides,2781,89,89,0.0
2026-03-09,Organic Search,SEO Guides,4219,135,135,0.0
2026-01-23,Organic Search,SEO Guides,3969,127,127,0.0
2026-02-22,Organic Search,SEO Comparison,1000,32,32,0.0
2026-06-18,Google Ads,High Intent Search,1087,50,43,113.11
2026-04-24,Meta Ads,Lead Magnet,3536,47,44,36.55
2026-05-04,Organic Search,SEO Guides,4281,137,137,0.0
2026-04-05,Organic Search,SEO Comparison,1281,41,41,0.0
2026-06-10,LinkedIn Ads,Decision Makers,1202,9,8,68.27
2026-02-23,Direct,Brand Direct,84,84,84,0.0
2026-06-22,Google Ads,High Intent Search,1210,51,47,125.06
2026-03-18,Meta Ads,Lead Magnet,4464,55,49,39.22
2025-12-12,Direct,Brand Direct,112,112,112,0.0
2026-02-03,Organic Search,SEO Comparison,1625,52,52,0.0
2026-06-04,Meta Ads,Retargeting,2070,24,22,21.31
2026-05-17,Referral,Industry Events,12,12,12,0.0
2026-05-28,Email,Reactivation,500,19,19,6.5
2025-12-19,Organic Search,SEO Product Pages,4094,131,131,0.0
2026-03-14,Meta Ads,Awareness Video,6989,85,75,53.79
2025-11-09,Direct,Brand Direct,64,64,64,0.0
2026-05-05,Organic Search,SEO Product Pages,4375,140,140,0.0
2026-03-27,Email,Newsletter,1026,39,39,6.5
2026-03-10,Organic Search,SEO Guides,4031,129,129,0.0
2026-02-16,Direct,Brand Direct,105,105,105,0.0
2026-04-29,Organic Search,SEO Comparison,1562,50,50,0.0
2025-12-17,Referral,Customer Referral,9,9,9,0.0
2025-12-19,LinkedIn Ads,Decision Makers,926,6,5,49.14
2026-01-31,LinkedIn Ads,SMB Growth,637,4,4,22.36
2026-05-17,Direct,Demo Page Direct,19,19,19,0.0
2026-06-26,Google Ads,Restaurant Operations,600,24,21,53.81
2026-06-22,Direct,Brand Direct,126,126,126,0.0
2025-11-25,Meta Ads,Awareness Video,6933,84,74,47.42
2026-03-06,Meta Ads,Retargeting,1622,22,20,22.23
2026-04-15,LinkedIn Ads,SMB Growth,886,6,5,36.11
2026-06-15,Google Ads,High Intent Search,911,40,36,88.25
2026-03-19,Google Ads,Competitor Search,358,17,15,54.09
2026-02-25,Organic Search,SEO Comparison,1812,58,58,0.0
2026-05-28,Referral,Partner Network,22,22,22,21.45
2026-01-30,google ads,Competitor Search,347,17,16,48.77
2026-01-18,Email,Lead Nurture,553,21,21,6.5
2026-01-31,Organic Search,SEO Guides,2906,93,93,0.0
2026-03-28,Meta Ads,Lead Magnet,2981,34,31,25.78
2026-06-05,Meta Ads,Awareness Video,9376,105,96,57.95
2026-05-02,Referral,Industry Events,14,14,14,0.0
2026-01-01,Organic Search,SEO Product Pages,2312,74,74,0.0
2025-11-04,Google Ads,High Intent Search,1029,47,44,94.56
2025-12-26,Direct,Demo Page Direct,10,10,10,0.0
2025-12-13,Google Ads,High Intent Search,941,41,36,82.72
2026-02-25,Direct,Brand Direct,119,119,119,0.0
2026-04-15,Referral,Partner Network,22,22,22,14.05
2026-02-17,Email,Reactivation,184,7,7,6.5
2026-01-12,Email,Lead Nurture,368,14,14,6.5
2026-02-24,Meta Ads,Retargeting,2629,30,26,24.59
2025-12-05,Google Ads,High Intent Search,927,41,38,84.22
2026-01-30,Google Ads,High Intent Search,757,35,31,91.29
2026-03-28,LinkedIn Ads,Decision Makers,807,6,5,46.38
2026-06-30,Direct,Demo Page Direct,36,36,36,0.0
2026-05-26,Referral,Partner Network,29,29,29,19.7
2026-03-23,Organic Search,SEO Product Pages,4281,137,137,0.0
2026-04-19,Organic Search,SEO Guides,3156,101,101,0.0
2026-01-29,LinkedIn Ads,SMB Growth,756,6,5,36.61
2026-02-08,LinkedIn Ads,Decision Makers,712,5,5,35.9
2026-05-13,Email,Lead Nurture,895,34,34,6.5
2026-05-26,Meta Ads,Awareness Video,9795,120,111,67.81
2026-03-30,Referral,Industry Events,9,9,9,0.0
2025-11-12,Referral,Partner Network,18,18,18,16.08
2026-06-14,LinkedIn Ads,SMB Growth,695,5,4,28.17
2026-03-16,Email,Lead Nurture,711,27,27,6.5
2026-01-17,Meta Ads,Awareness Video,6102,73,63,44.87
2025-12-02,Google Ads,Restaurant Operations,393,19,17,42.55
2025-11-20,Google Ads,High Intent Search,705,35,33,75.61
2026-04-14,Organic Search,SEO Comparison,2188,70,70,0.0
2025-12-22,Referral,Customer Referral,11,11,11,0.0
2026-06-23,Referral,Partner Network,22,22,22,15.53
2026-06-05,Direct,Returning Visitors,65,65,65,0.0
2026-03-11,LinkedIn Ads,Decision Makers,1167,8,7,60.77
2026-06-11,Referral,Customer Referral,15,15,15,0.0
2026-03-06,LinkedIn Ads,Decision Makers,1689,11,10,74.49
2026-04-25,Email,Reactivation,553,21,21,6.5
2026-01-20,Google Ads,Competitor Search,371,15,13,44.93
2026-02-07,LinkedIn Ads,Operations Leaders,432,3,3,23.54
2026-01-09,Referral,Partner Network,26,26,26,14.88
2026-02-09,Referral,Partner Network,15,15,15,16.37
2026-05-16,LinkedIn Ads,Decision Makers,907,7,6,47.83
2026-05-28,Google Ads,Competitor Search,352,17,16,48.81
2026-06-08,Google Ads,Competitor Search,479,22,21,61.1
2026-05-21,LinkedIn Ads,Decision Makers,1121,8,7,68.09
2026-02-13,Direct,Brand Direct,101,101,101,0.0
2026-05-15,Google Ads,High Intent Search,1091,53,48,123.68
2026-03-08,Organic Search,SEO Product Pages,3656,117,117,0.0
2026-01-29,Google Ads,Restaurant Operations,454,18,16,39.18
2026-04-19,Direct,Demo Page Direct,32,32,32,0.0
2025-11-13,Google Ads,High Intent Search,980,48,43,95.17
2026-01-24,Google Ads,Restaurant Operations,378,15,13,36.21
2026-03-18,Referral,Industry Events,10,10,10,0.0
2026-01-05,Organic Search,SEO Product Pages,4375,140,140,0.0
2026-06-04,LinkedIn Ads,SMB Growth,1078,7,6,41.76
2026-02-24,Google Ads,High Intent Search,861,38,33,85.5
2026-06-25,Referral,Industry Events,11,11,11,0.0
2025-12-21,LinkedIn Ads,Operations Leaders,581,4,3,24.97
2026-03-05,Referral,Customer Referral,25,25,25,0.0
2025-11-07,Referral,Partner Network,11,11,11,14.36
2026-05-24,Email,Newsletter,500,19,19,6.5
2026-02-15,Email,Newsletter,763,29,29,6.5
2026-02-12,Meta Ads,Lead Magnet,4122,53,48,36.72
2026-05-10,Organic Search,SEO Comparison,969,31,31,0.0
2026-06-12,Email,Newsletter,1158,44,44,6.5
2025-12-29,Direct,Brand Direct,61,61,61,0.0
2026-01-17,Organic Search,SEO Guides,2438,78,78,0.0
2026-06-18,Email,Newsletter,789,30,30,6.5
2026-04-07,Referral,Industry Events,11,11,11,0.0
2025-11-16,Referral,Partner Network,20,20,20,9.68
2025-12-23,Direct,Returning Visitors,22,22,22,0.0
2025-11-13,Direct,Returning Visitors,40,40,40,0.0
2026-04-23,Referral,Partner Network,17,17,17,14.98
2026-02-23,LinkedIn Ads,Operations Leaders,814,6,6,38.23
2026-06-04,Email,Newsletter,1026,39,39,6.5
2026-02-03,Direct,Brand Direct,94,94,94,0.0
2026-02-26,Meta Ads,Awareness Video,9642,103,95,67.64
2026-04-14,Google Ads,Competitor Search,528,23,21,65.06
2026-02-22,Direct,Demo Page Direct,16,16,16,0.0
2026-04-13,Direct,Brand Direct,124,124,124,0.0
2025-12-08,Google Ads,High Intent Search,872,40,37,91.75
2026-04-07,Email,Lead Nurture,895,34,34,6.5
2026-03-09,Direct,Brand Direct,107,107,107,0.0
2026-03-06,Meta Ads,Lead Magnet,3718,40,36,26.27
2026-06-09,Organic Search,SEO Product Pages,4750,152,152,0.0
2026-04-02,Referral,Partner Network,19,19,19,15.66
2026-02-06,Google Ads,Competitor Search,377,15,14,43.69
2026-06-16,Organic Search,SEO Product Pages,5031,161,161,0.0
2026-06-12,Meta Ads,Retargeting,2397,28,26,22.84
2026-06-22,Referral,Partner Network,15,15,15,18.18
2026-06-05,Meta Ads,Lead Magnet,3947,52,46,37.09
2026-02-15,Meta Ads,Retargeting,1544,16,14,14.91
2026-05-09,Email,Newsletter,789,30,30,6.5
2026-04-08,Email,Reactivation,632,24,24,6.5
2026-06-25,Meta Ads,Lead Magnet,4530,49,44,35.73
2026-02-20,meta ads,Awareness Video,8816,98,90,62.15
2026-01-27,Referral,Partner Network,17,17,17,14.66
2026-05-27,Referral,Industry Events,9,9,9,0.0
2026-05-08,Referral,Partner Network,30,30,30,21.45
2026-03-31,Referral,Customer Referral,13,13,13,0.0
2026-06-20,Organic Search,SEO Product Pages,3156,101,101,0.0
2026-04-10,Referral,Partner Network,18,18,18,16.33
2026-01-15,Email,Newsletter,816,31,31,6.5
2026-04-11,Email,Reactivation,289,11,11,6.5
2026-01-30,Email,Newsletter,895,34,34,6.5
2026-01-07,Direct,Brand Direct,92,92,92,0.0
2026-01-28,Google Ads,High Intent Search,1037,45,42,104.24
2025-11-08,Meta Ads,Awareness Video,6552,70,66,40.72
2026-01-03,Google Ads,Competitor Search,126,6,5,18.42
2026-03-19,Organic Search,SEO Product Pages,4062,130,130,0.0
2026-03-26,Google Ads,Restaurant Operations,513,21,20,42.43
2026-05-16,Meta Ads,Lead Magnet,2632,36,32,28.36
2026-06-11,Google Ads,Competitor Search,377,19,17,57.28
2026-05-20,Referral,Partner Network,22,22,22,16.41
2026-04-25,Direct,Demo Page Direct,13,13,13,0.0
2026-03-07,LinkedIn Ads,Operations Leaders,574,4,4,26.64
2026-02-09,Email,Lead Nurture,553,21,21,6.5
2025-11-30,Organic Search,SEO Product Pages,2438,78,78,0.0
2026-02-24,Organic Search,SEO Guides,3531,113,113,0.0
2026-01-22,LinkedIn Ads,Decision Makers,1135,8,7,48.97
2025-11-18,Google Ads,Restaurant Operations,376,17,15,36.24
2026-04-03,Email,Newsletter,684,26,26,6.5
2026-01-16,Google Ads,Restaurant Operations,524,26,23,50.08
2026-06-16,LinkedIn Ads,Decision Makers,1602,11,10,78.95
2025-11-28,Google Ads,High Intent Search,1426,53,47,119.72
2026-03-26,Google Ads,Competitor Search,340,17,16,50.31
2026-02-14,Referral,Partner Network,12,12,12,11.82
2026-03-29,Meta Ads,Lead Magnet,3056,34,31,27.5
2026-06-27,Direct,Demo Page Direct,24,24,24,0.0
2026-01-25,Google Ads,High Intent Search,581,27,25,58.96
2026-06-27,Email,Newsletter,579,22,22,6.5
2026-03-05,Email,Newsletter,974,37,37,6.5
2026-06-19,Direct,Brand Direct,115,115,115,0.0
2026-05-02,Email,Lead Nurture,658,25,25,6.5
2026-01-07,LinkedIn Ads,Decision Makers,1115,8,8,62.38
2026-02-24,Email,Newsletter,895,34,34,6.5
2025-11-15,Referral,Customer Referral,7,7,7,0.0
2026-05-16,Organic Search,SEO Guides,2375,76,76,0.0
2026-02-23,Google Ads,Restaurant Operations,545,21,18,41.0
2026-06-28,Google Ads,High Intent Search,849,35,31,91.4
2026-06-27,Organic Search,SEO Guides,2531,81,81,0.0
2026-06-13,Referral,Partner Network,15,15,15,11.09
2026-03-10,Organic Search,SEO Product Pages,3688,118,118,0.0
2026-02-01,Google Ads,High Intent Search,796,33,29,73.07
2026-04-06,Referral,Partner Network,25,25,25,18.81
2026-03-17,Meta Ads,Lead Magnet,3308,39,36,30.07
2025-12-06,Google Ads,High Intent Search,649,24,22,55.23
2026-04-01,Organic Search,SEO Product Pages,4000,128,128,0.0
2026-01-11,LinkedIn Ads,Operations Leaders,396,3,3,21.91
2026-02-15,Meta Ads,Awareness Video,6804,78,69,48.91
2026-02-26,LinkedIn Ads,Decision Makers,983,7,6,56.35
2025-11-28,Organic Search,SEO Guides,3250,104,104,0.0
2026-06-23,Email,Reactivation,500,19,19,6.5
2026-02-01,LinkedIn Ads,Operations Leaders,422,3,3,23.08
2026-02-16,LinkedIn Ads,Decision Makers,1006,7,6,55.29
2026-06-13,Referral,Customer Referral,14,14,14,0.0
2026-03-20,Google Ads,High Intent Search,805,37,35,89.51
2026-01-13,Referral,Customer Referral,11,11,11,0.0
2025-11-01,Email,Newsletter,737,28,28,6.5
2026-03-21,LinkedIn Ads,Decision Makers,663,5,4,42.8
2026-04-04,Organic Search,SEO Comparison,1250,40,40,0.0
2025-11-05,Google Ads,High Intent Search,686,30,27,68.63
2026-02-27,LinkedIn Ads,SMB Growth,785,6,6,31.97
2026-06-16,Meta Ads,Retargeting,1910,24,22,22.53
2026-03-03,Meta Ads,Retargeting,1926,25,23,22.09
2026-05-31,Organic Search,SEO Product Pages,3438,110,110,0.0
2025-12-07,Google Ads,Competitor Search,200,9,8,28.06
2026-04-01,Organic Search,SEO Comparison,1438,46,46,0.0
2026-04-27,LinkedIn Ads,Operations Leaders,836,6,5,44.07
2025-11-05,GOOGLE ADS ,Competitor Search,354,17,15,52.3
2026-04-23,Email,Newsletter,921,35,35,6.5
2026-01-13,Meta Ads,Awareness Video,9888,111,97,60.77
2026-04-04,Email,Newsletter,526,20,20,6.5
2026-04-27,Direct,Returning Visitors,66,66,66,0.0
2025-12-15,Organic Search,SEO Product Pages,3562,114,114,0.0
2025-11-24,Google Ads,Restaurant Operations,457,21,18,43.24
2026-05-12,Referral,Partner Network,18,18,18,18.52
2026-02-02,Organic Search,SEO Comparison,1625,52,52,0.0
2026-01-26,Organic Search,SEO Product Pages,4375,140,140,0.0
2026-06-18,Organic Search,SEO Guides,4656,149,149,0.0
2026-04-23,Referral,Customer Referral,9,9,9,0.0
2026-05-20,LinkedIn Ads,Operations Leaders,903,6,5,38.6
2026-03-01,Organic Search,SEO Comparison,1469,47,47,0.0
2025-12-10,Organic Search,SEO Product Pages,4438,142,142,0.0
2026-05-07,Direct,Returning Visitors,51,51,51,0.0
2025-11-01,Google Ads,Competitor Search,223,10,9,29.21
2026-05-21,Email,Reactivation,474,18,18,6.5
2026-01-18,Direct,Returning Visitors,35,35,35,0.0
2026-04-16,Direct,Demo Page Direct,29,29,29,0.0
2026-02-04,Organic Search,SEO Product Pages,3938,126,126,0.0
2026-02-03,Email,Reactivation,579,22,22,6.5
2026-06-04,Referral,Partner Network,15,15,15,18.67
2026-02-22,Email,Reactivation,237,9,9,6.5
2026-02-16,Referral,Industry Events,10,10,10,0.0
2026-03-05,Direct,Brand Direct,111,111,111,0.0
2026-03-21,Meta Ads,Retargeting,1301,17,15,15.38
2025-12-27,Direct,Returning Visitors,20,20,20,0.0
2026-02-19,Referral,Customer Referral,11,11,11,0.0
2026-04-02,Google Ads,High Intent Search,896,43,39,100.46
2026-05-18,Referral,Partner Network,20,20,20,16.98
2026-06-17,Meta Ads,Retargeting,2116,26,24,23.62
2026-03-14,Referral,Industry Events,7,7,7,0.0
2026-03-25,Organic Search,SEO Product Pages,4406,141,141,0.0
2026-06-13,Email,Newsletter,737,28,28,6.5
2026-01-02,Organic Search,SEO Guides,2625,84,84,0.0
2026-01-11,Organic Search,SEO Product Pages,3062,98,98,0.0
2026-02-09,Meta Ads,Retargeting,2199,26,23,24.5
2026-02-14,Organic Search,SEO Comparison,1125,36,36,0.0
2026-06-05,Email,Reactivation,421,16,16,6.5
2026-06-10,Google Ads,High Intent Search,1188,53,47,110.79
2025-11-08,Referral,Customer Referral,9,9,9,0.0
2026-05-15,Organic Search,SEO Product Pages,4938,158,158,0.0
2025-11-01,Meta Ads,Lead Magnet,2313,29,25,21.32
2026-06-16,Direct,Returning Visitors,58,58,58,0.0
2026-05-12,Meta Ads,Retargeting,2342,31,29,28.17
2026-01-07,LinkedIn Ads,Operations Leaders,649,5,5,35.56
2026-02-08,Email,Reactivation,289,11,11,6.5
2026-02-15,Referral,Customer Referral,12,12,12,0.0
2026-06-06,Google Ads,Restaurant Operations,427,18,16,39.82
2026-04-14,Email,Reactivation,395,15,15,6.5
2026-03-09,linkedin ads,SMB Growth,886,6,5,34.84
2026-04-21,LinkedIn Ads,SMB Growth,900,6,5,41.18
2026-05-22,Email,Newsletter,1316,50,50,6.5
2025-11-24,Referral,Partner Network,16,16,16,13.43
2026-02-20,Email,Reactivation,421,16,16,6.5
2026-01-15,Google Ads,Competitor Search,481,18,16,55.63
2026-05-05,Google Ads,Restaurant Operations,536,23,21,44.4
2026-06-01,Meta Ads,Lead Magnet,4827,60,53,44.39
2026-01-10,Direct,Returning Visitors,38,38,38,0.0
2026-03-29,Direct,Brand Direct,84,84,84,0.0
2026-04-30,Organic Search,SEO Guides,4281,137,137,0.0
2025-11-30,Google Ads,Restaurant Operations,389,16,14,31.64
2026-01-06,Referral,Partner Network,17,17,17,12.37
2025-11-11,Email,Newsletter,789,30,30,6.5
2026-01-04,Organic Search,SEO Product Pages,3375,108,108,0.0
2026-05-25,Meta Ads,Lead Magnet,5080,64,57,42.66
2025-11-20,Referral,Partner Network,20,20,20,14.63
2026-05-05,Referral,Partner Network,22,22,22,18.72
2026-04-23,Organic Search,SEO Guides,3250,104,104,0.0
2026-03-19,Google Ads,Restaurant Operations,500,20,18,43.74
2026-06-04,Meta Ads,Lead Magnet,6646,62,57,42.98
2026-02-24,LinkedIn Ads,Decision Makers,1591,11,10,70.85
2026-05-06,Email,Reactivation,421,16,16,6.5
2026-03-18,Organic Search,SEO Guides,3812,3852,122,0.0
2026-02-10,Google Ads,Restaurant Operations,656,26,24,48.19
2026-03-03,LinkedIn Ads,SMB Growth,818,6,6,35.03
2025-12-11,Referral,Customer Referral,16,16,16,0.0
2026-01-04,Direct,Returning Visitors,43,43,43,0.0
2026-01-06,Organic Search,SEO Product Pages,4156,133,133,0.0
2026-04-27,Meta Ads,Lead Magnet,5035,53,49,41.21
2026-06-16,Direct,Brand Direct,112,112,112,0.0
2026-04-27,Google Ads,High Intent Search,940,40,35,97.33
2026-05-25,Google Ads,High Intent Search,699,34,29,79.11
2025-11-26,Referral,Customer Referral,10,10,10,0.0
2026-02-04,Email,Reactivation,684,26,26,6.5
2026-05-29,LinkedIn Ads,Decision Makers,1270,9,8,63.03
2026-06-19,Referral,Industry Events,19,19,19,1411.97
2026-02-23,Email,Newsletter,789,30,30,6.5
2026-05-12,Meta Ads,Awareness Video,12089,138,120,71.05
2026-03-29,Referral,Partner Network,11,11,11,13.03
2026-03-08,Organic Search,SEO Guides,2750,88,88,0.0
2026-03-04,LinkedIn Ads,SMB Growth,855,6,6,35.56
2026-03-25,Organic Search,SEO Comparison,1438,46,46,0.0
2026-03-08,Meta Ads,Lead Magnet,2596,29,25,23.42
2026-01-07,Email,Newsletter,1289,49,49,6.5
2026-05-05,LinkedIn Ads,Operations Leaders,739,5,4,34.54
2026-06-10,Direct,Brand Direct,106,106,106,0.0
2026-05-29,Google Ads,Competitor Search,432,20,17,64.08
2026-05-24,Direct,Brand Direct,85,85,85,0.0
2026-04-22,Referral,Partner Network,21,21,21,18.11
2025-11-10,Referral,Partner Network,19,19,19,12.28
2026-06-29,LinkedIn Ads,SMB Growth,1220,8,7,46.65
2026-03-09,Direct,Demo Page Direct,33,33,33,0.0
2025-11-12,Meta Ads,Lead Magnet,3284,44,39,31.41
2026-04-16,Meta Ads,Retargeting,2463,27,23,24.4
2026-02-13,Direct,Returning Visitors,43,43,43,0.0
2026-01-09,Direct,Demo Page Direct,31,31,31,0.0
2026-05-22,Direct,Returning Visitors,51,51,51,0.0
2026-04-29,LinkedIn Ads,Operations Leaders,918,6,5,44.83
2025-11-18,Meta Ads,Awareness Video,7105,75,68,44.41
2025-11-18,Organic Search,SEO Product Pages,4031,129,129,0.0
2026-04-12,Direct,Brand Direct,84,84,84,0.0
2026-05-19,Organic Search,SEO Comparison,1375,44,44,0.0
2026-01-08,Meta Ads,Lead Magnet,3539,45,40,36.52
2026-04-08,Google Ads,High Intent Search,1088,46,42,107.8
2026-06-20,LinkedIn Ads,Decision Makers,1016,7,6,49.95
2026-02-13,LinkedIn Ads,SMB Growth,733,5,4,33.23
2026-04-15,Referral,Customer Referral,15,15,15,0.0
2025-12-26,Meta Ads,Lead Magnet,1518,19,17,13.55
2026-01-19,Meta Ads,Retargeting,1521,20,18,20.8
2026-03-31,Meta Ads,Retargeting,3068,34,31,32.64
2025-12-11,LinkedIn Ads,Operations Leaders,846,7,6,45.1
2025-11-07,Google Ads,High Intent Search,854,34,31,77.85
2026-04-08,Organic Search,SEO Guides,4188,134,134,0.0
2026-01-06,Meta Ads,Lead Magnet,3314,40,37,31.18
2026-06-13,Direct,Returning Visitors,29,29,29,0.0
2026-05-11,Direct,Demo Page Direct,31,31,31,0.0
2025-11-14,Meta Ads,Lead Magnet,3743,47,44,35.97
2026-05-28,Organic Search,SEO Guides,4188,134,134,0.0
2025-11-23,Organic Search,SEO Product Pages,2781,89,89,0.0
2026-03-16,Direct,Demo Page Direct,29,29,29,0.0
2025-12-15,Google Ads,Restaurant Operations,471,23,21,48.48
2026-01-23,Direct,Brand Direct,101,101,101,0.0
2026-02-07,Referral,Partner Network,14,14,14,11.13
2025-11-25,Linkedin Ads,Decision Makers,748,6,6,48.47
2026-05-20,Email,Reactivation,605,23,23,6.5
2026-06-21,Meta Ads,Awareness Video,6834,80,71,46.81
2026-03-17,Direct,Returning Visitors,36,36,36,0.0
2025-12-26,Referral,Customer Referral,7,7,7,0.0
2026-05-15,LinkedIn Ads,Operations Leaders,864,7,6,43.92
2026-02-10,Direct,Demo Page Direct,30,30,30,0.0
2026-05-27,Referral,Partner Network,24,24,24,20.02
2026-06-28,Referral,Partner Network,21,21,21,11.85
2026-06-14,Referral,Industry Events,10,10,10,0.0
2026-06-15,Meta Ads,Lead Magnet,3951,50,46,37.94
2026-03-18,Direct,Brand Direct,120,120,120,0.0
2025-12-18,LinkedIn Ads,Operations Leaders,848,6,5,36.81
2026-04-12,Meta Ads,Lead Magnet,3412,41,39,32.67
2026-05-24,Direct,Returning Visitors,45,45,45,0.0
2026-03-27,Google Ads,Competitor Search,514,22,20,63.32
2026-02-28,Google Ads,High Intent Search,637,30,26,65.29
2026-02-10,Organic Search,SEO Product Pages,4094,131,131,0.0
2026-06-19,LinkedIn Ads,SMB Growth,956,7,6,41.64
2026-05-22,Email,Reactivation,447,17,17,6.5
2026-04-13,Meta Ads,Awareness Video,8092,104,91,64.83
2025-12-23,Referral,Customer Referral,6,6,6,0.0
2026-04-19,Direct,Brand Direct,79,79,79,0.0
2026-05-13,Organic Search,SEO Product Pages,4625,148,148,0.0
2025-11-09,LinkedIn Ads,Decision Makers,748,5,5,37.18
2026-05-25,Google Ads,Competitor Search,464,18,17,57.48
2025-11-02,Organic Search,SEO Guides,2688,86,86,0.0
2026-06-27,LinkedIn Ads,Decision Makers,960,7,6,49.87
2026-02-18,Email,Lead Nurture,842,32,32,6.5
2026-02-23,Referral,Partner Network,18,18,18,15.0
2025-12-06,Email,Lead Nurture,395,15,15,6.5
2026-03-06,Direct,Demo Page Direct,33,33,33,0.0
2026-04-01,Email,Reactivation,421,16,16,6.5
2026-03-27,Organic Search,SEO Comparison,1312,42,42,0.0
2026-04-30,Organic Search,SEO Comparison,2375,76,76,0.0
2026-03-20,Email,Newsletter,895,34,34,6.5
2026-02-15,Organic Search,SEO Guides,3344,107,107,0.0
2026-01-17,Direct,Brand Direct,71,71,71,0.0
2026-01-21,Google Ads,Restaurant Operations,479,22,20,48.52
2026-05-23,Referral,Partner Network,12,12,12,11.06
2026-06-07,Google Ads,High Intent Search,765,32,30,73.06
2026-02-28,Referral,Industry Events,6,6,6,0.0
2026-06-19,LinkedIn Ads,Operations Leaders,942,7,6,45.95
2026-02-12,Direct,Demo Page Direct,26,26,26,0.0
2026-01-26,Direct,Demo Page Direct,25,25,25,0.0
2026-03-20,Organic Search,SEO Comparison,1688,54,54,0.0
2025-11-11,Google Ads,High Intent Search,668,27,24,67.49
2026-05-14,Referral,Partner Network,13,13,13,16.07
2026-02-04,Organic Search,SEO Comparison,1469,47,47,0.0
2026-05-17,Google Ads,Restaurant Operations,447,21,19,45.43
2026-02-27,Google Ads,High Intent Search,783,35,33,84.17
2026-03-27,Meta Ads,Retargeting,2071,25,22,23.55
2026-02-12,Direct,Brand Direct,120,120,120,0.0
2026-04-08,Referral,Industry Events,8,8,8,0.0
2026-05-19,Direct,Demo Page Direct,27,27,27,0.0
2026-03-10,Direct,Returning Visitors,57,57,57,0.0
2026-02-26,Direct,Returning Visitors,46,46,46,0.0
2026-06-26,LinkedIn Ads,SMB Growth,676,5,5,33.8
2025-12-16,Email,Lead Nurture,737,28,28,6.5
2026-05-30,Email,Lead Nurture,579,22,22,6.5
2026-05-10,Google Ads,Restaurant Operations,367,18,16,36.1
2025-12-27,Referral,Partner Network,9,9,9,5.72
2025-12-27,Email,Newsletter,316,12,12,6.5
2026-02-23,Organic Search,SEO Comparison,1844,59,59,0.0
2026-03-22,Direct,Demo Page Direct,20,20,20,0.0
2026-02-06,Referral,Customer Referral,11,11,11,0.0
2025-12-11,Direct,Returning Visitors,47,47,47,0.0
2026-04-17,LinkedIn Ads,SMB Growth,894,6,5,37.07
2026-04-11,Direct,Returning Visitors,41,41,41,0.0
2025-12-17,Meta Ads,Awareness Video,7262,94,85,48.45
2026-05-11,Meta Ads,Lead Magnet,3349,43,39,37.59
2026-06-17,Google Ads,Restaurant Operations,564,26,23,54.64
2026-05-15,Referral,Industry Events,13,13,13,0.0
2026-05-27,Referral,Customer Referral,14,14,14,0.0
2026-01-31,Organic Search,SEO Product Pages,3094,99,99,0.0
2026-03-27,Referral,Industry Events,6,6,6,0.0
2026-05-09,Email,Lead Nurture,553,21,21,6.5
2026-05-17,Email,Lead Nurture,421,16,16,6.5
2025-12-27,Meta Ads,Awareness Video,4432,50,45,28.13
2026-04-01,Meta Ads,Awareness Video,8850,105,91,66.66
2026-01-04,Referral,Customer Referral,8,8,8,0.0
2025-12-23,Referral,Partner Network,15,15,15,9.2
2026-06-18,Organic Search,SEO Comparison,1344,43,43,0.0
2025-12-24,Google Ads,Restaurant Operations,212,10,9,20.45
2026-01-28,LinkedIn Ads,Decision Makers,1021,8,7,55.75
2026-03-24,Meta Ads,Awareness Video,12890,123,112,69.01
2026-06-26,Direct,Demo Page Direct,27,27,27,0.0
2025-11-09,Referral,Customer Referral,10,10,10,0.0
2025-11-05,Organic Search,SEO Product Pages,3688,118,118,0.0
2026-06-10,Meta Ads,Awareness Video,10266,129,113,65.29
2026-06-28,Email,Newsletter,921,35,35,6.5
2026-06-02,Meta Ads,Awareness Video,11646,141,130,71.48
2026-04-20,Meta Ads,Retargeting,2062,28,25,24.9
2026-01-24,Referral,Partner Network,16,16,16,12.45
2026-05-10,LinkedIn Ads,Decision Makers,999,6,5,49.31
2026-04-25,LinkedIn Ads,Operations Leaders,737,5,4,35.13
2026-05-20,LinkedIn Ads,Decision Makers,1464,10,9,70.49
2026-03-19,Email,Newsletter,1158,44,44,6.5
2025-12-27,Direct,Brand Direct,42,42,42,0.0
2026-03-08,Direct,Brand Direct,75,75,75,0.0
2026-05-01,Email,Reactivation,474,18,18,6.5
2026-02-04,Direct,Returning Visitors,53,53,53,0.0
2026-01-22,Referral,Partner Network,16,16,16,14.66
2025-12-18,Meta Ads,Awareness Video,7772,85,79,51.71
2025-11-15,Google Ads,Competitor Search,197,9,8,28.96
2026-03-30,Meta Ads,Retargeting,2705,27,25,25.0
2026-02-19,Organic Search,SEO Guides,4312,138,138,0.0
2026-05-22,LinkedIn Ads,Operations Leaders,1284,8,7,51.96
2025-12-18,Email,Lead Nurture,553,21,21,6.5
2026-01-07,Email,Lead Nurture,711,27,27,6.5
2026-06-01,Organic Search,SEO Comparison,1906,61,61,0.0
2026-01-31,Direct,Brand Direct,59,59,59,0.0
2026-06-07,LinkedIn Ads,Operations Leaders,617,4,4,32.4
2026-03-23,GOOGLE ADS ,Restaurant Operations,360,17,15,39.69
2026-02-11,LinkedIn Ads,SMB Growth,862,5,5,37.19
2026-05-25,Direct,Demo Page Direct,29,29,29,0.0
2026-02-07,Referral,Customer Referral,15,15,15,0.0
2026-06-04,Organic Search,SEO Guides,4188,134,134,0.0
2026-01-02,Direct,Returning Visitors,26,26,26,0.0
2026-01-15,Direct,Demo Page Direct,20,20,20,0.0
2026-01-05,Direct,Brand Direct,107,107,107,0.0
2025-11-14,Meta Ads,Awareness Video,7248,93,87,53.0
2026-03-15,LinkedIn Ads,Decision Makers,1048,7,6,50.27
2026-02-17,Organic Search,SEO Comparison,1562,50,50,0.0
2025-11-17,Email,Newsletter,711,27,27,6.5
2025-12-05,Organic Search,SEO Guides,3938,126,126,0.0
2026-03-23,Direct,Demo Page Direct,24,24,24,0.0
2026-03-02,Organic Search,SEO Guides,4188,134,134,0.0
2026-01-27,Email,Lead Nurture,500,19,19,6.5
2026-03-16,Direct,Returning Visitors,40,40,40,0.0
2026-02-05,META ADS,Lead Magnet,3761,40,36,31.14
2026-02-10,Organic Search,SEO Guides,3875,124,124,0.0
2026-02-11,Organic Search,SEO Comparison,2000,64,64,0.0
2026-01-08,Direct,Returning Visitors,60,60,60,0.0
2026-03-04,Google Ads,High Intent Search,1222,57,50,128.77
2026-01-26,Google Ads,Competitor Search,345,18,17,52.24
2026-04-15,Referral,Industry Events,7,7,7,0.0
2026-02-07,LinkedIn Ads,SMB Growth,602,4,4,24.78
2026-01-18,Organic Search,SEO Guides,2781,89,89,0.0
2025-11-21,LinkedIn Ads,Decision Makers,1326,9,8,62.39
2026-02-26,Referral,Partner Network,19,19,19,17.27
2026-02-16,Organic Search,SEO Comparison,1562,50,50,0.0
2026-04-21,Referral,Customer Referral,13,13,13,0.0
2026-03-17,Meta Ads,Retargeting,2206,26,24,22.61
2026-01-18,Direct,Demo Page Direct,29,29,29,0.0
2026-02-01,Email,Newsletter,526,20,20,6.5
2026-06-14,Email,Reactivation,395,15,15,6.5
2025-11-06,Google Ads,High Intent Search,731,34,32,86.7
2026-05-03,linkedin ads,Operations Leaders,607,4,4,27.52
2025-12-08,Organic Search,SEO Product Pages,3875,124,124,0.0
2026-01-16,Organic Search,SEO Guides,3750,120,120,0.0
2026-03-26,Email,Reactivation,395,15,15,6.5
2025-12-04,Email,Newsletter,842,32,32,6.5
2026-01-08,LinkedIn Ads,Decision Makers,1289,8,7,57.2
2025-12-22,Google Ads,Restaurant Operations,213,10,9,21.49
2026-06-18,Meta Ads,Retargeting,2498,31,27,28.35
2025-11-06,Organic Search,SEO Guides,3469,111,111,0.0
2026-02-21,Organic Search,SEO Product Pages,2938,94,94,0.0
2026-01-19,Email,Lead Nurture,816,31,31,6.5
2026-02-12,Email,Reactivation,263,10,10,6.5
2025-11-29,Email,Newsletter,526,20,20,6.5
2026-05-10,Referral,Partner Network,7,7,7,10.79
2025-12-27,Google Ads,High Intent Search,416,18,16,40.04
2026-04-12,Direct,Returning Visitors,49,49,49,0.0
2026-02-27,Email,Lead Nurture,658,25,25,6.5
2026-05-10,Email,Reactivation,211,8,8,6.5
2026-03-13,Email,Newsletter,737,28,28,6.5
2026-04-25,Direct,Returning Visitors,51,51,51,0.0
2026-02-20,Referral,Industry Events,10,10,10,0.0
2026-04-11,Referral,Customer Referral,7,7,7,0.0
2026-05-09,LinkedIn Ads,Decision Makers,697,5,5,41.34
2026-04-24,Email,Newsletter,895,34,34,6.5
2026-05-04,Organic Search,SEO Product Pages,4031,129,129,0.0
2026-03-24,Direct,Returning Visitors,62,62,62,0.0
2025-12-23,Organic Search,SEO Guides,1906,61,61,0.0
2026-02-11,Meta Ads,Retargeting,2326,28,25,24.5
2026-02-19,LinkedIn Ads,Decision Makers,1120,8,7,60.69
2026-03-24,Meta Ads,Lead Magnet,4823,53,50,39.38
2026-06-29,LinkedIn Ads,Operations Leaders,947,6,5,43.43
2025-12-08,Email,Lead Nurture,579,22,22,6.5
2026-05-04,Meta Ads,Retargeting,2185,27,25,24.9
2026-05-02,Organic Search,SEO Guides,3031,97,97,0.0
2025-12-26,Google Ads,Competitor Search,194,8,7,24.75
2026-04-06,Direct,Demo Page Direct,34,34,34,0.0
2026-04-16,Organic Search,SEO Product Pages,4750,152,152,0.0
2026-05-24,Referral,Industry Events,7,7,7,0.0
2026-01-22,Organic Search,SEO Product Pages,4531,145,145,0.0
2026-01-28,Direct,Demo Page Direct,24,24,24,0.0
2026-01-30,LinkedIn Ads,SMB Growth,599,4,4,24.52
2026-02-09,Direct,Returning Visitors,57,57,57,0.0
2026-03-22,LinkedIn Ads,Operations Leaders,539,4,4,30.08
2025-12-06,Organic Search,SEO Guides,2500,80,80,0.0
2026-01-04,LinkedIn Ads,Operations Leaders,399,3,3,23.17
2026-02-21,Organic Search,SEO Comparison,1000,32,32,0.0
2025-11-03,Organic Search,SEO Guides,3469,111,111,0.0
2026-01-22,Organic Search,SEO Guides,3281,105,105,0.0
2026-02-15,Referral,Partner Network,8,8,8,11.93
2026-04-30,Meta Ads,Lead Magnet,3599,50,43,39.73
2026-03-19,Organic Search,SEO Comparison,1281,41,41,0.0
2026-06-17,Referral,Industry Events,11,11,11,0.0
2026-01-31,LinkedIn Ads,Decision Makers,821,5,4,36.4
2026-05-17,Organic Search,SEO Guides,2469,79,79,0.0
2026-03-03,Organic Search,SEO Guides,3781,121,121,0.0
2026-02-22,Direct,Brand Direct,81,81,81,0.0
2026-04-25,Email,Newsletter,737,28,28,6.5
2026-01-11,Email,Newsletter,395,15,15,6.5
2025-12-01,Meta Ads,Lead Magnet,3486,43,38,29.37
2026-02-01,Meta Ads,Lead Magnet,2849,40,37,27.33
2026-04-21,Direct,Brand Direct,116,116,116,0.0
2026-01-19,Google Ads,High Intent Search,820,35,31,80.74
2025-12-09,Email,Lead Nurture,658,25,25,6.5
2026-01-21,LinkedIn Ads,Operations Leaders,845,6,6,41.15
2026-06-02,Email,Newsletter,1105,42,42,6.5
2026-04-04,Email,Reactivation,395,15,15,6.5
2026-03-26,Organic Search,SEO Product Pages,3969,127,127,0.0
2026-01-26,LinkedIn Ads,Operations Leaders,798,6,5,38.1
2026-05-07,Organic Search,SEO Product Pages,4688,150,150,0.0
2025-12-31,Organic Search,SEO Product Pages,1812,58,58,0.0
2026-03-01,Meta Ads,Awareness Video,8739,91,85,51.8
2026-02-24,LinkedIn Ads,SMB Growth,900,6,5,36.61
2025-12-25,Organic Search,SEO Product Pages,2406,77,77,0.0
2026-05-31,Meta Ads,Retargeting,1486,18,16,17.34
2026-01-27,LinkedIn Ads,SMB Growth,1073,6,5,35.52
2026-01-21,Email,Newsletter,579,22,22,6.5
2026-02-28,Email,Newsletter,526,20,20,6.5
2025-12-26,LinkedIn Ads,Operations Leaders,253,2,2,18.65
2026-04-24,Organic Search,SEO Guides,3719,119,119,0.0
2026-04-01,Direct,Demo Page Direct,24,24,24,0.0
2026-01-11,Email,Lead Nurture,658,25,25,6.5
2026-06-30,Email,Newsletter,1105,42,42,6.5
2026-02-02,Organic Search,SEO Product Pages,3875,124,124,0.0
2026-01-19,LinkedIn Ads,Operations Leaders,777,6,5,36.67
2025-12-20,Google Ads,High Intent Search,675,26,23,61.51
2026-03-31,Meta Ads,Awareness Video,7699,105,97,65.3
2026-03-08,Referral,Customer Referral,7,7,7,0.0
2026-02-23,Email,Reactivation,447,17,17,6.5
2026-03-03,Referral,Partner Network,17,17,17,16.94
2026-02-05,Direct,Demo Page Direct,35,35,35,0.0
2025-11-24,LinkedIn Ads,Decision Makers,1023,7,7,55.62
2026-01-31,Email,Newsletter,763,29,29,6.5
2025-12-20,Google ads,Competitor Search,218,10,9,29.95
2026-03-13,Google Ads,High Intent Search,1079,44,41,107.84
2026-06-23,Organic Search,SEO Guides,3969,127,127,0.0
2026-04-04,LinkedIn Ads,Decision Makers,993,6,5,44.35
2026-05-03,Google Ads,Competitor Search,270,13,12,40.56
2025-12-14,LinkedIn Ads,Operations Leaders,574,4,4,30.02
2025-12-07,Referral,Customer Referral,6,6,6,0.0
2026-04-04,Direct,Demo Page Direct,21,21,21,0.0
2026-05-13,Direct,Brand Direct,122,122,122,0.0
2026-04-24,Meta Ads,Awareness Video,9167,118,110,72.56
2026-05-19,LinkedIn Ads,SMB Growth,816,6,5,34.7
2026-06-01,Meta Ads,Retargeting,2647,34,30,30.05
2026-03-12,Email,Reactivation,579,22,22,6.5
2026-05-16,Email,Newsletter,1000,38,38,6.5
2026-06-01,Organic Search,SEO Guides,4281,137,137,0.0
2026-04-16,Email,Newsletter,1000,38,38,6.5
2026-04-15,Direct,Returning Visitors,52,52,52,0.0
2025-12-15,Referral,Partner Network,8,8,8,14.86
2026-04-29,Google Ads,High Intent Search,940,39,36,93.27
2026-05-13,Referral,Industry Events,11,11,11,0.0
2026-03-30,LinkedIn Ads,Decision Makers,1340,9,8,70.43
2026-06-24,Referral,Customer Referral,15,15,15,0.0
2025-11-11,Meta Ads,Lead Magnet,4225,40,37,29.93
2026-01-31,Referral,Customer Referral,5,5,5,0.0
2026-03-13,Google Ads,Competitor Search,513,24,22,61.9
2026-04-18,LinkedIn Ads,SMB Growth,562,4,4,22.52
2026-05-25,Organic Search,SEO Product Pages,5000,160,160,0.0
2026-04-17,Referral,Industry Events,9,9,9,0.0
2025-12-02,Referral,Partner Network,15,15,15,14.68
2026-06-18,Meta Ads,Lead Magnet,3069,44,39,32.74
2026-02-20,Email,Newsletter,1053,40,40,6.5
2026-06-17,Organic Search,SEO Comparison,1625,52,52,0.0
2026-04-19,Organic Search,SEO Product Pages,3062,98,98,0.0
2026-06-28,Direct,Demo Page Direct,19,19,19,0.0
2026-03-29,Google Ads,Restaurant Operations,341,15,13,31.8
2026-06-14,Direct,Returning Visitors,43,43,43,0.0
2026-05-22,Direct,Demo Page Direct,27,27,27,0.0
2025-12-26,Organic Search,SEO Product Pages,2531,81,81,0.0
2026-04-28,Direct,Demo Page Direct,40,40,40,0.0
2025-12-02,Organic Search,SEO Product Pages,4031,129,129,0.0
2025-12-13,Meta Ads,Awareness Video,6390,76,70,43.98
2025-12-18,Direct,Returning Visitors,62,62,62,0.0
2026-01-26,Meta Ads,Awareness Video,7938,104,93,58.52
2026-05-28,Organic Search,SEO Comparison,1656,53,53,0.0
2026-06-04,Referral,Industry Events,10,10,10,0.0
2026-02-14,Organic Search,SEO Guides,3125,100,100,0.0
2026-01-08,Google Ads,Restaurant Operations,499,19,17,40.96
2026-05-18,Meta Ads,Lead Magnet,4253,49,44,39.52
2026-02-26,Email,Newsletter,1000,38,38,6.5
2026-01-23,Google Ads,High Intent Search,880,35,31,84.41
2026-04-20,LinkedIn Ads,Decision Makers,1127,7,6,53.59
2025-11-28,Email,Newsletter,737,28,28,6.5
2025-11-01,Direct,Brand Direct,62,62,62,0.0
2026-06-12,Email,Lead Nurture,684,26,26,6.5
2026-02-11,Email,Reactivation,447,17,17,6.5
2025-12-28,Direct,Brand Direct,36,36,36,0.0
2026-02-03,Organic Search,SEO Guides,3844,123,123,0.0
2026-06-29,Organic Search,SEO Guides,4688,150,150,0.0
2026-06-13,LinkedIn Ads,Operations Leaders,623,4,4,27.98
2026-03-05,Referral,Partner Network,15,15,15,14.2
2026-04-25,Meta Ads,Lead Magnet,3082,35,32,28.84
2026-06-03,Organic Search,SEO Comparison,1594,51,51,0.0
2026-03-26,Email,Newsletter,763,29,29,6.5
2026-06-01,Email,Lead Nurture,658,25,25,6.5
2026-05-21,Email,Newsletter,1211,46,46,6.5
2026-01-16,Google Ads,Competitor Search,335,16,15,52.39
2026-03-06,Referral,Partner Network,19,19,19,16.55
2026-04-29,Email,Newsletter,1053,40,40,6.5
2026-02-27,Organic Search,SEO Comparison,1625,52,52,0.0
2025-11-03,Google Ads,High Intent Search,928,45,40,83.77
2025-11-23,Meta ads ,Awareness Video,7311,83,76,45.1
2026-05-14,Meta Ads,Lead Magnet,3396,37,34,30.7
2025-12-15,Meta Ads,Awareness Video,6733,91,81,54.61
2026-04-09,Direct,Demo Page Direct,34,34,34,0.0
2026-01-25,Organic Search,SEO Product Pages,2906,93,93,0.0
2025-12-01,Organic Search,SEO Product Pages,3938,126,126,0.0
2026-02-22,Google Ads,Restaurant Operations,466,22,20,39.65
2025-12-31,LinkedIn Ads,Operations Leaders,437,3,3,20.9
2026-06-03,Meta Ads,Awareness Video,8145,98,92,60.4
2026-05-14,Meta Ads,Retargeting,2361,30,27,27.9
2026-06-14,Meta Ads,Lead Magnet,3305,36,32,28.95
2026-02-21,LinkedIn Ads,SMB Growth,517,4,4,25.35
2026-02-03,Email,Newsletter,684,26,26,6.5
2026-03-26,Referral,Industry Events,13,13,13,0.0
2026-03-01,Email,Newsletter,684,26,26,6.5
2026-05-20,Meta Ads,Lead Magnet,4126,47,41,37.18
2026-04-05,LinkedIn Ads,Decision Makers,1000,7,6,49.68
2026-01-22,Google Ads,Restaurant Operations,547,25,22,51.01
2026-05-08,Google Ads,High Intent Search,1114,47,40,104.83
2026-01-23,Referral,Partner Network,21,21,21,14.82
2026-04-19,Direct,Returning Visitors,43,43,43,0.0
2026-06-02,Referral,Partner Network,23,23,23,15.96
2026-01-05,Email,Lead Nurture,553,21,21,6.5
2025-11-04,Google Ads,Competitor Search,220,10,9,32.49
2026-06-28,Google Ads,Restaurant Operations,465,19,17,38.27
2025-11-23,Google Ads,High Intent Search,641,28,25,63.43
2026-05-23,Google Ads,Competitor Search,312,13,11,37.81
2026-05-30,Email,Newsletter,789,30,30,6.5
2025-12-08,LinkedIn Ads,Operations Leaders,981,7,6,44.86
2026-03-03,Organic Search,SEO Comparison,1625,52,52,0.0
2026-04-24,Referral,Industry Events,5,5,5,0.0
2026-04-09,Meta Ads,Lead Magnet,3365,42,37,30.05
2025-12-16,Organic Search,SEO Product Pages,3719,119,119,0.0
2026-05-16,LinkedIn Ads,SMB Growth,587,4,4,24.3
2025-11-28,Google Ads,Restaurant Operations,359,17,15,36.71
2026-02-10,Direct,Returning Visitors,46,46,46,0.0
2026-06-22,Direct,Returning Visitors,63,63,63,0.0
2026-05-20,Meta ads ,Retargeting,2518,29,27,26.38
2025-12-11,Google Ads,High Intent Search,915,40,37,93.99
2026-06-25,meta ads,Retargeting,1849,23,20,20.84
2026-01-12,Meta Ads,Lead Magnet,3640,38,34,31.28
2026-02-28,Google Ads,Restaurant Operations,272,13,12,29.51
2026-03-29,LinkedIn Ads,SMB Growth,382,3,3,21.36
2026-06-21,Google Ads,High Intent Search,686,28,26,61.07
2026-05-20,Direct,Returning Visitors,51,51,51,0.0
2026-06-15,Referral,Industry Events,8,8,8,0.0
2026-05-24,Referral,Customer Referral,13,13,13,0.0
2026-05-12,Organic Search,SEO Guides,3875,124,124,0.0
2026-01-16,Meta Ads,Awareness Video,7746,102,95,62.98
2026-06-28,Organic Search,SEO Guides,3281,105,105,0.0
2026-04-10,Google Ads,Restaurant Operations,377,19,17,44.18
2025-12-02,Meta Ads,Lead Magnet,2333,29,26,22.56
2026-05-21,Direct,Returning Visitors,68,68,68,0.0
2026-03-21,Meta Ads,Lead Magnet,3516,42,37,28.02
2026-04-27,LinkedIn Ads,Decision Makers,1272,9,8,77.82
2026-04-03,Referral,Customer Referral,8,8,8,0.0
2025-12-11,Meta Ads,Lead Magnet,2871,36,32,28.38
2026-01-01,Direct,Demo Page Direct,11,11,11,0.0
2025-11-15,Direct,Brand Direct,74,74,74,0.0
2025-11-25,Direct,Returning Visitors,49,49,49,0.0
2025-12-10,Meta Ads,Lead Magnet,4056,48,44,34.54
2026-04-22,Meta Ads,Retargeting,2305,29,27,23.86
2026-04-12,Meta Ads,Awareness Video,5408,70,61,44.89
2026-06-18,Direct,Brand Direct,119,119,119,0.0
2026-02-09,Referral,Customer Referral,12,12,12,0.0
2026-04-27,Direct,Brand Direct,116,116,116,0.0
2026-06-20,Email,Reactivation,211,8,8,6.5
2026-01-23,Meta Ads,Lead Magnet,3118,41,38,31.97
2025-11-02,Referral,Customer Referral,8,8,8,0.0
2026-04-15,Email,Newsletter,921,35,35,6.5
2026-01-19,Email,Newsletter,1158,44,44,6.5
2026-01-25,LinkedIn Ads,Operations Leaders,388,3,3,25.05
2026-04-08,Direct,Demo Page Direct,25,25,25,0.0
2026-04-15,linkedin ads,Operations Leaders,860,6,5,40.09
2025-11-22,Email,Newsletter,605,23,23,6.5
2025-12-09,Meta Ads,Awareness Video,9225,116,108,67.44
2026-06-11,Meta Ads,Retargeting,1945,26,24,24.62
2025-12-27,Meta Ads,Lead Magnet,1570,19,17,13.24
2026-03-13,Organic Search,SEO Product Pages,4094,131,131,0.0
2025-12-04,Meta Ads,Awareness Video,8101,100,90,60.2
2026-01-14,Direct,Brand Direct,102,102,102,0.0
2025-11-23,Meta Ads,Lead Magnet,2497,29,25,21.0
2026-04-19,Meta Ads,Awareness Video,5676,76,68,46.36
2026-02-11,LinkedIn Ads,Decision Makers,1172,8,7,55.0
2026-01-19,Google Ads,Competitor Search,507,21,19,63.22
2026-04-11,LinkedIn Ads,Operations Leaders,529,4,4,29.02
2026-03-21,Direct,Returning Visitors,33,33,33,0.0
2026-05-10,Referral,Customer Referral,7,7,7,0.0
2026-04-16,Google Ads,Restaurant Operations,469,21,19,44.7
2025-12-03,Meta Ads,Lead Magnet,2698,33,30,26.31
2026-06-01,Google Ads,High Intent Search,861,36,32,81.06
2026-02-02,Email,Newsletter,816,31,31,6.5
2025-12-23,Google ads,High Intent Search,614,26,24,58.53
2025-12-04,Direct,Returning Visitors,49,49,49,0.0
2026-05-19,Meta Ads,Lead Magnet,3769,47,41,32.82
2026-04-17,Direct,Returning Visitors,51,51,51,0.0
2025-12-06,Google Ads,Restaurant Operations,402,17,16,33.42
2026-02-26,Direct,Demo Page Direct,24,24,24,0.0
2026-03-13,Organic Search,SEO Comparison,1188,38,38,0.0
2026-04-11,Email,Newsletter,500,19,19,6.5
2026-01-07,Organic Search,SEO Product Pages,4594,147,147,0.0
2026-02-13,LinkedIn Ads,Decision Makers,1496,11,10,71.11
2025-11-09,Google Ads,High Intent Search,661,28,26,64.47
2026-06-23,LinkedIn Ads,Operations Leaders,1063,7,6,50.66
2026-06-29,Organic Search,SEO Product Pages,5188,166,166,0.0
2026-03-08,Direct,Demo Page Direct,15,15,15,0.0
2026-06-30,Organic Search,SEO Guides,4594,147,147,0.0
2026-06-02,Organic Search,SEO Guides,4719,151,151,0.0
2026-06-02,Email,Lead Nurture,526,20,20,6.5
2025-11-24,Google Ads,Competitor Search,369,17,15,48.95
2026-02-24,Direct,Returning Visitors,41,41,41,0.0
2026-01-23,Email,Newsletter,1105,42,42,6.5
2026-03-02,Email,Newsletter,921,35,35,6.5
2026-04-19,Referral,Partner Network,19,19,19,11.28
2026-04-20,Referral,Industry Events,16,16,16,0.0
2025-12-22,Google Ads,High Intent Search,487,24,22,52.35
2026-03-30,Meta Ads,Lead Magnet,4841,54,49,39.45
2026-02-12,Google Ads,High Intent Search,991,43,38,101.05
2026-06-01,Email,Reactivation,632,24,24,6.5
2026-03-07,Meta Ads,Retargeting,1814,20,18,17.25
2025-12-11,LinkedIn Ads,Decision Makers,1072,7,6,59.11
2025-11-01,Referral,Customer Referral,15,15,15,0.0
2026-04-16,LinkedIn Ads,Decision Makers,1293,9,8,59.89
2025-12-07,Organic Search,SEO Guides,2344,75,75,0.0
2026-05-14,Organic Search,SEO Comparison,1781,57,57,0.0
2026-03-04,Email,Reactivation,526,20,20,6.5
2026-02-11,Referral,Customer Referral,16,16,16,0.0
2025-11-11,Direct,Returning Visitors,43,43,43,0.0
2026-05-17,LinkedIn Ads,Operations Leaders,678,5,5,30.7
2025-11-19,Meta Ads,Awareness Video,8115,101,89,57.2
2026-02-08,Meta Ads,Lead Magnet,2903,37,34,26.84
2026-05-17,Email,Newsletter,711,27,27,6.5
2026-03-12,Referral,Partner Network,18,18,18,19.46
2026-02-10,Google Ads,Competitor Search,401,16,15,48.19
2025-12-20,Referral,Partner Network,15,15,15,10.07
2026-06-24,Google Ads,Competitor Search,430,18,16,49.51
2025-11-12,Organic Search,SEO Guides,3438,110,110,0.0
2026-03-01,LinkedIn Ads,Decision Makers,980,7,6,48.56
2026-06-08,Organic Search,SEO Guides,4969,159,159,0.0
2026-01-19,Meta Ads,Awareness Video,8072,101,92,63.31
2025-12-12,Meta Ads,Awareness Video,9702,109,101,60.72
2026-05-15,Referral,Customer Referral,18,18,18,0.0
2026-03-22,Meta Ads,Lead Magnet,2511,31,27,23.84
2026-06-22,Referral,Customer Referral,12,12,12,0.0
2026-06-22,Organic Search,SEO Guides,4531,145,145,0.0
2026-03-02,Google Ads,High Intent Search,1209,48,44,117.61
2026-02-05,Referral,Partner Network,18,18,18,15.33
2026-05-25,Meta Ads,Retargeting,2180,27,25,26.32
2025-12-03,Direct,Demo Page Direct,23,23,23,0.0
2026-04-16,Direct,Brand Direct,99,99,99,0.0
2025-12-27,Google Ads,Restaurant Operations,165,7,6,12.94
2026-01-23,Direct,Demo Page Direct,30,30,30,0.0
2026-04-09,Email,Lead Nurture,763,29,29,6.5
2025-12-17,Organic Search,SEO Product Pages,4000,128,128,0.0
2026-01-19,Referral,Partner Network,11,11,11,18.95
2026-01-14,Meta Ads,Awareness Video,8355,101,94,54.15
2026-06-10,Direct,Demo Page Direct,32,32,32,0.0
2026-04-09,Referral,Partner Network,16,16,16,16.82
2025-11-13,Meta ads ,Awareness Video,6893,82,76,44.93
2026-02-09,Google Ads,Restaurant Operations,452,20,17,44.08
2026-06-28,Meta Ads,Retargeting,1406,17,16,14.67
2026-03-04,Organic Search,SEO Guides,4344,139,139,0.0
2025-12-14,Referral,Partner Network,17,17,17,11.7
2026-03-31,Direct,Brand Direct,103,103,103,0.0
2025-12-07,Meta Ads,Lead Magnet,2108,22,20,17.3
2026-04-08,Email,Lead Nurture,789,30,30,6.5
2026-05-08,Google Ads,Restaurant Operations,599,22,21,49.01
2026-02-07,Google Ads,Restaurant Operations,357,17,16,36.97
2025-12-21,Meta Ads,Lead Magnet,3191,40,35,27.4
2025-11-06,LinkedIn Ads,Decision Makers,1198,8,7,63.72
2025-11-21,Meta Ads,Awareness Video,8723,104,94,61.84
2026-03-11,Organic Search,SEO Comparison,1531,49,49,0.0
2026-04-19,Meta Ads,Lead Magnet,2863,35,31,26.8
2026-03-15,Referral,Partner Network,12,12,12,11.99
2026-01-06,Referral,Customer Referral,11,11,11,0.0
2026-01-21,Meta Ads,Retargeting,1716,22,19,19.32
2025-12-19,Google Ads,Restaurant Operations,385,18,17,35.43
2026-03-07,Organic Search,SEO Product Pages,3219,103,103,0.0
2026-02-11,Referral,Partner Network,13,13,13,16.89
2026-01-28,Direct,Brand Direct,74,74,74,0.0
2026-03-28,Direct,Returning Visitors,52,52,52,0.0
2026-02-27,Organic Search,SEO Guides,3406,109,109,0.0
2026-01-17,LinkedIn Ads,Operations Leaders,624,4,4,27.87
2026-04-09,LinkedIn Ads,Operations Leaders,890,6,5,38.7
2026-06-21,LinkedIn Ads,Decision Makers,1055,7,6,54.21
2026-04-05,Direct,Demo Page Direct,18,18,18,0.0
2026-03-24,LinkedIn Ads,SMB Growth,869,6,6,35.33
2026-01-29,Meta Ads,Lead Magnet,3043,37,32,30.08
2026-06-09,Meta Ads,Lead Magnet,4028,50,44,38.21
2026-01-27,Direct,Brand Direct,117,117,117,0.0
2025-11-11,Referral,Customer Referral,12,12,12,0.0
2026-02-14,Google Ads,Competitor Search,218,11,10,35.15
2026-02-23,Organic Search,SEO Guides,4031,129,129,0.0
2026-01-27,Direct,Demo Page Direct,21,21,21,0.0
2026-03-31,Google Ads,High Intent Search,731,33,29,78.24
2026-02-03,Referral,Customer Referral,10,10,10,0.0
2026-02-16,Meta Ads,Retargeting,2075,27,25,22.07
2026-05-01,Meta Ads,Awareness Video,6244,83,76,42.95
2026-03-21,Referral,Partner Network,10,10,10,11.79
2026-01-06,Organic Search,SEO Guides,3469,111,111,0.0
2025-11-11,Direct,Brand Direct,89,89,89,0.0
2026-04-26,LinkedIn Ads,SMB Growth,686,5,4,28.03
2026-01-12,Direct,Returning Visitors,37,37,37,0.0
2026-05-30,Direct,Demo Page Direct,23,23,23,0.0
2026-04-12,Google Ads,Competitor Search,309,14,13,40.22
2026-06-29,Organic Search,SEO Comparison,1594,51,51,0.0
2026-01-01,Organic Search,SEO Guides,2344,75,75,0.0
2026-04-09,LinkedIn Ads,Decision Makers,1196,8,7,60.97
2026-05-27,LinkedIn Ads,Operations Leaders,1143,7,6,45.58
2025-11-17,Google Ads,High Intent Search,1031,42,36,90.35
2026-06-10,Referral,Partner Network,18,18,18,18.36
2026-03-03,Email,Reactivation,342,13,13,6.5
2025-11-29,Google Ads,High Intent Search,610,27,24,62.41
2026-03-02,Direct,Demo Page Direct,26,26,26,0.0
2026-01-09,Meta Ads,Awareness Video,6380,79,71,45.86
2026-05-11,Email,Lead Nurture,526,20,20,6.5
2026-06-03,LinkedIn Ads,Decision Makers,1465,10,9,75.58
2026-05-15,Direct,Brand Direct,120,120,120,0.0
2026-03-22,Google Ads,Competitor Search,262,11,10,36.9
2026-04-23,LinkedIn Ads,Decision Makers,1327,9,8,66.93
2026-05-06,LinkedIn Ads,Decision Makers,1336,9,8,67.55
2026-04-16,Meta Ads,Lead Magnet,4107,50,44,34.17
2025-12-17,LinkedIn Ads,Operations Leaders,640,4,4,25.97
2026-05-18,Email,Newsletter,1053,40,40,6.5
2026-03-10,Referral,Industry Events,10,10,10,0.0
2026-03-06,Organic Search,SEO Comparison,1688,54,54,0.0
2026-05-28,Email,Lead Nurture,842,32,32,6.5
2026-06-27,Email,Lead Nurture,632,24,24,6.5
2026-04-13,Email,Reactivation,342,13,13,6.5
2025-11-16,Meta Ads,Lead Magnet,2733,32,30,22.47
2026-03-27,LinkedIn Ads,Decision Makers,1118,9,8,70.95
2026-03-21,Referral,Industry Events,7,7,7,0.0
2026-02-19,Direct,Brand Direct,106,106,106,0.0
2025-12-24,Referral,Partner Network,13,13,13,7.56
2026-04-24,Referral,Partner Network,26,26,26,16.07
2026-06-24,Email,Newsletter,921,35,35,6.5
2026-03-11,Organic Search,SEO Guides,3938,126,126,0.0
2026-06-10,META ADS,Lead Magnet,3479,44,39,34.81
2025-11-11,LinkedIn Ads,Decision Makers,878,7,6,54.29
2026-01-01,Meta Ads,Lead Magnet,2111,24,21,17.62
2026-03-16,Google Ads,Restaurant Operations,449,21,19,44.52
2026-03-29,Organic Search,SEO Guides,2750,88,88,0.0
2026-03-09,Referral,Customer Referral,15,15,15,0.0
2026-06-19,Direct,Returning Visitors,65,65,65,0.0
2025-11-07,Organic Search,SEO Product Pages,3469,111,111,0.0
2026-02-24,Direct,Demo Page Direct,28,28,28,0.0
2026-05-11,LinkedIn Ads,Decision Makers,1237,9,8,68.4
2025-12-16,Referral,Partner Network,20,20,20,15.74
2026-06-04,Meta Ads,Awareness Video,9977,119,105,78.94
2026-06-22,Organic Search,SEO Product Pages,4250,136,136,0.0
2026-02-02,Direct,Brand Direct,101,101,101,0.0
2026-02-18,Google Ads,Restaurant Operations,473,21,18,45.4
2025-12-20,Meta Ads,Lead Magnet,2927,33,31,23.62
2026-02-14,Direct,Returning Visitors,43,43,43,0.0
2026-05-12,Direct,Returning Visitors,61,61,61,0.0
2026-05-07,Direct,Brand Direct,125,125,125,0.0
2025-12-15,Direct,Brand Direct,95,95,95,0.0
2026-03-02,Email,Reactivation,553,21,21,6.5
2026-03-28,Direct,Brand Direct,85,85,85,0.0
2026-03-07,Organic Search,SEO Comparison,875,28,28,0.0
2026-02-10,Email,Reactivation,316,12,12,6.5
2026-13-05,LinkedIn Ads,Decision Makers,1080,9,8,64.92
2025-11-16,Direct,Brand Direct,61,61,61,0.0
2025-12-01,Email,Lead Nurture,526,20,20,6.5
2025-12-09,Referral,Partner Network,15,15,15,14.13
2026-05-14,LinkedIn Ads,SMB Growth,672,5,5,29.54
2026-02-19,LinkedIn Ads,SMB Growth,646,5,4,30.62
2025-12-04,LinkedIn Ads,Decision Makers,1039,8,7,54.85
2025-12-18,LinkedIn Ads,Decision Makers,1724,12,11,81.91
2026-05-20,Direct,Demo Page Direct,30,30,30,0.0
2025-11-27,Google Ads,Restaurant Operations,591,24,21,54.04
2026-06-07,Organic Search,SEO Comparison,1438,46,46,0.0
2025-11-30,Meta Ads,Awareness Video,6880,74,67,49.56
2026-02-27,Direct,Demo Page Direct,28,28,28,0.0
2026-03-24,Direct,Brand Direct,117,117,117,0.0
2025-11-29,Referral,Partner Network,13,13,13,10.35
2026-04-18,Meta Ads,Lead Magnet,2001,28,26,24.68
2026-01-08,Google Ads,Competitor Search,372,16,14,49.49
2026-04-02,LinkedIn Ads,Decision Makers,1099,8,8,58.88
2026-03-18,Organic Search,SEO Product Pages,4375,140,140,0.0
2026-05-11,Organic Search,SEO Comparison,2188,70,70,0.0
2025-11-30,Meta Ads,Lead Magnet,2753,30,27,24.18
2026-05-07,Google Ads,Restaurant Operations,384,19,18,41.66
2026-06-10,LinkedIn Ads,Operations Leaders,688,5,5,34.16
2026-03-11,Email,Lead Nurture,658,25,25,6.5
2026-03-07,Referral,Customer Referral,10,10,10,0.0
2025-11-07,Organic Search,SEO Guides,3031,97,97,0.0
2026-03-31,Direct,Returning Visitors,58,58,58,0.0
2026-03-30,Direct,Brand Direct,108,108,108,0.0
2026-06-06,LinkedIn Ads,Decision Makers,872,6,5,50.59
2026-04-18,Direct,Brand Direct,80,80,80,0.0
2025-11-28,LinkedIn Ads,Decision Makers,1159,7,6,53.03
2026-02-03,LinkedIn Ads,SMB Growth,716,4,4,26.12
2026-04-29,Direct,Brand Direct,107,107,107,0.0
2026-03-26,Meta Ads,Lead Magnet,3732,39,35,31.99
2026-05-19,Direct,Brand Direct,119,119,119,0.0
2026-03-12,Referral,Industry Events,12,12,12,0.0
2026-01-12,Google Ads,Restaurant Operations,496,24,22,51.7
2026-02-27,Google Ads,Restaurant Operations,616,24,21,51.81
2026-03-11,Email,Newsletter,842,32,32,6.5
2026-03-27,Meta Ads,Awareness Video,9012,116,101,67.17
2026-06-06,Referral,Partner Network,12,12,12,11.64
2025-12-14,Organic Search,SEO Product Pages,2875,92,92,0.0
2026-06-17,Direct,Returning Visitors,63,63,63,0.0
2026-03-25,Meta Ads,Lead Magnet,3936,47,42,36.49
2026-06-06,Referral,Industry Events,8,8,8,0.0
2026-04-17,Meta Ads,Lead Magnet,3729,49,46,39.5
2026-05-31,Direct,Brand Direct,102,102,102,0.0
2026-06-28,LinkedIn Ads,SMB Growth,542,4,4,25.14
2026-01-05,Referral,Customer Referral,9,9,9,0.0
2026-05-31,Email,Lead Nurture,526,20,20,6.5
2025-12-10,Google Ads,Restaurant Operations,386,16,15,35.8
2026-06-21,Email,Reactivation,342,13,13,6.5
2026-06-04,Organic Search,SEO Comparison,1406,45,45,0.0
2025-11-09,Email,Newsletter,553,21,21,6.5
2025-12-21,LinkedIn Ads,Decision Makers,677,5,4,36.75
2026-05-21,Google Ads,Restaurant Operations,499,22,20,45.53
2026-05-11,Referral,Partner Network,15,15,15,19.19
2026-02-07,LinkedIn Ads,Decision Makers,588,4,4,32.48
2026-05-15,Google Ads,Competitor Search,402,18,16,53.42
2026-06-10,Direct,Returning Visitors,55,55,55,0.0
2026-03-26,Organic Search,SEO Guides,4000,128,128,0.0
2025-12-04,LinkedIn Ads,Operations Leaders,713,5,4,40.07
2026-06-19,Google ads,High Intent Search,1023,42,39,95.18
2026-04-01,Google Ads,Restaurant Operations,607,28,25,52.15
2025-11-02,Google Ads,High Intent Search,535,27,24,62.35
2026-04-16,LinkedIn Ads,Operations Leaders,680,5,5,39.3
2026-03-02,Email,Lead Nurture,632,24,24,6.5
2026-03-07,Email,Newsletter,605,23,23,6.5
2026-05-27,Meta Ads,Lead Magnet,4178,50,44,35.4
2026-03-11,Meta Ads,Awareness Video,8710,95,88,59.9
2026-05-11,Google ads,High Intent Search,950,46,42,109.74
2026-04-06,Google Ads,Competitor Search,362,17,15,50.12
2026-05-14,Direct,Returning Visitors,61,61,61,0.0
2026-01-01,Referral,Partner Network,8,8,8,8.99
2026-06-18,Email,Lead Nurture,474,18,18,6.5
2026-05-31,Email,Newsletter,763,29,29,6.5
2026-02-02,Referral,Customer Referral,12,12,12,0.0
2026-04-22,Google Ads,Restaurant Operations,494,21,19,46.5
2026-05-06,Direct,Demo Page Direct,28,28,28,0.0
2025-11-21,Referral,Partner Network,14,14,14,12.16
2026-06-19,Email,Lead Nurture,921,35,35,6.5
2026-01-21,LinkedIn Ads,SMB Growth,683,5,5,29.8
2026-03-11,LinkedIn Ads,Operations Leaders,732,5,4,38.33
2026-06-05,Referral,Partner Network,20,20,20,14.91
2026-02-20,Google Ads,Restaurant Operations,477,21,18,43.3
2025-11-07,Meta Ads,Awareness Video,7094,85,77,50.88
2025-11-25,Referral,Partner Network,20,20,20,14.8
2026-03-20,Google Ads,Competitor Search,449,18,17,54.12
2026-02-26,Direct,Brand Direct,100,100,100,0.0
2025-12-30,Organic Search,SEO Product Pages,1906,61,61,0.0
2026-06-18,Direct,Demo Page Direct,17,17,17,0.0
2026-04-05,Meta Ads,Retargeting,1696,21,19,18.31
2026-03-10,Direct,Demo Page Direct,32,32,32,0.0
2026-01-03,Organic Search,SEO Product Pages,1406,45,45,0.0
2026-05-06,LinkedIn Ads,Operations Leaders,845,6,6,39.78
2025-11-19,Google Ads,Competitor Search,356,15,13,44.64
2025-12-02,Direct,Returning Visitors,54,54,54,0.0
2026-01-25,LinkedIn Ads,SMB Growth,457,3,3,20.18
2025-11-22,Meta Ads,Lead Magnet,2440,29,26,23.98
2026-01-18,LinkedIn Ads,Decision Makers,756,6,5,44.95
2026-04-14,Meta Ads,Retargeting,2604,28,26,23.53
2026-02-27,Direct,Returning Visitors,44,44,44,0.0
2026-02-14,Email,Lead Nurture,316,12,12,6.5
2026-03-04,Meta Ads,Retargeting,2307,26,23,25.26
2026-06-29,Meta Ads,Awareness Video,9479,117,102,65.64
2025-12-24,LinkedIn Ads,Operations Leaders,614,4,3,24.16
2026-06-07,Direct,Returning Visitors,30,30,30,0.0
2025-12-05,Google Ads,Competitor Search,405,17,15,46.81
2026-02-25,Direct,Returning Visitors,50,50,50,0.0
2026-01-09,META ADS,Lead Magnet,4439,52,46,36.25
2026-05-26,LinkedIn Ads,Operations Leaders,828,6,5,46.99
2026-06-04,Direct,Demo Page Direct,35,35,35,0.0
2026-05-13,Meta Ads,Lead Magnet,4006,50,44,41.27
2026-04-22,Email,Reactivation,526,20,20,6.5
2025-11-19,Email,Newsletter,974,37,37,6.5
2025-12-12,Email,Lead Nurture,579,22,22,6.5
2026-05-16,Organic Search,SEO Comparison,1125,36,36,0.0
2026-05-07,Email,Lead Nurture,842,32,32,6.5
2026-05-10,Meta Ads,Awareness Video,5095,66,59,38.25
2026-06-20,Meta Ads,Lead Magnet,3574,37,34,30.37
2026-03-03,Direct,Brand Direct,86,86,86,0.0
2026-05-15,LinkedIn Ads,Decision Makers,948,7,6,45.39
2026-04-06,Referral,Customer Referral,15,15,15,0.0
2026-03-24,Email,Lead Nurture,868,33,33,6.5
2026-01-14,Google Ads,High Intent Search,1122,49,45,101.0
2026-06-19,Meta Ads,Retargeting,2354,28,26,26.83
2026-05-07,Email,Newsletter,1079,41,41,6.5
2026-04-24,Direct,Returning Visitors,55,55,55,0.0
2026-05-21,Referral,Industry Events,7,7,7,0.0
2025-12-17,Google Ads,Competitor Search,197,10,9,34.63
2026-04-01,Direct,Brand Direct,121,121,121,0.0
2026-06-17,Referral,Customer Referral,11,11,11,0.0
2026-01-27,LinkedIn Ads,Operations Leaders,800,6,5,46.16
2026-01-09,Organic Search,SEO Product Pages,4594,147,147,0.0
2026-06-14,Email,Newsletter,763,29,29,6.5
2026-04-04,LinkedIn Ads,SMB Growth,709,5,5,29.42
2026-06-15,LinkedIn Ads,SMB Growth,808,6,6,38.59
2026-06-22,Google Ads,Restaurant Operations,575,29,25,56.15
2026-06-12,Direct,Returning Visitors,60,60,60,0.0
2026-04-21,Google Ads,High Intent Search,857,44,40,119.32
2026-03-30,Direct,Demo Page Direct,27,27,27,0.0
2026-06-26,Organic Search,SEO Product Pages,4531,145,145,0.0
2026-03-23,Meta Ads,Retargeting,2561,24,21,22.98
2026-06-28,Direct,Brand Direct,88,88,88,0.0
2026-06-02,Direct,Demo Page Direct,26,26,26,0.0
2026-06-09,LinkedIn Ads,SMB Growth,980,7,6,36.67
2026-05-09,Email,Reactivation,368,14,14,6.5
2025-12-10,Email,Lead Nurture,737,28,28,6.5
2026-03-10,Referral,Partner Network,19,19,19,16.58
2026-01-11,Google Ads,High Intent Search,894,45,39,89.83
2026-01-25,Direct,Demo Page Direct,25,25,25,0.0
2026-06-18,Google Ads,Competitor Search,462,19,18,58.32
2026-02-04,Referral,Customer Referral,9,9,9,0.0
2025-11-26,Email,Newsletter,763,29,29,6.5
2026-02-13,Google Ads,Restaurant Operations,503,24,21,46.79
2026-02-11,Organic Search,SEO Guides,4406,141,141,0.0
2025-11-09,Organic Search,SEO Guides,2750,88,88,0.0
2025-11-01,Organic Search,SEO Product Pages,2500,80,80,0.0
2026-04-29,LinkedIn Ads,SMB Growth,884,6,6,36.77
2025-12-07,LinkedIn Ads,Decision Makers,856,6,5,46.92
2026-06-03,Email,Lead Nurture,553,21,21,6.5
2026-02-06,LinkedIn Ads,SMB Growth,1185,7,6,41.27
2026-06-23,Referral,Industry Events,10,10,10,0.0
2026-05-30,Meta Ads,Awareness Video,6665,83,72,50.19
2026-06-13,linkedin ads,Decision Makers,915,6,5,44.99
2026-06-10,Email,Reactivation,474,18,18,6.5
2025-11-17,Organic Search,SEO Product Pages,3938,126,126,0.0
2026-04-19,META ADS,Retargeting,1657,18,16,16.65
2026-06-17,Email,Reactivation,421,16,16,6.5
2025-12-29,Google Ads,High Intent Search,409,20,18,46.51
2026-06-17,Meta Ads,Awareness Video,7375,90,78,55.63
2026-06-25,Referral,Customer Referral,19,19,19,0.0
2026-06-21,Google Ads,Restaurant Operations,369,17,16,35.57
2026-03-17,Direct,Brand Direct,106,106,106,0.0
2026-05-17,Meta Ads,Lead Magnet,2596,32,28,25.63
2026-05-10,Meta Ads,Retargeting,1330,16,14,15.26
2026-04-05,LinkedIn Ads,SMB Growth,591,4,4,26.66
2026-06-30,Referral,Partner Network,20,20,20,17.69
2025-12-18,Direct,Demo Page Direct,28,28,28,0.0
2026-02-24,Google Ads,Restaurant Operations,579,26,23,53.07
2026-05-03,LinkedIn Ads,Decision Makers,826,6,6,46.67
2026-04-06,Referral,Industry Events,9,9,9,0.0
2026-03-02,Referral,Partner Network,17,17,17,17.77
2026-06-03,LinkedIn Ads,Operations Leaders,805,6,5,40.74
2026-01-09,Direct,Brand Direct,94,94,94,0.0
2026-03-01,Google Ads,Restaurant Operations,284,12,10,27.16
2026-02-18,Organic Search,SEO Product Pages,3906,125,125,0.0
2025-11-14,Direct,Brand Direct,81,81,81,0.0
2026-05-27,Email,Newsletter,789,30,30,6.5
2025-11-14,Organic Search,SEO Product Pages,3500,112,112,0.0
2026-06-09,Organic Search,SEO Guides,4781,153,153,0.0
2025-12-22,LinkedIn Ads,Operations Leaders,295,2,2,15.8
2026-05-27,Direct,Brand Direct,125,125,125,0.0
2026-01-05,Email,Newsletter,842,32,32,6.5
2026-06-02,Organic Search,SEO Product Pages,5188,166,166,0.0
2026-06-11,Direct,Brand Direct,118,118,118,0.0
2026-02-03,Direct,Returning Visitors,60,60,60,0.0
2026-05-28,Referral,Customer Referral,10,10,10,0.0
2025-12-06,Meta Ads,Lead Magnet,2144,26,23,17.87
2025-12-11,Meta Ads,Awareness Video,7250,75,66,48.81
2025-11-26,Direct,Brand Direct,118,118,118,0.0
2025-12-12,LinkedIn Ads,Operations Leaders,718,5,5,33.13
2026-06-17,Google Ads,High Intent Search,1068,51,45,117.59
2025-12-03,Organic Search,SEO Product Pages,3750,120,120,0.0
2026-05-28,Referral,Industry Events,9,9,9,0.0
2025-12-29,Google Ads,Restaurant Operations,293,13,12,27.31
2026-06-26,Email,Reactivation,421,16,16,6.5
2026-02-20,Google Ads,High Intent Search,815,40,36,89.55
2026-05-25,Google Ads,Restaurant Operations,507,22,20,48.15
2025-12-27,Referral,Customer Referral,3,3,3,0.0
2025-12-25,Meta Ads,Awareness Video,4594,62,58,34.62
2025-11-22,Organic Search,SEO Product Pages,2844,91,91,0.0
2026-02-13,Organic Search,SEO Guides,3812,122,122,0.0
2025-12-30,Email,Lead Nurture,421,16,16,6.5
2026-01-17,Google Ads,Competitor Search,270,12,11,35.18
2026-06-12,Referral,Customer Referral,5,5,5,0.0
2026-04-13,Organic Search,SEO Comparison,1750,56,56,0.0
2026-02-01,Meta Ads,Awareness Video,5212,61,54,37.4
2026-06-12,Meta Ads,Awareness Video,10095,110,102,67.92
2026-01-06,Google Ads,Competitor Search,355,14,12,42.9
2026-02-16,Email,Lead Nurture,579,22,22,6.5
2026-05-23,LinkedIn Ads,SMB Growth,412,3,3,20.62
2026-04-21,Direct,Demo Page Direct,37,37,37,0.0
2026-04-22,Referral,Customer Referral,10,10,10,0.0
2026-02-09,META ADS,Awareness Video,8711,95,89,60.22
2026-02-10,Referral,Partner Network,14,14,14,20.23
2026-03-22,Email,Reactivation,447,17,17,6.5
2026-02-12,Organic Search,SEO Guides,3062,98,98,0.0
2026-04-25,Email,Lead Nurture,421,16,16,6.5
2026-03-25,LinkedIn Ads,Decision Makers,1473,10,9,60.6
2026-03-09,LinkedIn Ads,Operations Leaders,698,5,4,35.9
2026-04-28,Google Ads,Restaurant Operations,522,24,22,51.88
2026-04-24,LinkedIn Ads,SMB Growth,972,6,6,33.51
2025-12-21,Email,Newsletter,737,28,28,6.5
2026-02-17,Google Ads,High Intent Search,792,37,33,103.6
2025-12-27,Google Ads,Competitor Search,96,5,5,13.91
2026-02-17,LinkedIn Ads,Decision Makers,1115,7,6,58.36
2026-02-22,LinkedIn Ads,Decision Makers,597,4,4,32.3
2026-06-23,Meta Ads,Awareness Video,10559,118,102,64.96
2026-04-25,Organic Search,SEO Comparison,1250,40,40,0.0
2026-06-10,Google Ads,Restaurant Operations,526,24,21,48.39
2026-03-25,Organic Search,SEO Guides,3906,125,125,0.0
2026-01-24,Direct,Brand Direct,69,69,69,0.0
2025-12-11,Google Ads,Restaurant Operations,389,18,16,37.44
2026-04-22,Google Ads,High Intent Search,964,40,36,96.98
2026-01-01,Meta Ads,Awareness Video,4681,59,54,32.4
2026-06-01,Google Ads,Restaurant Operations,598,28,25,53.7
2026-03-03,Direct,Returning Visitors,51,51,51,0.0
2026-06-10,Organic Search,SEO Comparison,1594,51,51,0.0
2026-06-23,Google Ads,Competitor Search,358,16,14,49.93
2025-11-13,Google Ads,Competitor Search,357,17,15,48.89
2026-05-24,LinkedIn Ads,SMB Growth,790,5,4,31.05
2026-03-26,Meta Ads,Awareness Video,9509,118,106,61.98
2026-02-23,Meta Ads,Lead Magnet,5225,58,54,41.22
2026-05-09,Organic Search,SEO Guides,2969,95,95,0.0
2026-02-17,Meta Ads,Retargeting,1811,23,20,21.03
2026-05-31,LinkedIn Ads,Decision Makers,879,6,5,43.8
2026-03-11,Google Ads,High Intent Search,813,42,39,97.86
2026-04-14,Referral,Customer Referral,12,12,12,0.0
2025-12-24,Google Ads,Competitor Search,228,9,8,25.42
2025-12-31,Google Ads,Competitor Search,206,8,7,24.2
2026-03-04,Email,Lead Nurture,632,24,24,6.5
2025-12-30,Organic Search,SEO Guides,2188,70,70,0.0
2025-12-26,LinkedIn Ads,Decision Makers,960,6,5,39.68
2026-03-06,Email,Lead Nurture,474,18,18,6.5
2026-05-16,Meta Ads,Awareness Video,6868,94,83,54.65
2026-04-24,LinkedIn Ads,Decision Makers,1546,9,8,66.76
2025-11-01,Meta Ads,Awareness Video,5040,58,54,37.37
2026-06-05,Email,Newsletter,816,31,31,6.5
2026-05-04,Direct,Returning Visitors,62,62,62,0.0
2025-12-08,Direct,Brand Direct,96,96,96,0.0
2025-11-20,Google ads,Competitor Search,337,14,12,45.62
2026-05-27,Organic Search,SEO Guides,4406,141,141,0.0
2026-06-20,LinkedIn Ads,SMB Growth,382,3,3,20.09
2026-03-03,Organic Search,SEO Product Pages,4375,140,140,0.0
2025-12-09,Google Ads,High Intent Search,713,31,29,71.94
2026-06-15,Referral,Partner Network,12,12,12,15.51
2026-04-09,Email,Newsletter,1053,40,40,6.5
2026-03-07,Direct,Demo Page Direct,19,19,19,0.0
2025-11-08,Organic Search,SEO Product Pages,2781,89,89,0.0
2026-06-07,Meta Ads,Lead Magnet,4226,41,37,28.96
2026-01-31,Email,Lead Nurture,500,19,19,6.5
2026-05-20,Google Ads,Restaurant Operations,592,23,20,49.64
2025-11-01,Organic Search,SEO Guides,2375,76,76,0.0
2026-01-11,Referral,Customer Referral,8,8,8,0.0
2026-05-13,Referral,Partner Network,24,24,24,17.12
2026-06-28,Email,Reactivation,263,10,10,6.5
2026-05-09,Organic Search,SEO Product Pages,3656,117,117,0.0
2026-03-13,Direct,Returning Visitors,59,59,59,0.0
2026-01-16,LinkedIn Ads,Decision Makers,1174,8,7,58.75
2026-02-03,Referral,Partner Network,20,20,20,13.91
2026-03-05,Meta Ads,Retargeting,2367,30,28,22.74
2026-05-05,Referral,Customer Referral,21,21,21,0.0
2025-12-13,Direct,Returning Visitors,41,41,41,0.0
2026-01-04,Direct,Demo Page Direct,20,20,20,0.0
2026-05-25,Email,Lead Nurture,711,27,27,6.5
2025-12-03,Direct,Returning Visitors,50,50,50,0.0
2026-01-15,Direct,Brand Direct,107,107,107,0.0
2026-05-24,Organic Search,SEO Guides,3281,105,105,0.0
2025-11-26,Google Ads,Restaurant Operations,455,22,19,50.55
2026-03-15,Google Ads,Restaurant Operations,311,13,12,26.04
2025-12-11,Referral,Partner Network,23,23,23,14.15
2025-12-21,Google Ads,High Intent Search,685,30,27,67.84
2026-03-20,Meta Ads,Awareness Video,9187,96,88,59.19
2026-03-07,Referral,Partner Network,9,9,9,12.29
2026-02-15,Direct,Brand Direct,83,83,83,0.0
2025-11-14,LinkedIn Ads,Decision Makers,1018,8,8,55.61
2026-05-31,Referral,Partner Network,17,17,17,12.47
2026-01-19,Organic Search,SEO Product Pages,4125,132,132,0.0
2026-04-11,Organic Search,SEO Comparison,969,31,31,0.0
2026-01-20,Direct,Returning Visitors,54,54,54,0.0
2026-03-29,Referral,Industry Events,10,10,10,0.0
2026-05-29,Google Ads,Restaurant Operations,546,22,20,49.97
2026-05-31,Referral,Customer Referral,14,14,14,0.0
2025-12-19,Organic Search,SEO Guides,3844,123,123,0.0
2026-03-26,Referral,Customer Referral,11,11,11,0.0
2025-11-22,Meta Ads,Awareness Video,6182,83,78,49.61
2026-06-09,Referral,Industry Events,9,9,9,0.0
2025-11-30,Direct,Brand Direct,71,71,71,0.0
2026-06-03,Direct,Brand Direct,113,113,113,0.0
2025-12-02,Google Ads,High Intent Search,786,35,31,85.29
2026-03-26,LinkedIn Ads,Operations Leaders,743,6,5,41.63
2025-11-24,Meta Ads,Lead Magnet,3403,40,35,30.71
2026-06-19,Direct,Demo Page Direct,27,27,27,0.0
2026-04-16,Meta Ads,Awareness Video,10678,124,108,71.57
2025-11-29,LinkedIn Ads,Decision Makers,531,4,4,34.36
2026-03-28,Email,Newsletter,526,20,20,6.5
2026-03-19,Meta Ads,Lead Magnet,4162,49,45,32.87
2026-05-30,Email,Lead Nurture,579,22,22,6.5
2026-01-23,google ads,Restaurant Operations,389,20,18,44.79
2026-06-03,Referral,Industry Events,8,8,8,0.0
2026-02-21,Referral,Industry Events,5,5,5,0.0
2026-04-13,Email,Newsletter,605,23,23,-6.5
2026-05-24,Meta Ads,Retargeting,1681,18,16,16.09
2026-01-01,Referral,Customer Referral,8,8,8,0.0
2025-12-01,Direct,Returning Visitors,35,35,35,0.0
2026-03-24,Google Ads,High Intent Search,867,43,37,100.62
2025-12-23,Direct,Demo Page Direct,19,19,19,0.0
2026-03-23,Meta Ads,Awareness Video,9553,102,88,54.27
2026-06-04,Direct,Brand Direct,103,103,103,0.0
2025-11-18,Direct,Brand Direct,100,100,100,0.0
2026-03-08,Referral,Industry Events,8,8,8,0.0
2025-12-01,Email,Newsletter,737,28,28,6.5
2026-05-08,LinkedIn Ads,Operations Leaders,1027,7,6,46.29
2026-02-21,LinkedIn Ads,Operations Leaders,702,5,5,32.7
2026-06-27,LinkedIn Ads,SMB Growth,730,5,4,27.03
2026-02-01,Email,Lead Nurture,474,18,18,6.5
2025-12-31,Direct,Returning Visitors,40,40,40,0.0
2026-06-15,LinkedIn Ads,Decision Makers,1224,10,9,77.8
2026-06-17,Email,Newsletter,921,35,35,6.5
2026-03-14,Referral,Partner Network,10,10,10,9.2
2026-06-24,LinkedIn Ads,Decision Makers,1914,12,11,81.99
2026-03-20,Referral,Industry Events,15,15,15,0.0
2026-05-12,Google Ads,Competitor Search,482,24,22,70.18
2025-11-01,Google Ads,High Intent Search,671,29,26,67.8
2026-05-28,Email,Newsletter,868,33,33,6.5
2026-03-28,Organic Search,SEO Guides,3281,105,105,0.0
2026-03-28,Google Ads,Restaurant Operations,563,21,18,39.74
2026-06-05,LinkedIn Ads,Operations Leaders,859,6,5,41.86
2026-04-10,Organic Search,SEO Comparison,1906,61,61,0.0
2026-05-30,Meta Ads,Retargeting,1663,17,16,17.7
2026-05-14,LinkedIn Ads,Operations Leaders,922,6,6,38.74
2025-12-27,Organic Search,SEO Guides,1812,58,58,0.0
2026-06-22,Direct,Demo Page Direct,31,31,31,0.0
2026-01-11,LinkedIn Ads,Decision Makers,905,6,5,42.71
2026-04-13,Referral,Partner Network,20,20,20,16.75
2026-03-29,Google Ads,Competitor Search,237,12,11,39.9
2026-01-04,Meta Ads,Awareness Video,5606,72,67,45.33
2026-03-06,Direct,Returning Visitors,45,45,45,0.0
2026-04-06,Direct,Brand Direct,105,105,105,0.0
2026-02-18,Direct,Brand Direct,105,105,105,0.0
2026-06-23,Organic Search,SEO Product Pages,4312,138,138,0.0
2025-11-07,LinkedIn Ads,Decision Makers,803,6,5,48.64
2025-12-24,Direct,Returning Visitors,25,25,25,0.0
2026-06-23,Meta Ads,Retargeting,2105,25,22,22.91
2026-03-04,Meta Ads,Lead Magnet,3412,42,37,29.15
2026-03-30,Email,Reactivation,316,12,12,6.5
2025-12-28,Referral,Customer Referral,4,4,4,0.0
2025-11-04,Direct,Brand Direct,98,98,98,0.0
2026-06-01,Direct,Returning Visitors,55,55,55,0.0
2026-01-28,Direct,Returning Visitors,47,47,47,0.0
2025-12-22,Meta Ads,Lead Magnet,2164,25,23,16.78
2025-12-21,Direct,Demo Page Direct,20,20,20,0.0
2025-12-12,LinkedIn Ads,Decision Makers,1355,9,8,67.95
2025-12-07,Referral,Partner Network,14,14,14,10.7
2026-02-24,Email,Reactivation,395,15,15,6.5
2026-05-08,Organic Search,SEO Comparison,2000,64,64,0.0
2025-11-05,Meta Ads,Awareness Video,8618,89,78,55.38
2025-11-28,meta ads,Lead Magnet,3225,39,35,28.18
2026-03-22,Organic Search,SEO Comparison,1344,43,43,0.0
2026-03-27,Linkedin Ads,SMB Growth,953,7,6,38.82
2026-06-08,Organic Search,SEO Product Pages,4531,145,145,0.0
2025-12-21,Organic Search,SEO Guides,2156,69,69,0.0
2026-02-28,LinkedIn Ads,Operations Leaders,560,4,4,30.47
2026-04-18,Email,Lead Nurture,632,24,24,6.5
2025-12-20,Google Ads,Restaurant Operations,376,17,16,34.55
2026-02-26,LinkedIn Ads,SMB Growth,788,6,5,35.69
2026-04-10,Referral,Industry Events,10,10,10,0.0
2026-01-16,Email,Newsletter,868,33,33,6.5
2026-06-15,Meta Ads,Awareness Video,9088,107,100,63.37
2026-03-28,Referral,Customer Referral,10,10,10,0.0
2026-05-27,Organic Search,SEO Product Pages,4906,157,157,0.0
2026-01-31,LinkedIn Ads,Operations Leaders,596,4,4,26.79
2026-06-21,Meta Ads,Retargeting,1705,21,19,20.63
2026-06-10,Google Ads,Competitor Search,346,16,15,51.4
2026-05-12,Email,Newsletter,947,36,36,6.5
2026-02-14,LinkedIn Ads,Decision Makers,719,5,4,37.9
2026-05-28,Direct,Brand Direct,127,127,127,0.0
2026-04-21,LinkedIn Ads,Operations Leaders,786,6,5,45.05
2025-11-26,Meta Ads,Lead Magnet,3230,39,35,26.78
2026-04-22,Organic Search,SEO Product Pages,4969,159,159,0.0
2026-06-25,Referral,Partner Network,28,28,28,18.2
2026-02-02,Email,Lead Nurture,579,22,22,6.5
2026-06-20,Referral,Industry Events,1,1,1,0.0
2026-02-19,Organic Search,SEO Comparison,1562,50,50,0.0
2026-05-20,Organic Search,SEO Comparison,1844,59,59,0.0
2026-05-20,Referral,Industry Events,9,9,9,0.0
2026-01-11,google ads,Restaurant Operations,417,18,16,36.12
2026-03-02,Meta Ads,Lead Magnet,3851,51,45,39.04
2026-05-01,Referral,Partner Network,12,12,12,14.26
2025-11-27,Google Ads,High Intent Search,942,40,36,93.12
2026-02-23,Google Ads,High Intent Search,831,38,33,88.38
2026-04-17,Meta Ads,Retargeting,2023,26,23,23.11
2026-01-20,Meta Ads,Retargeting,2290,25,23,21.27
2025-11-15,Organic Search,SEO Guides,2531,81,81,0.0
2025-12-30,Google Ads,Competitor Search,210,10,9,26.81
2026-03-29,Google Ads,High Intent Search,852,34,31,69.34
2026-06-07,Email,Newsletter,816,31,31,6.5
2026-05-21,LinkedIn Ads,SMB Growth,882,6,6,35.12
2026-01-14,Email,Newsletter,974,37,37,6.5
2025-12-02,Direct,Demo Page Direct,30,30,30,0.0
2026-02-03,Direct,Demo Page Direct,21,21,21,0.0
2026-06-08,LinkedIn Ads,Operations Leaders,773,5,5,35.38
2026-04-03,Organic Search,SEO Product Pages,4219,135,135,0.0
2026-04-19,Referral,Customer Referral,10,10,10,0.0
2026-02-25,Organic Search,SEO Product Pages,3688,118,118,0.0
2026-01-06,Direct,Demo Page Direct,30,30,30,0.0
2026-01-21,Direct,Brand Direct,105,105,105,0.0
2026-03-12,Meta Ads,Retargeting,2434,30,28,25.07
2026-03-23,Google Ads,Competitor Search,286,14,13,45.53
2025-12-31,Referral,Customer Referral,7,7,7,0.0
2026-05-17,Referral,Partner Network,13,13,13,10.15
2026-01-06,Direct,Brand Direct,107,107,107,0.0
2026-02-13,Organic Search,SEO Comparison,1312,42,42,0.0
2026-03-21,Direct,Demo Page Direct,25,25,25,0.0
2025-11-17,Meta Ads,Awareness Video,7401,87,78,57.75
2025-11-21,Direct,Brand Direct,83,83,83,0.0
2025-12-23,Google Ads,Restaurant Operations,251,12,11,26.94
2026-03-16,LinkedIn Ads,Decision Makers,1250,9,8,68.13
2026-06-26,Direct,Returning Visitors,57,57,57,0.0
2026-05-22,Google Ads,Restaurant Operations,516,21,19,46.53
2026-04-20,Email,Newsletter,842,32,32,6.5
2026-03-13,Email,Lead Nurture,500,19,19,6.5
2026-02-27,LinkedIn Ads,Operations Leaders,710,5,5,36.6
2026-04-08,Meta Ads,Lead Magnet,4579,52,45,39.29
2025-12-30,LinkedIn Ads,Decision Makers,831,5,4,33.89
2026-02-02,Meta Ads,Retargeting,2206,25,22,20.99
2026-06-02,Direct,Returning Visitors,55,55,55,0.0
2026-05-17,Direct,Returning Visitors,38,38,38,0.0
2026-03-24,Organic Search,SEO Product Pages,4156,133,133,0.0
2026-04-13,Referral,Industry Events,16,16,16,0.0
2026-01-26,Meta Ads,Retargeting,2340,24,21,21.99
2026-01-16,Email,Lead Nurture,684,26,26,6.5
2026-03-23,Organic Search,SEO Comparison,1312,42,42,0.0
2026-06-10,Organic Search,SEO Guides,3938,126,126,0.0
2026-03-13,Organic Search,SEO Guides,3656,117,117,0.0
2026-04-16,Google Ads,Competitor Search,409,17,15,49.59
2026-04-19,Google Ads,High Intent Search,727,35,31,77.36
2026-04-26,Email,Reactivation,263,10,10,6.5
2026-02-05,Organic Search,SEO Guides,3938,126,126,0.0
2025-11-03,Referral,Customer Referral,7,7,7,0.0
2026-05-12,LinkedIn Ads,Decision Makers,1138,8,7,61.4
2026-01-18,Email,Newsletter,816,31,31,6.5
2026-03-21,Email,Newsletter,763,29,29,6.5
2026-03-30,Organic Search,SEO Comparison,1656,53,53,0.0
2025-11-20,Direct,Brand Direct,103,103,103,0.0
2026-03-10,LinkedIn Ads,SMB Growth,1074,7,6,36.64
2026-03-19,Email,Reactivation,263,10,10,6.5
2026-02-10,Meta Ads,Retargeting,1865,23,20,19.44
2026-04-10,Direct,Brand Direct,117,117,117,0.0
2026-06-18,Direct,Returning Visitors,67,67,67,0.0
2026-06-06,Google Ads,Competitor Search,313,15,13,43.86
2026-06-15,Referral,Customer Referral,11,11,11,0.0
2026-06-25,LinkedIn Ads,Operations Leaders,988,7,6,46.64
2025-11-18,LinkedIn Ads,Decision Makers,910,7,6,52.89
2026-05-20,Email,Newsletter,763,29,29,6.5
2025-12-15,Email,Newsletter,868,33,33,6.5
2026-02-27,Organic Search,SEO Product Pages,4250,136,136,0.0
2025-12-19,Direct,Brand Direct,108,108,108,0.0
2026-05-09,Direct,Brand Direct,100,100,100,0.0
2025-12-31,Direct,Brand Direct,56,56,56,0.0
2026-01-12,Organic Search,SEO Guides,3969,127,127,0.0
2026-01-15,Referral,Customer Referral,10,10,10,0.0
2026-03-22,Organic Search,SEO Guides,3281,105,105,0.0
2026-04-11,Direct,Brand Direct,90,90,90,0.0
2026-03-07,Referral,Industry Events,9,9,9,0.0
2026-02-05,Organic Search,SEO Product Pages,3625,116,116,0.0
2026-06-14,Referral,Partner Network,11,11,11,12.39
2026-06-09,Meta Ads,Retargeting,2389,30,26,26.25
2026-05-25,Referral,Industry Events,11,11,11,0.0
2026-05-27,LinkedIn Ads,Decision Makers,1248,8,7,59.83
2026-03-15,Meta Ads,Retargeting,1619,20,17,18.74
2025-12-19,Referral,Customer Referral,12,12,12,0.0
2025-11-20,Email,Newsletter,684,26,26,6.5
2026-05-19,Meta Ads,Retargeting,2224,27,25,23.29
2026-03-12,Email,Lead Nurture,632,24,24,6.5
2026-06-01,LinkedIn Ads,Decision Makers,1251,9,8,69.29
2026-06-27,Organic Search,SEO Product Pages,3562,114,114,0.0
2026-05-11,Google Ads,Restaurant Operations,432,21,20,46.72
2025-11-15,Meta Ads,Awareness Video,5626,69,63,38.37
2026-03-17,LinkedIn Ads,Decision Makers,2017,13,12,80.04
2026-06-25,Email,Reactivation,763,29,29,6.5
2026-04-22,Meta Ads,Lead Magnet,3796,46,42,35.77
2026-02-08,Google Ads,High Intent Search,674,29,26,70.83
2025-12-17,Meta Ads,Lead Magnet,3129,42,39,32.54
2026-04-07,Email,Newsletter,842,32,32,6.5
2026-03-05,Organic Search,SEO Product Pages,4281,137,137,0.0
2026-03-24,Referral,Partner Network,21,21,21,15.73
2025-11-06,Direct,Returning Visitors,44,44,44,0.0
2026-03-20,Email,Lead Nurture,711,27,27,6.5
2026-03-10,Email,Newsletter,737,28,28,6.5
2026-06-16,Direct,Demo Page Direct,33,33,33,0.0
2026-01-31,Meta Ads,Lead Magnet,2477,31,28,25.35
2026-05-14,Email,Newsletter,1026,39,39,6.5
2025-12-08,Organic Search,SEO Guides,3938,126,126,0.0
2025-11-16,Google Ads,Restaurant Operations,323,16,15,33.88
2026-02-01,LinkedIn Ads,Decision Makers,1062,7,6,49.69
2026-02-04,Meta Ads,Awareness Video,6936,87,77,52.9
2025-12-06,Referral,Customer Referral,8,8,8,0.0
2025-12-11,Email,Newsletter,789,30,30,6.5
2025-12-06,Direct,Brand Direct,74,74,74,0.0
2025-12-10,Organic Search,SEO Guides,3344,107,107,0.0
2025-12-08,Google Ads,Competitor Search,301,13,12,42.49
2026-03-29,Organic Search,SEO Product Pages,2750,88,88,0.0
2026-04-30,Referral,Industry Events,9,9,9,0.0
2025-11-03,Referral,Partner Network,16,16,16,13.36
2025-12-10,Referral,Customer Referral,15,15,15,0.0
2025-12-04,Referral,Partner Network,18,18,18,16.18
2025-11-14,Email,Newsletter,974,37,37,6.5
2026-04-22,linkedin ads,SMB Growth,702,5,5,32.65
2026-04-25,Meta Ads,Awareness Video,6817,76,71,39.88
2025-12-14,Organic Search,SEO Guides,2719,87,87,0.0
2026-04-20,Email,Lead Nurture,553,21,21,6.5
2026-04-01,LinkedIn Ads,Operations Leaders,855,6,5,41.26
2026-01-10,Organic Search,SEO Product Pages,2906,93,93,0.0
2026-03-19,Referral,Partner Network,23,23,23,16.11
2026-04-26,Meta Ads,Lead Magnet,2369,26,23,17.83
2025-12-08,Meta Ads,Awareness Video,5841,78,70,45.03
2026-05-01,Google Ads,High Intent Search,852,42,37,95.9
2026-03-12,Direct,Brand Direct,115,115,115,0.0
2026-06-14,LinkedIn Ads,Operations Leaders,541,4,4,29.82
2025-12-11,Organic Search,SEO Guides,3562,114,114,0.0
2026-02-05,Email,Lead Nurture,816,31,31,6.5
2026-02-17,Organic Search,SEO Guides,3781,121,121,0.0
2026-05-29,Email,Reactivation,395,15,15,6.5
2026-04-26,LinkedIn Ads,Operations Leaders,517,4,4,28.89
2025-12-28,Organic Search,SEO Product Pages,1500,48,48,0.0
2026-02-14,Email,Newsletter,632,24,24,6.5
2026-06-23,Google Ads,High Intent Search,1210,50,46,137.0
2026-02-21,Referral,Customer Referral,10,10,10,0.0
2026-06-10,Email,Lead Nurture,711,27,27,6.5
2026-03-01,Email,Lead Nurture,395,15,15,6.5
2026-05-28,Google Ads,Restaurant Operations,575,21,18,45.59
2026-01-15,Meta Ads,Lead Magnet,3430,40,37,31.59
2026-01-19,Referral,Customer Referral,14,14,14,0.0
2026-04-07,Meta Ads,Awareness Video,8709,106,93,66.24
2026-04-01,Organic Search,SEO Guides,3969,127,127,0.0
2026-06-19,Referral,Customer Referral,15,15,15,0.0
2026-04-21,Meta Ads,Retargeting,2092,25,23,22.48
2025-12-18,Google Ads,Restaurant Operations,448,20,18,45.69
2025-11-26,Referral,Partner Network,22,22,22,14.47
2026-02-19,Referral,Industry Events,9,9,9,1334.79
2026-04-24,Direct,Brand Direct,109,109,109,0.0
2026-05-05,Organic Search,SEO Comparison,1969,63,63,0.0
2026-05-17,LinkedIn Ads,Decision Makers,1198,8,7,56.69
2026-04-18,Referral,Customer Referral,11,11,11,0.0
2026-01-29,LinkedIn Ads,Operations Leaders,982,7,6,46.36
2025-12-09,Direct,Brand Direct,88,88,88,0.0
2026-05-18,Organic Search,SEO Product Pages,4406,141,141,0.0
2026-04-24,LinkedIn Ads,Operations Leaders,1164,8,7,48.76
2026-03-16,Referral,Partner Network,29,29,29,17.25
2026-01-25,LinkedIn Ads,Decision Makers,1049,7,6,42.26
2026-06-02,Email,Reactivation,395,15,15,6.5
2026-06-13,Google Ads,Competitor Search,269,12,11,40.39
2026-05-12,Referral,Industry Events,8,8,8,0.0
2026-06-12,LinkedIn Ads,Operations Leaders,920,7,6,42.2
2026-06-18,Organic Search,SEO Product Pages,4562,146,146,0.0
2026-01-30,Direct,Returning Visitors,56,56,56,0.0
2026-02-26,Email,Lead Nurture,658,25,25,6.5
2026-06-24,Referral,Industry Events,15,15,15,0.0
2026-01-15,LinkedIn Ads,Decision Makers,841,6,5,50.5
2026-05-26,Organic Search,SEO Guides,4312,138,138,0.0
2025-12-14,Google Ads,Competitor Search,204,10,9,33.82
2026-01-18,Organic Search,SEO Product Pages,3094,99,99,0.0
2026-02-24,Google Ads,Competitor Search,322,14,13,43.67
2025-12-22,Organic Search,SEO Product Pages,2094,67,67,0.0
2026-02-24,Referral,Industry Events,6,6,6,0.0
2026-06-21,Direct,Brand Direct,85,85,85,0.0
2026-02-17,Referral,Customer Referral,10,10,10,0.0
2025-12-28,LinkedIn Ads,Decision Makers,498,3,3,25.71
2026-03-11,Referral,Industry Events,5,5,5,0.0
2026-03-20,Referral,Customer Referral,11,11,11,0.0
2026-05-27,Email,Reactivation,526,20,20,6.5
2025-12-03,LinkedIn Ads,Decision Makers,1411,9,8,67.47
2026-06-17,Meta Ads,Lead Magnet,4304,44,40,34.28
2026-05-30,Direct,Returning Visitors,47,47,47,0.0
2026-05-31,Meta Ads,Lead Magnet,2887,38,34,27.42
2026-04-10,Direct,Demo Page Direct,25,25,25,0.0
2026-04-01,Referral,Partner Network,25,25,25,17.37
2025-11-29,Meta Ads,Lead Magnet,2090,26,24,21.92
2026-01-08,Email,Newsletter,737,28,28,6.5
2026-04-06,LinkedIn Ads,Operations Leaders,1049,7,6,45.04
2025-12-31,Organic Search,SEO Guides,1438,46,46,0.0
2026-06-24,Google Ads,High Intent Search,1148,50,47,117.37
2026-05-22,Google Ads,High Intent Search,970,48,44,106.57
2026-04-12,LinkedIn Ads,Operations Leaders,735,5,5,30.67
2026-03-25,LinkedIn Ads,Operations Leaders,809,849,6,36.52
2026-04-23,Google Ads,Restaurant Operations,450,20,17,47.89
2026-01-27,Google Ads,High Intent Search,800,40,35,96.05
2026-06-03,Referral,Partner Network,20,20,20,16.23
2026-06-14,Organic Search,SEO Product Pages,2812,90,90,0.0
2026-06-30,Direct,Returning Visitors,65,65,65,0.0
2026-05-07,LinkedIn Ads,Decision Makers,1192,8,7,57.09
2025-12-24,Organic Search,SEO Product Pages,1781,57,57,0.0
2026-02-19,Referral,Partner Network,17,17,17,14.98
2026-02-12,LinkedIn Ads,Decision Makers,1161,7,6,51.96
2025-11-20,Referral,Customer Referral,19,19,19,0.0
2026-01-16,LinkedIn Ads,SMB Growth,702,5,4,32.37
2026-03-21,Email,Lead Nurture,842,32,32,6.5
2025-11-21,Google Ads,Competitor Search,282,15,14,47.19
2026-03-25,Meta Ads,Awareness Video,8072,105,95,64.52
2026-04-08,Meta Ads,Awareness Video,9232,102,96,60.32
2026-02-16,Referral,Customer Referral,15,15,15,0.0
2026-04-23,Direct,Demo Page Direct,27,27,27,0.0
2026-05-19,Referral,Industry Events,7,7,7,1562.45
2026-05-31,Referral,Industry Events,6,6,6,0.0
2026-04-09,Direct,Returning Visitors,53,53,53,0.0
2026-06-21,Direct,Demo Page Direct,22,22,22,0.0
2026-04-03,Google Ads,Competitor Search,501,18,17,55.55
2026-01-02,Direct,Brand Direct,55,55,55,0.0
2026-01-09,LinkedIn Ads,Decision Makers,1177,8,7,63.92
2026-06-21,Referral,Industry Events,8,8,8,0.0
2026-03-04,LinkedIn Ads,Decision Makers,1023,8,7,67.53
2026-01-19,Direct,Returning Visitors,49,49,49,0.0
2026-04-06,Meta Ads,Retargeting,1817,22,20,19.48
2026-02-12,Email,Lead Nurture,737,28,28,6.5
2026-06-24,Meta Ads,Lead Magnet,4107,51,44,36.17
2025-11-17,Direct,Returning Visitors,47,47,47,0.0
2026-01-26,Referral,Customer Referral,10,10,10,0.0
2026-03-30,Email,Newsletter,763,29,29,6.5
2026-06-05,Email,Lead Nurture,447,17,17,6.5
2026-05-13,Google Ads,High Intent Search,988,44,40,102.71
2026-04-30,Direct,Returning Visitors,55,55,55,0.0
2026-03-16,Google Ads,High Intent Search,920,40,36,96.27
2026-02-16,Google Ads,Restaurant Operations,457,18,17,38.97
2026-02-06,Meta Ads,Lead Magnet,3807,46,41,37.16
2026-01-19,Direct,Demo Page Direct,24,24,24,0.0
2025-11-15,Organic Search,SEO Product Pages,2594,83,83,0.0
2026-04-26,Google Ads,Competitor Search,362,15,13,44.28
2025-12-10,Direct,Brand Direct,97,97,97,0.0
2026-06-14,Meta Ads,Awareness Video,6980,77,71,48.85
2025-12-05,Organic Search,SEO Product Pages,4000,128,128,0.0
2026-03-29,Email,Reactivation,421,16,16,6.5
2026-05-02,LinkedIn Ads,Decision Makers,1014,7,6,50.79
2026-01-07,Referral,Customer Referral,10,10,10,0.0
2026-05-13,Meta Ads,Retargeting,1970,22,20,20.68
2026-01-14,Meta Ads,Lead Magnet,4547,52,46,36.64
2026-05-10,LinkedIn Ads,Operations Leaders,608,4,4,29.74
2026-05-31,Direct,Returning Visitors,33,33,33,0.0
2026-01-25,Google Ads,Competitor Search,205,10,9,33.97
2026-04-27,Meta Ads,Retargeting,1954,26,24,22.15
2025-12-25,LinkedIn Ads,Decision Makers,733,5,5,33.66
2026-06-20,Meta Ads,Retargeting,1494,20,17,19.86
2025-11-24,Direct,Returning Visitors,48,48,48,0.0
2026-04-25,Referral,Partner Network,19,19,19,13.6
2026-03-18,Referral,Partner Network,21,21,21,17.86
2026-05-20,Direct,Brand Direct,112,112,112,0.0
2025-11-08,LinkedIn Ads,Decision Makers,668,5,5,41.21
2026-01-04,LinkedIn Ads,Decision Makers,860,6,5,41.05
2026-02-21,Organic Search,SEO Guides,2781,89,89,0.0
2026-05-13,Direct,Demo Page Direct,28,28,28,0.0
2026-02-01,Referral,Customer Referral,13,13,13,0.0
2025-11-10,Organic Search,SEO Product Pages,4312,138,138,0.0
2026-01-27,Email,Newsletter,684,26,26,6.5
2026-06-24,LinkedIn Ads,SMB Growth,855,6,6,35.34
2025-11-18,Referral,Partner Network,14,14,14,13.97
2026-06-27,meta ads,Awareness Video,7731,95,88,52.78
2026-03-08,Organic Search,SEO Comparison,1469,47,47,0.0
2026-02-07,Meta Ads,Retargeting,1466,18,16,17.43
2026-06-02,Referral,Customer Referral,13,13,13,0.0
2026-01-27,Meta Ads,Lead Magnet,2638,37,34,30.91
2026-03-20,Direct,Brand Direct,90,90,90,0.0
2026-01-29,Google Ads,Competitor Search,291,14,12,46.74
2026-05-08,Google Ads,Competitor Search,373,17,15,50.69
2025-12-07,Organic Search,SEO Product Pages,2938,94,94,0.0
2026-05-21,Meta Ads,Awareness Video,10207,118,107,70.73
2026-02-14,Email,Reactivation,158,6,6,6.5
2025-12-19,Email,Lead Nurture,553,21,21,6.5
2026-04-05,Referral,Customer Referral,9,9,9,0.0
2026-06-08,Meta Ads,Retargeting,2428,29,26,25.86
2026-01-14,Referral,Customer Referral,13,13,13,0.0
2026-02-08,Meta Ads,Awareness Video,7185,83,72,50.0
2025-12-14,Meta Ads,Lead Magnet,1847,25,23,20.73
2026-05-20,Meta Ads,Awareness Video,11219,121,111,73.34
2026-04-06,Email,Lead Nurture,816,31,31,6.5
2026-01-31,Google Ads,Competitor Search,205,10,9,32.99
2026-06-17,Direct,Demo Page Direct,32,32,32,0.0
2026-03-28,Google Ads,High Intent Search,556,29,26,68.34
2026-03-02,Google Ads,Competitor Search,237,12,11,41.47
2026-04-29,Referral,Industry Events,12,12,12,0.0
2026-05-25,Direct,Returning Visitors,52,52,52,0.0
2026-06-11,Organic Search,SEO Guides,4188,134,134,0.0
2026-05-06,Meta Ads,Awareness Video,11905,134,115,76.88
2026-02-26,Organic Search,SEO Product Pages,4500,144,144,0.0
2026-01-31,Direct,Demo Page Direct,15,15,15,0.0
2026-01-12,Referral,Partner Network,14,14,14,13.45
2026-02-22,Direct,Returning Visitors,35,35,35,0.0
2026-06-30,Referral,Partner Network,20,20,20,17.69
2026-03-16,Organic Search,SEO Comparison,1469,47,47,0.0
2026-05-02,Google Ads,Restaurant Operations,412,17,15,36.93
2026-06-26,Referral,Partner Network,20,20,20,18.25
2026-03-23,Email,Reactivation,263,10,10,6.5
2026-06-08,Google Ads,Restaurant Operations,580,26,23,53.38
2026-06-10,Organic Search,SEO Product Pages,4562,146,146,0.0
2026-05-08,Referral,Industry Events,12,12,12,0.0
2026-06-11,Direct,Returning Visitors,67,67,67,0.0
2026-02-02,Email,Reactivation,447,17,17,6.5
2026-02-07,Direct,Brand Direct,73,73,73,0.0
2026-02-25,Referral,Customer Referral,12,12,12,0.0
2026-05-08,Organic Search,SEO Guides,4750,152,152,0.0
2026-02-13,meta ads,Lead Magnet,4071,53,47,39.04
2026-01-07,Google Ads,Competitor Search,399,16,14,50.01
2026-05-24,Direct,Demo Page Direct,20,20,20,0.0
2025-12-06,Organic Search,SEO Product Pages,2750,88,88,0.0
2026-01-18,Direct,Brand Direct,68,68,68,0.0
2026-05-12,Google Ads,Restaurant Operations,421,21,19,42.65
2026-05-22,Referral,Customer Referral,16,16,16,0.0
2026-02-10,Meta Ads,Lead Magnet,3958,52,49,37.3
2026-06-06,Meta Ads,Awareness Video,6152,76,67,46.93
2026-06-21,Meta Ads,Lead Magnet,2120,29,26,21.38
2026-04-26,Referral,Industry Events,8,8,8,0.0
2026-02-20,Direct,Brand Direct,117,117,117,0.0
2026-04-20,Email,Reactivation,342,13,13,6.5
2026-03-18,Direct,Returning Visitors,50,50,50,0.0
2026-06-09,Direct,Returning Visitors,62,62,62,0.0
2026-03-30,Google Ads,Restaurant Operations,500,22,19,47.28
2026-06-15,Google Ads,Restaurant Operations,617,29,26,56.19
2026-04-25,LinkedIn Ads,SMB Growth,614,4,4,29.77
2026-04-26,Direct,Brand Direct,79,79,79,0.0
2026-06-02,Direct,Brand Direct,112,112,112,0.0
2026-04-04,Referral,Partner Network,11,11,11,10.85
2025-12-06,LinkedIn Ads,Decision Makers,900,7,6,44.69
2026-06-27,Direct,Returning Visitors,32,32,32,0.0
2026-06-14,Organic Search,SEO Comparison,1531,49,49,0.0
2026-02-16,Direct,Demo Page Direct,35,35,35,0.0
2026-02-25,Google Ads,Restaurant Operations,410,19,17,40.56
2026-04-23,Organic Search,SEO Product Pages,4125,132,132,0.0
2026-04-18,Direct,Returning Visitors,36,36,36,0.0
2026-06-24,Meta Ads,Awareness Video,9780,121,107,73.02
2026-06-26,Meta Ads,Awareness Video,11423,120,111,71.55
2026-03-11,Meta Ads,Retargeting,2288,30,27,24.27
2026-03-08,LinkedIn Ads,SMB Growth,523,4,4,26.73
2026-01-29,META ADS,Awareness Video,6500,85,73,53.6
2026-03-23,Google Ads,High Intent Search,870,43,40,104.63
2026-02-11,Email,Lead Nurture,763,29,29,6.5
2026-03-08,Email,Reactivation,132,5,5,6.5
2026-02-04,Organic Search,SEO Guides,3906,125,125,0.0
2026-03-26,Meta Ads,Retargeting,2280,29,27,26.59
2026-01-21,Google Ads,Competitor Search,369,15,13,50.08
2026-05-13,LinkedIn Ads,Operations Leaders,1008,7,6,46.44
2026-06-05,Organic Search,SEO Comparison,1750,56,56,0.0
2026-01-02,Google Ads,High Intent Search,429,22,19,48.51
2026-01-29,Direct,Demo Page Direct,30,30,30,0.0
2026-03-18,Organic Search,SEO Comparison,1500,48,48,0.0
2025-12-02,Email,Newsletter,684,26,26,6.5
2026-03-28,Meta Ads,Retargeting,1624,20,19,18.54
2026-03-27,Referral,Customer Referral,13,13,13,0.0
2025-12-13,Referral,Partner Network,12,12,12,11.92
2026-06-22,Email,Lead Nurture,974,37,37,6.5
2026-06-17,Referral,Partner Network,20,20,20,17.62
2026-05-17,Organic Search,SEO Comparison,1156,37,37,0.0
2026-04-12,Email,Lead Nurture,553,21,21,6.5
2025-12-27,Organic Search,SEO Product Pages,1812,58,58,0.0
2026-03-31,Email,Reactivation,553,21,21,6.5
2026-02-20,Email,Lead Nurture,684,26,26,6.5
2025-12-04,Google Ads,Competitor Search,310,14,13,45.21
2026-05-16,Direct,Returning Visitors,36,36,36,0.0
2025-12-24,Direct,Brand Direct,52,52,52,0.0
2026-06-01,Organic Search,SEO Product Pages,5156,165,165,0.0
2026-01-13,Direct,Brand Direct,95,95,95,0.0
2026-05-03,Direct,Returning Visitors,31,31,31,0.0
2026-01-29,Email,Lead Nurture,711,27,27,6.5
2026-04-28,Direct,Returning Visitors,54,54,54,0.0
2025-12-23,Meta Ads,Lead Magnet,2194,26,24,20.13
2026-02-01,Google Ads,Competitor Search,274,12,11,34.71
2025-12-08,Email,Newsletter,684,26,26,6.5
2026-06-25,Direct,Demo Page Direct,35,35,35,0.0
2025-11-13,Referral,Partner Network,14,14,14,14.5
2026-05-29,Direct,Brand Direct,122,122,122,0.0
2026-06-19,Google Ads,Competitor Search,519,23,22,68.12
2026-06-01,Meta Ads,Awareness Video,9270,110,103,67.67
2025-11-23,Google Ads,Restaurant Operations,293,12,11,26.66
2026-01-14,Direct,Returning Visitors,45,45,45,0.0
2025-11-11,Meta Ads,Awareness Video,8965,88,80,54.65
2026-03-02,Referral,Customer Referral,7,7,7,0.0
2026-02-26,Organic Search,SEO Comparison,1438,46,46,0.0
2026-02-03,Google Ads,High Intent Search,749,33,30,79.32
2026-05-08,Organic Search,SEO Product Pages,4312,138,138,0.0
2026-06-19,LinkedIn Ads,Decision Makers,1087,8,7,59.13
2026-02-09,LinkedIn Ads,Operations Leaders,945,6,5,37.18
2026-05-11,Direct,Returning Visitors,50,50,50,0.0
2026-02-26,LinkedIn Ads,Operations Leaders,763,5,4,36.28
2026-04-30,LinkedIn Ads,Operations Leaders,742,5,5,33.13
2026-02-08,LinkedIn Ads,Operations Leaders,510,4,4,27.16
2025-12-13,LinkedIn Ads,Decision Makers,556,4,3,28.72
2026-04-26,Meta Ads,Retargeting,1607,20,18,19.59
2026-03-14,Meta Ads,Retargeting,1992,20,18,17.49
2026-01-19,Direct,Brand Direct,103,103,103,0.0
2026-01-18,LinkedIn Ads,Operations Leaders,578,4,4,27.5
2026-03-28,Referral,Industry Events,6,6,6,0.0
2026-04-27,Organic Search,SEO Comparison,1844,59,59,0.0
2026-01-31,Direct,Returning Visitors,28,28,28,0.0
2026-04-17,Direct,Brand Direct,122,122,122,0.0
2026-04-12,Meta Ads,Retargeting,1860,22,19,18.57
2026-05-30,Organic Search,SEO Guides,2688,86,86,0.0
2025-12-05,Direct,Demo Page Direct,27,27,27,0.0
2026-05-20,Referral,Partner Network,22,22,22,16.41
2026-01-20,Organic Search,SEO Guides,3438,110,110,0.0
2026-02-22,Email,Lead Nurture,500,19,19,6.5
2026-02-06,Google Ads,High Intent Search,1061,53,48,115.49
2026-02-11,Organic Search,SEO Product Pages,3812,122,122,0.0
2026-04-02,Email,Reactivation,474,18,18,6.5
2026-06-09,Referral,Customer Referral,14,14,14,0.0
2026-03-31,LinkedIn Ads,SMB Growth,740,5,4,34.16
2026-04-28,LinkedIn Ads,Operations Leaders,975,7,7,43.47
2026-05-09,LinkedIn Ads,Operations Leaders,713,5,5,30.53
2026-04-29,Meta Ads,Lead Magnet,5722,67,61,44.17
2025-11-07,Google Ads,Competitor Search,383,18,16,49.35
2026-05-28,Google Ads,High Intent Search,1265,50,46,126.23
2026-02-21,Direct,Returning Visitors,39,39,39,0.0
2026-05-15,Direct,Demo Page Direct,30,30,30,0.0
2026-04-05,Meta Ads,Awareness Video,6769,79,73,50.33
2026-04-26,Organic Search,SEO Comparison,1250,40,40,0.0
2026-05-16,Direct,Brand Direct,70,70,70,0.0
