lead_id,created_at,channel,campaign,region,company_size,business_type,lead_score,is_mql,is_sql
1,2025-11-01 18:37,Google Ads,High Intent Search,LIEGE,1-9,Restaurant,54.0,1,1
2,2025-11-01 10:48,LinkedIn Ads,Decision Makers,Walloon Brabant,10-49,Café,71.0,1,1
3,2025-11-01 17:44,Meta Ads,Awareness Video,Brussels,10-49,Restaurant,6.0,0,0
4,2025-11-01 19:43,Meta Ads,Awareness Video,Flemish Brabant,1-9,Restaurant,44.0,0,0
5,2025-11-01 15:04,Meta Ads,Lead Magnet,Brussels,1-9,Snack,53.0,1,1
6,2025-11-01 09:19,Meta Ads,Lead Magnet,Walloon Brabant,1-9,Restaurant,23.0,0,0
7,2025-11-01 17:53,Organic Search,SEO Product Pages,Brussels,1-9,Bar,47.0,1,1
8,2025-11-01 08:15,Organic Search,SEO Guides,Antwerp,1-9,Restaurant,50.0,0,1
9,2025-11-01 11:21,Direct,Returning Visitors,Walloon Brabant,10-49,Restaurant,76.0,1,1
10,2025-11-01 16:45,Referral,Partner Network,East Flanders,1-9,Bar,74.0,1,0
11,2025-11-01 16:58,Referral,Customer Referral,Flemish Brabant,10-49,Snack,89.0,1,1
12,2025-11-02 20:48,Google Ads,High Intent Search,Brussels,1-9,Bar,60.0,0,0
13,2025-11-02 11:27,Meta Ads,Awareness Video,Antwerp,1-9,Restaurant,18.0,0,0
14,2025-11-02 14:53,Meta Ads,Awareness Video,East Flanders,1-9,Restaurant,42.0,0,0
15,2025-11-02 17:06,Meta Ads,Lead Magnet,Flemish Brabant,1-9,Restaurant,29.0,0,0
16,2025-11-02 09:46,Organic Search,SEO Product Pages,Hainaut,10-49,Snack,76.0,1,1
17,2025-11-02 15:27,Organic Search,SEO Product Pages,East Flanders,1-9,Hotel,54.0,1,1
18,2025-11-02 14:43,Direct,Brand Direct,Flemish Brabant,1-9,Restaurant,46.0,0,0
19,2025-11-02 14:00,Direct,Brand Direct,Walloon Brabant,1-9,Restaurant,43.0,0,0
20,2025-11-02 08:43,Email,Newsletter,Flemish Brabant,1-9,Café,50.0,0,0
21,2025-11-02 13:23,Email,Newsletter,Brussels,1-9,Snack,69.0,1,0
22,2025-11-03 17:12,Google Ads,High Intent Search,Flemish Brabant,10-49,Snack,39.0,1,1
23,2025-11-03 08:46,Google Ads,High Intent Search,Hainaut,1-9,Restaurant,65.0,0,0
24,2025-11-03 14:32,LinkedIn Ads,Decision Makers,Antwerp,10-49,Snack,72.0,1,0
25,2025-11-03 13:58,Meta Ads,Awareness Video,East Flanders,1-9,Restaurant,21.0,0,0
26,2025-11-03 12:35,Meta Ads,Awareness Video,Hainaut,10-49,Snack,48.0,0,0
27,2025-11-03 19:59,Meta Ads,Awareness Video,Brussels,10-49,Restaurant,16.0,0,0
28,2025-11-03 12:10,Meta Ads,Awareness Video,Flemish Brabant,10-49,Restaurant,22.0,0,0
29,2025-11-03 10:27,Meta Ads,Awareness Video,Walloon Brabant,10-49,Restaurant,51.0,0,0
30,2025-11-03 11:57,Meta Ads,Awareness Video,Walloon Brabant,1-9,Café,25.0,0,0
31,2025-11-03 20:51,Meta Ads,Awareness Video,Hainaut,1-9,Restaurant,22.0,0,0
32,2025-11-03 08:48,Meta Ads,Awareness Video,Brussels,1-9,Restaurant,37.0,0,0
33,2025-11-03 07:38,Meta Ads,Lead Magnet,Antwerp,10-49,Restaurant,44.0,0,0
34,2025-11-03 08:57,Organic Search,SEO Product Pages,Brussels,10-49,Restaurant,54.0,0,0
35,2025-11-03 09:30,Organic Search,SEO Product Pages,Antwerp,1-9,Restaurant,68.0,1,1
36,2025-11-03 14:57,Organic Search,SEO Guides,Brussels,1-9,Café,63.0,1,1
37,2025-11-03 21:56,Organic Search,SEO Guides,Liège,10-49,Snack,62.0,0,0
38,2025-11-03 14:24,Direct,Brand Direct,East Flanders,1-9,Restaurant,72.0,1,1
39,2025-11-04 10:38,LinkedIn Ads,Decision Makers,Namur,10-49,Bar,62.0,1,1
40,2025-11-04 08:44,Meta Ads,Awareness Video,Brussels,10-49,Café,40.0,1,0
41,2025-11-04 07:04,Meta Ads,Awareness Video,Namur,1-9,Snack,11.0,0,0
42,2025-11-04 07:15,Meta Ads,Awareness Video,Hainaut,1-9,Bar,0.0,0,0
43,2025-11-04 17:06,Organic Search,SEO Product Pages,Liège,1-9,Restaurant,40.0,1,0
44,2025-11-04 21:48,Organic Search,SEO Product Pages,Hainaut,1-9,Hotel,76.0,0,0
45,2025-11-04 14:31,Organic Search,SEO Product Pages,Walloon Brabant,10-49,Restaurant,77.0,1,0
46,2025-11-04 08:13,Organic Search,SEO Product Pages,Brussels,1-9,Restaurant,66.0,1,0
47,2025-11-04 07:25,Organic Search,SEO Product Pages,Brussels,1-9,Bar,57.0,0,0
48,2025-11-04 16:38,Organic Search,SEO Product Pages,Liège,10-49,Snack,49.0,1,0
49,2025-11-04 17:51,Direct,Brand Direct,Anvers,10-49,Restaurant,82.0,0,0
50,2025-11-04 12:10,Direct,Brand Direct,Antwerp,1-9,Restaurant,55.0,1,0
51,2025-11-04 09:25,Email,Newsletter,Namur,1-9,Restaurant,44.0,0,0
52,2025-11-04 09:42,Email,Newsletter,Antwerp,10-49,Restaurant,63.0,1,0
53,2025-11-04 09:01,Email,Newsletter,Flemish Brabant,10-49,Restaurant,78.0,0,0
54,2025-11-04 12:31,Email,Newsletter,Walloon Brabant,50+,Bar,45.0,0,0
55,2025-11-04 11:50,Email,Newsletter,Brussels,1-9,Restaurant,55.0,1,1
56,2025-11-04 10:40,Referral,Partner Network,Flemish Brabant,1-9,Snack,80.0,0,0
57,2025-11-04 17:59,Referral,Customer Referral,Brussels,10-49,Restaurant,62.0,1,1
58,2025-11-05 13:46,Google Ads,High Intent Search,East Flanders,1-9,Bar,60.0,0,0
59,2025-11-05 21:02,Meta Ads,Awareness Video,Antwerp,1-9,Café,22.0,0,0
60,2025-11-05 15:55,Meta Ads,Awareness Video,Walloon Brabant,1-9,Restaurant,22.0,0,0
61,2025-11-05 09:14,Meta Ads,Lead Magnet,East Flanders,10-49,Café,36.0,1,1
62,2025-11-05 13:47,Organic Search,SEO Product Pages,Namur,10-49,Café,64.0,1,0
63,2025-11-05 13:48,Organic Search,SEO Product Pages,East Flanders,1-9,Bar,61.0,1,0
64,2025-11-05 19:54,Organic Search,SEO Product Pages,East Flanders,50+,Restaurant,78.0,1,1
65,2025-11-05 07:01,Organic Search,SEO Product Pages,Walloon Brabant,1-9,Restaurant,58.0,0,0
66,2025-11-05 17:36,Organic Search,SEO Product Pages,Hainaut,1-9,Café,58.0,1,1
67,2025-11-05 12:19,Organic Search,SEO Guides,Walloon Brabant,10 - 49,Bar,45.0,1,1
68,2025-11-05 16:45,Organic Search,SEO Guides,Brussels,1-9,Restaurant,53.0,0,0
69,2025-11-05 10:13,Organic Search,SEO Guides,East Flanders,1-9,Snack,57.0,1,0
70,2025-11-05 19:05,Organic Search,SEO Guides,Antwerp,10-49,Restaurant,63.0,1,1
71,2025-11-05 21:09,Organic Search,SEO Guides,Brussels,1-9,Restaurant,32.0,0,0
72,2025-11-05 16:22,Direct,Brand Direct,Hainaut,1-9,Bar,66.0,0,0
73,2025-11-05 08:36,Direct,Returning Visitors,Walloon Brabant,10-49,Bar,69.0,0,0
74,2025-11-05 18:00,Direct,Returning Visitors,Hainaut,50+,Restaurant,90.0,1,0
75,2025-11-05 19:23,Email,Newsletter,Flemish Brabant,10-49,Snack,49.0,0,0
76,2025-11-05 08:08,Referral,Partner Network,Brussels,1-9,Bar,56.0,1,1
77,2025-11-06 21:05,Google Ads,Competitor Search,Brussels,10-49,Bar,43.0,1,0
78,2025-11-06 07:59,LinkedIn Ads,Decision Makers,Brussels,1-9,Restaurant,81.0,1,0
79,2025-11-06 19:44,Meta Ads,Awareness Video,Brussels,1-9,Snack,8.0,0,0
80,2025-11-06 20:15,Meta Ads,Awareness Video,Antwerp,1-9,Café,13.0,0,0
81,2025-11-06 13:44,Meta Ads,Awareness Video,Flemish Brabant,1-9,Restaurant,12.0,0,0
82,2025-11-06 09:50,Meta Ads,Awareness Video,Liège,1-9,Restaurant,34.0,0,0
83,2025-11-06 10:43,Meta Ads,Lead Magnet,Liège,1-9,Bar,32.0,0,0
84,2025-11-06 21:35,Meta Ads,Lead Magnet,Liège,1-9,Restaurant,33.0,0,0
85,2025-11-06 21:56,Meta Ads,Lead Magnet,Liège,1-9,Snack,18.0,0,0
86,2025-11-06 21:06,Organic Search,SEO Product Pages,Flemish Brabant,1-9,Restaurant,58.0,1,0
87,2025-11-06 14:35,Organic Search,SEO Guides,Walloon Brabant,1-9,Restaurant,45.0,0,0
88,2025-11-06 12:53,Organic Search,SEO Guides,Namur,1-9,Snack,34.0,1,0
89,2025-11-06 08:15,Organic Search,SEO Guides,Namur,10-49,Café,,0,0
90,2025-11-06 09:54,Direct,Brand Direct,East Flanders,10-49,Restaurant,77.0,1,1
91,2025-11-06 09:55,Direct,Brand Direct,Antwerp,1-9,Bar,63.0,1,1
92,2025-11-06 08:31,Direct,Brand Direct,Antwerp,1-9,Restaurant,60.0,1,1
93,2025-11-06 10:24,Direct,Returning Visitors,Brussels,1-9,Restaurant,48.0,0,0
94,2025-11-07 13:08,Google Ads,High Intent Search,Liège,1-9,Restaurant,37.0,0,0
95,2025-11-07 18:29,Meta Ads,Awareness Video,Hainaut,50+,Restaurant,30.0,0,0
96,2025-11-07 21:41,Meta Ads,Awareness Video,Walloon Brabant,50+,Restaurant,44.0,1,0
97,2025-11-07 10:18,Meta Ads,Awareness Video,Liège,1-9,Snack,20.0,0,0
98,2025-11-07 07:22,Meta Ads,Awareness Video,Antwerp,1-9,Café,24.0,0,0
99,2025-11-07 20:07,Meta Ads,Awareness Video,Hainaut,1-9,Restaurant,22.0,0,0
100,2025-11-07 20:40,Meta Ads,Awareness Video,Namur,1-9,Snack,0.0,0,0
101,2025-11-07 13:27,Meta Ads,Lead Magnet,East Flanders,1-9,Restaurant,32.0,0,0
102,2025-11-07 17:26,Organic Search,SEO Product Pages,Walloon Brabant,1-9,Bar,60.0,1,1
103,2025-11-07 18:37,Direct,Brand Direct,Brussels,10-49,Restaurant,71.0,1,1
104,2025-11-07 21:21,Email,Newsletter,Walloon Brabant,1-9,Snack,61.0,1,0
105,2025-11-07 10:56,Email,Newsletter,Walloon Brabant,50+,Café,47.0,1,1
106,2025-11-07 15:42,Referral,Customer Referral,namur ,1-9,Café,84.0,1,1
107,2025-11-08 10:37,Meta Ads,Awareness Video,Brussels,10-49,Restaurant,23.0,0,0
108,2025-11-08 09:22,Meta Ads,Awareness Video,Liège,10-49,Bar,55.0,1,1
109,2025-11-08 17:32,Meta Ads,Awareness Video,East Flanders,10-49,Snack,36.0,1,0
110,2025-11-08 20:15,Meta Ads,Lead Magnet,East Flanders,1-9,Bar,25.0,0,0
111,2025-11-08 15:43,Organic Search,SEO Guides,Antwerp,1-9,Restaurant,17.0,0,0
112,2025-11-08 16:51,Organic Search,SEO Guides,Brussels,10-49,Bar,21.0,0,0
113,2025-11-08 21:51,Email,Newsletter,Walloon Brabant,1 - 9,Restaurant,69.0,1,1
114,2025-11-08 18:24,Referral,Partner Network,Hainaut,1-9,Restaurant,58.0,0,0
115,2025-11-09 14:24,Google Ads,High Intent Search,Walloon Brabant,1-9,Snack,40.0,0,0
116,2025-11-09 13:17,Meta Ads,Awareness Video,Hainaut,1-9,Restaurant,20.0,0,0
117,2025-11-09 07:18,Meta Ads,Awareness Video,Antwerp,1-9,Restaurant,12.0,0,0
118,2025-11-09 13:38,Meta Ads,Summer Promo TEST,East Flanders,1-9,Bar,36.0,1,0
119,2025-11-09 09:14,Meta Ads,Awareness Video,Flemish Brabant,1-9,Restaurant,17.0,0,0
120,2025-11-09 14:57,Meta Ads,Awareness Video,Brussels,1-9,Snack,30.0,0,0
121,2025-11-09 15:34,Meta Ads,Awareness Video,East Flanders,1-9,Restaurant,23.0,0,0
122,2025-11-09 12:44,Meta Ads,Lead Magnet,Walloon Brabant,1-9,Restaurant,35.0,0,0
123,2025-11-09 20:04,Meta Ads,Summer Promo TEST,Antwerp,1-9,Bar,14.0,0,0
124,2025-11-09 08:04,Organic Search,SEO Product Pages,Namur,1-9,Bar,66.0,0,1
125,2025-11-09 17:19,Organic Search,SEO Guides,East Flanders,50+,Café,52.0,1,0
126,2025-11-09 13:00,Organic Search,SEO Guides,Brussels,1-9,Snack,31.0,0,0
127,2025-11-09 16:57,Direct,Brand Direct,Namur,1-9,Restaurant,32.0,0,0
128,2025-11-09 09:05,Direct,Returning Visitors,Brussels,1-9,Café,77.0,1,0
129,2025-11-09 13:24,Email,Newsletter,Brussels,10-49,Restaurant,53.0,1,0
130,2025-11-09 09:10,Email,Newsletter,East Flanders,10-49,Restaurant,70.0,0,0
131,2025-11-09 14:51,Email,Newsletter,Flemish Brabant,10-49,Restaurant,56.0,0,0
132,2025-11-09 10:17,Email,Newsletter,Walloon Brabant,1-9,Restaurant,46.0,0,0
133,2025-11-09 21:29,Referral,Partner Network,Antwerp,10-49,Café,72.0,1,1
134,2025-11-09 13:06,Referral,Partner Network,Liège,1-9,Restaurant,45.0,0,0
135,2025-11-09 08:16,Referral,Customer Referral,Hainaut,10-49,Restaurant,83.0,1,1
136,2025-11-10 13:50,Google Ads,Competitor Search,East Flanders,1-9,Restaurant,46.0,0,0
137,2025-11-10 17:35,Google Ads,Competitor Search,Walloon Brabant,1-9,Restaurant,28.0,0,0
138,2025-11-10 10:18,Google Ads,Competitor Search,Hainaut,1-9,Café,51.0,0,0
139,2025-11-10 16:16,Meta Ads,Awareness Video,Antwerp,10-49,Snack,64.0,0,0
140,2025-11-10 13:30,Meta Ads,Awareness Video,Flemish Brabant,50+,Snack,28.0,1,0
141,2025-11-10 20:41,Meta Ads,Awareness Video,Liège,10-49,Restaurant,42.0,0,0
142,2025-11-10 08:10,Meta Ads,Awareness Video,Brussels,10-49,Bar,47.0,0,0
143,2025-11-10 18:44,Meta Ads,Awareness Video,Antwerp,10-49,Restaurant,41.0,0,0
144,2025-11-10 11:55,Meta Ads,Lead Magnet,Walloon Brabant,10-49,Bar,46.0,0,0
145,2025-11-10 10:13,Meta Ads,Lead Magnet,Antwerp,1-9,Restaurant,40.0,1,0
146,2025-11-10 19:33,Organic Search,SEO Product Pages,Antwerp,10-49,Restaurant,55.0,0,0
147,2025-11-10 13:17,Organic Search,SEO Product Pages,Flemish Brabant,50+,Restaurant,74.0,1,0
148,2025-11-10 10:55,Organic Search,SEO Product Pages,Antwerp,10-49,Hotel,,0,0
149,2025-11-10 07:02,Organic Search,SEO Product Pages,Walloon Brabant,50+,Bar,72.0,1,0
150,2025-11-10 15:32,Organic Search,SEO Guides,Antwerp,1-9,Snack,43.0,1,1
151,2025-11-10 12:15,Organic Search,SEO Guides,Liège,1-9,Snack,33.0,1,0
152,2025-11-10 16:17,Direct,Returning Visitors,Brussels,50+,Bar,72.0,1,0
153,2025-11-10 08:32,Email,Newsletter,Hainaut,50+,Restaurant,57.0,1,0
154,2025-11-10 11:07,Email,Newsletter,Hainaut,1-9,Hotel,66.0,1,0
155,2025-11-10 18:38,Email,Newsletter,Brussels,1-9,Hotel,56.0,0,0
156,2025-11-11 09:51,Meta Ads,Awareness Video,Liège,10-49,Café,18.0,0,0
157,2025-11-11 21:35,Meta Ads,Awareness Video,Antwerp,1-9,Restaurant,12.0,0,0
158,2025-11-11 18:26,Meta Ads,Awareness Video,Walloon Brabant,1-9,Restaurant,17.0,0,0
159,2025-11-11 19:46,Organic Search,SEO Guides,Brussels,1-9,Restaurant,52.0,0,0
160,2025-11-11 07:47,Organic Search,SEO Guides,Brussels,1-9,Snack,60.0,1,0
161,2025-11-11 08:47,Direct,Brand Direct,Brussels,1-9,Restaurant,68.0,1,1
162,2025-11-11 11:21,Email,Newsletter,Liège,1-9,Restaurant,44.0,1,0
163,2025-11-11 10:13,Email,Newsletter,Liège,1-9,Restaurant,68.0,1,1
164,2025-11-11 19:56,Email,Newsletter,Flemish Brabant,1-9,Bar,35.0,0,0
165,2025-11-11 11:11,Email,Newsletter,Namur,10-49,Bar,66.0,1,1
166,2025-11-11 09:43,Referral,Partner Network,Flemish Brabant,10-49,Bar,88.0,1,1
167,2025-11-11 12:46,Referral,Partner Network,Hainaut,1-9,Bar,86.0,1,1
168,2025-11-11 07:54,Referral,Customer Referral,Antwerp,1-9,Restaurant,71.0,1,0
169,2025-11-12 11:27,Meta Ads,Awareness Video,Namur,1-9,Bar,29.0,0,0
170,2025-11-12 10:39,Meta Ads,Awareness Video,Antwerp,10-49,Restaurant,11.0,0,0
171,2025-11-12 16:04,Meta Ads,Awareness Video,Liège,1-9,Snack,30.0,0,0
172,2025-11-12 09:15,Meta Ads,Lead Magnet,Liège,50+,Restaurant,63.0,1,0
173,2025-11-12 17:07,Meta Ads,Lead Magnet,Namur,10-49,Bar,33.0,0,0
174,2025-11-12 16:02,Meta Ads,Summer Promo TEST,Antwerp,1-9,Hotel,48.0,0,0
175,2025-11-12 07:12,Organic Search,SEO Product Pages,Antwerp,10-49,Bar,60.0,1,1
176,2025-11-12 16:34,Organic Search,SEO Product Pages,Flemish Brabant,10-49,Hotel,49.0,1,0
177,2025-11-12 09:45,Organic Search,SEO Product Pages,Liège,1-9,Restaurant,58.0,1,0
178,2025-11-12 11:03,Organic Search,SEO Guides,Flemish Brabant,1-9,Restaurant,,0,0
179,2025-11-12 21:14,Organic Search,SEO Guides,East Flanders,1-9,Bar,81.0,1,1
180,2025-11-12 20:23,Organic Search,SEO Guides,East Flanders,1-9,Café,40.0,0,0
181,2025-11-12 11:13,Direct,Brand Direct,Antwerp,50+,Restaurant,70.0,1,0
182,2025-11-12 12:05,Direct,Brand Direct,Brussels,10-49,Café,73.0,1,1
183,2025-11-12 17:48,Direct,Brand Direct,Antwerp,1-9,Restaurant,62.0,1,1
184,2025-11-12 20:42,Referral,Partner Network,Hainaut,1-9,Café,72.0,0,0
185,2025-11-12 17:14,Referral,Partner Network,East Flanders,10-49,Snack,63.0,1,0
186,2025-11-12 08:28,Referral,Partner Network,East Flanders,1-9,Bar,74.0,1,1
187,2025-11-12 13:10,Referral,Customer Referral,Walloon Brabant,1-9,Bar,99.0,1,0
188,2025-11-12 09:35,Referral,Customer Referral,Antwerp,1-9,Hotel,55.0,1,1
189,2025-11-12 09:24,Referral,Customer Referral,Flemish Brabant,1-9,Restaurant,55.0,1,0
190,2025-11-13 14:37,Google Ads,Competitor Search,Hainaut,10-49,Restaurant,76.0,1,1
191,2025-11-13 19:11,LinkedIn Ads,Decision Makers,Brussels,10-49,Restaurant,100.0,1,0
192,2025-11-13 15:47,LinkedIn Ads,Decision Makers,Brussels,50+,Restaurant,100.0,1,1
193,2025-11-13 12:45,Meta Ads,Awareness Video,Flemish Brabant,1-9,Restaurant,23.0,0,0
194,2025-11-13 21:23,Meta Ads,Awareness Video,Antwerp,1-9,Restaurant,36.0,1,0
195,2025-11-13 10:58,Meta Ads,Lead Magnet,East Flanders,10-49,Restaurant,27.0,0,0
196,2025-11-13 08:30,Meta Ads,Summer Promo TEST,LIEGE,10-49,Snack,36.0,1,0
197,2025-11-13 15:49,Organic Search,SEO Product Pages,Walloon Brabant,1-9,Snack,67.0,1,1
198,2025-11-13 12:34,Organic Search,SEO Product Pages,Namur,10-49,Bar,37.0,0,0
199,2025-11-13 13:06,Organic Search,SEO Guides,Brussels,1-9,Snack,42.0,0,0
200,2025-11-13 07:19,Direct,Brand Direct,East Flanders,10-49,Restaurant,66.0,1,1
201,2025-11-13 16:33,Direct,Returning Visitors,Namur,10-49,Snack,70.0,1,1
202,2025-11-13 17:15,Email,Newsletter,Liège,10-49,Snack,71.0,1,1
203,2025-11-13 12:52,Email,Newsletter,Antwerp,1-9,Restaurant,48.0,0,0
204,2025-11-13 16:40,Email,Newsletter,Brussels,50+,Bar,61.0,0,0
205,2025-11-13 20:31,Referral,Partner Network,Flemish Brabant,1-9,Snack,78.0,1,1
206,2025-11-14 17:23,Google Ads,High Intent Search,Flemish Brabant,10-49,Bar,71.0,0,0
207,2025-11-14 11:00,LinkedIn Ads,Decision Makers,Brussels,10-49,Restaurant,78.0,1,1
208,2025-11-14 10:14,LinkedIn Ads,Decision Makers,Antwerp,50+,Hotel,81.0,0,0
209,2025-11-14 13:01,Meta Ads,Awareness Video,Flemish Brabant,10-49,Bar,34.0,0,0
210,2025-11-14 17:27,Meta Ads,Awareness Video,Flemish Brabant,1-9,Restaurant,18.0,0,0
211,2025-11-14 17:04,Meta Ads,Awareness Video,Antwerp,1-9,Snack,34.0,0,0
212,2025-11-14 20:49,Meta Ads,Awareness Video,Walloon Brabant,1-9,Bar,18.0,0,0
213,2025-11-14 18:26,Meta Ads,Awareness Video,East Flanders,1-9,Café,42.0,1,0
214,2025-11-14 19:13,Meta Ads,Awareness Video,Liège,10-49,Café,28.0,0,0
215,2025-11-14 15:45,Meta Ads,Awareness Video,Liège,1-9,Café,13.0,0,0
216,2025-11-14 21:39,Meta Ads,Awareness Video,Namur,1-9,Café,30.0,0,0
217,2025-11-14 20:03,Meta Ads,Lead Magnet,Brussels,1-9,Restaurant,54.0,1,0
218,2025-11-14 17:40,Organic Search,SEO Product Pages,Antwerp,10-49,Snack,66.0,1,1
219,2025-11-14 08:19,Organic Search,SEO Product Pages,Namur,50+,Restaurant,75.0,1,0
220,2025-11-14 13:27,Organic Search,SEO Guides,Antwerp,10-49,Café,41.0,1,0
221,2025-11-14 07:38,Organic Search,SEO Guides,Flemish Brabant,1-9,Hotel,29.0,0,0
222,2025-11-14 17:29,Organic Search,SEO Guides,Liège,10-49,Restaurant,67.0,1,0
223,2025-11-14 15:38,Organic Search,SEO Guides,East Flanders,10-49,Snack,36.0,0,0
224,2025-11-14 11:34,Organic Search,SEO Guides,Antwerp,1-9,Restaurant,53.0,1,1
225,2025-11-14 15:26,Organic Search,SEO Guides,Flemish Brabant,10-49,Bar,54.0,0,0
226,2025-11-14 18:05,Direct,Returning Visitors,Brussels,10-49,Restaurant,55.0,0,0
227,2025-11-14 19:43,Direct,Returning Visitors,Brussels,1-9,Bar,52.0,0,0
228,2025-11-14 18:32,Direct,Returning Visitors,Brussels,1-9,Snack,36.0,1,0
229,2025-11-14 10:06,Email,Newsletter,Hainaut,10-49,Restaurant,44.0,0,0
230,2025-11-14 19:06,Email,Newsletter,Flemish Brabant,1-9,Restaurant,62.0,1,1
231,2025-11-14 13:55,Email,Newsletter,Flemish Brabant,1-9,Restaurant,58.0,0,0
232,2025-11-14 17:47,Email,Newsletter,Brussels,1-9,Restaurant,76.0,1,1
233,2025-11-14 12:40,Referral,Partner Network,Walloon Brabant,10-49,Hotel,64.0,0,0
234,2025-11-15 20:08,Google Ads,Competitor Search,East Flanders,10-49,Bar,41.0,1,0
235,2025-11-15 17:13,LinkedIn Ads,Decision Makers,Flemish Brabant,1-9,Restaurant,69.0,1,1
236,2025-11-15 11:38,LinkedIn Ads,Decision Makers,Antwerp,50+,Bar,77.0,0,0
237,2025-11-15 13:45,Meta Ads,Awareness Video,Hainaut,10-49,Bar,15.0,0,0
238,2025-11-15 17:58,Meta Ads,Awareness Video,Brussels,1-9,Restaurant,5.0,0,0
239,2025-11-15 12:27,Meta Ads,Lead Magnet,Walloon Brabant,1-9,Restaurant,34.0,0,0
240,2025-11-15 19:24,Meta Ads,Lead Magnet,Flemish Brabant,10-49,Snack,21.0,0,0
241,2025-11-15 18:25,Organic Search,SEO Product Pages,Brussels,10-49,Restaurant,58.0,0,0
242,2025-11-15 14:17,Organic Search,SEO Product Pages,Liège,10-49,Restaurant,59.0,1,1
243,2025-11-15 11:41,Organic Search,SEO Guides,Flemish Brabant,10-49,Restaurant,24.0,0,0
244,2025-11-15 15:34,Organic Search,SEO Guides,Brussels,10-49,Bar,54.0,0,0
245,2025-11-15 13:12,Organic Search,SEO Guides,Brussels,1-9,Hotel,64.0,1,1
246,2025-11-15 13:47,Direct,Brand Direct,Flemish Brabant,10-49,Restaurant,41.0,1,0
247,2025-11-15 19:26,Direct,Brand Direct,Brussels,1-9,Café,50.0,0,0
248,2025-11-15 13:29,Direct,Returning Visitors,Brussels,1-9,Restaurant,53.0,1,1
249,2025-11-15 18:27,Email,Newsletter,Liège,1-9,Hotel,61.0,1,1
250,2025-11-15 09:16,Referral,Partner Network,Antwerp,10-49,Restaurant,77.0,1,1
251,2025-11-16 07:18,Google Ads,High Intent Search,East Flanders,1-9,Bar,50.0,0,0
252,2025-11-16 12:25,Google Ads,Competitor Search,Brussels,10-49,Restaurant,22.0,0,0
253,2025-11-16 12:44,LinkedIn Ads,Decision Makers,Antwerp,10-49,Snack,77.0,1,1
254,2025-11-16 10:46,Meta Ads,Awareness Video,Liège,10-49,Café,27.0,0,0
255,2025-11-16 20:35,Meta Ads,Awareness Video,Walloon Brabant,10-49,Café,40.0,0,0
256,2025-11-16 11:32,Meta Ads,Awareness Video,East Flanders,1-9,Restaurant,43.0,0,0
257,2025-11-16 17:33,Meta Ads,Awareness Video,Namur,10-49,Restaurant,23.0,0,0
258,2025-11-16 16:03,Meta Ads,Awareness Video,Flemish Brabant,1-9,Bar,16.0,0,0
259,2025-11-16 11:01,Meta Ads,Awareness Video,Antwerp,10-49,Bar,44.0,1,0
260,2025-11-16 13:44,Direct,Returning Visitors,East Flanders,1-9,Restaurant,55.0,1,1
261,2025-11-16 13:26,Direct,Returning Visitors,Walloon Brabant,10-49,Bar,70.0,1,1
262,2025-11-16 11:16,Referral,Partner Network,Namur,10-49,Restaurant,999.0,1,0
263,2025-11-17 18:24,Google Ads,Competitor Search,Brussels,1-9,Restaurant,27.0,1,0
264,2025-11-17 15:09,Google Ads,Competitor Search,Liège,1-9,Restaurant,38.0,0,0
265,2025-11-17 13:09,Google Ads,Competitor Search,Hainaut,1-9,Restaurant,24.0,0,0
266,2025-11-17 16:55,Meta Ads,Awareness Video,Brussels,1-9,Café,1.0,0,0
267,2025-11-17 14:13,Meta Ads,Awareness Video,Antwerp,1-9,Café,12.0,0,0
268,2025-11-17 15:40,Meta Ads,Awareness Video,East Flanders,10-49,Bar,31.0,1,0
269,2025-11-17 13:06,Meta Ads,Awareness Video,Walloon Brabant,1-9,Bar,47.0,0,0
270,2025-11-17 16:21,Meta Ads,Awareness Video,Antwerp,1-9,Restaurant,39.0,0,0
271,2025-11-17 13:54,Organic Search,SEO Product Pages,Liège,10-49,Snack,63.0,0,0
272,2025-11-17 12:51,Organic Search,SEO Guides,Hainaut,50+,Café,83.0,1,1
273,2025-11-17 08:40,Organic Search,SEO Guides,Brussels,1-9,Bar,41.0,0,0
274,2025-11-17 12:11,Organic Search,SEO Guides,Liège,10-49,Bar,59.0,0,0
275,2025-11-17 20:37,Organic Search,SEO Guides,East Flanders,50+,Restaurant,64.0,0,1
276,2025-11-17 18:44,Direct,Brand Direct,Namur,1-9,Restaurant,69.0,1,1
277,2025-11-17 12:53,Direct,Brand Direct,East Flanders,1 - 9,Snack,77.0,0,0
278,2025-11-17 14:09,Direct,Returning Visitors,Hainaut,1-9,Restaurant,66.0,1,1
279,2025-11-17 14:23,Direct,Returning Visitors,Hainaut,10-49,Snack,57.0,0,0
280,2025-11-17 13:28,Email,Newsletter,Hainaut,10-49,Bar,56.0,1,0
281,2025-11-17 21:05,Email,Newsletter,Liège,1-9,Restaurant,64.0,0,0
282,2025-11-17 12:00,Referral,Partner Network,Flemish Brabant,1-9,Café,55.0,1,0
283,2025-11-17 20:41,Referral,Partner Network,Walloon Brabant,1-9,Restaurant,85.0,1,1
284,2025-11-17 12:25,Referral,Customer Referral,Hainaut,1-9,Snack,96.0,1,1
285,2025-11-17 16:25,Referral,Customer Referral,Flemish Brabant,1-9,Bar,56.0,0,0
286,2025-11-18 12:54,Google Ads,High Intent Search,Hainaut,50+,Café,56.0,0,0
287,2025-11-18 18:31,Google Ads,Competitor Search,Liège,10-49,Café,55.0,1,1
288,2025-11-18 17:19,Google Ads,Competitor Search,Antwerp,10-49,Restaurant,57.0,1,0
289,2025-11-18 11:50,Google Ads,Restaurant Operations,Brussels,50+,Restaurant,73.0,1,0
290,2025-11-18 17:12,Google Ads,Restaurant Operations,Antwerp,1-9,Snack,37.0,1,1
291,2025-11-18 16:19,LinkedIn Ads,Decision Makers,Liège,10-49,Restaurant,61.0,0,0
292,2025-11-18 14:11,Meta Ads,Awareness Video,Antwerp,50+,Café,23.0,0,0
,2025-11-18 19:19,Meta Ads,Awareness Video,Brussels,10-49,Restaurant,24.0,1,0
294,2025-11-18 19:22,Organic Search,SEO Product Pages,Flemish Brabant,10-49,Restaurant,52.0,1,1
295,2025-11-18 16:43,Organic Search,SEO Product Pages,Namur,1-9,Restaurant,53.0,1,0
296,2025-11-18 19:33,Organic Search,SEO Product Pages,Hainaut,1-9,Hotel,59.0,0,0
297,2025-11-18 13:22,Organic Search,SEO Product Pages,Liège,1-9,Restaurant,30.0,0,0
298,2025-11-18 10:24,Organic Search,SEO Product Pages,Antwerp,1-9,Hotel,63.0,1,0
299,2025-11-18 10:12,Organic Search,SEO Product Pages,Flemish Brabant,50+,Restaurant,82.0,1,1
300,2025-11-18 10:55,Organic Search,SEO Guides,East Flanders,1-9,Café,52.0,0,0
301,2025-11-18 07:34,Direct,Brand Direct,Hainaut,10-49,Restaurant,91.0,1,0
302,2025-11-18 08:05,Direct,Brand Direct,Brussels,1-9,Restaurant,62.0,0,0
303,2025-11-18 21:29,Direct,Returning Visitors,East Flanders,10-49,Bar,49.0,0,0
304,2025-11-18 18:03,Direct,Returning Visitors,Brussels,1-9,Restaurant,62.0,1,1
305,2025-11-18 16:55,Email,Newsletter,Brussels,1-9,Restaurant,39.0,1,1
306,2025-11-18 13:34,Referral,Partner Network,Walloon Brabant,10-49,Snack,93.0,1,1
307,2025-11-19 15:28,Google Ads,Competitor Search,Antwerp,10-49,Restaurant,46.0,0,0
308,2025-11-19 13:40,LinkedIn Ads,Decision Makers,East Flanders,50+,Snack,85.0,1,1
309,2025-11-19 18:49,Meta Ads,Awareness Video,Walloon Brabant,1-9,Café,20.0,0,0
310,2025-11-19 13:42,Meta Ads,Awareness Video,East Flanders,10-49,Restaurant,28.0,0,0
311,2025-11-19 15:26,Meta Ads,Lead Magnet,Hainaut,10-49,Restaurant,16.0,0,0
312,2025-11-19 10:48,Meta Ads,Lead Magnet,Hainaut,1-9,Hotel,24.0,0,0
313,2025-11-19 21:10,Meta Ads,Lead Magnet,Antwerp,10-49,Restaurant,38.0,0,0
314,2025-11-19 13:15,Meta Ads,Lead Magnet,Brussels,1-9,Restaurant,47.0,0,0
315,2025-11-19 19:56,Meta Ads,Lead Magnet,East Flanders,1-9,Café,29.0,0,0
316,2025-11-19 13:48,Organic Search,SEO Product Pages,Brussels,10-49,Bar,64.0,1,1
317,2025-11-19 16:43,Organic Search,SEO Product Pages,Antwerp,10-49,Restaurant,,1,0
318,2025-11-19 08:50,Organic Search,SEO Product Pages,Hainaut,1-9,Restaurant,80.0,1,1
319,2025-11-19 10:15,Organic Search,SEO Guides,Hainaut,1-9,Restaurant,33.0,0,0
320,2025-11-19 17:10,Organic Search,SEO Guides,Brussels,1-9,Café,63.0,1,1
321,2025-11-19 21:18,Organic Search,SEO Guides,Hainaut,1-9,Restaurant,38.0,0,0
322,2025-11-19 18:06,Direct,Brand Direct,Liège,1-9,Bar,39.0,0,0
323,2025-11-19 15:14,Direct,Brand Direct,Namur,1-9,Snack,77.0,1,0
324,2025-11-19 08:53,Direct,Brand Direct,East Flanders,1-9,Café,60.0,1,0
325,2025-11-19 13:00,Direct,Returning Visitors,Brussels,1-9,Snack,,1,1
326,2025-11-19 18:41,Direct,Returning Visitors,Antwerp,10-49,Restaurant,64.0,1,0
327,2025-11-19 21:53,Email,Newsletter,Hainaut,1-9,Restaurant,65.0,0,0
328,2025-11-19 14:27,Referral,Partner Network,Namur,10-49,Restaurant,70.0,1,1
329,2025-11-19 16:59,Referral,Customer Referral,Flemish Brabant,1-9,Restaurant,63.0,1,1
330,2025-11-20 13:47,Google Ads,High Intent Search,Brussels,1-9,Hotel,41.0,1,1
331,2025-11-20 20:15,Google Ads,Competitor Search,Antwerp,10-49,Restaurant,44.0,1,1
332,2025-11-20 20:08,Meta Ads,Awareness Video,Walloon Brabant,10-49,Restaurant,12.0,0,0
333,2025-11-20 16:28,Meta Ads,Awareness Video,Brussels,50+,Restaurant,25.0,0,0
334,2025-11-20 14:54,Meta Ads,Awareness Video,Namur,1-9,Hotel,42.0,0,0
335,2025-11-20 14:45,Meta Ads,Awareness Video,Brussels,1-9,Restaurant,34.0,0,0
336,2025-11-20 21:36,Meta Ads,Awareness Video,Antwerp,10-49,Café,44.0,0,0
337,2025-11-20 21:35,Meta Ads,Awareness Video,Hainaut,10-49,Restaurant,29.0,0,0
338,2025-11-20 09:56,Meta Ads,Awareness Video,Antwerp,1-9,Restaurant,25.0,0,0
339,2025-11-20 11:26,Meta Ads,Awareness Video,Antwerp,10-49,Restaurant,31.0,0,0
340,2025-11-20 10:28,Organic Search,SEO Product Pages,Hainaut,1-9,Restaurant,51.0,1,1
341,2025-11-20 12:44,Organic Search,SEO Product Pages,Hainaut,1-9,Restaurant,15.0,0,0
342,2025-11-20 16:50,Organic Search,SEO Guides,Liège,1-9,Snack,30.0,0,0
343,2025-11-20 08:40,Organic Search,SEO Guides,Liège,1-9,Hotel,38.0,1,0
344,2025-11-20 08:30,Direct,Brand Direct,Antwerp,1-9,Snack,56.0,0,0
345,2025-11-20 11:21,Direct,Brand Direct,East Flanders,10-49,Restaurant,63.0,1,1
346,2025-11-20 17:42,Direct,Brand Direct,Walloon Brabant,1-9,Restaurant,62.0,0,0
347,2025-11-20 12:37,Email,Newsletter,Brussels,1-9,Snack,38.0,0,0
348,2025-11-20 17:14,Referral,Partner Network,Liège,10-49,Bar,67.0,0,0
349,2025-11-20 17:19,Referral,Customer Referral,Liège,1-9,Bar,60.0,1,1
350,2025-11-21 14:04,Google Ads,Competitor Search,Brussels,50+,Restaurant,46.0,0,0
351,2025-11-21 21:51,Google Ads,Restaurant Operations,Brussels,1-9,Restaurant,54.0,1,0
352,2025-11-21 08:53,Google Ads,Restaurant Operations,Walloon Brabant,10-49,Café,34.0,0,0
353,2025-11-21 19:00,LinkedIn Ads,Decision Makers,Walloon Brabant,1-9,Restaurant,58.0,1,1
354,2025-11-21 10:11,Meta Ads,Awareness Video,Hainaut,1-9,Hotel,2.0,0,0
355,2025-11-21 13:11,Meta Ads,Awareness Video,Hainaut,10-49,Restaurant,24.0,0,0
356,2025-11-21 07:56,Meta Ads,Awareness Video,Brussels,1-9,Restaurant,22.0,0,0
357,2025-11-21 12:43,Meta Ads,Awareness Video,Liège,1-9,Restaurant,13.0,1,0
358,2025-11-21 17:14,Meta Ads,Awareness Video,Brussels,1-9,Bar,30.0,0,0
359,2025-11-21 19:32,Meta Ads,Awareness Video,East Flanders,1-9,Hotel,36.0,0,0
360,2025-11-21 07:08,Meta Ads,Awareness Video,Antwerp,1-9,Bar,49.0,1,0
361,2025-11-21 11:09,Meta Ads,Awareness Video,Hainaut,1-9,Snack,45.0,1,0
362,2025-11-21 13:35,Meta Ads,Awareness Video,Brussels,1-9,Café,21.0,0,0
363,2025-11-21 17:08,Meta Ads,Awareness Video,Liège,10-49,Restaurant,32.0,0,0
364,2025-11-21 08:30,Meta Ads,Awareness Video,Liège,1-9,Restaurant,32.0,0,0
365,2025-11-21 08:04,Meta Ads,Lead Magnet,Brussels,50+,Bar,59.0,0,0
366,2025-11-21 09:22,Organic Search,SEO Product Pages,Liège,1-9,Hotel,41.0,0,0
367,2025-11-21 08:55,Organic Search,SEO Guides,Walloon Brabant,50+,Bar,74.0,0,0
368,2025-11-21 10:00,Direct,Brand Direct,Namur,1-9,Bar,65.0,0,0
369,2025-11-21 09:20,Direct,Brand Direct,Flemish Brabant,1-9,Hotel,29.0,0,0
370,2025-11-21 08:59,Direct,Returning Visitors,Flemish Brabant,50+,Café,80.0,1,0
371,2025-11-21 10:29,Referral,Partner Network,Walloon Brabant,10-49,Restaurant,61.0,0,0
372,2025-11-21 17:38,Referral,Partner Network,Flemish Brabant,10-49,Restaurant,82.0,0,0
373,2025-11-22 11:46,Google Ads,Competitor Search,Liège,10-49,Restaurant,69.0,1,1
374,2025-11-22 10:57,Google Ads,Competitor Search,Flemish Brabant,1-9,Restaurant,52.0,0,0
375,2025-11-22 07:12,Google Ads,Restaurant Operations,Flemish Brabant,10-49,Snack,49.0,0,0
376,2025-11-22 15:43,Google Ads,Restaurant Operations,Walloon Brabant,50+,Snack,60.0,1,0
377,2025-11-22 18:25,Meta Ads,Awareness Video,Walloon Brabant,10-49,Bar,18.0,0,0
378,2025-11-22 16:07,Meta Ads,Awareness Video,Antwerp,10-49,Café,,0,0
379,2025-11-22 08:21,Organic Search,SEO Guides,Hainaut,10-49,Snack,66.0,1,0
380,2025-11-22 20:05,Organic Search,SEO Guides,Hainaut,10-49,Bar,59.0,0,0
381,2025-11-22 19:05,Direct,Brand Direct,Hainaut,50+,Hotel,72.0,1,0
382,2025-11-22 12:49,Direct,Brand Direct,East Flanders,10-49,Bar,57.0,0,0
383,2025-11-22 17:39,Direct,Brand Direct,Brussels,10-49,Restaurant,65.0,1,0
384,2025-11-22 12:46,Direct,Brand Direct,Antwerp,1-9,Snack,92.0,1,1
385,2025-11-22 17:52,Direct,Returning Visitors,Liège,1-9,Snack,62.0,1,1
386,2025-11-22 18:51,Direct,Returning Visitors,Flemish Brabant,10-49,Restaurant,61.0,1,0
387,2025-11-22 08:34,Direct,Returning Visitors,Walloon Brabant,10-49,Snack,78.0,0,0
388,2025-11-22 21:10,Email,Newsletter,East Flanders,10-49,Snack,54.0,1,0
389,2025-11-22 10:37,Referral,Customer Referral,Antwerp,50+,Restaurant,59.0,0,0
390,2025-11-23 17:26,Meta Ads,Awareness Video,Hainaut,1-9,Café,18.0,0,0
391,2025-11-23 13:48,Meta Ads,Awareness Video,Hainaut,1-9,Restaurant,38.0,0,0
392,2025-11-23 11:52,Meta Ads,Awareness Video,Brussels,10-49,Restaurant,55.0,0,0
393,2025-11-23 18:54,Meta Ads,Awareness Video,Namur,1-9,Bar,45.0,0,0
394,2025-11-23 21:15,Meta Ads,Awareness Video,Walloon Brabant,10-49,Bar,20.0,0,0
395,2025-11-23 16:19,Meta Ads,Lead Magnet,Brussels,10-49,Snack,31.0,1,0
396,2025-11-23 11:38,Organic Search,SEO Product Pages,Liège,50+,Restaurant,,0,0
397,2025-11-23 10:34,Direct,Brand Direct,Brussels,1-9,Restaurant,57.0,0,0
398,2025-11-23 11:29,Direct,Brand Direct,Flemish Brabant,10-49,Restaurant,67.0,0,0
399,2025-11-23 21:21,Direct,Brand Direct,Namur,10-49,Snack,72.0,1,1
400,2025-11-23 14:16,Direct,Brand Direct,Hainaut,50+,Restaurant,79.0,1,1
401,2025-11-23 21:37,Direct,Brand Direct,Hainaut,10-49,Snack,64.0,1,1
402,2025-11-23 09:10,Email,Newsletter,East Flanders,1-9,Snack,55.0,0,0
403,2025-11-23 16:46,Email,Newsletter,Flemish Brabant,1-9,Snack,72.0,1,1
404,2025-11-23 12:56,Email,Newsletter,Flemish Brabant,1-9,Snack,54.0,1,1
405,2025-11-23 12:33,Referral,Partner Network,Antwerp,50+,Restaurant,95.0,1,1
406,2025-11-24 18:19,Google Ads,High Intent Search,Brussels,1-9,Snack,52.0,0,0
407,2025-11-24 10:48,Google Ads,High Intent Search,Walloon Brabant,1-9,Restaurant,55.0,1,0
408,2025-11-24 20:18,Meta Ads,Awareness Video,Walloon Brabant,10-49,Restaurant,21.0,0,0
409,2025-11-24 21:26,Meta Ads,Awareness Video,Antwerp,1-9,Café,34.0,0,0
410,2025-11-24 21:49,Meta Ads,Awareness Video,Walloon Brabant,1-9,Snack,48.0,1,0
411,2025-11-24 21:15,Organic Search,SEO Product Pages,East Flanders,50+,Restaurant,96.0,1,0
412,2025-11-24 15:01,Organic Search,SEO Product Pages,Flemish Brabant,10-49,Café,75.0,1,0
413,2025-11-24 07:19,Organic Search,SEO Guides,Walloon Brabant,50+,Restaurant,45.0,1,0
414,2025-11-24 15:52,Organic Search,SEO Guides,Liège,1-9,Snack,35.0,0,0
415,2025-11-24 08:59,Organic Search,SEO Guides,East Flanders,1-9,Snack,46.0,1,1
416,2025-11-24 17:21,Direct,Brand Direct,Liège,1-9,Restaurant,62.0,1,0
417,2025-11-24 10:32,Direct,Brand Direct,Liège,1-9,Snack,66.0,1,1
418,2025-11-24 18:09,Direct,Brand Direct,Antwerp,50+,Bar,71.0,1,1
419,2025-11-24 09:51,Direct,Brand Direct,Flemish Brabant,10-49,Snack,45.0,1,0
420,2025-11-24 18:13,Direct,Brand Direct,East Flanders,1-9,Snack,73.0,1,1
421,2025-11-24 11:59,Direct,Returning Visitors,Liège,1-9,Restaurant,60.0,1,0
422,2025-11-24 12:06,Email,Newsletter,Walloon Brabant,10-49,Restaurant,61.0,0,0
423,2025-11-24 15:37,Email,Newsletter,East Flanders,1-9,Café,58.0,1,0
424,2025-11-24 12:00,Referral,Customer Referral,Liège,1-9,Restaurant,60.0,1,1
425,2025-11-25 07:28,Meta Ads,Awareness Video,Antwerp,1-9,Restaurant,38.0,0,0
426,2025-11-25 19:55,Meta Ads,Awareness Video,Brussels,10-49,Snack,18.0,0,0
427,2025-11-25 12:09,Meta Ads,Lead Magnet,East Flanders,10-49,Restaurant,37.0,1,0
428,2025-11-25 08:09,Meta Ads,Lead Magnet,Namur,1-9,Bar,34.0,0,0
429,2025-11-25 18:19,Organic Search,SEO Product Pages,East Flanders,1-9,Restaurant,56.0,1,1
430,2025-11-25 07:49,Organic Search,SEO Product Pages,Flemish Brabant,1-9,Snack,49.0,0,0
431,2025-11-25 09:05,Organic Search,SEO Guides,Hainaut,1-9,Snack,55.0,0,0
432,2025-11-25 18:42,Direct,Brand Direct,Antwerp,50+,Hotel,37.0,0,0
433,2025-11-25 12:41,Direct,Brand Direct,Brussels,50+,Bar,72.0,1,1
434,2025-11-25 13:06,Referral,Partner Network,Antwerp,1-9,Restaurant,62.0,0,0
435,2025-11-26 09:49,Google Ads,Competitor Search,Walloon Brabant,1-9,Bar,54.0,0,0
436,2025-11-26 21:39,Google Ads,Restaurant Operations,Namur,1-9,Restaurant,50.0,0,0
437,2025-11-26 19:50,Meta Ads,Awareness Video,East Flanders,10-49,Restaurant,36.0,1,0
438,2025-11-26 11:30,Meta Ads,Awareness Video,Brussels,1-9,Restaurant,11.0,0,0
439,2025-11-26 07:13,Meta Ads,Lead Magnet,Liège,1-9,Restaurant,8.0,0,0
440,2025-11-26 13:26,Organic Search,SEO Product Pages,Hainaut,10-49,Restaurant,,0,0
441,2025-11-26 15:13,Organic Search,SEO Product Pages,Brussels,10-49,Restaurant,63.0,0,0
442,2025-11-26 12:19,Organic Search,SEO Product Pages,Hainaut,1-9,Snack,45.0,0,0
443,2025-11-26 21:00,Organic Search,SEO Guides,Flemish Brabant,1-9,Restaurant,37.0,0,0
444,2025-11-26 10:47,Organic Search,SEO Guides,Brussels,10-49,Restaurant,35.0,1,0
445,2025-11-26 07:18,Organic Search,SEO Guides,Brussels,1-9,Café,59.0,0,1
446,2025-11-26 14:19,Organic Search,SEO Guides,Walloon Brabant,10-49,Bar,47.0,0,0
447,2025-11-26 16:15,Direct,Brand Direct,Hainaut,1-9,Café,49.0,0,0
448,2025-11-26 16:20,Direct,Brand Direct,Brussels,1-9,Restaurant,53.0,0,0
449,2025-11-26 21:18,Direct,Brand Direct,Hainaut,1-9,Snack,23.0,0,0
450,2025-11-26 20:47,Direct,Brand Direct,Namur,10 - 49,Snack,49.0,0,0
451,2025-11-26 08:29,Email,Newsletter,Walloon Brabant,10-49,Café,36.0,0,0
452,2025-11-26 16:54,Email,Newsletter,East Flanders,1-9,Snack,65.0,1,0
453,2025-11-26 18:41,Email,Newsletter,Flemish Brabant,1-9,Restaurant,60.0,1,1
454,2025-11-26 12:51,Referral,Partner Network,Walloon Brabant,1-9,Snack,90.0,1,0
455,2025-11-26 10:20,Referral,Partner Network,Namur,10-49,Snack,77.0,1,1
456,2025-11-26 10:50,Referral,Customer Referral,Brussels,1-9,Snack,63.0,0,0
457,2025-11-27 16:20,Google Ads,Competitor Search,Walloon Brabant,1-9,Restaurant,60.0,1,1
458,2025-11-27 12:10,Google Ads,Restaurant Operations,Walloon Brabant,1-9,Restaurant,59.0,1,1
459,2025-11-27 09:36,LinkedIn Ads,Decision Makers,Liège,10-49,Bar,84.0,1,1
460,2025-11-27 11:18,Meta Ads,Awareness Video,Liège,1-9,Restaurant,0.0,0,0
461,2025-11-27 18:38,Meta Ads,Awareness Video,namur ,10-49,Bar,30.0,0,0
462,2025-11-27 11:18,Meta Ads,Awareness Video,East Flanders,1-9,Restaurant,36.0,1,0
463,2025-11-27 19:17,Meta Ads,Awareness Video,Brussels,50+,Restaurant,22.0,0,0
464,2025-11-27 10:16,Meta Ads,Lead Magnet,Walloon Brabant,1-9,Restaurant,39.0,1,0
465,2025-11-27 09:17,Meta Ads,Lead Magnet,East Flanders,50+,Snack,27.0,0,0
466,2025-11-27 15:18,Organic Search,SEO Product Pages,Antwerp,50+,Snack,54.0,1,1
467,2025-11-27 18:05,Organic Search,SEO Guides,Namur,1-9,Snack,36.0,0,0
468,2025-11-27 13:39,Organic Search,SEO Guides,Liège,1-9,Restaurant,47.0,0,0
469,2025-11-27 15:18,Direct,Brand Direct,Antwerp,1-9,Café,73.0,1,1
470,2025-11-27 09:54,Referral,Partner Network,Brussels,1-9,Restaurant,68.0,1,1
471,2025-11-27 11:38,Referral,Partner Network,Walloon Brabant,10-49,Snack,88.0,1,1
472,2025-11-27 12:01,Referral,Customer Referral,Hainaut,1-9,Restaurant,60.0,1,0
473,2025-11-28 07:48,Google Ads,High Intent Search,Antwerp,1-9,Restaurant,70.0,1,0
474,2025-11-28 07:11,Google Ads,High Intent Search,Walloon Brabant,1-9,Restaurant,66.0,1,1
475,2025-11-28 13:06,Google Ads,High Intent Search,Liège,1-9,Restaurant,42.0,0,0
476,2025-11-28 14:36,Google Ads,High Intent Search,Hainaut,10-49,Bar,60.0,0,0
477,2025-11-28 08:19,Meta Ads,Awareness Video,Walloon Brabant,10-49,Café,32.0,0,0
478,2025-11-28 14:21,Meta Ads,Awareness Video,Brussels,1-9,Restaurant,30.0,0,0
479,2025-11-28 15:12,Meta Ads,Awareness Video,Hainaut,1-9,Restaurant,16.0,0,0
480,2025-11-28 19:12,Meta Ads,Awareness Video,East Flanders,1-9,Snack,28.0,0,0
481,2025-11-28 13:44,Organic Search,SEO Product Pages,Brussels,1-9,Café,40.0,0,0
482,2025-11-28 18:11,Organic Search,SEO Product Pages,Brussels,10-49,Restaurant,67.0,0,0
483,2025-11-28 16:40,Organic Search,SEO Guides,Brussels,10-49,Café,32.0,0,0
484,2025-11-28 19:44,Organic Search,SEO Guides,Brussels,1-9,Restaurant,61.0,0,0
485,2025-11-28 08:44,Direct,Brand Direct,East Flanders,1-9,Restaurant,55.0,0,0
486,2025-11-28 17:49,Referral,Partner Network,Walloon Brabant,1-9,Restaurant,91.0,1,1
487,2025-11-28 20:10,Referral,Customer Referral,Flemish Brabant,10-49,Hotel,90.0,1,1
488,2025-11-29 15:17,Meta Ads,Awareness Video,Hainaut,10-49,Restaurant,38.0,0,0
489,2025-11-29 15:03,Meta Ads,Awareness Video,Hainaut,1-9,Café,23.0,0,0
490,2025-11-29 15:30,Meta Ads,Awareness Video,Flemish Brabant,50+,Hotel,30.0,0,0
491,2025-11-29 10:45,Meta Ads,Awareness Video,Walloon Brabant,1-9,Café,14.0,0,0
492,2025-11-29 12:49,Meta Ads,Lead Magnet,Hainaut,10-49,Restaurant,52.0,0,0
493,2025-11-29 16:53,Meta Ads,Lead Magnet,Liège,1-9,Snack,38.0,0,0
494,2025-11-29 10:16,Organic Search,SEO Guides,Hainaut,1-9,Hotel,63.0,1,1
495,2025-11-29 17:36,Organic Search,SEO Guides,Brussels,1-9,Café,35.0,0,0
496,2025-11-29 08:35,Email,Newsletter,Brussels,10-49,Restaurant,70.0,1,1
497,2025-11-29 07:39,Referral,Partner Network,Antwerp,50+,Restaurant,67.0,0,0
498,2025-11-29 08:44,Referral,Customer Referral,Namur,1-9,Café,62.0,0,0
499,2025-11-29 19:28,Referral,Customer Referral,Brussels,10-49,Hotel,80.0,1,1
500,2025-11-29 20:07,Referral,Customer Referral,Brussels,10-49,Café,73.0,0,0
501,2025-11-30 12:54,Google Ads,High Intent Search,East Flanders,1-9,Bar,56.0,1,0
502,2025-11-30 21:16,Google Ads,High Intent Search,Flemish Brabant,1-9,Restaurant,40.0,1,0
503,2025-11-30 21:19,Google Ads,High Intent Search,Brussels,1-9,Restaurant,52.0,0,0
504,2025-11-30 20:53,Google Ads,Competitor Search,Liège,1-9,Snack,64.0,1,0
505,2025-11-30 11:41,Meta Ads,Lead Magnet,East Flanders,50+,Restaurant,38.0,0,0
506,2025-11-30 14:46,Meta Ads,Lead Magnet,Antwerp,1-9,Restaurant,37.0,0,0
507,2025-11-30 08:58,Meta Ads,Lead Magnet,Walloon Brabant,1-9,Restaurant,23.0,0,0
508,2025-11-30 18:28,Meta Ads,Lead Magnet,Brussels,1-9,Café,42.0,1,0
509,2025-11-30 15:33,Organic Search,SEO Product Pages,Brussels,1-9,Bar,59.0,0,0
510,2025-11-30 17:32,Organic Search,SEO Product Pages,Flemish Brabant,1-9,Snack,69.0,0,0
511,2025-11-30 11:01,Organic Search,SEO Guides,Brussels,1-9,Bar,70.0,0,0
512,2025-11-30 11:35,Organic Search,SEO Guides,Brussels,1-9,Restaurant,41.0,1,1
513,2025-11-30 18:41,Direct,Brand Direct,Brussels,10-49,Restaurant,42.0,1,1
514,2025-11-30 15:17,Referral,Partner Network,Bruxelles,50+,Bar,71.0,1,0
515,2025-11-30 17:53,Referral,Partner Network,Hainaut,10-49,Restaurant,100.0,1,1
516,2025-12-01 12:28,Meta Ads,Awareness Video,Brussels,10-49,Bar,14.0,0,0
517,2025-12-01 10:02,Meta Ads,Awareness Video,Liège,10-49,Bar,60.0,0,0
518,2025-12-01 12:35,Meta Ads,Awareness Video,Liège,10-49,Bar,28.0,0,0
519,2025-12-01 21:00,Meta Ads,Awareness Video,Namur,1-9,Café,30.0,0,0
520,2025-12-01 19:36,Meta Ads,Awareness Video,Namur,1-9,Restaurant,32.0,0,0
521,2025-12-01 14:51,Meta Ads,Awareness Video,Namur,1-9,Hotel,2.0,0,0
522,2025-12-01 20:29,Meta Ads,Lead Magnet,Liège,10-49,Restaurant,36.0,1,0
523,2025-12-01 10:22,Meta Ads,Lead Magnet,Hainaut,10-49,Bar,44.0,0,0
524,2025-12-01 20:57,Organic Search,SEO Product Pages,Hainaut,10-49,Restaurant,54.0,0,0
525,2025-12-01 10:59,Organic Search,SEO Product Pages,Hainaut,1-9,Restaurant,44.0,1,0
526,2025-12-01 20:53,Organic Search,SEO Product Pages,Flemish Brabant,10-49,Hotel,81.0,1,1
527,2025-12-01 21:06,Organic Search,SEO Guides,East Flanders,1-9,Café,49.0,1,1
528,2025-12-01 21:27,Organic Search,SEO Guides,Namur,1-9,Restaurant,33.0,0,0
529,2025-12-01 19:01,Organic Search,SEO Guides,Walloon Brabant,10-49,Café,74.0,0,0
530,2025-12-01 12:36,Organic Search,SEO Guides,Antwerp,10-49,Restaurant,44.0,0,0
531,2025-12-01 16:54,Organic Search,SEO Guides,Brussels,1-9,Café,55.0,1,0
532,2025-12-01 12:38,Direct,Brand Direct,Namur,10-49,Snack,52.0,0,0
533,2025-12-01 07:37,Direct,Returning Visitors,Liège,1-9,Restaurant,76.0,1,0
534,2025-12-01 15:49,Email,Newsletter,Flemish Brabant,50+,Restaurant,57.0,1,1
535,2025-12-01 17:24,Email,Newsletter,Antwerp,50+,Restaurant,52.0,1,1
536,2025-12-01 15:01,Email,Lead Nurture,Walloon Brabant,10-49,Bar,65.0,1,1
537,2025-12-01 17:08,Referral,Partner Network,Brussels,1-9,Restaurant,65.0,0,0
538,2025-12-01 21:17,Referral,Partner Network,East Flanders,10-49,Hotel,68.0,1,1
539,2025-12-01 10:09,Referral,Partner Network,East Flanders,1-9,Restaurant,65.0,1,1
540,2025-12-02 20:38,Meta Ads,Awareness Video,Brussels,50+,Restaurant,23.0,0,0
541,2025-12-02 12:16,Meta Ads,Awareness Video,Hainaut,1-9,Restaurant,6.0,0,0
542,2025-12-02 08:33,Meta Ads,Awareness Video,Walloon Brabant,1-9,Hotel,0.0,0,0
543,2025-12-02 19:13,Organic Search,SEO Product Pages,Brussels,50+,Restaurant,76.0,1,0
544,2025-12-02 09:33,Organic Search,SEO Guides,Hainaut,10-49,Restaurant,58.0,0,0
545,2025-12-02 09:07,Organic Search,SEO Guides,Brussels,10-49,Restaurant,63.0,0,0
546,2025-12-02 07:47,Direct,Returning Visitors,Brussels,1-9,Bar,59.0,1,0
547,2025-12-02 18:38,Direct,Returning Visitors,Flemish Brabant,1-9,Restaurant,61.0,1,1
548,2025-12-02 18:02,Email,Newsletter,Antwerp,50+,Restaurant,58.0,1,1
549,2025-12-02 11:59,Email,Newsletter,Liège,1-9,Restaurant,37.0,0,0
550,2025-12-02 21:23,Email,Newsletter,Liège,10-49,Bar,72.0,1,0
551,2025-12-02 14:21,Email,Lead Nurture,Walloon Brabant,10-49,Restaurant,72.0,1,1
552,2025-12-02 20:31,Email,Lead Nurture,Liège,1-9,Restaurant,72.0,1,1
553,2025-12-02 20:25,Email,Lead Nurture,East Flanders,10-49,Bar,67.0,1,1
554,2025-12-03 14:58,Google Ads,High Intent Search,Namur,10-49,Restaurant,51.0,0,0
555,2025-12-03 16:41,Google Ads,High Intent Search,East Flanders,10-49,Bar,57.0,0,0
556,2025-12-03 13:05,Google Ads,Competitor Search,Flemish Brabant,1-9,Restaurant,32.0,1,0
557,2025-12-03 20:47,Google Ads,Restaurant Operations,East Flanders,1-9,Snack,52.0,1,0
558,2025-12-03 08:15,LinkedIn Ads,Decision Makers,Antwerp,10-49,Restaurant,82.0,1,1
559,2025-12-03 19:02,LinkedIn Ads,Operations Leaders,Antwerp,50+,Hotel,67.0,1,0
560,2025-12-03 18:28,Meta Ads,Awareness Video,Liège,1-9,Snack,23.0,0,0
561,2025-12-03 17:21,Meta Ads,Awareness Video,Antwerp,10-49,Restaurant,19.0,0,0
562,2025-12-03 10:31,Meta Ads,Awareness Video,Brussels,10-49,Bar,41.0,0,0
563,2025-12-03 09:45,Meta Ads,Awareness Video,East Flanders,1-9,Restaurant,20.0,0,0
564,2025-12-03 14:56,Meta Ads,Awareness Video,Namur,10-49,Bar,28.0,0,0
565,2025-12-03 21:03,Meta Ads,Awareness Video,Liège,1-9,Restaurant,34.0,0,0
566,2025-12-03 12:05,Meta Ads,Lead Magnet,Liège,1-9,Bar,32.0,0,0
567,2025-12-03 11:59,Organic Search,SEO Product Pages,Walloon Brabant,1-9,Bar,54.0,1,0
568,2025-12-03 21:58,Organic Search,SEO Product Pages,Antwerp,1-9,Bar,52.0,1,1
569,2025-12-03 09:48,Organic Search,SEO Product Pages,Liège,1-9,Restaurant,65.0,0,0
570,2025-12-03 13:55,Organic Search,SEO Guides,Hainaut,1-9,Restaurant,39.0,0,0
571,2025-12-03 10:34,Direct,Brand Direct,East Flanders,1-9,Restaurant,61.0,1,1
572,2025-12-03 17:18,Direct,Brand Direct,Walloon Brabant,10-49,Restaurant,56.0,0,0
573,2025-12-03 15:39,Direct,Brand Direct,Antwerp,10-49,Restaurant,85.0,1,1
574,2025-12-03 19:11,Direct,Returning Visitors,Brussels,10-49,Restaurant,74.0,1,1
575,2025-12-03 21:29,Direct,Returning Visitors,Namur,50+,Café,85.0,1,0
576,2025-12-03 13:40,Direct,Returning Visitors,Brussels,1-9,Bar,58.0,0,1
577,2025-12-03 15:08,Direct,Demo Page Direct,East Flanders,1-9,Hotel,43.0,0,0
578,2025-12-03 19:27,Email,Newsletter,Hainaut,1-9,Restaurant,73.0,1,1
579,2025-12-03 09:52,Referral,Partner Network,Flemish Brabant,10-49,Bar,75.0,1,1
580,2025-12-04 20:05,Google Ads,High Intent Search,Walloon Brabant,10-49,Restaurant,47.0,0,0
581,2025-12-04 11:15,Google Ads,High Intent Search,Liège,10-49,Hotel,57.0,0,0
582,2025-12-04 09:37,Google Ads,Restaurant Operations,Brussels,50+,Restaurant,,1,0
583,2025-12-04 14:27,Google Ads,Restaurant Operations,Walloon Brabant,10-49,Bar,61.0,1,1
584,2025-12-04 19:43,Meta Ads,Awareness Video,Antwerp,1-9,Restaurant,25.0,0,0
585,2025-12-04 07:10,Meta Ads,Awareness Video,East Flanders,1-9,Restaurant,42.0,0,0
586,2025-12-04 17:10,Meta Ads,Awareness Video,Brussels,1-9,Restaurant,35.0,1,0
587,2025-12-04 18:11,Meta Ads,Awareness Video,Liège,10-49,Restaurant,37.0,1,0
588,2025-12-04 16:05,Meta Ads,Awareness Video,East Flanders,1-9,Bar,33.0,0,0
589,2025-12-04 19:29,Meta Ads,Lead Magnet,Flemish Brabant,1 - 9,Restaurant,37.0,1,0
590,2025-12-04 19:40,Meta Ads,Lead Magnet,Antwerp,50+,Hotel,49.0,0,0
591,2025-12-04 11:06,Meta Ads,Lead Magnet,Walloon Brabant,1-9,Bar,39.0,1,0
592,2025-12-04 19:36,Organic Search,SEO Product Pages,Walloon Brabant,1-9,Snack,47.0,0,0
593,2025-12-04 13:21,Organic Search,SEO Product Pages,East Flanders,1-9,Café,21.0,0,0
594,2025-12-04 19:54,Organic Search,SEO Guides,Hainaut,1-9,Bar,55.0,0,0
595,2025-12-04 13:52,Organic Search,SEO Guides,Brussels,1-9,Snack,67.0,0,0
596,2025-12-04 17:42,Organic Search,SEO Guides,Antwerp,1-9,Bar,23.0,0,0
597,2025-12-04 20:54,Organic Search,SEO Guides,Walloon Brabant,10-49,Bar,59.0,0,0
598,2025-12-04 09:47,Direct,Brand Direct,East Flanders,1-9,Bar,59.0,1,1
599,2025-12-04 20:42,Direct,Brand Direct,Antwerp,10-49,Restaurant,69.0,1,1
600,2025-12-04 20:17,Direct,Returning Visitors,East Flanders,1-9,Restaurant,39.0,0,0
601,2025-12-04 18:18,Email,Newsletter,Antwerp,1-9,Restaurant,70.0,0,0
602,2025-12-04 21:36,Referral,Partner Network,Liège,1-9,Restaurant,71.0,1,1
603,2025-12-04 18:51,Referral,Partner Network,Namur,10-49,Restaurant,46.0,1,0
604,2025-12-05 14:13,Google Ads,High Intent Search,Antwerp,1-9,Bar,55.0,1,1
605,2025-12-05 12:18,LinkedIn Ads,Decision Makers,Antwerp,1-9,Café,71.0,1,1
606,2025-12-05 16:17,LinkedIn Ads,Decision Makers,Antwerp,10-49,Restaurant,83.0,1,1
607,2025-12-05 20:32,Meta Ads,Awareness Video,East Flanders,1-9,Restaurant,16.0,0,0
608,2025-12-05 17:53,Meta Ads,Lead Magnet,Liège,1-9,Restaurant,38.0,0,0
609,2025-12-05 18:38,Organic Search,SEO Product Pages,Walloon Brabant,10 - 49,Bar,49.0,1,1
610,2025-12-05 12:56,Organic Search,SEO Product Pages,Namur,10-49,Restaurant,44.0,0,0
611,2025-12-05 17:36,Organic Search,SEO Guides,Brussels,50+,Restaurant,55.0,0,0
612,2025-12-05 11:26,Direct,Brand Direct,Antwerp,10-49,Restaurant,75.0,0,0
613,2025-12-05 10:21,Direct,Brand Direct,East Flanders,1-9,Café,46.0,0,0
614,2025-12-05 08:28,Direct,Brand Direct,Brussels,10-49,Restaurant,37.0,0,0
615,2025-12-05 16:10,Direct,Returning Visitors,Brussels,1-9,Snack,47.0,0,0
616,2025-12-05 09:05,Direct,Demo Page Direct,Brussels,10-49,Restaurant,65.0,0,0
617,2025-12-05 17:03,Email,Newsletter,Brussels,1-9,Restaurant,48.0,0,0
618,2025-12-05 21:44,Email,Newsletter,Flemish Brabant,1-9,Snack,54.0,1,0
619,2025-12-05 17:36,Referral,Customer Referral,Antwerp,1-9,Restaurant,75.0,1,0
620,2025-12-05 21:48,Referral,Customer Referral,East Flanders,10-49,Restaurant,67.0,0,0
621,2025-12-06 16:38,Google Ads,High Intent Search,Liège,1-9,Restaurant,54.0,1,0
622,2025-12-06 21:27,Google Ads,Restaurant Operations,Antwerp,1-9,Bar,52.0,1,1
623,2025-12-06 14:24,Meta Ads,Awareness Video,Flemish Brabant,1-9,Restaurant,30.0,0,0
624,2025-12-06 11:34,Meta Ads,Awareness Video,Brussels,10-49,Restaurant,26.0,0,0
625,2025-12-06 16:27,Meta Ads,Awareness Video,Namur,1-9,Snack,30.0,1,0
626,2025-12-06 14:34,Meta Ads,Awareness Video,Walloon Brabant,1-9,Restaurant,2.0,0,0
627,2025-12-06 17:28,Meta Ads,Lead Magnet,Brussels,10-49,Bar,28.0,0,0
628,2025-12-06 20:51,Organic Search,SEO Product Pages,Liège,1-9,Restaurant,51.0,1,0
629,2025-12-06 11:32,Organic Search,SEO Product Pages,Brussels,50+,Hotel,80.0,1,1
630,2025-12-06 20:08,Organic Search,SEO Product Pages,Brussels,10-49,Restaurant,52.0,1,1
631,2025-12-06 15:23,Organic Search,SEO Product Pages,Namur,10-49,Bar,51.0,1,1
632,2025-12-06 12:01,Organic Search,SEO Guides,Liège,1-9,Bar,33.0,0,0
633,2025-12-06 08:54,Organic Search,SEO Guides,Brussels,50+,Bar,50.0,1,0
634,2025-12-06 15:54,Organic Search,SEO Guides,Flemish Brabant,50+,Bar,61.0,1,1
635,2025-12-06 15:50,Organic Search,SEO Guides,Walloon Brabant,1-9,Bar,70.0,1,0
636,2025-12-06 18:09,Direct,Brand Direct,Namur,10-49,Restaurant,68.0,1,1
637,2025-12-06 20:54,Direct,Brand Direct,Antwerp,1-9,Restaurant,52.0,0,0
638,2025-12-06 14:19,Direct,Brand Direct,East Flanders,1-9,Restaurant,38.0,0,0
639,2025-12-06 08:49,Direct,Brand Direct,Namur,10-49,Bar,57.0,1,1
640,2025-12-06 12:54,Direct,Demo Page Direct,East Flanders,10-49,Restaurant,99.0,1,1
641,2025-12-06 11:35,Direct,Demo Page Direct,Antwerp,1-9,Restaurant,48.0,1,0
642,2025-12-06 20:07,Email,Newsletter,Liège,10-49,Hotel,80.0,1,0
643,2025-12-06 16:33,Referral,Partner Network,Antwerp,1-9,Bar,64.0,1,1
644,2025-12-06 11:40,Referral,Partner Network,Walloon Brabant,1-9,Restaurant,90.0,1,1
645,2025-12-06 15:55,Referral,Partner Network,East Flanders,1-9,Restaurant,65.0,0,0
646,2025-12-06 19:19,Referral,Partner Network,Flemish Brabant,1-9,Snack,67.0,0,0
647,2025-12-06 17:11,Referral,Customer Referral,Antwerp,10-49,Restaurant,95.0,1,1
648,2025-12-07 16:45,Google Ads,High Intent Search,Brussels,10-49,Restaurant,38.0,1,1
649,2025-12-07 18:27,Google Ads,High Intent Search,Hainaut,1-9,Bar,52.0,1,1
650,2025-12-07 11:19,Google Ads,Competitor Search,Walloon Brabant,1-9,Bar,48.0,0,0
651,2025-12-07 13:03,Meta Ads,Awareness Video,Liège,1-9,Restaurant,42.0,0,0
652,2025-12-07 08:25,Meta Ads,Awareness Video,Namur,1-9,Restaurant,45.0,0,0
653,2025-12-07 18:20,Organic Search,SEO Product Pages,Namur,10-49,Restaurant,57.0,0,0
654,2025-12-07 21:10,Organic Search,SEO Guides,Antwerp,1-9,Snack,59.0,0,0
655,2025-12-07 11:30,Direct,Demo Page Direct,East Flanders,1-9,Restaurant,51.0,0,0
656,2025-12-07 20:03,Email,Lead Nurture,Flemish Brabant,1-9,Bar,66.0,1,1
657,2025-12-07 08:11,Referral,Partner Network,Brussels,1-9,Café,68.0,1,1
658,2025-12-07 09:10,Referral,Partner Network,Antwerp,50+,Restaurant,100.0,1,1
659,2025-12-07 11:37,Referral,Partner Network,Antwerp,10-49,Bar,73.0,1,1
660,2025-12-08 16:47,Google Ads,High Intent Search,Antwerp,1-9,Restaurant,76.0,1,1
661,2025-12-08 17:15,Google Ads,High Intent Search,Namur,10-49,Snack,60.0,0,0
662,2025-12-08 09:42,Google Ads,Restaurant Operations,Liège,1-9,Restaurant,46.0,0,0
663,2025-12-08 12:52,Google Ads,Restaurant Operations,East Flanders,10-49,Restaurant,50.0,0,0
664,2025-12-08 20:51,Meta Ads,Awareness Video,East Flanders,1-9,Bar,,0,0
665,2025-12-08 14:33,Meta Ads,Lead Magnet,Walloon Brabant,50+,Bar,36.0,1,0
666,2025-12-08 17:26,Meta Ads,Lead Magnet,Namur,50+,Hotel,41.0,0,0
667,2025-12-08 19:39,Meta Ads,Lead Magnet,Antwerp,1-9,Snack,52.0,1,1
668,2025-12-08 08:08,Organic Search,SEO Product Pages,Brussels,10-49,Restaurant,63.0,0,0
669,2025-12-08 19:36,Organic Search,SEO Product Pages,Walloon Brabant,1-9,Café,32.0,1,0
670,2025-12-08 11:03,Organic Search,SEO Guides,Walloon Brabant,1-9,Café,22.0,0,0
671,2025-12-08 20:10,Organic Search,SEO Guides,Brussels,1-9,Restaurant,60.0,1,0
672,2025-12-08 17:40,Organic Search,SEO Guides,Brussels,1-9,Bar,60.0,1,0
673,2025-12-08 16:51,Organic Search,SEO Guides,Antwerp,50+,Restaurant,45.0,1,0
674,2025-12-08 18:40,Direct,Brand Direct,East Flanders,10-49,Restaurant,49.0,1,0
675,2025-12-08 12:26,Direct,Brand Direct,Antwerp,10-49,Hotel,80.0,1,1
676,2025-12-08 16:13,Direct,Brand Direct,Flemish Brabant,1-9,Restaurant,38.0,0,0
677,2025-12-08 08:06,Direct,Returning Visitors,Brussels,10-49,Café,57.0,0,0
678,2025-12-08 20:05,Direct,Returning Visitors,East Flanders,50+,Restaurant,64.0,1,1
679,2025-12-08 16:01,Referral,Partner Network,Walloon Brabant,1-9,Restaurant,82.0,1,1
680,2025-12-08 10:53,Referral,Partner Network,Brussels,1-9,Hotel,83.0,1,1
681,2025-12-08 17:28,Referral,Partner Network,Hainaut,1-9,Bar,64.0,0,0
682,2025-12-08 09:59,Referral,Customer Referral,Walloon Brabant,1-9,Bar,82.0,0,0
683,2025-12-08 15:03,Referral,Customer Referral,Walloon Brabant,10-49,Restaurant,89.0,1,1
684,2025-12-08 20:11,Referral,Customer Referral,East Flanders,1-9,Snack,73.0,1,1
685,2025-12-09 13:07,Google Ads,High Intent Search,Walloon Brabant,50+,Bar,56.0,1,1
686,2025-12-09 11:55,Google Ads,High Intent Search,Antwerp,10-49,Snack,67.0,0,0
687,2025-12-09 16:19,Google Ads,Restaurant Operations,Walloon Brabant,1-9,Restaurant,36.0,0,0
688,2025-12-09 14:48,Meta Ads,Awareness Video,Brussels,1-9,Restaurant,33.0,0,0
689,2025-12-09 14:42,Meta Ads,Awareness Video,East Flanders,10-49,Restaurant,42.0,1,0
690,2025-12-09 14:23,Meta Ads,Awareness Video,East Flanders,1-9,Hotel,33.0,0,0
691,2025-12-09 11:13,Meta Ads,Awareness Video,East Flanders,50+,Restaurant,31.0,0,0
692,2025-12-09 11:31,Meta Ads,Awareness Video,Antwerp,10-49,Restaurant,44.0,0,0
693,2025-12-09 17:29,Meta Ads,Awareness Video,Liège,1-9,Restaurant,,0,0
694,2025-12-09 09:59,Meta Ads,Awareness Video,Brussels,1-9,Restaurant,36.0,0,0
695,2025-12-09 10:51,Meta Ads,Awareness Video,Hainaut,10-49,Bar,20.0,0,0
696,2025-12-09 21:46,Meta Ads,Awareness Video,Namur,1-9,Bar,16.0,0,0
697,2025-12-09 07:19,Meta Ads,Awareness Video,Antwerp,50+,Snack,29.0,0,0
698,2025-12-09 10:17,Meta Ads,Awareness Video,Flemish Brabant,1-9,Hotel,39.0,0,0
699,2025-12-09 08:42,Organic Search,SEO Product Pages,East Flanders,1 - 9,Restaurant,47.0,1,0
700,2025-12-09 18:39,Organic Search,SEO Product Pages,Namur,1-9,Restaurant,73.0,1,1
701,2025-12-09 09:18,Organic Search,SEO Guides,Liège,1-9,Restaurant,47.0,1,0
702,2025-12-09 14:31,Organic Search,SEO Guides,Liège,10-49,Bar,32.0,0,0
703,2025-12-09 12:44,Direct,Brand Direct,Brussels,10-49,Restaurant,75.0,1,1
704,2025-12-09 07:31,Direct,Brand Direct,Brussels,1-9,Restaurant,30.0,0,0
705,2025-12-09 11:54,Referral,Customer Referral,Hainaut,1-9,Café,79.0,1,0
706,2025-12-09 17:31,Referral,Customer Referral,East Flanders,1-9,Bar,69.0,0,0
707,2025-12-09 10:15,Referral,Customer Referral,Brussels,10-49,Restaurant,67.0,1,1
708,2025-12-10 12:27,Meta Ads,Awareness Video,Brussels,10-49,Bar,52.0,0,0
709,2025-12-10 09:19,Meta Ads,Awareness Video,Hainaut,10-49,Café,21.0,0,0
710,2025-12-10 16:57,Meta Ads,Awareness Video,Flemish Brabant,10-49,Restaurant,31.0,1,0
711,2025-12-10 07:29,Meta Ads,Awareness Video,Brussels,1-9,Restaurant,12.0,0,0
712,2025-12-10 16:45,Meta Ads,Awareness Video,Antwerp,1-9,Restaurant,0.0,0,0
713,2025-12-10 15:38,Meta Ads,Awareness Video,Hainaut,1-9,Restaurant,37.0,1,0
714,2025-12-10 15:18,Meta Ads,Lead Magnet,Hainaut,1-9,Café,22.0,0,0
715,2025-12-10 09:14,Organic Search,SEO Product Pages,Flemish Brabant,1-9,Restaurant,58.0,1,1
716,2025-12-10 21:02,Organic Search,SEO Product Pages,Namur,10-49,Restaurant,91.0,0,0
717,2025-12-10 20:31,Organic Search,SEO Product Pages,Liège,50+,Restaurant,38.0,1,0
718,2025-12-10 09:47,Organic Search,SEO Product Pages,Antwerp,10-49,Restaurant,55.0,0,0
719,2025-12-10 11:06,Organic Search,SEO Guides,Antwerp,50+,Restaurant,74.0,1,0
720,2025-12-10 18:27,Organic Search,SEO Guides,East Flanders,1-9,Restaurant,59.0,1,0
721,2025-12-10 09:45,Organic Search,SEO Guides,Brussels,1-9,Bar,67.0,0,0
722,2025-12-10 16:59,Direct,Brand Direct,Liège,10-49,Restaurant,50.0,0,0
723,2025-12-10 08:58,Email,Newsletter,East Flanders,1 - 9,Hotel,60.0,0,1
724,2025-12-10 13:34,Referral,Customer Referral,East Flanders,10-49,Restaurant,87.0,1,1
725,2025-12-10 15:50,Referral,Customer Referral,Antwerp,1-9,Snack,82.0,1,1
726,2025-12-11 10:06,Meta Ads,Awareness Video,WALLOON BRABANT,10-49,Restaurant,10.0,0,0
727,2025-12-11 11:04,Meta Ads,Awareness Video,Hainaut,1-9,Snack,10.0,0,0
728,2025-12-11 21:48,Meta Ads,Lead Magnet,Brussels,10-49,Snack,34.0,1,0
729,2025-12-11 19:47,Organic Search,SEO Product Pages,Antwerp,1-9,Restaurant,55.0,1,1
730,2025-12-11 10:05,Organic Search,SEO Guides,Liège,10-49,Restaurant,67.0,1,0
731,2025-12-11 10:46,Organic Search,SEO Guides,Liège,1-9,Restaurant,44.0,0,0
732,2025-12-11 10:12,Direct,Brand Direct,Hainaut,50+,Restaurant,71.0,1,0
733,2025-12-11 19:34,Direct,Brand Direct,Brussels,50+,Restaurant,71.0,1,0
734,2025-12-11 19:56,Email,Newsletter,Flemish Brabant,1-9,Snack,57.0,0,0
735,2025-12-11 10:39,Email,Lead Nurture,Liège,1-9,Snack,71.0,1,1
736,2025-12-11 12:35,Referral,Partner Network,Brussels,50+,Restaurant,90.0,1,1
737,2025-12-11 21:17,Referral,Partner Network,Hainaut,1-9,Hotel,77.0,1,0
738,2025-12-11 18:57,Referral,Partner Network,East Flanders,10-49,Café,62.0,1,1
739,2025-12-11 09:19,Referral,Customer Referral,East Flanders,1-9,Restaurant,73.0,1,1
740,2025-12-11 07:54,Referral,Customer Referral,Namur,1-9,Restaurant,86.0,1,1
741,2025-12-11 07:46,Referral,Customer Referral,Brussels,1-9,Snack,67.0,0,0
742,2025-12-12 20:01,Meta Ads,Awareness Video,East Flanders,1-9,Restaurant,28.0,1,0
743,2025-12-12 16:03,Meta Ads,Awareness Video,Walloon Brabant,50+,Restaurant,17.0,0,0
744,2025-12-12 20:45,Meta Ads,Lead Magnet,Liège,50+,Café,58.0,1,1
745,2025-12-12 12:16,Organic Search,SEO Product Pages,Walloon Brabant,50+,Restaurant,100.0,1,0
746,2025-12-12 09:12,Organic Search,SEO Product Pages,East Flanders,1-9,Restaurant,51.0,1,1
747,2025-12-12 15:42,Direct,Brand Direct,Antwerp,50+,Restaurant,69.0,1,1
748,2025-12-12 07:13,Direct,Brand Direct,East Flanders,1-9,Restaurant,65.0,0,0
749,2025-12-12 14:26,Direct,Returning Visitors,Hainaut,10-49,Hotel,70.0,1,0
750,2025-12-12 14:22,Direct,Returning Visitors,Bruxelles,1-9,Bar,57.0,1,0
751,2025-12-12 17:34,Email,Lead Nurture,Hainaut,10-49,Restaurant,89.0,1,0
752,2025-12-12 17:13,Email,Lead Nurture,Liège,10-49,Restaurant,43.0,0,0
753,2025-12-12 10:57,Referral,Partner Network,Hainaut,1-9,Bar,74.0,1,1
754,2025-12-13 13:39,Google Ads,High Intent Search,Brussels,10-49,Bar,76.0,1,0
755,2025-12-13 19:01,Google Ads,High Intent Search,Liège,10-49,Restaurant,63.0,1,1
756,2025-12-13 20:14,LinkedIn Ads,Decision Makers,East Flanders,50+,Bar,73.0,0,0
757,2025-12-13 17:10,Meta Ads,Awareness Video,Antwerp,10-49,Restaurant,48.0,0,1
758,2025-12-13 15:20,Organic Search,SEO Product Pages,Brussels,1-9,Restaurant,86.0,1,0
759,2025-12-13 14:37,Organic Search,SEO Guides,Antwerp,1-9,Restaurant,45.0,0,0
760,2025-12-13 14:27,Organic Search,SEO Guides,Namur,10-49,Restaurant,34.0,0,0
761,2025-12-13 09:33,Direct,Brand Direct,Walloon Brabant,1-9,Snack,56.0,1,1
762,2025-12-13 16:13,Direct,Brand Direct,Hainaut,10-49,Snack,49.0,0,0
763,2025-12-13 12:46,Direct,Brand Direct,Liège,10-49,Restaurant,60.0,0,0
764,2025-12-13 15:37,Direct,Demo Page Direct,East Flanders,10-49,Café,77.0,1,1
765,2025-12-13 08:11,Email,Lead Nurture,Namur,1-9,Restaurant,74.0,1,1
766,2025-12-13 15:43,Referral,Partner Network,Brussels,10-49,Snack,97.0,1,1
767,2025-12-13 13:17,Referral,Partner Network,Brussels,10-49,Café,67.0,0,0
768,2025-12-13 20:07,Referral,Customer Referral,Liège,50+,Bar,97.0,1,1
769,2025-12-13 14:48,Referral,Customer Referral,Flemish Brabant,10-49,Hotel,44.0,0,0
770,2025-12-13 19:23,Referral,Customer Referral,Antwerp,1-9,Restaurant,78.0,1,1
771,2025-12-14 14:12,Google Ads,High Intent Search,Flemish Brabant,10-49,Café,72.0,0,0
772,2025-12-14 21:19,Google Ads,Restaurant Operations,Flemish Brabant,1-9,Bar,61.0,0,0
773,2025-12-14 18:53,Meta Ads,Awareness Video,Hainaut,1-9,Restaurant,40.0,0,0
774,2025-12-14 20:03,Meta Ads,Awareness Video,Flemish Brabant,1-9,Café,16.0,0,0
775,2025-12-14 10:27,Meta Ads,Awareness Video,Hainaut,10-49,Café,36.0,0,0
776,2025-12-14 14:01,Meta Ads,Lead Magnet,Antwerp,10-49,Snack,48.0,1,0
777,2025-12-14 13:35,Meta Ads,Lead Magnet,Antwerp,1-9,Restaurant,26.0,0,0
778,2025-12-14 17:44,Organic Search,SEO Product Pages,Walloon Brabant,10-49,Snack,73.0,1,1
779,2025-12-14 08:20,Organic Search,SEO Product Pages,Namur,1-9,Restaurant,45.0,0,0
780,2025-12-14 16:31,Organic Search,SEO Product Pages,Liège,1-9,Restaurant,63.0,1,0
781,2025-12-14 07:00,Direct,Brand Direct,Hainaut,1-9,Café,64.0,1,1
782,2025-12-14 20:59,Direct,Returning Visitors,Brussels,1-9,Restaurant,63.0,1,1
783,2025-12-14 16:17,Direct,Demo Page Direct,Brussels,1-9,Restaurant,75.0,0,1
784,2025-12-14 11:18,Email,Newsletter,East Flanders,10-49,Restaurant,83.0,1,0
785,2025-12-14 20:31,Email,Newsletter,East Flanders,10-49,Café,52.0,1,0
786,2025-12-14 07:36,Email,Newsletter,Brussels,1-9,Bar,68.0,1,1
787,2025-12-14 08:12,Referral,Partner Network,Namur,1-9,Bar,52.0,0,0
788,2025-12-15 10:07,Google Ads,High Intent Search,Brussels,10-49,Restaurant,71.0,0,0
789,2025-12-15 10:34,Google Ads,High Intent Search,Brussels,1-9,Restaurant,24.0,0,0
790,2025-12-15 19:05,Google Ads,Competitor Search,Liège,1-9,Bar,32.0,0,0
791,2025-12-15 21:58,Meta Ads,Awareness Video,Flemish Brabant,1-9,Hotel,21.0,0,0
792,2025-12-15 20:09,Meta Ads,Awareness Video,Brussels,1-9,Restaurant,12.0,0,0
793,2025-12-15 16:43,Meta Ads,Awareness Video,Walloon Brabant,1-9,Restaurant,30.0,0,0
794,2025-12-15 10:25,Meta Ads,Awareness Video,Hainaut,1-9,Restaurant,20.0,0,0
795,2025-12-15 18:04,Meta Ads,Lead Magnet,Brussels,1-9,Restaurant,31.0,0,0
796,2025-12-15 18:58,Meta Ads,Lead Magnet,Namur,10-49,Restaurant,42.0,0,0
797,2025-12-15 21:07,Meta Ads,Lead Magnet,Flemish Brabant,1-9,Restaurant,4.0,0,0
798,2025-12-15 10:39,Meta Ads,Lead Magnet,Brussels,1-9,Restaurant,29.0,0,0
799,2025-12-15 21:12,Organic Search,SEO Product Pages,Flemish Brabant,50+,Snack,75.0,1,1
800,2025-12-15 14:41,Organic Search,SEO Product Pages,East Flanders,10-49,Restaurant,43.0,1,1
801,2025-12-15 19:12,Organic Search,SEO Product Pages,Hainaut,10-49,Bar,59.0,1,1
802,2025-12-15 15:03,Direct,Brand Direct,Hainaut,1-9,Café,74.0,1,0
803,2025-12-15 15:26,Direct,Brand Direct,Brussels,1-9,Bar,49.0,0,0
804,2025-12-15 17:01,Direct,Returning Visitors,Namur,10-49,Restaurant,64.0,1,1
805,2025-12-15 10:23,Direct,Demo Page Direct,Liège,10-49,Bar,69.0,1,0
806,2025-12-15 21:03,Email,Newsletter,Walloon Brabant,10 - 49,Café,77.0,1,1
807,2025-12-15 21:32,Email,Newsletter,Liège,1-9,Café,29.0,1,0
808,2025-12-15 14:23,Email,Newsletter,Brussels,1-9,Snack,35.0,0,0
809,2025-12-15 16:22,Referral,Customer Referral,Walloon Brabant,1-9,Snack,52.0,0,0
810,2025-12-15 12:28,Referral,Customer Referral,Namur,1-9,Restaurant,48.0,1,0
811,2025-12-16 15:53,Google Ads,High Intent Search,Namur,50+,Restaurant,87.0,1,0
812,2025-12-16 19:46,Google Ads,High Intent Search,Flemish Brabant,1-9,Snack,39.0,0,0
813,2025-12-16 13:36,Google Ads,Restaurant Operations,Namur,1-9,Restaurant,49.0,1,1
814,2025-12-16 13:32,LinkedIn Ads,Operations Leaders,Flemish Brabant,10-49,Restaurant,77.0,0,0
815,2025-12-16 07:54,Meta Ads,Awareness Video,Hainaut,1-9,Restaurant,22.0,0,0
816,2025-12-16 15:36,Meta Ads,Awareness Video,hainaut,1-9,Bar,16.0,0,0
817,2025-12-16 13:38,Meta Ads,Awareness Video,Brussels,10-49,Hotel,41.0,0,0
818,2025-12-16 07:21,Meta Ads,Awareness Video,Namur,1-9,Bar,21.0,0,0
819,2025-12-16 13:52,Organic Search,SEO Product Pages,Brussels,1-9,Restaurant,62.0,0,0
820,2025-12-16 18:08,Organic Search,SEO Product Pages,Namur,10-49,Bar,62.0,1,0
821,2025-12-16 13:26,Organic Search,SEO Product Pages,Namur,50+,Restaurant,55.0,0,0
822,2025-12-16 20:55,Organic Search,SEO Product Pages,Brussels,10-49,Bar,47.0,1,1
823,2025-12-16 16:36,Organic Search,SEO Guides,Antwerp,1-9,Restaurant,35.0,0,0
824,2025-12-16 12:53,Organic Search,SEO Guides,Hainaut,1-9,Restaurant,40.0,0,0
825,2025-12-16 14:49,Direct,Brand Direct,WALLOON BRABANT,1-9,Snack,55.0,0,0
826,2025-12-16 17:44,Direct,Brand Direct,East Flanders,1-9,Snack,66.0,1,1
827,2025-12-16 18:48,Direct,Returning Visitors,Walloon Brabant,1-9,Café,63.0,1,1
828,2025-12-16 20:46,Email,Newsletter,Namur,1-9,Snack,59.0,0,0
829,2025-12-16 21:59,Email,Newsletter,Liège,10-49,Restaurant,41.0,1,0
830,2025-12-16 07:45,Referral,Partner Network,Antwerp,1-9,Bar,72.0,1,1
831,2025-12-16 09:54,Referral,Partner Network,Liège,1-9,Restaurant,83.0,1,1
832,2025-12-16 18:05,Referral,Partner Network,Namur,10-49,Café,100.0,1,1
833,2025-12-16 07:48,Referral,Partner Network,Brussels,10-49,Snack,52.0,1,0
834,2025-12-16 07:11,Referral,Customer Referral,East Flanders,1-9,Restaurant,77.0,1,1
835,2025-12-16 15:18,Referral,Customer Referral,Walloon Brabant,1-9,Restaurant,69.0,1,1
836,2025-12-16 20:14,Referral,Customer Referral,Namur,10-49,Restaurant,72.0,1,1
837,2025-12-16 07:08,Referral,Customer Referral,Antwerp,1-9,Restaurant,86.0,1,1
838,2025-12-17 20:02,Google Ads,Restaurant Operations,Brussels,10-49,Restaurant,54.0,0,0
839,2025-12-17 16:55,LinkedIn Ads,Operations Leaders,Hainaut,50+,Restaurant,100.0,1,1
840,2025-12-17 09:10,Meta Ads,Awareness Video,Antwerp,1-9,Bar,38.0,0,0
841,2025-12-17 16:58,Meta Ads,Lead Magnet,Liège,1-9,Restaurant,51.0,1,0
842,2025-12-17 11:22,Organic Search,SEO Product Pages,Hainaut,10-49,Bar,44.0,0,0
843,2025-12-17 17:47,Organic Search,SEO Guides,Walloon Brabant,10-49,Restaurant,42.0,0,0
844,2025-12-17 16:41,Direct,Returning Visitors,Brussels,1-9,Snack,41.0,1,1
845,2025-12-17 16:26,Direct,Returning Visitors,Hainaut,1-9,Bar,74.0,1,0
846,2025-12-17 18:46,Email,Newsletter,Brussels,1-9,Restaurant,78.0,1,1
847,2025-12-17 10:49,Email,Newsletter,East Flanders,1-9,Restaurant,36.0,0,0
848,2025-12-17 08:01,Email,Newsletter,Antwerp,1-9,Snack,72.0,1,1
849,2025-12-17 14:50,Email,Lead Nurture,Walloon Brabant,10-49,Bar,75.0,1,0
850,2025-12-17 21:49,Email,Lead Nurture,Walloon Brabant,1-9,Restaurant,66.0,1,1
851,2025-12-17 19:00,Referral,Partner Network,Flemish Brabant,10-49,Restaurant,87.0,1,1
852,2025-12-17 15:25,Referral,Partner Network,Namur,10-49,Bar,77.0,1,0
853,2025-12-17 08:04,Referral,Customer Referral,Flemish Brabant,1-9,Café,78.0,0,0
854,2025-12-18 12:17,Google Ads,High Intent Search,namur ,1-9,Restaurant,48.0,1,0
855,2025-12-18 18:35,Google Ads,Restaurant Operations,Walloon Brabant,1-9,Restaurant,58.0,1,0
856,2025-12-18 14:45,LinkedIn Ads,Decision Makers,East Flanders,10-49,Snack,59.0,1,0
857,2025-12-18 17:33,Meta Ads,Lead Magnet,Brussels,1-9,Restaurant,39.0,0,0
858,2025-12-18 20:48,Organic Search,SEO Product Pages,Walloon Brabant,1-9,Hotel,44.0,1,0
859,2025-12-18 12:07,Organic Search,SEO Product Pages,Walloon Brabant,1-9,Restaurant,28.0,0,0
860,2025-12-18 19:31,Organic Search,SEO Guides,Hainaut,10-49,Restaurant,82.0,1,1
861,2025-12-18 13:48,Organic Search,SEO Guides,Walloon Brabant,1-9,Restaurant,50.0,1,1
862,2025-12-18 18:35,Direct,Brand Direct,Antwerp,10-49,Café,55.0,0,0
863,2025-12-18 13:56,Direct,Brand Direct,Walloon Brabant,1-9,Restaurant,76.0,0,0
864,2025-12-18 21:28,Direct,Brand Direct,Antwerp,1-9,Bar,67.0,0,0
865,2025-12-18 18:33,Direct,Returning Visitors,Brussels,1-9,Restaurant,53.0,0,0
866,2025-12-18 11:52,Email,Newsletter,Flemish Brabant,10-49,Café,82.0,1,1
867,2025-12-18 08:48,Email,Newsletter,East Flanders,1-9,Bar,55.0,0,0
868,2025-12-18 11:58,Email,Lead Nurture,Antwerp,1-9,Restaurant,62.0,1,0
869,2025-12-18 14:33,Email,Lead Nurture,Walloon Brabant,1-9,Restaurant,51.0,0,0
870,2025-12-18 12:22,Referral,Partner Network,Hainaut,10-49,Restaurant,76.0,1,1
871,2025-12-18 17:53,Referral,Partner Network,Hainaut,10-49,Restaurant,83.0,1,1
872,2025-12-19 13:48,Meta Ads,Awareness Video,East Flanders,1-9,Café,43.0,0,0
873,2025-12-19 09:40,Meta Ads,Awareness Video,East Flanders,1-9,Restaurant,27.0,0,0
874,2025-12-19 07:29,Meta Ads,Awareness Video,Brussels,1-9,Restaurant,31.0,0,0
875,2025-12-19 15:02,Meta Ads,Awareness Video,Flemish Brabant,1-9,Snack,39.0,1,0
876,2025-12-19 07:48,Meta Ads,Awareness Video,Antwerp,1-9,Café,4.0,0,0
877,2025-12-19 11:33,Meta Ads,Awareness Video,Walloon Brabant,1-9,Restaurant,45.0,0,0
878,2025-12-19 12:36,Meta Ads,Awareness Video,Flemish Brabant,10-49,Snack,59.0,0,0
879,2025-12-19 18:33,Meta Ads,Lead Magnet,Brussels,1-9,Restaurant,20.0,0,0
880,2025-12-19 15:27,Meta Ads,Lead Magnet,Hainaut,1-9,Restaurant,14.0,0,0
881,2025-12-19 20:07,Meta Ads,Lead Magnet,Walloon Brabant,10-49,Restaurant,54.0,0,0
882,2025-12-19 11:42,Meta Ads,Lead Magnet,Flemish Brabant,1-9,Restaurant,28.0,0,0
883,2025-12-19 09:19,Meta Ads,Lead Magnet,Flemish Brabant,1-9,Snack,26.0,0,0
884,2025-12-19 16:41,Meta Ads,Lead Magnet,Brussels,1-9,Café,29.0,0,0
885,2025-12-19 12:26,Organic Search,SEO Product Pages,Brussels,10-49,Bar,76.0,1,0
886,2025-12-19 21:37,Organic Search,SEO Product Pages,Liège,1-9,Restaurant,40.0,0,0
887,2025-12-19 15:57,Organic Search,SEO Product Pages,Flemish Brabant,1-9,Restaurant,47.0,1,1
888,2025-12-19 09:59,Organic Search,SEO Product Pages,Hainaut,10-49,Snack,51.0,1,0
889,2025-12-19 18:19,Organic Search,SEO Product Pages,Walloon Brabant,10-49,Bar,66.0,0,0
890,2025-12-19 15:25,Organic Search,SEO Guides,Namur,10-49,Restaurant,59.0,1,0
891,2025-12-19 19:39,Organic Search,SEO Guides,Walloon Brabant,10-49,Snack,,1,0
892,2025-12-19 15:48,Organic Search,SEO Guides,Flemish Brabant,10-49,Restaurant,56.0,0,0
893,2025-12-19 15:04,Direct,Brand Direct,Brussels,1-9,Bar,68.0,1,1
894,2025-12-19 15:19,Direct,Brand Direct,Walloon Brabant,10-49,Bar,76.0,0,0
895,2025-12-19 18:45,Email,Lead Nurture,Walloon Brabant,1-9,Restaurant,55.0,1,1
896,2025-12-19 11:57,Referral,Customer Referral,Brussels,10-49,Restaurant,87.0,1,1
897,2025-12-20 10:45,Google Ads,High Intent Search,Brussels,10-49,Restaurant,77.0,1,1
898,2025-12-20 17:39,Google Ads,Restaurant Operations,Brussels,1-9,Restaurant,61.0,0,0
899,2025-12-20 09:48,Google Ads,Restaurant Operations,Brussels,10-49,Restaurant,40.0,0,0
900,2025-12-20 14:10,Meta Ads,Lead Magnet,Brussels,10-49,Bar,43.0,0,0
901,2025-12-20 17:15,Organic Search,SEO Guides,Walloon Brabant,1-9,Restaurant,18.0,0,0
902,2025-12-20 20:23,Direct,Brand Direct,Flemish Brabant,1-9,Snack,58.0,0,0
903,2025-12-20 21:51,Direct,Brand Direct,Antwerp,1-9,Café,63.0,1,0
904,2025-12-20 08:06,Direct,Brand Direct,Flemish Brabant,10-49,Hotel,84.0,1,0
905,2025-12-20 17:04,Direct,Brand Direct,East Flanders,1-9,Bar,63.0,1,1
906,2025-12-20 18:11,Direct,Returning Visitors,East Flanders,1-9,Restaurant,76.0,1,1
907,2025-12-20 19:42,Referral,Partner Network,Namur,10-49,Café,94.0,1,1
908,2025-12-21 17:42,Google Ads,Restaurant Operations,Liège,10-49,Restaurant,67.0,0,0
909,2025-12-21 10:18,Meta Ads,Lead Magnet,East Flanders,1-9,Restaurant,25.0,0,0
910,2025-12-21 19:40,Meta Ads,Lead Magnet,Namur,1-9,Café,53.0,0,0
911,2025-12-21 13:31,Meta Ads,Lead Magnet,Hainaut,10-49,Restaurant,29.0,0,0
912,2025-12-21 15:26,Organic Search,SEO Guides,Namur,1-9,Restaurant,57.0,1,0
913,2025-12-21 09:53,Direct,Returning Visitors,Hainaut,1-9,Restaurant,60.0,1,1
914,2025-12-21 11:37,Referral,Customer Referral,East Flanders,1-9,Restaurant,63.0,0,0
915,2025-12-21 13:58,Referral,Customer Referral,Liège,1-9,Restaurant,71.0,1,1
916,2025-12-22 16:54,Google Ads,High Intent Search,Flemish Brabant,50+,Café,88.0,1,1
917,2025-12-22 09:11,Google Ads,High Intent Search,Namur,1-9,Bar,49.0,1,0
918,2025-12-22 09:56,Meta Ads,Awareness Video,Hainaut,1-9,Snack,22.0,0,0
919,2025-12-22 17:44,Meta Ads,Awareness Video,Brussels,1-9,Snack,11.0,0,0
920,2025-12-22 08:54,Meta Ads,Lead Magnet,Antwerp,1-9,Restaurant,,0,0
921,2025-12-22 13:27,Meta Ads,Lead Magnet,Namur,1-9,Restaurant,30.0,0,0
922,2025-12-22 16:28,Organic Search,SEO Product Pages,Hainaut,50+,Hotel,72.0,0,0
923,2025-12-22 14:54,Organic Search,SEO Product Pages,Brussels,1-9,Bar,45.0,1,1
924,2025-12-22 09:44,Organic Search,SEO Product Pages,Walloon Brabant,10-49,Café,66.0,0,0
925,2025-12-22 09:10,Organic Search,SEO Guides,Liège,1-9,Restaurant,51.0,1,0
926,2025-12-22 16:52,Organic Search,SEO Guides,Brussels,1-9,Bar,36.0,1,1
927,2025-12-22 18:33,Direct,Brand Direct,East Flanders,1-9,Bar,64.0,1,0
928,2025-12-22 15:11,Direct,Brand Direct,Antwerp,10-49,Restaurant,46.0,1,1
929,2025-12-22 17:01,Direct,Brand Direct,Walloon Brabant,1-9,Café,57.0,0,0
930,2025-12-22 19:49,Email,Newsletter,Antwerp,10-49,Bar,67.0,1,0
931,2025-12-22 09:12,Referral,Customer Referral,Namur,50+,Restaurant,90.0,1,1
932,2025-12-23 10:59,Google Ads,Restaurant Operations,Flemish Brabant,1-9,Snack,55.0,0,0
933,2025-12-23 19:32,Meta Ads,Awareness Video,Liège,1-9,Restaurant,34.0,1,0
934,2025-12-23 12:03,Meta Ads,Awareness Video,Brussels,10-49,Restaurant,14.0,0,0
935,2025-12-23 13:56,Meta Ads,Awareness Video,Liège,1-9,Café,22.0,0,0
936,2025-12-23 10:40,Meta Ads,Awareness Video,Namur,1-9,Café,39.0,0,0
937,2025-12-23 17:11,Meta Ads,Awareness Video,Walloon Brabant,10-49,Snack,0.0,0,0
938,2025-12-23 14:24,Organic Search,SEO Guides,Antwerp,10-49,Restaurant,18.0,0,0
939,2025-12-23 13:21,Organic Search,SEO Guides,Flemish Brabant,1-9,Restaurant,43.0,0,0
940,2025-12-23 08:16,Direct,Brand Direct,Brussels,50+,Snack,67.0,0,0
941,2025-12-23 10:29,Direct,Brand Direct,Walloon Brabant,1-9,Bar,50.0,1,0
942,2025-12-23 08:07,Direct,Brand Direct,Antwerp,10-49,Restaurant,62.0,0,0
943,2025-12-23 17:10,Direct,Returning Visitors,Liège,1-9,Restaurant,47.0,0,0
944,2025-12-23 13:10,Direct,Returning Visitors,Namur,1-9,Restaurant,45.0,0,0
945,2025-12-23 19:21,Email,Newsletter,Namur,50+,Bar,80.0,1,0
946,2025-12-23 13:53,Email,Newsletter,Brussels,50+,Restaurant,78.0,1,1
947,2025-12-23 11:23,Email,Lead Nurture,Flemish Brabant,1-9,Restaurant,61.0,1,1
948,2025-12-23 14:11,Email,Lead Nurture,Hainaut,50+,Restaurant,96.0,1,1
949,2025-12-23 17:39,Email,Lead Nurture,Liège,50+,Restaurant,81.0,1,1
950,2025-12-23 18:05,Referral,Partner Network,Walloon Brabant,10-49,Café,56.0,0,0
951,2025-12-23 15:45,Referral,Partner Network,Liège,50+,Café,87.0,1,0
952,2025-12-23 11:10,Referral,Customer Referral,Antwerp,1-9,Bar,92.0,1,1
953,2025-12-24 07:23,Google Ads,Competitor Search,Brussels,10-49,Café,76.0,0,0
954,2025-12-24 18:52,Meta Ads,Awareness Video,Liège,10-49,Restaurant,54.0,1,0
955,2025-12-24 10:12,Meta Ads,Awareness Video,East Flanders,10-49,Snack,20.0,0,0
956,2025-12-24 16:59,Meta Ads,Awareness Video,Flemish Brabant,10-49,Bar,48.0,0,0
957,2025-12-24 14:20,Organic Search,SEO Product Pages,Antwerp,50+,Restaurant,79.0,1,1
958,2025-12-24 21:33,Organic Search,SEO Guides,Brussels,1-9,Hotel,33.0,1,1
959,2025-12-24 21:51,Direct,Demo Page Direct,Antwerp,1-9,Restaurant,38.0,1,0
960,2025-12-24 17:21,Email,Newsletter,Namur,1-9,Restaurant,64.0,1,0
961,2025-12-24 19:35,Email,Lead Nurture,Hainaut,10-49,Bar,49.0,1,1
962,2025-12-24 09:47,Email,Lead Nurture,Hainaut,50+,Bar,71.0,1,0
963,2025-12-24 13:11,Email,Lead Nurture,Brussels,1-9,Bar,70.0,1,1
964,2025-12-25 10:38,Google Ads,High Intent Search,Brussels,10-49,Restaurant,42.0,1,0
965,2025-12-25 15:40,Google Ads,High Intent Search,Antwerp,1-9,Snack,37.0,0,0
966,2025-12-25 09:47,Meta Ads,Awareness Video,Antwerp,10-49,Café,5.0,0,0
967,2025-12-25 20:02,Meta Ads,Awareness Video,Brussels,1-9,Café,23.0,0,0
968,2025-12-25 15:31,Meta Ads,Awareness Video,Brussels,1-9,Café,8.0,0,0
969,2025-12-25 13:48,Meta Ads,Lead Magnet,Hainaut,10-49,Bar,50.0,0,0
970,2025-12-25 18:51,Organic Search,SEO Product Pages,Antwerp,1-9,Restaurant,58.0,0,0
971,2025-12-25 07:52,Organic Search,SEO Product Pages,East Flanders,50+,Snack,52.0,0,0
972,2025-12-25 10:33,Organic Search,SEO Product Pages,Antwerp,50+,Restaurant,82.0,1,1
973,2025-12-25 12:41,Organic Search,SEO Guides,Flemish Brabant,1-9,Hotel,45.0,0,0
974,2025-12-25 13:05,Organic Search,SEO Guides,Antwerp,1-9,Café,44.0,0,0
975,2025-12-25 08:43,Organic Search,SEO Guides,East Flanders,50+,Bar,69.0,0,0
976,2025-12-25 21:22,Organic Search,SEO Guides,Walloon Brabant,1-9,Bar,39.0,1,0
977,2025-12-25 15:50,Direct,Brand Direct,Flemish Brabant,1-9,Bar,81.0,1,0
978,2025-12-25 09:39,Direct,Returning Visitors,Brussels,1-9,Snack,64.0,1,0
979,2025-12-25 16:03,Email,Newsletter,East Flanders,50+,Restaurant,61.0,0,0
980,2025-12-25 10:15,Email,Newsletter,Brussels,1-9,Hotel,59.0,0,0
981,2025-12-25 09:07,Email,Newsletter,Brussels,1-9,Café,76.0,1,0
982,2025-12-25 17:44,Email,Lead Nurture,Brussels,10-49,Restaurant,79.0,0,0
983,2025-12-25 17:33,Referral,Partner Network,Antwerp,1-9,Restaurant,64.0,0,0
984,2025-12-26 21:40,Google Ads,High Intent Search,Brussels,1-9,Snack,40.0,0,0
985,2025-12-26 13:56,Google Ads,Restaurant Operations,Hainaut,10-49,Restaurant,75.0,1,0
986,2025-12-26 20:25,Meta Ads,Awareness Video,Brussels,1-9,Restaurant,9.0,0,0
987,2025-12-26 16:10,Meta Ads,Awareness Video,Namur,1-9,Restaurant,37.0,0,0
988,2025-12-26 09:54,Meta Ads,Lead Magnet,East Flanders,1-9,Café,12.0,1,0
989,2025-12-26 15:18,Organic Search,SEO Product Pages,Flemish Brabant,10-49,Restaurant,50.0,1,0
990,2025-12-26 12:04,Organic Search,SEO Product Pages,Liège,50+,Restaurant,59.0,0,0
991,2025-12-26 16:30,Direct,Demo Page Direct,Brussels,1-9,Restaurant,52.0,1,1
992,2025-12-27 15:13,LinkedIn Ads,Operations Leaders,Brussels,10-49,Restaurant,74.0,1,1
993,2025-12-27 11:43,Meta Ads,Lead Magnet,Liège,1-9,Restaurant,46.0,0,0
994,2025-12-27 19:49,Organic Search,SEO Product Pages,Walloon Brabant,1-9,Restaurant,61.0,1,0
995,2025-12-27 14:28,Organic Search,SEO Product Pages,Liège,1-9,Restaurant,69.0,1,1
996,2025-12-27 09:19,Organic Search,SEO Product Pages,Antwerp,1-9,Bar,62.0,1,0
997,2025-12-27 12:16,Organic Search,SEO Product Pages,Antwerp,1-9,Bar,28.0,0,0
998,2025-12-27 14:33,Organic Search,SEO Guides,Antwerp,1-9,Restaurant,61.0,0,0
999,2025-12-27 12:54,Email,Lead Nurture,Antwerp,1-9,Restaurant,59.0,0,0
1000,2025-12-28 17:44,Meta Ads,Lead Magnet,East Flanders,1-9,Snack,43.0,1,0
1001,2025-12-28 09:15,Meta Ads,Lead Magnet,East Flanders,1-9,Restaurant,31.0,0,0
1002,2025-12-28 17:24,Organic Search,SEO Product Pages,Walloon Brabant,1-9,Restaurant,49.0,1,0
1003,2025-12-28 09:40,Organic Search,SEO Guides,Brussels,1-9,Snack,79.0,1,1
1004,2025-12-28 16:40,Direct,Brand Direct,Brussels,50+,Restaurant,70.0,1,0
1005,2025-12-28 21:00,Direct,Brand Direct,East Flanders,1-9,Restaurant,40.0,1,1
1006,2025-12-28 12:03,Direct,Demo Page Direct,Namur,1-9,Café,56.0,1,1
1007,2025-12-28 10:29,Email,Newsletter,Walloon Brabant,1-9,Café,59.0,0,0
1008,2025-12-28 18:57,Email,Newsletter,Brussels,1-9,Bar,44.0,0,0
1009,2025-12-28 07:59,Referral,Partner Network,Walloon Brabant,1 - 9,Restaurant,78.0,0,0
1010,2025-12-29 16:08,Google Ads,High Intent Search,Brussels,1-9,Restaurant,73.0,1,1
1011,2025-12-29 14:07,LinkedIn Ads,Operations Leaders,Hainaut,10-49,Restaurant,81.0,1,1
1012,2025-12-29 15:23,Meta Ads,Awareness Video,Hainaut,1-9,Restaurant,9.0,0,0
1013,2025-12-29 16:00,Meta Ads,Lead Magnet,Namur,10-49,Bar,36.0,1,1
1014,2025-12-29 07:38,Meta Ads,Lead Magnet,East Flanders,1-9,Hotel,10.0,0,0
1015,2025-12-29 08:15,Organic Search,SEO Product Pages,Namur,1-9,Bar,34.0,1,0
1016,2025-12-29 12:49,Organic Search,SEO Guides,Brussels,10-49,Restaurant,41.0,0,0
1017,2025-12-29 16:24,Organic Search,SEO Guides,Walloon Brabant,1-9,Snack,56.0,1,1
1018,2025-12-29 20:08,Direct,Brand Direct,Namur,1-9,Snack,70.0,1,0
1019,2025-12-29 12:30,Email,Newsletter,East Flanders,1-9,Hotel,64.0,0,0
1020,2025-12-29 16:24,Referral,Customer Referral,Namur,1-9,Bar,73.0,1,0
1021,2025-12-30 09:10,Google Ads,High Intent Search,Walloon Brabant,10-49,Restaurant,69.0,1,0
1022,2025-12-30 19:30,Google Ads,High Intent Search,Brussels,1-9,Restaurant,47.0,1,1
1023,2025-12-30 08:21,Google Ads,High Intent Search,Brussels,1-9,Café,35.0,0,0
1024,2025-12-30 21:59,Google Ads,High Intent Search,Liège,10-49,Bar,58.0,1,0
1025,2025-12-30 10:43,Google Ads,High Intent Search,East Flanders,1-9,Café,49.0,0,0
1026,2025-12-30 13:04,Google Ads,Restaurant Operations,Flemish Brabant,10-49,Restaurant,58.0,0,0
1027,2025-12-30 17:03,Meta Ads,Awareness Video,Hainaut,1-9,Restaurant,32.0,0,0
1028,2025-12-30 17:07,Meta Ads,Awareness Video,East Flanders,1-9,Hotel,14.0,0,0
1029,2025-12-30 09:19,Meta Ads,Lead Magnet,Antwerp,1-9,Restaurant,39.0,0,0
1030,2025-12-30 18:22,Meta Ads,Lead Magnet,Liège,1-9,Restaurant,33.0,0,0
1031,2025-12-30 08:55,Organic Search,SEO Product Pages,Walloon Brabant,50+,Restaurant,64.0,0,0
1032,2025-12-30 12:54,Organic Search,SEO Product Pages,Walloon Brabant,1-9,Restaurant,40.0,0,0
1033,2025-12-30 18:50,Organic Search,SEO Product Pages,Flemish Brabant,10-49,Bar,44.0,0,0
1034,2025-12-30 08:55,Direct,Returning Visitors,hainaut,1-9,Snack,75.0,0,0
1035,2025-12-30 09:34,Direct,Returning Visitors,Namur,10-49,Bar,56.0,0,0
1036,2025-12-30 10:05,Direct,Returning Visitors,Hainaut,1-9,Hotel,67.0,1,1
1037,2025-12-30 12:41,Email,Newsletter,Namur,1-9,Bar,42.0,0,0
1038,2025-12-30 12:51,Referral,Partner Network,East Flanders,10-49,Café,79.0,1,1
1039,2025-12-30 19:47,Referral,Customer Referral,Hainaut,1-9,Restaurant,72.0,1,1
1040,2025-12-31 12:06,Google Ads,High Intent Search,Flemish Brabant,10-49,Restaurant,51.0,1,0
1041,2025-12-31 13:55,Google Ads,Competitor Search,Hainaut,1-9,Restaurant,59.0,0,0
1042,2025-12-31 08:18,Google Ads,Competitor Search,Walloon Brabant,10-49,Restaurant,56.0,1,0
1043,2025-12-31 09:51,Google Ads,Restaurant Operations,East Flanders,1-9,Restaurant,47.0,1,0
1044,2025-12-31 16:10,Meta Ads,Awareness Video,East Flanders,1-9,Restaurant,29.0,0,0
1045,2025-12-31 18:42,Meta Ads,Awareness Video,East Flanders,1-9,Restaurant,49.0,0,0
1046,2025-12-31 15:59,Organic Search,SEO Product Pages,Namur,1-9,Bar,53.0,1,1
1047,2025-12-31 12:31,Organic Search,SEO Guides,Hainaut,1-9,Snack,54.0,1,1
1048,2025-12-31 12:39,Direct,Brand Direct,Walloon Brabant,10-49,Restaurant,60.0,0,0
1049,2025-12-31 10:11,Direct,Brand Direct,Flemish Brabant,1-9,Bar,65.0,1,1
1050,2025-12-31 07:58,Direct,Brand Direct,Namur,10-49,Restaurant,76.0,1,1
1051,2025-12-31 14:57,Direct,Returning Visitors,Namur,1-9,Restaurant,70.0,1,0
1052,2025-12-31 12:41,Direct,Returning Visitors,Brussels,50+,Restaurant,59.0,1,1
1053,2025-12-31 17:20,Email,Lead Nurture,Flemish Brabant,1-9,Restaurant,48.0,1,1
1054,2025-12-31 11:27,Referral,Customer Referral,Brussels,10-49,Café,66.0,1,0
1055,2025-12-31 17:12,Referral,Customer Referral,Liège,10-49,Hotel,76.0,1,1
1056,2026-01-01 17:41,Meta Ads,Awareness Video,Walloon Brabant,1-9,Café,,0,0
1057,2026-01-01 19:19,Organic Search,SEO Product Pages,Walloon Brabant,1-9,Café,57.0,1,0
1058,2026-01-01 21:34,Organic Search,SEO Guides,Liège,1-9,Bar,20.0,0,0
1059,2026-01-01 15:00,Organic Search,SEO Guides,Flemish Brabant,10-49,Café,47.0,0,0
1060,2026-01-01 09:03,Direct,Brand Direct,East Flanders,10-49,Snack,,1,1
1061,2026-01-01 07:46,Direct,Brand Direct,Antwerp,1-9,Restaurant,59.0,0,0
1062,2026-01-01 12:49,Email,Newsletter,Liège,1-9,Restaurant,81.0,1,0
1063,2026-01-02 20:29,Google Ads,High Intent Search,hainaut,1-9,Bar,45.0,0,0
1064,2026-01-02 18:41,Meta Ads,Awareness Video,Hainaut,1-9,Snack,15.0,0,0
1065,2026-01-02 17:21,Meta Ads,Awareness Video,Antwerp,1-9,Bar,30.0,0,0
1066,2026-01-02 11:36,Organic Search,SEO Product Pages,Antwerp,1-9,Snack,54.0,1,0
1067,2026-01-02 16:37,Organic Search,SEO Product Pages,Liège,1-9,Restaurant,53.0,1,1
1068,2026-01-02 16:32,Organic Search,SEO Guides,Antwerp,10-49,Bar,23.0,0,0
1069,2026-01-02 18:37,Direct,Returning Visitors,East Flanders,10-49,Restaurant,64.0,1,1
1070,2026-01-02 12:50,Email,Lead Nurture,Liège,1-9,Snack,61.0,1,1
1071,2026-01-02 14:28,Email,Lead Nurture,Antwerp,1-9,Restaurant,70.0,1,1
1072,2026-01-02 10:44,Email,Lead Nurture,FLEMISH BRABANT,10-49,Bar,78.0,1,0
1073,2026-01-03 14:49,Google Ads,High Intent Search,Brussels,1-9,Restaurant,57.0,1,1
1074,2026-01-03 09:21,Google Ads,High Intent Search,East Flanders,1-9,Restaurant,59.0,1,1
1075,2026-01-03 19:18,Google Ads,Competitor Search,Walloon Brabant,10-49,Snack,40.0,0,0
1076,2026-01-03 13:38,Meta Ads,Awareness Video,Walloon Brabant,1-9,Snack,8.0,0,0
1077,2026-01-03 14:24,Meta Ads,Lead Magnet,East Flanders,10-49,Restaurant,57.0,1,0
1078,2026-01-03 11:29,Organic Search,SEO Product Pages,Antwerp,1-9,Bar,36.0,1,0
1079,2026-01-03 20:59,Organic Search,SEO Product Pages,Hainaut,1-9,Restaurant,61.0,0,0
1080,2026-01-03 19:02,Direct,Brand Direct,Walloon Brabant,10-49,Restaurant,77.0,1,0
1081,2026-01-03 18:57,Email,Lead Nurture,Brussels,1-9,Café,67.0,1,0
1082,2026-01-03 20:40,Referral,Partner Network,Antwerp,10-49,Restaurant,91.0,1,1
1083,2026-01-04 09:17,Google Ads,High Intent Search,Antwerp,1-9,Snack,60.0,1,1
1084,2026-01-04 20:08,Google Ads,Competitor Search,Brussels,1-9,Restaurant,39.0,1,0
1085,2026-01-04 16:33,Google Ads,Competitor Search,Liège,10-49,Snack,53.0,1,1
1086,2026-01-04 19:32,Meta Ads,Awareness Video,Brussels,1-9,Bar,39.0,0,0
1087,2026-01-04 19:09,Meta Ads,Awareness Video,Liège,1-9,Snack,41.0,0,0
1088,2026-01-04 10:48,Meta Ads,Awareness Video,Liège,1-9,Snack,23.0,0,0
1089,2026-01-04 13:14,Meta Ads,Lead Magnet,Antwerp,1-9,Restaurant,30.0,1,0
1090,2026-01-04 17:44,Meta Ads,Lead Magnet,Liège,10-49,Restaurant,38.0,0,0
1091,2026-01-04 08:37,Organic Search,SEO Guides,Liège,1-9,Restaurant,49.0,0,0
1092,2026-01-04 16:41,Direct,Brand Direct,Hainaut,1 - 9,Bar,42.0,0,0
1093,2026-01-04 19:06,Direct,Brand Direct,Flemish Brabant,1-9,Restaurant,85.0,1,0
1094,2026-01-04 07:59,Direct,Brand Direct,Antwerp,1-9,Snack,62.0,1,1
1095,2026-01-04 09:28,Direct,Returning Visitors,Namur,1-9,Bar,58.0,1,1
1096,2026-01-04 11:56,Referral,Partner Network,Brussels,10-49,Café,68.0,1,0
1097,2026-01-04 10:49,Referral,Customer Referral,East Flanders,50+,Restaurant,75.0,1,0
1098,2026-01-05 21:15,Google Ads,High Intent Search,Walloon Brabant,1-9,Restaurant,62.0,1,1
1099,2026-01-05 07:23,LinkedIn Ads,Decision Makers,Brussels,1-9,Snack,62.0,0,0
1100,2026-01-05 10:42,Meta Ads,Awareness Video,Flemish Brabant,10-49,Restaurant,55.0,0,0
1101,2026-01-05 07:45,Meta Ads,Awareness Video,Flemish Brabant,50+,Bar,57.0,0,0
1102,2026-01-05 12:13,Organic Search,SEO Product Pages,Liège,1-9,Restaurant,57.0,1,0
1103,2026-01-05 16:49,Organic Search,SEO Product Pages,Flemish Brabant,10-49,Bar,66.0,0,0
1104,2026-01-05 09:03,Organic Search,SEO Product Pages,Brussels,1-9,Bar,56.0,1,0
1105,2026-01-05 21:14,Organic Search,SEO Guides,Liège,10-49,Hotel,74.0,1,1
1106,2026-01-05 20:03,Organic Search,SEO Guides,Brussels,1-9,Bar,45.0,0,0
1107,2026-01-05 19:42,Organic Search,SEO Guides,Hainaut,1-9,Restaurant,56.0,1,0
1108,2026-01-05 11:03,Direct,Brand Direct,Antwerp,1-9,Restaurant,54.0,1,1
1109,2026-01-05 15:03,Direct,Brand Direct,Flemish Brabant,50+,Snack,75.0,1,1
1110,2026-01-05 19:03,Direct,Brand Direct,Namur,1-9,Restaurant,52.0,0,0
1111,2026-01-05 14:26,Direct,Brand Direct,Namur,1-9,Restaurant,65.0,0,0
1112,2026-01-05 18:57,Direct,Demo Page Direct,Namur,10-49,Café,81.0,0,0
1113,2026-01-05 17:50,Email,Newsletter,Liège,1-9,Hotel,42.0,0,0
1114,2026-01-05 11:59,Email,Newsletter,Flemish Brabant,1-9,Restaurant,52.0,0,0
1115,2026-01-05 16:26,Email,Lead Nurture,Antwerp,10-49,Bar,71.0,1,1
1116,2026-01-05 13:35,Email,Lead Nurture,Flemish Brabant,10-49,Restaurant,64.0,0,0
1117,2026-01-05 21:28,Referral,Partner Network,Flemish Brabant,1-9,Restaurant,84.0,1,1
1118,2026-01-06 17:01,LinkedIn Ads,Decision Makers,Antwerp,10-49,Snack,65.0,0,0
1119,2026-01-06 19:22,Meta Ads,Awareness Video,Antwerp,10-49,Snack,37.0,0,0
1120,2026-01-06 07:02,Meta Ads,Lead Magnet,Brussels,1-9,Restaurant,18.0,0,0
1121,2026-01-06 12:28,Meta Ads,Lead Magnet,Liège,1-9,Restaurant,29.0,0,0
1122,2026-01-06 12:00,Organic Search,SEO Product Pages,Brussels,1-9,Snack,33.0,0,0
1123,2026-01-06 16:09,Organic Search,SEO Product Pages,Walloon Brabant,10-49,Bar,64.0,1,1
1124,2026-01-06 14:21,Organic Search,SEO Product Pages,Brussels,1-9,Restaurant,56.0,1,0
1125,2026-01-06 20:38,Organic Search,SEO Guides,Brussels,1-9,Restaurant,58.0,0,0
1126,2026-01-06 15:51,Direct,Brand Direct,East Flanders,1-9,Restaurant,36.0,0,0
1127,2026-01-06 18:17,Direct,Brand Direct,Namur,10-49,Restaurant,71.0,0,0
1128,2026-01-06 10:09,Direct,Returning Visitors,Brussels,10-49,Restaurant,78.0,1,0
1129,2026-01-06 09:54,Direct,Returning Visitors,East Flanders,1-9,Snack,70.0,1,1
1130,2026-01-06 08:25,Direct,Demo Page Direct,Brussels,1-9,Hotel,46.0,1,0
1131,2026-01-06 11:53,Email,Newsletter,East Flanders,50+,Snack,60.0,0,0
1132,2026-01-06 15:47,Email,Newsletter,Walloon Brabant,10-49,Bar,77.0,1,1
1133,2026-01-06 16:08,Email,Newsletter,Antwerp,10-49,Restaurant,72.0,1,1
1134,2026-01-06 08:16,Email,Newsletter,Flemish Brabant,10-49,Restaurant,44.0,1,0
1135,2026-01-06 13:21,Email,Newsletter,Antwerp,10-49,Bar,65.0,0,0
1136,2026-01-06 15:28,Email,Lead Nurture,Brussels,1-9,Bar,43.0,0,0
1137,2026-01-06 10:25,Referral,Partner Network,Hainaut,10-49,Bar,75.0,1,1
1138,2026-01-06 08:17,Referral,Customer Referral,Antwerp,1-9,Restaurant,77.0,1,1
1139,2026-01-07 19:16,Google Ads,Competitor Search,Flemish Brabant,10-49,Restaurant,50.0,0,0
1140,2026-01-07 08:44,Google Ads,Competitor Search,Hainaut,10-49,Café,51.0,1,0
1141,2026-01-07 13:58,Meta Ads,Awareness Video,Liège,10-49,Restaurant,7.0,0,0
1142,2026-01-07 12:34,Meta Ads,Awareness Video,Walloon Brabant,10-49,Restaurant,,0,0
1143,2026-01-07 16:29,Meta Ads,Awareness Video,Brussels,50+,Restaurant,52.0,0,0
1144,2026-01-07 14:52,Meta Ads,Lead Magnet,Brussels,1-9,Restaurant,34.0,0,0
1145,2026-01-07 17:06,Meta Ads,Lead Magnet,East Flanders,1-9,Restaurant,47.0,0,0
1146,2026-01-07 07:44,Meta Ads,Lead Magnet,Liège,10-49,Bar,39.0,1,1
1147,2026-01-07 11:00,Organic Search,SEO Guides,Liège,1-9,Restaurant,49.0,1,1
1148,2026-01-07 09:51,Direct,Returning Visitors,East Flanders,1-9,Snack,62.0,1,1
1149,2026-01-07 14:07,Email,Newsletter,Flemish Brabant,1-9,Restaurant,49.0,1,0
1150,2026-01-07 10:31,Email,Newsletter,Flemish Brabant,10-49,Restaurant,35.0,0,0
1151,2026-01-07 08:06,Email,Newsletter,Brussels,10-49,Café,86.0,1,0
1152,2026-01-07 19:44,Email,Lead Nurture,Namur,50+,Restaurant,74.0,1,1
1153,2026-01-07 19:18,Email,Lead Nurture,Hainaut,1-9,Snack,40.0,1,1
1154,2026-01-07 11:33,Email,Lead Nurture,East Flanders,1-9,Café,60.0,1,1
1155,2026-01-08 10:06,Google Ads,High Intent Search,Brussels,10-49,Bar,60.0,1,1
1156,2026-01-08 12:51,Google Ads,High Intent Search,Antwerp,50 +,Snack,49.0,1,0
1157,2026-01-08 16:48,Google Ads,High Intent Search,East Flanders,10-49,Restaurant,67.0,0,0
1158,2026-01-08 20:39,Google Ads,Competitor Search,Liège,1-9,Hotel,40.0,0,0
1159,2026-01-08 08:16,Meta Ads,Awareness Video,Brussels,1-9,Bar,29.0,0,0
1160,2026-01-08 09:45,Meta Ads,Awareness Video,Hainaut,10-49,Bar,29.0,0,0
1161,2026-01-08 20:51,Meta Ads,Awareness Video,Antwerp,50+,Bar,48.0,0,0
1162,2026-01-08 17:36,Meta Ads,Lead Magnet,Antwerp,10-49,Restaurant,53.0,0,0
1163,2026-01-08 21:29,Meta Ads,Lead Magnet,East Flanders,1-9,Restaurant,32.0,1,0
1164,2026-01-08 11:09,Meta Ads,Lead Magnet,Hainaut,10-49,Bar,31.0,1,0
1165,2026-01-08 11:06,Organic Search,SEO Guides,East Flanders,1-9,Bar,35.0,0,0
1166,2026-01-08 10:53,Direct,Brand Direct,Walloon Brabant,1-9,Snack,42.0,0,0
1167,2026-01-08 13:45,Direct,Brand Direct,Brussels,1-9,Restaurant,75.0,1,0
1168,2026-01-08 19:49,Direct,Brand Direct,Namur,10-49,Restaurant,20.0,0,0
1169,2026-01-08 16:41,Direct,Brand Direct,Antwerp,1-9,Restaurant,65.0,1,1
1170,2026-01-08 20:54,Direct,Returning Visitors,Brussels,1-9,Snack,63.0,1,1
1171,2026-01-08 19:18,Direct,Returning Visitors,Namur,50+,Restaurant,78.0,0,0
1172,2026-01-08 19:18,Referral,Customer Referral,Flemish Brabant,10-49,Bar,70.0,0,0
1173,2026-01-09 19:45,LinkedIn Ads,Operations Leaders,East Flanders,10-49,Restaurant,90.0,0,0
1174,2026-01-09 14:50,Meta Ads,Awareness Video,Walloon Brabant,1-9,Snack,5.0,0,0
1175,2026-01-09 13:38,Meta Ads,Awareness Video,Flemish Brabant,50+,Restaurant,34.0,0,0
1176,2026-01-09 09:42,Meta Ads,Awareness Video,Brussels,50+,Restaurant,47.0,0,0
1177,2026-01-09 09:49,Meta Ads,Lead Magnet,Hainaut,10-49,Restaurant,37.0,0,0
1178,2026-01-09 18:39,Meta Ads,Lead Magnet,Brussels,1-9,Bar,28.0,0,0
1179,2026-01-09 12:20,Meta Ads,Lead Magnet,Liège,1-9,Snack,42.0,1,1
1180,2026-01-09 13:16,Organic Search,SEO Product Pages,Namur,1-9,Bar,81.0,1,0
1181,2026-01-09 21:54,Organic Search,SEO Product Pages,Hainaut,1-9,Restaurant,45.0,0,0
1182,2026-01-09 18:35,Organic Search,SEO Product Pages,Liège,10-49,Restaurant,59.0,1,0
1183,2026-01-09 12:17,Organic Search,SEO Product Pages,Brussels,1-9,Bar,57.0,1,1
1184,2026-01-09 15:44,Organic Search,SEO Product Pages,Walloon Brabant,1-9,Restaurant,57.0,0,0
1185,2026-01-09 07:29,Direct,Returning Visitors,Namur,10-49,Restaurant,91.0,1,1
1186,2026-01-09 13:51,Direct,Returning Visitors,Antwerp,1-9,Restaurant,59.0,0,0
1187,2026-01-09 08:57,Email,Newsletter,Brussels,1-9,Restaurant,62.0,1,1
1188,2026-01-09 07:00,Email,Newsletter,Flemish Brabant,1-9,Hotel,45.0,1,0
1189,2026-01-09 07:09,Email,Newsletter,Walloon Brabant,1-9,Bar,69.0,1,0
1190,2026-01-09 10:48,Email,Lead Nurture,Flemish Brabant,10-49,Snack,76.0,1,1
1191,2026-01-09 13:21,Referral,Customer Referral,Brussels,10-49,Restaurant,82.0,1,1
1192,2026-01-09 08:13,Referral,Customer Referral,Antwerp,50+,Hotel,97.0,0,0
1193,2026-01-10 15:34,Google Ads,Competitor Search,Antwerp,50+,Bar,43.0,0,0
1194,2026-01-10 13:39,Google Ads,Competitor Search,Brussels,10-49,Snack,39.0,1,0
1195,2026-01-10 13:45,LinkedIn Ads,Operations Leaders,Brussels,50+,Café,75.0,1,1
1196,2026-01-10 08:23,Meta Ads,Awareness Video,Walloon Brabant,10-49,Restaurant,35.0,0,0
1197,2026-01-10 17:44,Meta Ads,Awareness Video,Hainaut,1-9,Café,45.0,0,0
1198,2026-01-10 19:35,Meta Ads,Awareness Video,Brussels,10-49,Hotel,34.0,0,0
1199,2026-01-10 14:36,Meta Ads,Awareness Video,Flemish Brabant,1-9,Bar,31.0,0,0
1200,2026-01-10 10:53,Meta Ads,Lead Magnet,East Flanders,1-9,Restaurant,53.0,0,0
1201,2026-01-10 16:20,Meta Ads,Lead Magnet,Brussels,1-9,Snack,0.0,0,0
1202,2026-01-10 08:34,Meta Ads,Lead Magnet,Brussels,1-9,Café,8.0,0,0
1203,2026-01-10 08:05,Meta Ads,Lead Magnet,Namur,1-9,Bar,18.0,0,0
1204,2026-01-10 15:05,Meta Ads,Lead Magnet,Brussels,1-9,Restaurant,41.0,0,0
1205,2026-01-10 17:36,Organic Search,SEO Product Pages,Flemish Brabant,1-9,Restaurant,38.0,0,0
1206,2026-01-10 21:06,Direct,Brand Direct,East Flanders,1-9,Restaurant,60.0,0,0
1207,2026-01-10 19:04,Direct,Brand Direct,Brussels,10-49,Restaurant,58.0,1,1
1208,2026-01-10 11:08,Direct,Brand Direct,Brussels,10-49,Café,63.0,0,0
1209,2026-01-10 21:14,Email,Newsletter,Flemish Brabant,10-49,Restaurant,51.0,0,0
1210,2026-01-10 11:25,Email,Newsletter,Liège,1-9,Restaurant,65.0,1,1
1211,2026-01-10 21:10,Email,Lead Nurture,Liège,10-49,Café,64.0,0,0
1212,2026-01-10 15:20,Referral,Customer Referral,Antwerp,10-49,Restaurant,87.0,1,1
1213,2026-01-10 09:32,Referral,Customer Referral,Flemish Brabant,10-49,Restaurant,84.0,1,1
1214,2026-01-11 09:56,Google Ads,High Intent Search,Liège,10-49,Bar,52.0,1,0
1215,2026-01-11 20:17,Google Ads,High Intent Search,Bruxelles,10-49,Restaurant,70.0,1,0
1216,2026-01-11 13:39,Meta Ads,Awareness Video,Flemish Brabant,1-9,Restaurant,25.0,0,0
1217,2026-01-11 19:01,Meta Ads,Awareness Video,Namur,10-49,Snack,33.0,1,0
1218,2026-01-11 17:33,Meta Ads,Awareness Video,Namur,1-9,Restaurant,34.0,0,0
1219,2026-01-11 11:08,Meta Ads,Lead Magnet,Antwerp,10-49,Restaurant,76.0,0,0
1220,2026-01-11 20:33,Meta Ads,Lead Magnet,Walloon Brabant,10-49,Restaurant,23.0,0,0
1221,2026-01-11 19:01,Meta Ads,Lead Magnet,Liège,10-49,Bar,28.0,1,0
1222,2026-01-11 12:48,Organic Search,SEO Guides,Flemish Brabant,10-49,Restaurant,67.0,0,0
1223,2026-01-11 19:37,Organic Search,SEO Guides,Brussels,1-9,Restaurant,46.0,0,0
1224,2026-01-11 17:06,Direct,Brand Direct,Liège,10-49,Café,66.0,1,0
1225,2026-01-11 19:07,Email,Newsletter,East Flanders,10-49,Bar,52.0,0,0
1226,2026-01-11 07:13,Email,Lead Nurture,Liège,10-49,Restaurant,81.0,1,1
1227,2026-01-11 12:14,Referral,Partner Network,Antwerp,10-49,Hotel,77.0,1,1
1228,2026-01-12 07:19,Google Ads,High Intent Search,Walloon Brabant,1-9,Restaurant,49.0,0,0
1229,2026-01-12 08:54,Google Ads,Competitor Search,Liège,1-9,Bar,49.0,1,0
1230,2026-01-12 21:32,Google Ads,Competitor Search,Brussels,1-9,Snack,54.0,0,0
1231,2026-01-12 19:05,Google Ads,Restaurant Operations,Flemish Brabant,50+,Bar,52.0,1,1
1232,2026-01-12 07:49,Google Ads,Restaurant Operations,Antwerp,1-9,Café,55.0,1,0
1233,2026-01-12 15:00,Meta Ads,Awareness Video,East Flanders,1-9,Hotel,0.0,0,0
1234,2026-01-12 14:40,Meta Ads,Awareness Video,Flemish Brabant,1-9,Bar,13.0,0,0
1235,2026-01-12 14:54,Meta Ads,Awareness Video,Brussels,1-9,Bar,28.0,0,0
1236,2026-01-12 18:22,Meta Ads,Awareness Video,Walloon Brabant,10-49,Restaurant,26.0,0,0
1237,2026-01-12 08:47,Meta Ads,Awareness Video,Walloon Brabant,10-49,Restaurant,23.0,0,0
1238,2026-01-12 14:01,Meta Ads,Lead Magnet,Walloon Brabant,10-49,Restaurant,42.0,0,0
1239,2026-01-12 08:16,Meta Ads,Lead Magnet,Antwerp,10-49,Restaurant,60.0,1,0
1240,2026-01-12 16:31,Meta Ads,Lead Magnet,Brussels,1-9,Bar,30.0,1,0
1241,2026-01-12 18:34,Organic Search,SEO Product Pages,Flemish Brabant,10-49,Bar,60.0,1,1
1242,2026-01-12 13:09,Organic Search,SEO Guides,East Flanders,10-49,Restaurant,999.0,0,1
1243,2026-01-12 09:34,Direct,Brand Direct,East Flanders,50+,Restaurant,78.0,0,0
1244,2026-01-12 16:22,Direct,Brand Direct,Hainaut,1-9,Snack,,0,0
1245,2026-01-12 18:39,Direct,Brand Direct,Antwerp,1-9,Restaurant,84.0,1,0
1246,2026-01-12 20:05,Direct,Brand Direct,Antwerp,1-9,Bar,65.0,1,1
1247,2026-01-12 17:11,Direct,Returning Visitors,Hainaut,10-49,Bar,39.0,0,0
1248,2026-01-12 08:38,Direct,Demo Page Direct,Liège,1-9,Restaurant,74.0,1,1
1249,2026-01-12 20:18,Referral,Customer Referral,Brussels,10-49,Snack,84.0,1,1
1250,2026-01-12 13:22,Referral,Customer Referral,Hainaut,1-9,Café,76.0,1,0
1251,2026-01-12 20:08,Referral,Customer Referral,East Flanders,10-49,Café,66.0,0,0
1252,2026-01-13 20:51,Google Ads,Competitor Search,Antwerp,10-49,Restaurant,59.0,1,0
1253,2026-01-13 18:00,Google Ads,Restaurant Operations,Bruxelles,10-49,Snack,67.0,0,0
1254,2026-01-13 11:55,Meta Ads,Awareness Video,Liège,10-49,Restaurant,22.0,0,0
1255,2026-01-13 16:19,Meta Ads,Awareness Video,Brussels,1-9,Bar,22.0,0,0
1256,2026-01-13 07:53,Meta Ads,Awareness Video,Antwerp,1-9,Restaurant,16.0,0,0
1257,2026-01-13 21:12,Organic Search,SEO Product Pages,Liège,1-9,Restaurant,36.0,0,0
1258,2026-01-13 10:16,Organic Search,SEO Guides,Liège,50+,Hotel,44.0,0,0
1259,2026-01-13 12:25,Direct,Brand Direct,East Flanders,10-49,Restaurant,69.0,1,1
1260,2026-01-13 11:39,Direct,Returning Visitors,Brussels,1-9,Hotel,56.0,0,0
1261,2026-01-13 20:34,Direct,Demo Page Direct,East Flanders,1-9,Restaurant,,1,1
1262,2026-01-13 16:53,Referral,Partner Network,Antwerp,10-49,Bar,94.0,1,1
1263,2026-01-13 09:30,Referral,Customer Referral,Brussels,1-9,Restaurant,73.0,1,1
1264,2026-01-14 18:03,Google Ads,High Intent Search,Antwerp,1-9,Restaurant,54.0,0,0
1265,2026-01-14 19:30,Google Ads,High Intent Search,Antwerp,1-9,Bar,36.0,0,0
1266,2026-01-14 21:44,Google Ads,Competitor Search,Hainaut,10-49,Café,49.0,0,0
1267,2026-01-14 20:50,Google Ads,Restaurant Operations,Antwerp,1-9,Snack,23.0,0,0
1268,2026-01-14 20:47,Meta Ads,Awareness Video,Walloon Brabant,10-49,Restaurant,6.0,1,0
1269,2026-01-14 11:26,Meta Ads,Awareness Video,East Flanders,1-9,Restaurant,30.0,0,0
1270,2026-01-14 07:40,Meta Ads,Awareness Video,Hainaut,1-9,Restaurant,130.0,0,0
1271,2026-01-14 13:01,Meta Ads,Awareness Video,Antwerp,10-49,Bar,31.0,0,0
1272,2026-01-14 17:10,Meta Ads,Awareness Video,Brussels,1-9,Bar,53.0,0,0
1273,2026-01-14 11:43,Meta Ads,Awareness Video,Brussels,10-49,Restaurant,38.0,1,0
1274,2026-01-14 15:39,Meta Ads,Awareness Video,Oost-Vlaanderen,10-49,Hotel,40.0,0,0
1275,2026-01-14 09:06,Meta Ads,Awareness Video,Flemish Brabant,10-49,Restaurant,33.0,0,0
1276,2026-01-14 17:59,Meta Ads,Awareness Video,East Flanders,10-49,Café,60.0,0,0
1277,2026-01-14 12:29,Meta Ads,Awareness Video,Flemish Brabant,10-49,Bar,42.0,0,0
1278,2026-01-14 18:11,Meta Ads,Awareness Video,Flemish Brabant,10-49,Restaurant,20.0,0,0
1279,2026-01-14 19:14,Meta Ads,Lead Magnet,Namur,1-9,Restaurant,32.0,0,0
1280,2026-01-14 20:01,Meta Ads,Lead Magnet,Namur,1-9,Café,34.0,0,0
1281,2026-01-14 21:44,Organic Search,SEO Product Pages,Brussels,1-9,Bar,47.0,0,0
1282,2026-01-14 12:18,Organic Search,SEO Product Pages,Antwerp,1-9,Restaurant,61.0,1,0
1283,2026-01-14 16:20,Organic Search,SEO Product Pages,Brussels,10-49,Bar,70.0,0,0
1284,2026-01-14 11:12,Organic Search,SEO Guides,Hainaut,1-9,Restaurant,40.0,1,1
1285,2026-01-14 20:04,Organic Search,SEO Guides,Hainaut,1-9,Café,60.0,0,0
1286,2026-01-14 12:43,Direct,Brand Direct,Brussels,10-49,Bar,73.0,1,1
1287,2026-01-14 11:20,Direct,Brand Direct,Namur,1-9,Restaurant,53.0,0,0
1288,2026-01-14 17:22,Direct,Brand Direct,Namur,10-49,Restaurant,60.0,1,1
1289,2026-01-14 08:16,Direct,Returning Visitors,Antwerp,1-9,Restaurant,56.0,1,1
1290,2026-01-14 14:01,Direct,Demo Page Direct,Walloon Brabant,10-49,Bar,86.0,1,0
1291,2026-01-14 21:52,Direct,Demo Page Direct,East Flanders,1-9,Café,60.0,1,0
1292,2026-01-14 08:11,Email,Newsletter,Antwerp,1-9,Snack,41.0,0,0
1293,2026-01-14 10:47,Email,Lead Nurture,Liège,10-49,Hotel,68.0,1,1
1294,2026-01-14 12:05,Referral,Partner Network,Hainaut,10-49,Restaurant,95.0,1,1
1295,2026-01-14 17:49,Referral,Customer Referral,Antwerp,10-49,Snack,75.0,1,0
1296,2026-01-15 21:26,Google Ads,High Intent Search,Liège,1-9,Bar,68.0,0,0
1297,2026-01-15 18:45,Google Ads,Restaurant Operations,Brussels,10-49,Restaurant,48.0,1,0
1298,2026-01-15 18:00,LinkedIn Ads,SMB Growth,Antwerp,10-49,Café,49.0,0,0
1299,2026-01-15 11:42,Meta Ads,Awareness Video,Walloon Brabant,10-49,Restaurant,38.0,0,0
1300,2026-01-15 12:55,Meta Ads,Awareness Video,Flemish Brabant,1-9,Snack,,0,0
1301,2026-01-15 19:03,Meta Ads,Awareness Video,East Flanders,1-9,Restaurant,42.0,1,0
1302,2026-01-15 12:18,Meta Ads,Lead Magnet,Liège,1-9,Restaurant,52.0,0,0
1303,2026-01-15 20:41,Meta Ads,Lead Magnet,Flemish Brabant,1-9,Café,33.0,0,0
1304,2026-01-15 11:49,Meta Ads,Lead Magnet,Hainaut,10-49,Bar,54.0,1,0
1305,2026-01-15 17:28,Meta Ads,Lead Magnet,Namur,10-49,Snack,30.0,0,0
1306,2026-01-15 17:25,Meta Ads,Summer Promo TEST,Namur,10-49,Restaurant,34.0,0,0
1307,2026-01-15 11:42,Meta Ads,Retargeting,Antwerp,1-9,Bar,31.0,0,0
1308,2026-01-15 16:38,Organic Search,SEO Product Pages,Namur,10-49,Restaurant,91.0,1,1
1309,2026-01-15 08:45,Organic Search,SEO Product Pages,Antwerp,10-49,Bar,41.0,0,0
1310,2026-01-15 13:02,Organic Search,SEO Product Pages,Namur,1-9,Restaurant,69.0,0,0
1311,2026-01-15 14:31,Organic Search,SEO Product Pages,Liège,10-49,Snack,56.0,1,1
1312,2026-01-15 16:05,Organic Search,SEO Guides,Liège,1-9,Snack,49.0,1,0
1313,2026-01-15 19:41,Direct,Brand Direct,Antwerp,1-9,Restaurant,,0,0
1314,2026-01-15 21:53,Direct,Brand Direct,Antwerp,50+,Hotel,63.0,1,0
1315,2026-01-15 14:59,Email,Newsletter,Hainaut,1-9,Restaurant,59.0,1,0
1316,2026-01-15 08:25,Email,Newsletter,Antwerp,1-9,Restaurant,70.0,1,0
1317,2026-01-16 18:15,Meta Ads,Awareness Video,Flemish Brabant,10-49,Restaurant,34.0,0,0
1318,2026-01-16 18:40,Meta Ads,Awareness Video,Flemish Brabant,1-9,Bar,23.0,0,0
1319,2026-01-16 17:50,Meta Ads,Awareness Video,Flemish Brabant,1-9,Snack,1.0,0,0
1320,2026-01-16 21:03,Meta Ads,Awareness Video,Flemish Brabant,10-49,Restaurant,43.0,0,0
1321,2026-01-16 07:18,Meta Ads,Awareness Video,Liège,10-49,Bar,31.0,0,0
1322,2026-01-16 08:21,Meta Ads,Awareness Video,Antwerp,1-9,Café,33.0,0,0
1323,2026-01-16 18:54,Meta Ads,Awareness Video,Brussels,50+,Bar,52.0,1,0
1324,2026-01-16 17:54,Meta Ads,Lead Magnet,Brussels,1-9,Restaurant,18.0,0,0
1325,2026-01-16 08:25,Meta Ads,Lead Magnet,Brussels,1-9,Café,54.0,1,1
1326,2026-01-16 10:31,Meta Ads,Lead Magnet,Walloon Brabant,10-49,Bar,31.0,0,0
1327,2026-01-16 19:43,Meta Ads,Lead Magnet,Flemish Brabant,1-9,Restaurant,25.0,0,0
1328,2026-01-16 13:47,Meta Ads,Lead Magnet,East Flanders,1-9,Bar,37.0,0,0
1329,2026-01-16 21:33,Meta Ads,Lead Magnet,Liège,10-49,Restaurant,43.0,0,0
1330,2026-01-16 12:23,Meta Ads,Retargeting,Walloon Brabant,1-9,Snack,40.0,0,0
1331,2026-01-16 21:12,Meta Ads,Retargeting,Flemish Brabant,10-49,Restaurant,64.0,1,0
1332,2026-01-16 21:02,Meta Ads,Retargeting,Hainaut,10-49,Snack,31.0,0,0
1333,2026-01-16 15:10,Organic Search,SEO Product Pages,Brussels,10-49,Café,55.0,1,1
1334,2026-01-16 20:46,Organic Search,SEO Product Pages,Hainaut,10-49,Café,54.0,0,0
1335,2026-01-16 11:15,Organic Search,SEO Guides,Antwerp,1-9,Restaurant,51.0,1,0
1336,2026-01-16 16:12,Organic Search,SEO Guides,Brussels,10-49,Bar,41.0,0,0
1337,2026-01-16 20:59,Organic Search,SEO Guides,LIEGE,1-9,Restaurant,52.0,0,0
1338,2026-01-16 21:45,Organic Search,SEO Guides,Flemish Brabant,1-9,Snack,44.0,0,0
1339,2026-01-16 20:51,Direct,Brand Direct,East Flanders,50+,Restaurant,79.0,1,1
1340,2026-01-16 08:20,Direct,Brand Direct,Namur,1-9,Restaurant,55.0,0,0
1341,2026-01-16 19:50,Direct,Demo Page Direct,Antwerp,10-49,Restaurant,99.0,1,1
1342,2026-01-16 17:34,Email,Newsletter,East Flanders,1-9,Restaurant,48.0,0,0
1343,2026-01-16 21:36,Email,Lead Nurture,East Flanders,1-9,Hotel,62.0,0,0
1344,2026-01-16 15:44,Email,Lead Nurture,Liège,1-9,Café,38.0,0,0
1345,2026-01-16 11:14,Referral,Customer Referral,Antwerp,1-9,Bar,63.0,1,1
1346,2026-01-17 12:52,LinkedIn Ads,Decision Makers,East Flanders,1-9,Restaurant,80.0,1,1
1347,2026-01-17 18:35,Meta Ads,Awareness Video,Brussels,10-49,Restaurant,15.0,0,0
1348,2026-01-17 20:31,Meta Ads,Awareness Video,Antwerp,1-9,Café,28.0,0,0
1349,2026-01-17 21:55,Meta Ads,Lead Magnet,Brussels,10-49,Snack,27.0,0,0
1350,2026-01-17 13:35,Meta Ads,Lead Magnet,East Flanders,1-9,Bar,30.0,0,0
1351,2026-01-17 12:17,Meta Ads,Lead Magnet,Hainaut,1-9,Café,34.0,0,0
1352,2026-01-17 18:30,Meta Ads,Retargeting,Antwerp,50+,Restaurant,43.0,0,0
1353,2026-01-17 13:17,Meta Ads,Retargeting,Brussels,50+,Restaurant,39.0,0,0
1354,2026-01-17 18:43,Organic Search,SEO Product Pages,Hainaut,10-49,Restaurant,93.0,0,0
1355,2026-01-17 12:19,Organic Search,SEO Product Pages,Hainaut,1-9,Bar,69.0,1,0
1356,2026-01-17 10:21,Direct,Returning Visitors,Hainaut,1-9,Restaurant,65.0,1,1
1357,2026-01-17 15:56,Direct,Demo Page Direct,East Flanders,10-49,Restaurant,,0,0
1358,2026-01-17 17:02,Direct,Demo Page Direct,Brussels,1-9,Bar,56.0,0,0
1359,2026-01-17 12:57,Email,Newsletter,Antwerp,10-49,Bar,,0,0
1360,2026-01-17 12:39,Email,Newsletter,East Flanders,1-9,Restaurant,66.0,1,0
1361,2026-01-17 20:37,Email,Lead Nurture,Hainaut,1-9,Restaurant,76.0,1,1
1362,2026-01-17 17:38,Referral,Partner Network,Flemish Brabant,1-9,Café,83.0,1,1
1363,2026-01-18 12:41,Meta Ads,Awareness Video,Brussels,1-9,Snack,20.0,0,0
1364,2026-01-18 18:52,Meta Ads,Awareness Video,East Flanders,50 +,Restaurant,44.0,0,0
1365,2026-01-18 18:23,Meta Ads,Awareness Video,Antwerp,50+,Restaurant,14.0,0,0
1366,2026-01-18 08:50,Meta Ads,Lead Magnet,Antwerp,10-49,Bar,52.0,0,0
1367,2026-01-18 12:23,Meta Ads,Lead Magnet,Antwerp,1-9,Restaurant,34.0,0,0
1368,2026-01-18 09:55,Organic Search,SEO Product Pages,Brussels,1-9,Bar,31.0,0,0
1369,2026-01-18 17:00,Organic Search,SEO Product Pages,Brussels,1-9,Café,43.0,1,0
1370,2026-01-18 13:13,Organic Search,SEO Product Pages,Namur,10-49,Restaurant,60.0,0,0
1371,2026-01-18 11:14,Organic Search,SEO Product Pages,Liège,1-9,Restaurant,46.0,0,0
1372,2026-01-18 20:37,Email,Newsletter,Brussels,50+,Snack,59.0,1,1
1373,2026-01-18 14:38,Email,Lead Nurture,Brussels,1-9,Restaurant,59.0,0,0
1374,2026-01-18 18:36,Referral,Customer Referral,Namur,10-49,Restaurant,88.0,1,1
1375,2026-01-19 11:32,Google Ads,High Intent Search,Hainaut,1-9,Snack,35.0,0,0
1376,2026-01-19 15:45,Google Ads,High Intent Search,Liège,10-49,Restaurant,78.0,1,1
1377,2026-01-19 20:27,Google Ads,Restaurant Operations,Flemish Brabant,10-49,Snack,56.0,0,0
1378,2026-01-19 13:02,LinkedIn Ads,Operations Leaders,Brussels,50+,Restaurant,86.0,1,1
1379,2026-01-19 11:55,Meta Ads,Awareness Video,Flemish Brabant,10-49,Restaurant,12.0,0,0
1380,2026-01-19 08:04,Meta Ads,Awareness Video,Walloon Brabant,1-9,Restaurant,39.0,1,0
1381,2026-01-19 20:26,Meta Ads,Awareness Video,Brussels,1-9,Hotel,20.0,0,0
1382,2026-01-19 14:06,Meta Ads,Lead Magnet,Brussels,10-49,Restaurant,37.0,0,0
1383,2026-01-19 07:39,Meta Ads,Retargeting,Namur,10-49,Bar,62.0,1,0
1384,2026-01-19 11:01,Meta Ads,Retargeting,Brussels,50+,Café,55.0,0,0
1385,2026-01-19 19:46,Organic Search,SEO Product Pages,Brussels,1-9,Snack,33.0,1,0
1386,2026-01-19 20:04,Organic Search,SEO Product Pages,Antwerp,1-9,Hotel,54.0,0,0
1387,2026-01-19 09:15,Organic Search,SEO Product Pages,Antwerp,50+,Bar,,0,0
1388,2026-01-19 19:31,Organic Search,SEO Product Pages,Antwerp,50+,Bar,60.0,1,1
1389,2026-01-19 19:55,Organic Search,SEO Product Pages,Hainaut,10-49,Restaurant,57.0,1,0
1390,2026-01-19 12:48,Organic Search,SEO Product Pages,Brussels,10-49,Restaurant,87.0,1,1
1391,2026-01-19 19:54,Organic Search,SEO Product Pages,Liège,10-49,Hotel,39.0,0,0
1392,2026-01-19 10:38,Organic Search,SEO Guides,Walloon Brabant,10-49,Restaurant,39.0,0,0
1393,2026-01-19 14:49,Organic Search,SEO Guides,Brussels,10-49,Restaurant,32.0,0,0
1394,2026-01-19 09:28,Organic Search,SEO Guides,Namur,10-49,Bar,70.0,1,0
1395,2026-01-19 10:38,Organic Search,SEO Guides,Antwerp,1-9,Bar,48.0,0,0
1396,2026-01-19 14:33,Direct,Returning Visitors,Flemish Brabant,1-9,Bar,68.0,1,0
1397,2026-01-19 08:21,Direct,Demo Page Direct,Hainaut,10-49,Bar,79.0,1,1
1398,2026-01-19 20:09,Email,Newsletter,Liège,1-9,Bar,54.0,1,0
1399,2026-01-19 17:02,Email,Newsletter,Brussels,1-9,Restaurant,51.0,0,0
1400,2026-01-19 20:46,Email,Lead Nurture,Hainaut,1-9,Bar,51.0,0,0
1401,2026-01-19 15:41,Referral,Partner Network,East Flanders,10-49,Hotel,77.0,1,1
1402,2026-01-19 07:48,Referral,Partner Network,Walloon Brabant,1-9,Restaurant,54.0,0,0
1403,2026-01-20 12:47,Google Ads,High Intent Search,Liège,1-9,Bar,66.0,1,1
1404,2026-01-20 18:21,Google Ads,High Intent Search,Brussels,1-9,Bar,73.0,1,0
1405,2026-01-20 14:29,Google Ads,High Intent Search,Hainaut,1-9,Café,64.0,1,1
1406,2026-01-20 07:11,Google Ads,Competitor Search,Flemish Brabant,50+,Restaurant,59.0,0,0
1407,2026-01-20 15:37,Meta Ads,Awareness Video,Walloon Brabant,10-49,Restaurant,48.0,0,0
1408,2026-01-20 19:35,Meta Ads,Awareness Video,Flemish Brabant,1-9,Café,23.0,0,0
1409,2026-01-20 11:24,Meta Ads,Awareness Video,Antwerp,50+,Restaurant,23.0,1,0
1410,2026-01-20 08:00,Meta Ads,Awareness Video,Flemish Brabant,10-49,Snack,37.0,0,0
1411,2026-01-20 20:02,Meta Ads,Awareness Video,Liège,1-9,Restaurant,36.0,0,0
1412,2026-01-20 11:58,Meta Ads,Awareness Video,Bruxelles,1-9,Hotel,3.0,0,0
1413,2026-01-20 12:49,Meta Ads,Lead Magnet,Brussels,1-9,Restaurant,47.0,0,0
1414,2026-01-20 13:34,Meta Ads,Lead Magnet,Walloon Brabant,1-9,Bar,41.0,0,0
1415,2026-01-20 17:15,Meta Ads,Lead Magnet,Liège,10-49,Restaurant,20.0,0,0
1416,2026-01-20 21:23,Meta Ads,Lead Magnet,Hainaut,1-9,Restaurant,37.0,0,0
1417,2026-01-20 18:57,Meta Ads,Retargeting,Flemish Brabant,1-9,Snack,32.0,0,0
1418,2026-01-20 09:35,Meta Ads,Retargeting,Brussels,50+,Snack,52.0,0,0
1419,2026-01-20 11:46,Organic Search,SEO Guides,Brussels,10-49,Restaurant,58.0,0,0
1420,2026-01-20 19:19,Organic Search,SEO Guides,Hainaut,1-9,Restaurant,48.0,0,0
1421,2026-01-20 16:25,Organic Search,SEO Guides,Brussels,1-9,Hotel,38.0,0,0
1422,2026-01-20 16:25,Direct,Brand Direct,Namur,50+,Café,73.0,1,1
1423,2026-01-20 18:24,Direct,Returning Visitors,Antwerp,10-49,Restaurant,90.0,1,1
1424,2026-01-20 08:53,Email,Newsletter,Brussels,1-9,Hotel,71.0,1,1
1425,2026-01-20 20:20,Email,Newsletter,Namur,1-9,Restaurant,69.0,1,1
1426,2026-01-20 19:31,Email,Newsletter,Brussels,50+,Bar,60.0,0,0
1427,2026-01-20 14:49,Referral,Customer Referral,Liège,10-49,Restaurant,73.0,1,1
1428,2026-01-20 08:20,Referral,Customer Referral,East Flanders,10-49,Restaurant,64.0,1,1
1429,2026-01-20 20:33,Referral,Customer Referral,Walloon Brabant,1-9,Restaurant,72.0,1,1
1430,2026-01-20 13:02,Referral,Customer Referral,Namur,50+,Snack,94.0,1,1
1431,2026-01-20 20:07,Referral,Customer Referral,Antwerp,1-9,Restaurant,77.0,1,1
1432,2026-01-21 20:53,Google Ads,High Intent Search,Brussels,10-49,Restaurant,59.0,1,1
1433,2026-01-21 13:38,Meta Ads,Awareness Video,Antwerp,1-9,Restaurant,37.0,1,0
1434,2026-01-21 17:27,Meta Ads,Awareness Video,Namur,1-9,Restaurant,43.0,0,0
1435,2026-01-21 15:52,Meta Ads,Retargeting,Brussels,1-9,Café,28.0,0,0
1436,2026-01-21 14:43,Organic Search,SEO Product Pages,Liège,1-9,Bar,62.0,1,0
1437,2026-01-21 13:43,Organic Search,SEO Product Pages,Brussels,50+,Hotel,63.0,1,1
1438,2026-01-21 19:56,Organic Search,SEO Product Pages,Flemish Brabant,50+,Snack,58.0,1,1
1439,2026-01-21 13:12,Organic Search,SEO Guides,Antwerp,50+,Bar,45.0,1,1
1440,2026-01-21 19:22,Organic Search,SEO Guides,Flemish Brabant,1-9,Restaurant,56.0,1,0
1441,2026-01-21 18:57,Direct,Brand Direct,Hainaut,50+,Café,95.0,1,1
1442,2026-01-21 21:13,Direct,Brand Direct,Flemish Brabant,1-9,Snack,66.0,1,1
1443,2026-01-21 11:44,Email,Newsletter,Brussels,10-49,Snack,51.0,0,0
1444,2026-01-21 07:09,Email,Newsletter,Brussels,1-9,Snack,63.0,1,1
1445,2026-01-21 10:41,Email,Lead Nurture,Hainaut,1-9,Snack,53.0,0,0
1446,2026-01-21 10:46,Email,Lead Nurture,Hainaut,1-9,Restaurant,62.0,0,0
1447,2026-01-21 21:59,Email,Lead Nurture,East Flanders,1-9,Bar,66.0,1,0
1448,2026-01-21 17:28,Email,Lead Nurture,East Flanders,1-9,Hotel,63.0,1,0
1449,2026-01-21 08:25,Email,Lead Nurture,East Flanders,10-49,Café,44.0,0,0
1450,2026-01-21 21:36,Email,Lead Nurture,East Flanders,50+,Restaurant,83.0,1,1
1451,2026-01-21 11:19,Referral,Partner Network,East Flanders,1-9,Restaurant,57.0,1,0
1452,2026-01-21 19:09,Referral,Partner Network,Hainaut,1-9,Restaurant,85.0,1,1
1453,2026-01-21 20:25,Referral,Customer Referral,Liège,1-9,Restaurant,77.0,1,0
1454,2026-01-21 19:38,Referral,Customer Referral,FLEMISH BRABANT,1-9,Restaurant,88.0,1,1
1455,2026-01-22 17:37,Google Ads,High Intent Search,Brussels,50+,Snack,67.0,1,1
1456,2026-01-22 10:17,Google Ads,Competitor Search,Liège,1-9,Snack,25.0,0,0
1457,2026-01-22 21:42,Meta Ads,Awareness Video,Namur,10-49,Hotel,11.0,0,0
1458,2026-01-22 17:16,Meta Ads,Awareness Video,Brussels,10-49,Restaurant,,0,0
1459,2026-01-22 12:15,Meta Ads,Awareness Video,Hainaut,1-9,Restaurant,0.0,0,0
1460,2026-01-22 10:54,Meta Ads,Awareness Video,Antwerp,1-9,Restaurant,4.0,0,0
1461,2026-01-22 16:27,Meta Ads,Awareness Video,East Flanders,1-9,Snack,5.0,0,0
1462,2026-01-22 15:41,Meta Ads,Awareness Video,Brussels,1-9,Restaurant,36.0,0,0
1463,2026-01-22 14:05,Meta Ads,Lead Magnet,Brussels,10-49,Snack,40.0,0,0
1464,2026-01-22 10:48,Meta Ads,Lead Magnet,Hainaut,1-9,Bar,47.0,0,0
1465,2026-01-22 16:59,Organic Search,SEO Product Pages,Brussels,10-49,Restaurant,29.0,0,0
1466,2026-01-22 19:45,Organic Search,SEO Guides,Antwerp,1-9,Restaurant,42.0,0,0
1467,2026-01-22 13:33,Organic Search,SEO Guides,East Flanders,1-9,Snack,55.0,1,0
1468,2026-01-22 10:17,Direct,Brand Direct,Namur,1-9,Bar,67.0,1,0
1469,2026-01-22 07:40,Direct,Brand Direct,Brussels,10-49,Restaurant,44.0,0,0
1470,2026-01-22 16:37,Direct,Returning Visitors,Hainaut,10-49,Restaurant,68.0,1,0
1471,2026-01-22 08:33,Direct,Returning Visitors,Hainaut,1-9,Bar,63.0,1,1
1472,2026-01-22 19:25,Direct,Returning Visitors,East Flanders,1-9,Café,67.0,0,0
1473,2026-01-22 17:08,Direct,Returning Visitors,Antwerp,10-49,Bar,49.0,1,0
1474,2026-01-22 15:18,Email,Newsletter,Flemish Brabant,10-49,Restaurant,59.0,0,0
1475,2026-01-22 19:49,Email,Newsletter,Namur,1-9,Hotel,56.0,1,0
1476,2026-01-22 21:05,Email,Newsletter,East Flanders,1-9,Bar,58.0,1,1
1477,2026-01-22 18:46,Email,Lead Nurture,Antwerp,10-49,Restaurant,94.0,1,1
1478,2026-01-22 20:52,Referral,Partner Network,Antwerp,50+,Snack,97.0,1,1
1479,2026-01-23 07:55,Google Ads,High Intent Search,East Flanders,50+,Restaurant,52.0,1,0
1480,2026-01-23 09:52,Meta Ads,Awareness Video,Walloon Brabant,1-9,Bar,54.0,1,0
1481,2026-01-23 10:50,Meta Ads,Awareness Video,Anvers,1-9,Restaurant,29.0,0,0
1482,2026-01-23 10:37,Meta Ads,Awareness Video,Hainaut,10-49,Snack,15.0,0,0
1483,2026-01-23 17:00,Meta Ads,Awareness Video,Walloon Brabant,1-9,Restaurant,27.0,1,0
1484,2026-01-23 11:02,Organic Search,SEO Product Pages,Hainaut,50+,Bar,94.0,1,1
1485,2026-01-23 21:44,Organic Search,SEO Product Pages,Antwerp,10-49,Snack,78.0,1,1
1486,2026-01-23 14:48,Organic Search,SEO Product Pages,Brussels,10-49,Restaurant,53.0,0,0
1487,2026-01-23 18:00,Organic Search,SEO Guides,Namur,10-49,Café,41.0,1,0
1488,2026-01-23 14:11,Organic Search,SEO Guides,East Flanders,1-9,Restaurant,51.0,1,1
1489,2026-01-23 18:48,Organic Search,SEO Guides,Namur,1-9,Bar,69.0,0,0
1490,2026-01-23 16:51,Organic Search,SEO Guides,Antwerp,1-9,Bar,56.0,1,0
1491,2026-01-23 16:59,Direct,Brand Direct,East Flanders,1-9,Bar,43.0,1,1
1492,2026-01-23 14:12,Direct,Brand Direct,Liège,1-9,Café,,1,1
1493,2026-01-23 18:50,Direct,Returning Visitors,Liège,1-9,Snack,61.0,0,0
1494,2026-01-23 13:24,Direct,Returning Visitors,East Flanders,1-9,Restaurant,67.0,0,0
1495,2026-01-23 21:48,Direct,Returning Visitors,Liège,1-9,Hotel,40.0,0,0
1496,2026-01-23 17:45,Email,Newsletter,Flemish Brabant,1-9,Hotel,50.0,1,1
1497,2026-01-23 14:08,Email,Newsletter,Flemish Brabant,10-49,Restaurant,44.0,0,0
1498,2026-01-23 20:55,Email,Newsletter,Walloon Brabant,1-9,Bar,60.0,1,1
1499,2026-01-23 14:51,Email,Lead Nurture,Anvers,10-49,Restaurant,76.0,1,1
1500,2026-01-23 17:44,Referral,Partner Network,Brussels,10-49,Restaurant,82.0,1,1
1501,2026-01-23 14:44,Referral,Partner Network,hainaut,1-9,Bar,72.0,1,1
1502,2026-01-23 08:34,Referral,Customer Referral,Brussels,10-49,Café,79.0,1,1
1503,2026-01-24 15:26,Google Ads,High Intent Search,Walloon Brabant,1-9,Restaurant,31.0,0,0
1504,2026-01-24 08:28,Google Ads,High Intent Search,Liège,1-9,Bar,32.0,0,0
1505,2026-01-24 07:18,Meta Ads,Awareness Video,Brussels,1-9,Restaurant,16.0,0,0
1506,2026-01-24 20:12,Meta Ads,Awareness Video,Brussels,1-9,Snack,37.0,1,0
1507,2026-01-24 17:46,Meta Ads,Awareness Video,Flemish Brabant,1-9,Restaurant,40.0,0,0
1508,2026-01-24 17:07,Meta Ads,Awareness Video,Flemish Brabant,1-9,Restaurant,26.0,0,0
1509,2026-01-24 11:46,Meta Ads,Awareness Video,Flemish Brabant,1-9,Restaurant,7.0,0,0
1510,2026-01-24 16:13,Meta Ads,Lead Magnet,East Flanders,1-9,Restaurant,27.0,0,0
1511,2026-01-24 12:30,Organic Search,SEO Product Pages,Brussels,1-9,Café,46.0,0,0
1512,2026-01-24 07:58,Organic Search,SEO Product Pages,East Flanders,1-9,Restaurant,56.0,1,1
1513,2026-01-24 16:31,Organic Search,SEO Guides,Brussels,10-49,Restaurant,58.0,0,0
1514,2026-01-24 16:43,Organic Search,SEO Guides,Liège,1-9,Snack,48.0,0,0
1515,2026-01-24 20:55,Direct,Brand Direct,Antwerp,1-9,Café,63.0,0,0
1516,2026-01-24 21:34,Direct,Returning Visitors,Namur,1-9,Café,43.0,1,0
1517,2026-01-24 16:26,Direct,Returning Visitors,Brussels,50+,Café,78.0,1,1
1518,2026-01-24 10:45,Email,Lead Nurture,Brussels,10-49,Snack,72.0,1,0
1519,2026-01-24 08:44,Email,Lead Nurture,Liège,1-9,Restaurant,71.0,1,1
1520,2026-01-24 11:09,Referral,Partner Network,Brussels,1-9,Restaurant,80.0,0,0
1521,2026-01-24 20:50,Referral,Customer Referral,Brussels,10-49,Café,76.0,1,1
1522,2026-01-25 12:35,Meta Ads,Summer Promo TEST,East Flanders,1-9,Restaurant,60.0,1,0
1523,2026-01-25 20:42,Meta Ads,Awareness Video,East Flanders,10-49,Hotel,31.0,0,0
1524,2026-01-25 18:09,Meta Ads,Lead Magnet,Antwerp,1-9,Bar,50.0,0,0
1525,2026-01-25 13:29,Meta Ads,Retargeting,Antwerp,1-9,Bar,15.0,0,0
1526,2026-01-25 18:15,Organic Search,SEO Guides,Brussels,1-9,Café,38.0,0,0
1527,2026-01-25 13:49,Organic Search,SEO Guides,Antwerp,1-9,Bar,55.0,0,0
1528,2026-01-25 12:23,Organic Search,SEO Guides,Hainaut,1-9,Restaurant,65.0,0,0
1529,2026-01-25 20:26,Organic Search,SEO Guides,Hainaut,1-9,Bar,61.0,1,0
1530,2026-01-25 18:26,Organic Search,SEO Guides,Liège,1-9,Bar,42.0,1,1
1531,2026-01-25 11:25,Organic Search,SEO Guides,Antwerp,1-9,Restaurant,63.0,1,1
1532,2026-01-25 18:22,Direct,Brand Direct,Liège,10-49,Café,64.0,1,0
1533,2026-01-25 16:53,Direct,Returning Visitors,Flemish Brabant,1-9,Restaurant,60.0,0,0
1534,2026-01-25 09:25,Direct,Demo Page Direct,Walloon Brabant,10-49,Bar,,1,1
1535,2026-01-25 13:43,Direct,Demo Page Direct,Antwerp,1-9,Restaurant,62.0,0,0
1536,2026-01-25 14:12,Email,Newsletter,Flemish Brabant,1-9,Restaurant,51.0,1,0
1537,2026-01-25 14:37,Email,Lead Nurture,Antwerp,10-49,Hotel,84.0,1,0
1538,2026-01-25 14:57,Referral,Partner Network,Walloon Brabant,1-9,Restaurant,51.0,0,0
1539,2026-01-26 14:02,Google Ads,High Intent Search,Antwerp,10-49,Restaurant,75.0,1,1
1540,2026-01-26 14:24,Google Ads,High Intent Search,Antwerp,1-9,Café,52.0,1,0
1541,2026-01-26 21:05,Google Ads,High Intent Search,Walloon Brabant,1-9,Restaurant,49.0,0,0
1542,2026-01-26 12:46,Google Ads,Competitor Search,Antwerp,10-49,Bar,50.0,0,0
1543,2026-01-26 14:40,Google Ads,Competitor Search,Flemish Brabant,1-9,Bar,35.0,0,0
1544,2026-01-26 19:50,Google Ads,Restaurant Operations,Brussels,1-9,Café,44.0,0,0
1545,2026-01-26 18:07,Meta Ads,Awareness Video,Hainaut,1-9,Restaurant,54.0,0,0
1546,2026-01-26 16:30,Meta Ads,Awareness Video,Namur,1-9,Restaurant,10.0,0,0
1547,2026-01-26 18:08,Meta Ads,Awareness Video,Flemish Brabant,1-9,Snack,18.0,0,0
1548,2026-01-26 21:11,Meta Ads,Awareness Video,Hainaut,1-9,Snack,31.0,1,1
1549,2026-01-26 18:18,Meta Ads,Awareness Video,Oost-Vlaanderen,10-49,Snack,14.0,0,0
1550,2026-01-26 15:52,Meta Ads,Awareness Video,Antwerp,1-9,Hotel,28.0,0,0
1551,2026-01-26 19:35,Meta Ads,Awareness Video,Brussels,1-9,Restaurant,11.0,0,0
1552,2026-01-26 11:58,Meta Ads,Lead Magnet,Flemish Brabant,1-9,Bar,46.0,0,0
1553,2026-01-26 21:05,Meta Ads,Retargeting,Liège,1-9,Restaurant,47.0,0,0
1554,2026-01-26 20:28,Meta Ads,Retargeting,Liège,1-9,Restaurant,35.0,0,0
1555,2026-01-26 12:25,Organic Search,SEO Product Pages,Antwerp,1-9,Bar,34.0,0,0
1556,2026-01-26 17:31,Direct,Brand Direct,Liège,50+,Bar,89.0,0,0
1557,2026-01-26 18:23,Direct,Brand Direct,Brussels,50+,Bar,61.0,1,1
1558,2026-01-26 09:39,Direct,Brand Direct,Hainaut,1-9,Bar,64.0,1,0
1559,2026-01-26 16:41,Direct,Returning Visitors,Liège,1-9,Hotel,60.0,0,0
1560,2026-01-26 12:22,Direct,Demo Page Direct,Liège,50+,Restaurant,94.0,1,1
1561,2026-01-26 18:40,Email,Newsletter,East Flanders,1-9,Restaurant,32.0,0,0
1562,2026-01-26 09:13,Email,Newsletter,Liège,1-9,Restaurant,80.0,0,1
1563,2026-01-26 07:35,Email,Newsletter,Namur,1-9,Restaurant,73.0,1,1
1564,2026-01-27 20:03,Google Ads,High Intent Search,Antwerp,10-49,Hotel,61.0,0,0
1565,2026-01-27 16:39,Google Ads,High Intent Search,Liège,10-49,Snack,39.0,0,0
1566,2026-01-27 20:06,Meta Ads,Awareness Video,Hainaut,1-9,Hotel,6.0,0,0
1567,2026-01-27 10:20,Meta Ads,Awareness Video,Liège,1-9,Restaurant,19.0,0,0
1568,2026-01-27 08:45,Meta Ads,Awareness Video,Antwerp,10-49,Restaurant,34.0,0,0
1569,2026-01-27 16:19,Meta Ads,Awareness Video,Brussels,1-9,Snack,32.0,0,0
1570,2026-01-27 11:54,Meta Ads,Lead Magnet,Hainaut,1-9,Snack,2.0,0,0
1571,2026-01-27 12:01,Meta Ads,Summer Promo TEST,Namur,1-9,Hotel,34.0,0,0
1572,2026-01-27 19:14,Meta Ads,Lead Magnet,East Flanders,10-49,Hotel,45.0,0,0
1573,2026-01-27 08:13,Meta Ads,Lead Magnet,Walloon Brabant,50+,Restaurant,51.0,0,0
1574,2026-01-27 19:44,Meta Ads,Retargeting,Hainaut,50+,Restaurant,60.0,1,0
1575,2026-01-27 10:05,Organic Search,SEO Product Pages,Brussels,1-9,Restaurant,66.0,0,0
1576,2026-01-27 19:48,Organic Search,SEO Product Pages,Namur,50+,Restaurant,72.0,1,1
1577,2026-01-27 16:04,Organic Search,SEO Guides,Brussels,1-9,Bar,48.0,1,1
1578,2026-01-27 08:54,Organic Search,SEO Guides,Brussels,10-49,Restaurant,62.0,1,0
1579,2026-01-27 11:22,Organic Search,SEO Guides,Brussels,10-49,Hotel,40.0,1,0
1580,2026-01-27 20:13,Direct,Brand Direct,Liège,1-9,Restaurant,65.0,0,0
1581,2026-01-27 16:49,Direct,Brand Direct,Walloon Brabant,50+,Restaurant,76.0,1,1
1582,2026-01-27 21:10,Direct,Brand Direct,Brussels,10-49,Snack,56.0,0,0
1583,2026-01-27 18:43,Direct,Returning Visitors,Oost-Vlaanderen,10-49,Restaurant,80.0,1,1
1584,2026-01-27 08:18,Direct,Returning Visitors,Brussels,1-9,Café,26.0,0,0
1585,2026-01-27 09:52,Direct,Returning Visitors,WALLOON BRABANT,1-9,Restaurant,59.0,0,0
1586,2026-01-27 10:25,Email,Newsletter,Walloon Brabant,1-9,Restaurant,55.0,1,1
1587,2026-01-27 20:17,Email,Lead Nurture,Antwerp,1-9,Bar,56.0,0,0
1588,2026-01-27 16:43,Referral,Customer Referral,Brussels,1-9,Restaurant,58.0,1,0
1589,2026-01-27 21:54,Referral,Customer Referral,Hainaut,1-9,Restaurant,50.0,1,1
1590,2026-01-28 18:31,Google Ads,High Intent Search,Liège,10-49,Hotel,64.0,1,1
1591,2026-01-28 13:51,Google Ads,High Intent Search,Brussels,1-9,Bar,63.0,1,0
1592,2026-01-28 19:17,LinkedIn Ads,Operations Leaders,Hainaut,50+,Restaurant,88.0,1,1
1593,2026-01-28 14:02,Meta Ads,Awareness Video,Hainaut,10-49,Restaurant,54.0,1,0
1594,2026-01-28 11:24,Meta Ads,Awareness Video,Antwerp,1-9,Restaurant,11.0,0,0
1595,2026-01-28 13:39,Meta Ads,Awareness Video,Namur,10-49,Restaurant,31.0,0,0
1596,2026-01-28 16:27,Meta Ads,Awareness Video,Antwerp,1-9,Hotel,25.0,0,0
1597,2026-01-28 21:35,Organic Search,SEO Guides,Liège,1-9,Bar,60.0,1,1
1598,2026-01-28 20:26,Organic Search,SEO Guides,Liège,10-49,Bar,55.0,0,0
1599,2026-01-28 07:02,Organic Search,SEO Guides,Walloon Brabant,10-49,Hotel,50.0,0,0
1600,2026-01-28 19:51,Organic Search,SEO Guides,Antwerp,1-9,Restaurant,54.0,1,0
1601,2026-01-28 12:31,Direct,Brand Direct,East Flanders,1-9,Restaurant,80.0,1,1
1602,2026-01-28 16:06,Direct,Brand Direct,Hainaut,1-9,Restaurant,46.0,1,1
1603,2026-01-28 10:10,Direct,Brand Direct,Antwerp,1-9,Restaurant,51.0,1,1
1604,2026-01-28 18:33,Direct,Demo Page Direct,Walloon Brabant,1-9,Restaurant,73.0,1,0
1605,2026-01-28 18:31,Email,Newsletter,Liège,50+,Restaurant,88.0,1,1
1606,2026-01-28 14:36,Email,Lead Nurture,Brussels,1-9,Snack,64.0,1,0
1607,2026-01-28 21:34,Email,Lead Nurture,Hainaut,10-49,Café,64.0,0,0
1608,2026-01-28 08:35,Email,Lead Nurture,Antwerp,50+,Snack,69.0,0,0
1609,2026-01-28 12:20,Email,Lead Nurture,Walloon Brabant,10-49,Café,70.0,1,1
1610,2026-01-28 12:01,Email,Lead Nurture,Antwerp,1-9,Bar,63.0,1,1
1611,2026-01-28 12:56,Email,Lead Nurture,Flemish Brabant,10-49,Restaurant,89.0,1,1
1612,2026-01-28 08:33,Email,Lead Nurture,Walloon Brabant,1-9,Snack,70.0,0,0
1613,2026-01-28 09:42,Referral,Partner Network,Antwerp,10-49,Restaurant,88.0,1,1
1614,2026-01-29 13:45,Google Ads,High Intent Search,Brussels,1-9,Café,57.0,0,0
1615,2026-01-29 09:16,Google Ads,High Intent Search,East Flanders,10-49,Hotel,43.0,1,0
1616,2026-01-29 10:09,Meta Ads,Awareness Video,East Flanders,10-49,Snack,5.0,0,0
1617,2026-01-29 14:06,Meta Ads,Awareness Video,Flemish Brabant,50+,Snack,26.0,0,0
1618,2026-01-29 19:38,Meta Ads,Awareness Video,Hainaut,1-9,Café,17.0,0,0
1619,2026-01-29 14:33,Meta Ads,Lead Magnet,Antwerp,10-49,Restaurant,39.0,0,0
1620,2026-01-29 07:33,Meta Ads,Lead Magnet,Brussels,1-9,Hotel,26.0,0,0
1621,2026-01-29 19:16,Organic Search,SEO Guides,Hainaut,1-9,Restaurant,43.0,1,1
1622,2026-01-29 20:45,Organic Search,SEO Guides,Flemish Brabant,1-9,Restaurant,49.0,0,0
1623,2026-01-29 19:15,Organic Search,SEO Guides,Antwerp,1-9,Bar,64.0,0,0
1624,2026-01-29 10:41,Direct,Brand Direct,Antwerp,10-49,Restaurant,58.0,1,0
1625,2026-01-29 12:01,Direct,Brand Direct,Liège,1-9,Restaurant,53.0,0,0
1626,2026-01-29 08:15,Direct,Brand Direct,Liège,1-9,Restaurant,60.0,1,0
1627,2026-01-29 15:21,Direct,Demo Page Direct,Antwerp,10-49,Restaurant,61.0,0,0
1628,2026-01-29 09:29,Referral,Partner Network,Flemish Brabant,1-9,Restaurant,100.0,1,1
1629,2026-01-29 16:58,Referral,Partner Network,Hainaut,1-9,Café,67.0,1,1
1630,2026-01-29 11:40,Referral,Customer Referral,East Flanders,10-49,Café,84.0,1,1
1631,2026-01-29 18:03,Referral,Customer Referral,Namur,1-9,Restaurant,84.0,1,1
1632,2026-01-30 09:31,Google Ads,High Intent Search,East Flanders,1-9,Restaurant,51.0,1,0
1633,2026-01-30 19:42,Google Ads,High Intent Search,Flemish Brabant,1-9,Restaurant,61.0,1,1
1634,2026-01-30 17:02,Google Ads,High Intent Search,Namur,1-9,Restaurant,66.0,0,0
1635,2026-01-30 08:10,Meta Ads,Awareness Video,Namur,50+,Café,17.0,0,0
1636,2026-01-30 14:54,Meta Ads,Awareness Video,Hainaut,1-9,Restaurant,28.0,0,0
1637,2026-01-30 13:05,Meta Ads,Lead Magnet,Brussels,1-9,Snack,16.0,0,0
1638,2026-01-30 18:20,Meta Ads,Lead Magnet,Brussels,1-9,Restaurant,24.0,0,0
1639,2026-01-30 16:18,Meta Ads,Lead Magnet,Brussels,1-9,Restaurant,20.0,0,0
1640,2026-01-30 20:20,Meta Ads,Lead Magnet,Walloon Brabant,1-9,Restaurant,11.0,0,0
1641,2026-01-30 17:31,Meta Ads,Retargeting,Hainaut,1-9,Snack,41.0,0,0
1642,2026-01-30 17:56,Organic Search,SEO Product Pages,Brussels,1-9,Café,39.0,0,0
1643,2026-01-30 10:07,Organic Search,SEO Product Pages,Brussels,10-49,Restaurant,47.0,0,0
1644,2026-01-30 07:32,Organic Search,SEO Product Pages,Walloon Brabant,1-9,Café,71.0,1,0
1645,2026-01-30 20:31,Organic Search,SEO Guides,East Flanders,10-49,Restaurant,100.0,1,1
1646,2026-01-30 10:13,Organic Search,SEO Guides,Flemish Brabant,1-9,Café,33.0,0,0
1647,2026-01-30 07:00,Organic Search,SEO Guides,Liège,1-9,Restaurant,56.0,0,0
1648,2026-01-30 07:41,Direct,Returning Visitors,Antwerp,10-49,Bar,69.0,1,0
1649,2026-01-30 08:15,Direct,Returning Visitors,Antwerp,1-9,Restaurant,31.0,0,0
1650,2026-01-30 11:49,Direct,Returning Visitors,Antwerp,10-49,Café,75.0,1,0
1651,2026-01-30 16:06,Direct,Returning Visitors,Brussels,10-49,Café,78.0,1,1
1652,2026-01-30 17:19,Direct,Demo Page Direct,Brussels,1-9,Restaurant,59.0,1,1
1653,2026-01-30 07:06,Email,Newsletter,Antwerp,1-9,Hotel,56.0,1,0
1654,2026-01-30 15:34,Email,Newsletter,Brussels,1-9,Restaurant,97.0,1,1
1655,2026-01-30 19:48,Referral,Partner Network,Flemish Brabant,10-49,Snack,75.0,1,1
1656,2026-01-30 12:27,Referral,Partner Network,Walloon Brabant,1-9,Snack,50.0,0,0
1657,2026-01-31 16:56,Google Ads,High Intent Search,Namur,1-9,Restaurant,41.0,0,0
1658,2026-01-31 14:56,Google Ads,Restaurant Operations,East Flanders,10 - 49,Restaurant,39.0,0,0
1659,2026-01-31 16:55,Meta Ads,Awareness Video,Flemish Brabant,1-9,Restaurant,16.0,0,0
1660,2026-01-31 13:07,Meta Ads,Awareness Video,East Flanders,10-49,Bar,60.0,1,0
1661,2026-01-31 07:51,Meta Ads,Awareness Video,Brussels,1-9,Bar,0.0,0,0
1662,2026-01-31 15:05,Meta Ads,Awareness Video,Hainaut,10-49,Restaurant,46.0,0,0
1663,2026-01-31 09:44,Meta Ads,Lead Magnet,Namur,10-49,Bar,58.0,0,0
1664,2026-01-31 14:22,Organic Search,SEO Product Pages,Liège,10-49,Bar,66.0,1,0
1665,2026-01-31 21:19,Organic Search,SEO Guides,Brussels,1-9,Restaurant,58.0,1,0
1666,2026-01-31 13:57,Organic Search,SEO Guides,Brussels,1-9,Restaurant,56.0,0,0
1667,2026-01-31 18:12,Direct,Brand Direct,Brussels,10-49,Bar,62.0,1,1
1668,2026-01-31 07:12,Email,Newsletter,Brussels,1-9,Bar,35.0,0,0
1669,2026-01-31 19:32,Email,Lead Nurture,Liège,10-49,Hotel,74.0,1,1
1670,2026-01-31 12:49,Referral,Partner Network,Brussels,10-49,Snack,64.0,1,1
1671,2026-01-31 20:53,Referral,Partner Network,Brussels,10-49,Restaurant,71.0,1,1
1672,2026-02-01 14:50,LinkedIn Ads,Operations Leaders,East Flanders,50+,Restaurant,82.0,1,1
1673,2026-02-01 17:56,Meta Ads,Awareness Video,Flemish Brabant,1-9,Café,34.0,0,0
1674,2026-02-01 09:49,Meta Ads,Awareness Video,Antwerp,1-9,Restaurant,24.0,0,0
1675,2026-02-01 14:23,Meta Ads,Awareness Video,Brussels,50+,Snack,46.0,1,0
1676,2026-02-01 20:14,Meta Ads,Lead Magnet,Liège,1-9,Bar,24.0,0,0
1677,2026-02-01 10:41,Meta Ads,Retargeting,East Flanders,10-49,Snack,69.0,0,0
1678,2026-02-01 21:34,Meta Ads,Retargeting,Brussels,10-49,Snack,26.0,0,0
1679,2026-02-01 18:24,Organic Search,SEO Product Pages,Flemish Brabant,10-49,Snack,67.0,0,0
1680,2026-02-01 14:11,Organic Search,SEO Product Pages,East Flanders,1-9,Snack,42.0,0,0
1681,2026-02-01 18:31,Email,Newsletter,East Flanders,1-9,Restaurant,58.0,0,0
1682,2026-02-01 10:26,Email,Lead Nurture,Brussels,10-49,Restaurant,74.0,1,1
1683,2026-02-01 13:03,Email,Reactivation,Hainaut,10-49,Hotel,55.0,1,1
1684,2026-02-01 16:55,Email,Reactivation,Hainaut,1-9,Restaurant,58.0,1,0
1685,2026-02-01 13:51,Email,Reactivation,Liège,1-9,Bar,61.0,1,1
1686,2026-02-01 11:01,Referral,Customer Referral,Flemish Brabant,1-9,Restaurant,67.0,1,0
1687,2026-02-01 09:01,Referral,Customer Referral,East Flanders,10-49,Restaurant,54.0,1,1
1688,2026-02-02 17:30,Google Ads,High Intent Search,Walloon Brabant,10-49,Snack,53.0,0,0
1689,2026-02-02 12:24,Google Ads,Competitor Search,Flemish Brabant,1-9,Snack,26.0,0,0
1690,2026-02-02 20:27,Google Ads,Restaurant Operations,Antwerp,1-9,Restaurant,42.0,1,0
1691,2026-02-02 20:02,Google Ads,Restaurant Operations,Antwerp,10-49,Restaurant,43.0,0,0
1692,2026-02-02 17:33,Meta Ads,Awareness Video,Antwerp,50+,Restaurant,37.0,1,0
1693,2026-02-02 16:11,Meta Ads,Awareness Video,Walloon Brabant,10-49,Café,37.0,0,0
1694,2026-02-02 16:58,Meta Ads,Awareness Video,Walloon Brabant,10-49,Bar,37.0,1,0
1695,2026-02-02 15:50,Meta Ads,Lead Magnet,Namur,10-49,Bar,31.0,0,0
1696,2026-02-02 17:26,Meta Ads,Retargeting,Walloon Brabant,1-9,Bar,66.0,1,1
1697,2026-02-02 15:09,Organic Search,SEO Product Pages,Walloon Brabant,1-9,Restaurant,59.0,1,1
1698,2026-02-02 16:53,Organic Search,SEO Guides,Brussels,1-9,Snack,57.0,1,0
1699,2026-02-02 17:06,Organic Search,SEO Guides,Hainaut,50+,Snack,53.0,1,0
1700,2026-02-02 14:36,Direct,Brand Direct,Liège,10-49,Café,58.0,0,0
1701,2026-02-02 11:21,Direct,Brand Direct,Liège,1-9,Restaurant,43.0,0,0
1702,2026-02-02 09:46,Direct,Brand Direct,Brussels,10-49,Restaurant,56.0,1,1
1703,2026-02-02 09:58,Direct,Brand Direct,Hainaut,1-9,Restaurant,61.0,1,0
1704,2026-02-02 15:42,Email,Newsletter,Brussels,10-49,Snack,74.0,1,1
1705,2026-02-02 19:22,Email,Newsletter,East Flanders,1-9,Bar,64.0,0,0
1706,2026-02-02 16:46,Email,Newsletter,Brussels,10-49,Restaurant,80.0,1,1
1707,2026-02-02 10:39,Email,Newsletter,Brussels,50+,Bar,91.0,1,1
1708,2026-02-02 12:25,Email,Newsletter,Walloon Brabant,10-49,Restaurant,47.0,1,1
1709,2026-02-02 13:11,Email,Lead Nurture,East Flanders,1-9,Snack,64.0,1,1
1710,2026-02-02 13:50,Email,Lead Nurture,East Flanders,10-49,Bar,46.0,1,1
1711,2026-02-02 10:15,Email,Reactivation,Liège,10-49,Bar,63.0,0,0
1712,2026-02-02 17:06,Email,Reactivation,Antwerp,10-49,Restaurant,42.0,0,0
1713,2026-02-02 15:49,Referral,Partner Network,Hainaut,1-9,Restaurant,55.0,1,1
1714,2026-02-03 12:45,Google Ads,High Intent Search,East Flanders,10-49,Café,35.0,0,0
1715,2026-02-03 15:38,Google Ads,Restaurant Operations,Hainaut,1-9,Hotel,35.0,0,0
1716,2026-02-03 15:07,LinkedIn Ads,Operations Leaders,Walloon Brabant,10-49,Bar,52.0,0,0
1717,2026-02-03 09:36,LinkedIn Ads,Operations Leaders,Walloon Brabant,1-9,Restaurant,64.0,1,0
1718,2026-02-03 13:22,Meta Ads,Awareness Video,Brussels,1-9,Bar,9.0,0,0
1719,2026-02-03 12:17,Meta Ads,Awareness Video,Walloon Brabant,10-49,Bar,29.0,0,0
1720,2026-02-03 09:08,Meta Ads,Awareness Video,Antwerp,10-49,Snack,29.0,0,0
1721,2026-02-03 10:12,Meta Ads,Lead Magnet,Flemish Brabant,1-9,Bar,31.0,0,0
1722,2026-02-03 11:40,Meta Ads,Lead Magnet,Walloon Brabant,10-49,Restaurant,27.0,0,0
1723,2026-02-03 18:03,Meta Ads,Lead Magnet,Liège,1-9,Restaurant,61.0,0,0
1724,2026-02-03 21:47,Meta Ads,Retargeting,Brussels,1-9,Snack,27.0,0,0
1725,2026-02-03 17:09,Organic Search,SEO Product Pages,Flemish Brabant,10-49,Bar,74.0,1,1
1726,2026-02-03 17:31,Organic Search,SEO Guides,Flemish Brabant,1-9,Hotel,23.0,0,0
1727,2026-02-03 14:23,Organic Search,SEO Guides,Brussels,1-9,Restaurant,36.0,0,0
1728,2026-02-03 18:20,Organic Search,SEO Comparison,Flemish Brabant,1-9,Restaurant,51.0,0,0
1729,2026-02-03 13:11,Direct,Brand Direct,East Flanders,1-9,Restaurant,46.0,1,1
1730,2026-02-03 15:29,Direct,Brand Direct,Brussels,50+,Snack,45.0,1,0
1731,2026-02-03 11:01,Direct,Brand Direct,LIEGE,10-49,Snack,76.0,1,0
1732,2026-02-03 20:16,Direct,Returning Visitors,Namur,1-9,Hotel,52.0,0,0
1733,2026-02-03 17:50,Email,Newsletter,Brussels,1-9,Snack,70.0,1,1
1734,2026-02-03 14:35,Email,Reactivation,Brussels,50+,Bar,63.0,1,0
1735,2026-02-03 07:54,Referral,Partner Network,Antwerp,10-49,Restaurant,78.0,1,1
1736,2026-02-03 13:46,Referral,Partner Network,Namur,1-9,Bar,72.0,0,0
1737,2026-02-03 15:36,Referral,Customer Referral,Walloon Brabant,10-49,Restaurant,69.0,0,0
1738,2026-02-03 20:39,Referral,Customer Referral,Brussels,10-49,Restaurant,60.0,1,1
1739,2026-02-03 10:12,Referral,Customer Referral,Antwerp,10-49,Restaurant,76.0,1,1
1740,2026-02-04 14:44,Google Ads,High Intent Search,Namur,1-9,Restaurant,59.0,0,0
1741,2026-02-04 20:04,Google Ads,High Intent Search,East Flanders,10-49,Restaurant,54.0,0,0
1742,2026-02-04 20:11,Meta Ads,Awareness Video,Liège,10-49,Restaurant,40.0,1,0
1743,2026-02-04 13:08,Meta Ads,Awareness Video,East Flanders,10-49,Hotel,27.0,0,0
1744,2026-02-04 07:19,Meta Ads,Awareness Video,Walloon Brabant,10-49,Restaurant,51.0,0,0
1745,2026-02-04 13:45,Meta Ads,Lead Magnet,Brussels,10-49,Café,46.0,0,0
1746,2026-02-04 18:11,Meta Ads,Lead Magnet,Hainaut,1-9,Restaurant,30.0,0,0
1747,2026-02-04 16:30,Organic Search,SEO Guides,Antwerp,1-9,Restaurant,39.0,0,0
1748,2026-02-04 17:21,Organic Search,SEO Guides,Namur,1-9,Snack,16.0,0,0
1749,2026-02-04 09:04,Organic Search,SEO Comparison,Liège,10-49,Restaurant,60.0,0,0
1750,2026-02-04 11:42,Direct,Brand Direct,Brussels,1-9,Snack,39.0,0,0
1751,2026-02-04 10:33,Direct,Returning Visitors,Hainaut,10-49,Bar,79.0,1,1
1752,2026-02-04 11:46,Direct,Returning Visitors,Hainaut,1-9,Snack,64.0,1,1
1753,2026-02-04 21:25,Direct,Demo Page Direct,Brussels,1-9,Restaurant,79.0,1,0
1754,2026-02-04 19:44,Email,Newsletter,East Flanders,1-9,Restaurant,49.0,0,0
1755,2026-02-04 20:04,Email,Newsletter,Liège,1-9,Restaurant,54.0,1,1
1756,2026-02-04 20:44,Email,Lead Nurture,East Flanders,1-9,Restaurant,63.0,1,0
1757,2026-02-04 19:42,Email,Lead Nurture,Flemish Brabant,10-49,Restaurant,145.0,1,1
1758,2026-02-04 07:16,Email,Lead Nurture,Antwerp,1-9,Café,61.0,0,0
1759,2026-02-04 15:46,Email,Lead Nurture,Antwerp,10-49,Hotel,47.0,0,0
1760,2026-02-04 07:05,Referral,Partner Network,Hainaut,10-49,Bar,92.0,1,1
1761,2026-02-05 07:00,Google Ads,High Intent Search,Hainaut,10-49,Restaurant,60.0,0,0
1762,2026-02-05 09:25,Google Ads,Restaurant Operations,Liège,1-9,Café,49.0,0,0
1763,2026-02-05 08:10,Google Ads,Restaurant Operations,Walloon Brabant,10-49,Restaurant,71.0,1,0
1764,2026-02-05 07:05,LinkedIn Ads,Operations Leaders,Antwerp,10-49,Hotel,70.0,1,1
1765,2026-02-05 11:04,LinkedIn Ads,Operations Leaders,Antwerp,1-9,Hotel,65.0,1,1
1766,2026-02-05 13:17,LinkedIn Ads,Operations Leaders,Brussels,10-49,Restaurant,67.0,0,0
1767,2026-02-05 11:37,LinkedIn Ads,SMB Growth,Antwerp,50+,Restaurant,72.0,1,1
1768,2026-02-05 13:12,Meta Ads,Awareness Video,Hainaut,1-9,Restaurant,54.0,1,0
1769,2026-02-05 14:58,Meta Ads,Awareness Video,Brussels,1-9,Restaurant,16.0,0,0
1770,2026-02-05 17:43,Meta Ads,Awareness Video,Hainaut,1-9,Café,29.0,0,0
1771,2026-02-05 19:16,Meta Ads,Awareness Video,Walloon Brabant,1-9,Restaurant,1.0,0,0
1772,2026-02-05 08:57,Meta Ads,Lead Magnet,East Flanders,10-49,Hotel,45.0,0,0
1773,2026-02-05 07:36,Meta Ads,Retargeting,Namur,1-9,Restaurant,52.0,0,0
1774,2026-02-05 08:16,Organic Search,SEO Product Pages,Brussels,1-9,Snack,69.0,1,1
1775,2026-02-05 11:54,Organic Search,SEO Product Pages,Walloon Brabant,10-49,Bar,59.0,1,1
1776,2026-02-05 20:53,Organic Search,SEO Product Pages,Brussels,50+,Café,67.0,0,0
1777,2026-02-05 12:41,Organic Search,SEO Guides,Brussels,1-9,Bar,66.0,1,1
1778,2026-02-05 20:45,Organic Search,SEO Guides,Antwerp,10-49,Café,50.0,0,0
1779,2026-02-05 15:26,Organic Search,SEO Comparison,Walloon Brabant,1-9,Restaurant,63.0,0,0
1780,2026-02-05 09:54,Direct,Brand Direct,Hainaut,1-9,Restaurant,43.0,1,1
1781,2026-02-05 07:15,Direct,Brand Direct,Hainaut,10-49,Restaurant,60.0,1,1
1782,2026-02-05 14:27,Direct,Returning Visitors,Hainaut,1-9,Bar,65.0,0,0
1783,2026-02-05 12:42,Direct,Returning Visitors,Antwerp,1-9,Snack,64.0,0,0
1784,2026-02-05 15:21,Direct,Returning Visitors,Hainaut,1-9,Bar,67.0,1,0
1785,2026-02-05 09:26,Email,Newsletter,Flemish Brabant,10-49,Restaurant,64.0,1,1
1786,2026-02-05 14:37,Email,Lead Nurture,Walloon Brabant,10-49,Restaurant,61.0,1,1
1787,2026-02-05 17:04,Email,Reactivation,Walloon Brabant,1-9,Restaurant,49.0,0,0
1788,2026-02-06 18:32,Google Ads,Restaurant Operations,Namur,1-9,Snack,35.0,0,0
1789,2026-02-06 14:12,Google Ads,Restaurant Operations,Flemish Brabant,1-9,Bar,32.0,0,0
1790,2026-02-06 17:45,Meta Ads,Awareness Video,Hainaut,10-49,Snack,30.0,0,0
1791,2026-02-06 12:34,Meta Ads,Lead Magnet,Brussels,1-9,Bar,29.0,0,0
1792,2026-02-06 17:10,Organic Search,SEO Product Pages,Brussels,1-9,Hotel,60.0,1,0
1793,2026-02-06 15:30,Organic Search,SEO Guides,Flemish Brabant,1-9,Restaurant,36.0,0,0
1794,2026-02-06 14:03,Organic Search,SEO Guides,Hainaut,1-9,Restaurant,42.0,0,0
1795,2026-02-06 21:37,Organic Search,SEO Comparison,East Flanders,10-49,Bar,42.0,0,0
1796,2026-02-06 13:43,Organic Search,SEO Comparison,Brussels,10-49,Restaurant,66.0,1,0
1797,2026-02-06 14:42,Direct,Brand Direct,Antwerp,10-49,Restaurant,80.0,0,0
1798,2026-02-06 19:37,Direct,Brand Direct,East Flanders,10-49,Snack,36.0,0,0
1799,2026-02-06 19:30,Direct,Brand Direct,Antwerp,1-9,Bar,73.0,1,1
1800,2026-02-06 13:42,Direct,Brand Direct,Hainaut,1-9,Restaurant,56.0,0,0
1801,2026-02-06 12:32,Direct,Demo Page Direct,Namur,10-49,Restaurant,77.0,1,1
1802,2026-02-06 07:35,Direct,Demo Page Direct,Namur,1-9,Restaurant,66.0,0,0
1803,2026-02-06 21:41,Email,Newsletter,Flemish Brabant,1-9,Restaurant,44.0,0,0
1804,2026-02-06 14:59,Email,Lead Nurture,East Flanders,1-9,Bar,59.0,1,1
1805,2026-02-06 17:47,Referral,Partner Network,East Flanders,1-9,Snack,79.0,1,1
1806,2026-02-06 07:04,Referral,Partner Network,Brussels,1-9,Restaurant,77.0,1,1
1807,2026-02-06 17:38,Referral,Partner Network,Hainaut,10-49,Snack,74.0,1,1
1808,2026-02-06 13:46,Referral,Partner Network,Hainaut,10-49,Restaurant,54.0,1,0
1809,2026-02-07 18:13,Meta Ads,Awareness Video,Hainaut,10-49,Bar,60.0,0,0
1810,2026-02-07 20:00,Meta Ads,Awareness Video,Hainaut,1-9,Restaurant,48.0,0,0
1811,2026-02-07 11:19,Meta Ads,Lead Magnet,Brussels,1-9,Restaurant,10.0,0,0
1812,2026-02-07 09:25,Meta Ads,Lead Magnet,Namur,10-49,Restaurant,33.0,1,0
1813,2026-02-07 15:37,Meta Ads,Lead Magnet,Antwerp,50+,Restaurant,58.0,1,0
1814,2026-02-07 09:06,Organic Search,SEO Comparison,Antwerp,1-9,Hotel,63.0,0,0
1815,2026-02-07 12:02,Direct,Brand Direct,Namur,10-49,Restaurant,42.0,0,0
1816,2026-02-07 11:58,Email,Newsletter,Namur,50+,Bar,46.0,0,0
1817,2026-02-07 20:56,Email,Lead Nurture,Walloon Brabant,10-49,Café,51.0,1,1
1818,2026-02-07 09:24,Email,Lead Nurture,East Flanders,1-9,Bar,63.0,1,1
1819,2026-02-07 17:43,Email,Lead Nurture,Brussels,1-9,Bar,64.0,1,1
1820,2026-02-07 19:51,Email,Lead Nurture,Liège,1-9,Snack,68.0,1,0
1821,2026-02-07 12:00,Referral,Customer Referral,Hainaut,10-49,Café,96.0,1,1
1822,2026-02-08 14:15,Google Ads,High Intent Search,Antwerp,1-9,Restaurant,49.0,0,0
1823,2026-02-08 12:02,Google Ads,High Intent Search,Flemish Brabant,1-9,Bar,37.0,1,0
1824,2026-02-08 11:23,Google Ads,Restaurant Operations,Brussels,1-9,Restaurant,41.0,0,0
1825,2026-02-08 16:36,Google Ads,Restaurant Operations,Brussels,10-49,Snack,62.0,0,0
1826,2026-02-08 09:06,Google Ads,Restaurant Operations,Walloon Brabant,1-9,Snack,64.0,1,1
1827,2026-02-08 10:09,Meta Ads,Awareness Video,Brussels,1-9,Snack,22.0,0,0
1828,2026-02-08 16:44,Meta Ads,Awareness Video,Walloon Brabant,1-9,Restaurant,43.0,0,0
1829,2026-02-08 12:04,Meta Ads,Awareness Video,Brussels,10-49,Restaurant,26.0,0,0
1830,2026-02-08 14:42,Meta Ads,Awareness Video,Brussels,10-49,Restaurant,23.0,0,0
1831,2026-02-08 12:44,Meta Ads,Awareness Video,Brussels,1-9,Restaurant,16.0,0,0
1832,2026-02-08 14:45,Meta Ads,Awareness Video,Antwerp,10-49,Snack,37.0,0,0
1833,2026-02-08 08:15,Meta Ads,Lead Magnet,Liège,1-9,Café,47.0,1,0
1834,2026-02-08 07:05,Organic Search,SEO Product Pages,Walloon Brabant,50+,Bar,70.0,1,0
1835,2026-02-08 14:01,Organic Search,SEO Product Pages,Brussels,1-9,Restaurant,58.0,1,1
1836,2026-02-08 20:59,Organic Search,SEO Product Pages,East Flanders,10-49,Snack,60.0,1,0
1837,2026-02-08 21:06,Organic Search,SEO Guides,Brussels,1-9,Snack,82.0,1,1
1838,2026-02-08 17:29,Organic Search,SEO Guides,Walloon Brabant,1-9,Bar,49.0,0,0
1839,2026-02-08 08:39,Direct,Brand Direct,Brussels,10-49,Bar,68.0,0,0
1840,2026-02-08 21:35,Direct,Demo Page Direct,Namur,1-9,Café,70.0,1,1
1841,2026-02-08 16:53,Email,Newsletter,Brussels,1-9,Restaurant,57.0,0,0
1842,2026-02-08 15:53,Email,Newsletter,Flemish Brabant,10-49,Restaurant,80.0,0,0
1843,2026-02-08 14:17,Email,Lead Nurture,Brussels,1-9,Café,57.0,1,1
1844,2026-02-08 14:49,Email,Lead Nurture,Brussels,1-9,Bar,74.0,1,0
1845,2026-02-08 20:35,Email,Reactivation,Brussels,50+,Restaurant,57.0,0,0
1846,2026-02-09 14:00,Google Ads,High Intent Search,Namur,1-9,Restaurant,65.0,0,0
1847,2026-02-09 07:54,Google Ads,High Intent Search,Brussels,50+,Snack,74.0,1,1
1848,2026-02-09 09:24,Google Ads,High Intent Search,Liège,1-9,Bar,45.0,1,1
1849,2026-02-09 15:16,Google Ads,Competitor Search,Walloon Brabant,1-9,Bar,32.0,0,0
1850,2026-02-09 10:39,Google Ads,Competitor Search,Flemish Brabant,1-9,Restaurant,10.0,0,0
1851,2026-02-09 15:53,Google Ads,Competitor Search,Liège,1-9,Café,38.0,0,0
1852,2026-02-09 13:57,Google Ads,Restaurant Operations,Namur,1-9,Restaurant,48.0,0,0
1853,2026-02-09 09:12,LinkedIn Ads,Decision Makers,Liège,10-49,Hotel,53.0,1,1
1854,2026-02-09 12:36,LinkedIn Ads,Decision Makers,Brussels,1-9,Restaurant,59.0,0,0
1855,2026-02-09 12:56,Meta Ads,Awareness Video,East Flanders,10-49,Restaurant,46.0,0,0
1856,2026-02-09 16:21,Meta Ads,Lead Magnet,Antwerp,1-9,Café,33.0,1,0
1857,2026-02-09 08:34,Meta Ads,Retargeting,Brussels,10-49,Café,57.0,0,0
1858,2026-02-09 18:15,Meta Ads,Retargeting,East Flanders,1-9,Snack,50.0,1,0
1859,2026-02-09 10:10,Organic Search,SEO Product Pages,Namur,10-49,Hotel,64.0,0,0
1860,2026-02-09 11:08,Organic Search,SEO Product Pages,Liège,1-9,Restaurant,74.0,0,0
1861,2026-02-09 21:18,Organic Search,SEO Guides,Oost-Vlaanderen,1-9,Restaurant,52.0,1,0
1862,2026-02-09 18:39,Organic Search,SEO Guides,Flemish Brabant,10-49,Bar,51.0,1,1
1863,2026-02-09 17:25,Organic Search,SEO Guides,East Flanders,1-9,Bar,45.0,0,0
1864,2026-02-09 16:17,Organic Search,SEO Guides,Namur,1-9,Hotel,49.0,0,0
1865,2026-02-09 07:22,Organic Search,SEO Guides,Liège,1-9,Snack,37.0,0,0
1866,2026-02-09 15:06,Direct,Brand Direct,Antwerp,1-9,Snack,69.0,1,1
1867,2026-02-09 14:29,Direct,Brand Direct,East Flanders,1-9,Restaurant,50.0,1,1
1868,2026-02-09 19:09,Direct,Brand Direct,East Flanders,1-9,Restaurant,60.0,1,0
1869,2026-02-09 13:45,Direct,Returning Visitors,Hainaut,1-9,Snack,45.0,1,0
1870,2026-02-09 12:30,Email,Newsletter,Brussels,10-49,Restaurant,51.0,0,0
1871,2026-02-09 19:24,Email,Lead Nurture,Hainaut,10-49,Snack,83.0,1,1
1872,2026-02-09 11:36,Email,Reactivation,East Flanders,1-9,Café,32.0,0,0
1873,2026-02-09 10:32,Email,Reactivation,Walloon Brabant,10-49,Restaurant,58.0,1,1
1874,2026-02-09 16:37,Referral,Partner Network,Hainaut,10-49,Restaurant,92.0,1,0
1875,2026-02-09 15:50,Referral,Customer Referral,East Flanders,1-9,Café,81.0,1,1
1876,2026-02-10 21:56,Google Ads,Restaurant Operations,Flemish Brabant,1-9,Restaurant,81.0,1,0
1877,2026-02-10 17:01,LinkedIn Ads,Operations Leaders,Namur,1-9,Restaurant,54.0,1,1
1878,2026-02-10 20:09,Meta Ads,Awareness Video,Walloon Brabant,1-9,Restaurant,26.0,0,0
1879,2026-02-10 21:22,Meta Ads,Lead Magnet,Brussels,1-9,Restaurant,45.0,0,0
1880,2026-02-10 19:56,Meta Ads,Lead Magnet,Liège,50+,Restaurant,52.0,1,1
1881,2026-02-10 16:19,Meta Ads,Retargeting,East Flanders,1-9,Restaurant,48.0,0,0
1882,2026-02-10 09:42,Organic Search,SEO Product Pages,Hainaut,50+,Restaurant,73.0,1,1
1883,2026-02-10 16:21,Organic Search,SEO Product Pages,Flemish Brabant,50+,Restaurant,66.0,0,0
1884,2026-02-10 20:06,Organic Search,SEO Product Pages,Liège,10-49,Restaurant,38.0,0,0
1885,2026-02-10 19:09,Organic Search,SEO Product Pages,Walloon Brabant,10-49,Restaurant,44.0,0,0
1886,2026-02-10 11:26,Organic Search,SEO Product Pages,Flemish Brabant,1-9,Restaurant,86.0,1,1
1887,2026-02-10 21:13,Organic Search,SEO Guides,Namur,1-9,Snack,36.0,0,0
1888,2026-02-10 09:45,Organic Search,SEO Guides,Brussels,10-49,Hotel,58.0,1,0
1889,2026-02-10 14:03,Organic Search,SEO Comparison,Liège,1-9,Snack,76.0,1,1
1890,2026-02-10 19:53,Organic Search,SEO Comparison,East Flanders,50+,Restaurant,65.0,1,1
1891,2026-02-10 14:52,Direct,Returning Visitors,Namur,10-49,Café,46.0,1,0
1892,2026-02-10 10:19,Direct,Returning Visitors,Hainaut,10-49,Restaurant,66.0,0,0
1893,2026-02-10 08:44,Direct,Demo Page Direct,Flemish Brabant,1-9,Restaurant,39.0,1,0
1894,2026-02-10 20:19,Email,Newsletter,Brussels,1-9,Restaurant,66.0,1,1
1895,2026-02-10 07:47,Email,Lead Nurture,Liège,10-49,Restaurant,57.0,1,0
1896,2026-02-10 14:00,Referral,Customer Referral,Namur,1-9,Bar,79.0,1,1
1897,2026-02-11 17:05,Google Ads,High Intent Search,Walloon Brabant,50+,Bar,56.0,1,1
1898,2026-02-11 13:09,Google Ads,Competitor Search,Antwerp,10-49,Café,53.0,0,0
1899,2026-02-11 21:18,Google Ads,Restaurant Operations,Flemish Brabant,1-9,Bar,33.0,0,0
1900,2026-02-11 09:18,LinkedIn Ads,SMB Growth,Brussels,10-49,Restaurant,65.0,1,1
1901,2026-02-11 15:26,Meta Ads,Awareness Video,East Flanders,10-49,Café,35.0,0,0
1902,2026-02-11 10:21,Meta Ads,Awareness Video,Brussels,1-9,Restaurant,14.0,0,0
1903,2026-02-11 07:17,Meta Ads,Awareness Video,Liège,1-9,Snack,17.0,0,0
1904,2026-02-11 16:01,Meta Ads,Awareness Video,Brussels,1-9,Hotel,8.0,0,0
1905,2026-02-11 07:39,Meta Ads,Lead Magnet,Flemish Brabant,10-49,Restaurant,31.0,0,0
1906,2026-02-11 09:01,Organic Search,SEO Product Pages,Hainaut,1-9,Restaurant,50.0,1,1
1907,2026-02-11 18:58,Organic Search,SEO Product Pages,Hainaut,10-49,Restaurant,61.0,1,0
1908,2026-02-11 19:22,Organic Search,SEO Product Pages,Brussels,50+,Bar,56.0,1,1
1909,2026-02-11 07:42,Organic Search,SEO Guides,Antwerp,10-49,Bar,57.0,1,0
1910,2026-02-11 13:47,Organic Search,SEO Guides,Hainaut,1-9,Snack,25.0,0,0
1911,2026-02-11 07:55,Organic Search,SEO Guides,Antwerp,1-9,Restaurant,49.0,0,0
1912,2026-02-11 11:05,Direct,Brand Direct,Antwerp,10-49,Bar,63.0,0,0
1913,2026-02-11 10:27,Direct,Demo Page Direct,East Flanders,1-9,Bar,73.0,1,1
1914,2026-02-11 16:56,Direct,Demo Page Direct,Liège,10-49,Bar,65.0,0,0
1915,2026-02-11 17:05,Direct,Demo Page Direct,Brussels,10-49,Restaurant,61.0,1,0
1916,2026-02-11 11:53,Direct,Demo Page Direct,Brussels,1-9,Bar,80.0,1,0
1917,2026-02-11 18:16,Email,Newsletter,Namur,10-49,Restaurant,71.0,1,1
1918,2026-02-11 20:44,Email,Newsletter,Antwerp,1-9,Restaurant,28.0,0,0
1919,2026-02-11 07:47,Email,Lead Nurture,Antwerp,1-9,Restaurant,65.0,1,0
1920,2026-02-11 09:21,Email,Lead Nurture,Liège,1-9,Snack,81.0,0,0
1921,2026-02-11 16:11,Email,Reactivation,Brussels,1-9,Café,28.0,0,0
1922,2026-02-11 09:31,Referral,Partner Network,Brussels,10-49,Restaurant,,1,0
1923,2026-02-11 10:18,Referral,Customer Referral,East Flanders,1-9,Restaurant,63.0,1,0
1924,2026-02-12 07:01,Google Ads,High Intent Search,Namur,10-49,Hotel,45.0,0,0
1925,2026-02-12 08:59,Meta Ads,Awareness Video,East Flanders,50+,Café,40.0,1,0
1926,2026-02-12 14:24,Meta Ads,Awareness Video,Brussels,1-9,Restaurant,33.0,0,0
1927,2026-02-12 18:50,Meta Ads,Awareness Video,Liège,50+,Restaurant,25.0,0,0
1928,2026-02-12 21:31,Meta Ads,Awareness Video,East Flanders,10-49,Café,26.0,0,0
1929,2026-02-12 09:27,Meta Ads,Lead Magnet,Antwerp,1-9,Café,14.0,0,0
1930,2026-02-12 21:20,Meta Ads,Lead Magnet,Walloon Brabant,10-49,Bar,,1,0
1931,2026-02-12 14:37,Organic Search,SEO Guides,East Flanders,50+,Snack,65.0,0,0
1932,2026-02-12 19:55,Organic Search,SEO Comparison,East Flanders,1-9,Snack,80.0,1,1
1933,2026-02-12 19:35,Direct,Brand Direct,Brussels,1-9,Restaurant,42.0,1,0
1934,2026-02-12 12:17,Direct,Brand Direct,Antwerp,1-9,Snack,51.0,0,0
1935,2026-02-12 08:33,Direct,Brand Direct,Brussels,1-9,Snack,29.0,0,0
1936,2026-02-12 12:22,Direct,Returning Visitors,Liège,1-9,Restaurant,74.0,1,0
1937,2026-02-12 07:16,Direct,Returning Visitors,Flemish Brabant,50+,Bar,100.0,1,1
1938,2026-02-12 09:31,Direct,Returning Visitors,East Flanders,10-49,Restaurant,56.0,0,0
1939,2026-02-12 17:37,Email,Newsletter,Liège,1-9,Bar,62.0,1,0
1940,2026-02-12 11:45,Email,Lead Nurture,Brussels,10-49,Bar,99.0,1,1
1941,2026-02-12 18:43,Email,Lead Nurture,Flemish Brabant,1-9,Restaurant,81.0,0,0
1942,2026-02-12 11:14,Email,Reactivation,Antwerp,1-9,Restaurant,43.0,0,0
1943,2026-02-12 20:29,Email,Reactivation,Namur,1-9,Café,29.0,0,0
1944,2026-02-12 12:14,Referral,Partner Network,Brussels,50+,Bar,86.0,1,1
1945,2026-02-13 15:00,Google Ads,Restaurant Operations,Antwerp,1-9,Restaurant,61.0,1,0
1946,2026-02-13 12:53,LinkedIn Ads,Decision Makers,Antwerp,50+,Hotel,65.0,0,0
1947,2026-02-13 13:42,LinkedIn Ads,SMB Growth,Liège,50+,Bar,68.0,1,0
1948,2026-02-13 20:00,Meta Ads,Awareness Video,Hainaut,10-49,Restaurant,56.0,0,0
1949,2026-02-13 13:39,Meta Ads,Awareness Video,Antwerp,1-9,Bar,25.0,0,0
1950,2026-02-13 07:58,Meta Ads,Awareness Video,Flemish Brabant,1-9,Restaurant,40.0,0,0
1951,2026-02-13 18:27,Meta Ads,Awareness Video,Namur,10-49,Restaurant,21.0,0,0
1952,2026-02-13 18:26,Meta Ads,Awareness Video,Liège,10-49,Snack,37.0,0,0
1953,2026-02-13 07:29,Meta Ads,Lead Magnet,Walloon Brabant,1-9,Café,0.0,0,0
1954,2026-02-13 14:20,Meta Ads,Lead Magnet,Namur,1-9,Snack,4.0,0,0
1955,2026-02-13 12:12,Meta Ads,Lead Magnet,Namur,1-9,Café,47.0,1,0
1956,2026-02-13 14:51,Meta Ads,Lead Magnet,Walloon Brabant,1-9,Bar,30.0,1,0
1957,2026-02-13 07:28,Meta Ads,Lead Magnet,Brussels,1-9,Bar,26.0,0,0
1958,2026-02-13 13:25,Meta Ads,Retargeting,Walloon Brabant,1-9,Snack,42.0,0,0
1959,2026-02-13 09:41,Meta Ads,Retargeting,Brussels,10-49,Restaurant,48.0,1,0
1960,2026-02-13 10:59,Organic Search,SEO Product Pages,Walloon Brabant,10-49,Restaurant,49.0,1,0
1961,2026-02-13 07:04,Organic Search,SEO Product Pages,Flemish Brabant,1-9,Restaurant,69.0,1,1
1962,2026-02-13 11:07,Organic Search,SEO Guides,Liège,10-49,Restaurant,80.0,1,0
1963,2026-02-13 13:08,Direct,Brand Direct,Namur,1-9,Restaurant,66.0,1,0
1964,2026-02-13 21:58,Direct,Brand Direct,Flemish Brabant,1-9,Bar,55.0,1,0
1965,2026-02-13 11:49,Direct,Brand Direct,East Flanders,1-9,Restaurant,54.0,0,0
1966,2026-02-13 09:30,Direct,Brand Direct,East Flanders,1-9,Bar,70.0,1,0
1967,2026-02-13 21:08,Direct,Brand Direct,East Flanders,1-9,Café,54.0,1,0
1968,2026-02-13 15:41,Direct,Brand Direct,Flemish Brabant,1-9,Hotel,63.0,0,0
1969,2026-02-13 15:38,Direct,Returning Visitors,Hainaut,1-9,Bar,75.0,1,0
1970,2026-02-13 20:48,Email,Newsletter,Brussels,1-9,Café,42.0,0,0
1971,2026-02-13 17:09,Email,Newsletter,Brussels,1-9,Café,39.0,0,0
1972,2026-02-13 07:45,Email,Lead Nurture,Flemish Brabant,1-9,Bar,53.0,1,1
1973,2026-02-13 20:57,Email,Lead Nurture,Antwerp,50+,Restaurant,84.0,1,1
1974,2026-02-13 11:47,Email,Lead Nurture,East Flanders,1-9,Restaurant,51.0,0,0
1975,2026-02-13 15:13,Email,Lead Nurture,Flemish Brabant,10-49,Hotel,100.0,0,0
1976,2026-02-13 07:20,Email,Lead Nurture,Walloon Brabant,1-9,Restaurant,96.0,1,1
1977,2026-02-13 18:15,Email,Lead Nurture,Hainaut,1-9,Restaurant,56.0,0,0
1978,2026-02-13 17:40,Email,Lead Nurture,Brussels,1-9,Restaurant,57.0,1,1
1979,2026-02-13 09:30,Email,Reactivation,Liège,1-9,Restaurant,59.0,1,0
1980,2026-02-13 19:54,Referral,Partner Network,Brussels,1-9,Restaurant,78.0,1,1
1981,2026-02-13 08:27,Referral,Partner Network,Hainaut,1-9,Snack,66.0,1,0
1982,2026-02-13 15:56,Referral,Customer Referral,FLEMISH BRABANT,1-9,Snack,67.0,1,1
1983,2026-02-13 12:48,Referral,Customer Referral,Brussels,1-9,Restaurant,91.0,1,1
1984,2026-02-14 20:08,Google Ads,Restaurant Operations,Walloon Brabant,1-9,Bar,62.0,1,1
1985,2026-02-14 17:05,LinkedIn Ads,Decision Makers,Antwerp,10-49,Restaurant,86.0,1,1
1986,2026-02-14 07:36,LinkedIn Ads,Operations Leaders,Walloon Brabant,10-49,Snack,96.0,1,1
1987,2026-02-14 21:00,Meta Ads,Awareness Video,Antwerp,1-9,Bar,43.0,1,1
1988,2026-02-14 09:00,Meta Ads,Awareness Video,Brussels,1-9,Snack,25.0,0,0
1989,2026-02-14 14:52,Meta Ads,Awareness Video,Antwerp,1-9,Hotel,20.0,0,0
1990,2026-02-14 19:47,Meta Ads,Lead Magnet,Brussels,10-49,Snack,46.0,0,0
1991,2026-02-14 20:53,Meta Ads,Lead Magnet,Namur,1-9,Restaurant,41.0,0,0
1992,2026-02-14 16:55,Meta Ads,Lead Magnet,Hainaut,1-9,Bar,28.0,1,0
1993,2026-02-14 16:16,Meta Ads,Retargeting,Liège,50+,Snack,38.0,0,0
1994,2026-02-14 11:43,Meta Ads,Retargeting,Walloon Brabant,10-49,Restaurant,54.0,0,0
1995,2026-02-14 07:17,Organic Search,SEO Product Pages,Brussels,1-9,Bar,35.0,0,0
1996,2026-02-14 08:52,Organic Search,SEO Guides,Brussels,1-9,Hotel,48.0,0,0
1997,2026-02-14 11:05,Organic Search,SEO Comparison,Brussels,1-9,Restaurant,77.0,1,1
1998,2026-02-14 11:29,Direct,Brand Direct,Brussels,10-49,Snack,58.0,1,0
1999,2026-02-14 18:18,Email,Newsletter,East Flanders,1-9,Café,56.0,1,0
2000,2026-02-14 16:21,Referral,Partner Network,Antwerp,1-9,Snack,78.0,1,1
2001,2026-02-15 09:57,Google Ads,High Intent Search,Brussels,10-49,Hotel,71.0,1,0
2002,2026-02-15 17:38,Google Ads,High Intent Search,Brussels,1-9,Café,76.0,1,0
2003,2026-02-15 07:33,Google Ads,Restaurant Operations,Brussels,1-9,Café,61.0,0,0
2004,2026-02-15 18:38,Google Ads,Restaurant Operations,Antwerp,1-9,Restaurant,51.0,1,0
2005,2026-02-15 07:20,LinkedIn Ads,Decision Makers,Hainaut,10-49,Snack,64.0,1,1
2006,2026-02-15 13:51,Meta Ads,Awareness Video,Brussels,1-9,Restaurant,6.0,0,0
2007,2026-02-15 12:43,Meta Ads,Awareness Video,East Flanders,1-9,Restaurant,21.0,0,0
2008,2026-02-15 11:21,Meta Ads,Retargeting,Hainaut,1-9,Restaurant,22.0,0,0
2009,2026-02-15 16:26,Organic Search,SEO Product Pages,Hainaut,10-49,Restaurant,50.0,0,0
2010,2026-02-15 14:55,Organic Search,SEO Product Pages,Walloon Brabant,1-9,Bar,46.0,1,0
2011,2026-02-15 11:35,Organic Search,SEO Product Pages,Liège,10-49,Bar,87.0,1,1
2012,2026-02-15 18:26,Organic Search,SEO Guides,Liège,10-49,Restaurant,48.0,1,1
2013,2026-02-15 14:09,Organic Search,SEO Guides,Antwerp,1-9,Restaurant,62.0,0,0
2014,2026-02-15 08:17,Organic Search,SEO Guides,Liège,1-9,Bar,40.0,0,0
2015,2026-02-15 21:38,Organic Search,SEO Guides,Antwerp,1-9,Snack,35.0,1,1
2016,2026-02-15 07:07,Direct,Brand Direct,Hainaut,50+,Restaurant,74.0,0,0
2017,2026-02-15 16:20,Direct,Demo Page Direct,Antwerp,1-9,Bar,57.0,1,0
2018,2026-02-15 12:37,Email,Lead Nurture,Namur,1-9,Restaurant,73.0,1,1
2019,2026-02-15 19:48,Email,Reactivation,Hainaut,10-49,Restaurant,36.0,0,0
2020,2026-02-15 18:51,Email,Reactivation,East Flanders,1-9,Snack,66.0,1,1
2021,2026-02-15 17:00,Email,Reactivation,Flemish Brabant,1-9,Snack,55.0,0,0
2022,2026-02-15 18:41,Referral,Customer Referral,Hainaut,1-9,Restaurant,81.0,1,1
2023,2026-02-15 10:52,Referral,Customer Referral,Antwerp,10-49,Café,66.0,1,1
2024,2026-02-16 19:11,Google Ads,Restaurant Operations,Namur,50+,Bar,79.0,1,0
2025,2026-02-16 07:37,Meta Ads,Awareness Video,Brussels,1-9,Restaurant,8.0,0,0
2026,2026-02-16 15:24,Meta Ads,Awareness Video,Antwerp,50+,Restaurant,26.0,1,0
2027,2026-02-16 20:34,Meta Ads,Awareness Video,Hainaut,10-49,Snack,11.0,0,0
2028,2026-02-16 15:27,Meta Ads,Awareness Video,Antwerp,50+,Restaurant,30.0,0,0
2029,2026-02-16 10:26,Meta Ads,Awareness Video,Brussels,1-9,Bar,1.0,0,0
2030,2026-02-16 08:02,Meta Ads,Awareness Video,Liège,1-9,Restaurant,19.0,0,0
2031,2026-02-16 18:45,Meta Ads,Awareness Video,Antwerp,10-49,Bar,47.0,0,0
2032,2026-02-16 19:56,Meta Ads,Awareness Video,Antwerp,10-49,Snack,41.0,0,0
2033,2026-02-16 20:08,Meta Ads,Awareness Video,Namur,1-9,Restaurant,18.0,0,0
2034,2026-02-16 20:56,Meta Ads,Lead Magnet,Brussels,1-9,Restaurant,37.0,0,0
2035,2026-02-16 13:15,Meta Ads,Lead Magnet,Liège,1-9,Restaurant,27.0,0,0
2036,2026-02-16 19:56,Meta Ads,Lead Magnet,Liège,10 - 49,Restaurant,56.0,1,0
2037,2026-02-16 17:47,Meta Ads,Retargeting,East Flanders,1-9,Restaurant,50.0,1,0
2038,2026-02-16 17:27,Meta Ads,Retargeting,Antwerp,10-49,Restaurant,62.0,1,0
2039,2026-02-16 10:57,Organic Search,SEO Guides,Antwerp,10-49,Restaurant,46.0,0,0
2040,2026-02-16 17:09,Organic Search,SEO Guides,Antwerp,50+,Bar,63.0,0,0
2041,2026-02-16 18:26,Direct,Demo Page Direct,Brussels,10-49,Snack,77.0,1,1
2042,2026-02-16 17:41,Email,Lead Nurture,Hainaut,10-49,Snack,61.0,1,1
2043,2026-02-16 14:20,Referral,Partner Network,Walloon Brabant,1-9,Café,53.0,0,0
2044,2026-02-16 10:09,Referral,Customer Referral,Antwerp,1-9,Bar,81.0,1,1
2045,2026-02-17 21:36,Google Ads,High Intent Search,Brussels,1-9,Restaurant,30.0,0,0
2046,2026-02-17 09:57,Google Ads,High Intent Search,Brussels,10-49,Restaurant,65.0,1,1
2047,2026-02-17 15:36,Meta Ads,Awareness Video,East Flanders,10-49,Restaurant,56.0,0,0
2048,2026-02-17 09:20,Meta Ads,Awareness Video,Hainaut,10-49,Restaurant,7.0,0,0
2049,2026-02-17 13:14,Meta Ads,Awareness Video,Antwerp,1-9,Bar,18.0,0,0
2050,2026-02-17 15:19,Meta Ads,Awareness Video,Hainaut,10-49,Snack,0.0,0,0
2051,2026-02-17 17:54,Meta Ads,Awareness Video,Hainaut,1-9,Restaurant,3.0,0,0
2052,2026-02-17 07:57,Meta Ads,Awareness Video,Liège,1-9,Café,8.0,0,0
2053,2026-02-17 07:08,Meta Ads,Lead Magnet,Brussels,10-49,Restaurant,66.0,1,0
2054,2026-02-17 17:21,Meta Ads,Lead Magnet,Liège,50+,Restaurant,23.0,0,0
2055,2026-02-17 20:11,Meta Ads,Retargeting,Walloon Brabant,1-9,Bar,34.0,1,1
2056,2026-02-17 10:06,Meta Ads,Retargeting,Walloon Brabant,1-9,Restaurant,50.0,0,1
2057,2026-02-17 15:58,Meta Ads,Retargeting,Brussels,50+,Restaurant,60.0,0,0
2058,2026-02-17 08:10,Organic Search,SEO Product Pages,Walloon Brabant,1-9,Restaurant,77.0,0,0
2059,2026-02-17 15:47,Organic Search,SEO Product Pages,Namur,1-9,Restaurant,65.0,0,0
2060,2026-02-17 12:59,Organic Search,SEO Comparison,Walloon Brabant,10-49,Restaurant,71.0,1,0
2061,2026-02-17 12:04,Direct,Brand Direct,Antwerp,10-49,Restaurant,68.0,0,0
2062,2026-02-17 14:06,Direct,Brand Direct,Antwerp,1-9,Café,41.0,1,1
2063,2026-02-17 16:53,Direct,Returning Visitors,Liège,1-9,Restaurant,56.0,1,1
2064,2026-02-17 11:51,Direct,Demo Page Direct,Flemish Brabant,1-9,Restaurant,45.0,0,0
2065,2026-02-17 13:08,Email,Lead Nurture,Flemish Brabant,10-49,Café,62.0,0,0
2066,2026-02-17 21:18,Referral,Partner Network,Hainaut,1-9,Restaurant,59.0,0,0
2067,2026-02-17 16:19,Referral,Customer Referral,Liège,1-9,Restaurant,58.0,0,0
2068,2026-02-18 15:01,Google Ads,Competitor Search,East Flanders,1-9,Bar,30.0,0,0
2069,2026-02-18 21:16,Google Ads,Restaurant Operations,Brussels,50+,Restaurant,69.0,1,0
2070,2026-02-18 07:16,Meta Ads,Awareness Video,Hainaut,1-9,Restaurant,15.0,0,0
2071,2026-02-18 18:11,Meta Ads,Awareness Video,Walloon Brabant,1-9,Restaurant,8.0,0,0
2072,2026-02-18 07:46,Meta Ads,Awareness Video,Antwerp,10-49,Bar,15.0,0,0
2073,2026-02-18 20:09,Meta Ads,Lead Magnet,Antwerp,10-49,Restaurant,45.0,0,0
2074,2026-02-18 18:37,Meta Ads,Lead Magnet,Liège,1-9,Restaurant,45.0,0,0
2075,2026-02-18 15:26,Meta Ads,Retargeting,Hainaut,10-49,Café,39.0,1,0
2076,2026-02-18 08:29,Organic Search,SEO Product Pages,Hainaut,50+,Restaurant,71.0,0,0
2077,2026-02-18 13:41,Organic Search,SEO Guides,Walloon Brabant,10-49,Restaurant,50.0,1,0
2078,2026-02-18 07:03,Organic Search,SEO Comparison,Brussels,1-9,Bar,66.0,1,0
2079,2026-02-18 18:12,Direct,Brand Direct,Brussels,1-9,Bar,58.0,0,0
2080,2026-02-18 12:21,Direct,Brand Direct,Brussels,1-9,Bar,49.0,0,0
2081,2026-02-18 09:03,Direct,Brand Direct,Liège,10-49,Restaurant,36.0,0,0
2082,2026-02-18 07:33,Direct,Returning Visitors,Namur,10-49,Bar,37.0,0,0
2083,2026-02-18 08:28,Direct,Demo Page Direct,Flemish Brabant,1-9,Restaurant,63.0,0,0
2084,2026-02-18 11:49,Email,Newsletter,Flemish Brabant,1-9,Snack,60.0,0,0
2085,2026-02-18 09:48,Email,Newsletter,Namur,1-9,Snack,50.0,0,0
2086,2026-02-18 20:01,Email,Lead Nurture,Antwerp,1-9,Restaurant,69.0,1,1
2087,2026-02-18 09:28,Email,Lead Nurture,Brussels,1-9,Hotel,49.0,0,0
2088,2026-02-18 15:38,Email,Reactivation,Antwerp,10-49,Hotel,73.0,1,0
2089,2026-02-19 13:09,Google Ads,High Intent Search,Walloon Brabant,1-9,Snack,60.0,1,1
2090,2026-02-19 17:34,Google Ads,Restaurant Operations,Brussels,1-9,Restaurant,52.0,0,0
2091,2026-02-19 18:30,Google Ads,Restaurant Operations,Brussels,50 +,Hotel,55.0,1,0
2092,2026-02-19 08:11,LinkedIn Ads,Decision Makers,Antwerp,50+,Café,65.0,1,1
2093,2026-02-19 19:44,Meta Ads,Awareness Video,Walloon Brabant,1-9,Restaurant,20.0,0,0
2094,2026-02-19 18:54,Meta Ads,Awareness Video,Namur,1-9,Restaurant,30.0,0,0
2095,2026-02-19 14:07,Meta Ads,Awareness Video,Hainaut,1-9,Restaurant,23.0,0,0
2096,2026-02-19 17:36,Meta Ads,Awareness Video,East Flanders,10-49,Bar,39.0,0,0
2097,2026-02-19 15:02,Meta Ads,Awareness Video,Antwerp,1-9,Bar,,0,0
2098,2026-02-19 19:09,Meta Ads,Lead Magnet,Brussels,50+,Restaurant,41.0,0,0
2099,2026-02-19 21:19,Meta Ads,Lead Magnet,Namur,1-9,Snack,21.0,0,0
2100,2026-02-19 15:53,Meta Ads,Lead Magnet,East Flanders,1-9,Restaurant,24.0,0,0
2101,2026-02-19 08:02,Organic Search,SEO Product Pages,Brussels,1-9,Snack,48.0,0,0
2102,2026-02-19 11:38,Organic Search,SEO Product Pages,Brussels,10-49,Bar,55.0,0,0
2103,2026-02-19 10:34,Organic Search,SEO Product Pages,Namur,1-9,Bar,60.0,0,0
2104,2026-02-19 21:21,Organic Search,SEO Product Pages,Flemish Brabant,1-9,Restaurant,74.0,1,0
2105,2026-02-19 09:26,Organic Search,SEO Product Pages,East Flanders,50+,Restaurant,69.0,1,0
2106,2026-02-19 14:28,Organic Search,SEO Product Pages,Brussels,1-9,Café,63.0,1,0
2107,2026-02-19 15:28,Organic Search,SEO Guides,Liège,1-9,Restaurant,45.0,1,1
2108,2026-02-19 14:10,Organic Search,SEO Guides,Brussels,10-49,Restaurant,63.0,1,1
2109,2026-02-19 11:44,Direct,Brand Direct,Antwerp,10-49,Bar,75.0,1,1
2110,2026-02-19 09:08,Direct,Brand Direct,East Flanders,1-9,Restaurant,51.0,1,0
2111,2026-02-19 18:44,Direct,Brand Direct,Antwerp,1-9,Hotel,19.0,0,0
2112,2026-02-19 13:32,Direct,Brand Direct,East Flanders,1-9,Snack,54.0,0,0
2113,2026-02-19 18:23,Direct,Brand Direct,Brussels,10-49,Café,100.0,1,1
2114,2026-02-19 09:16,Direct,Returning Visitors,Flemish Brabant,1-9,Restaurant,52.0,0,0
2115,2026-02-19 17:12,Email,Newsletter,East Flanders,50+,Snack,68.0,0,0
2116,2026-02-19 07:01,Email,Newsletter,Liège,10-49,Restaurant,50.0,1,0
2117,2026-02-19 07:48,Email,Newsletter,Antwerp,1-9,Restaurant,51.0,1,1
2118,2026-02-19 15:23,Email,Lead Nurture,East Flanders,50+,Bar,74.0,0,0
2119,2026-02-19 19:31,Email,Lead Nurture,Walloon Brabant,10-49,Restaurant,64.0,1,0
2120,2026-02-19 10:24,Referral,Partner Network,Antwerp,1-9,Bar,85.0,1,1
2121,2026-02-19 08:34,Referral,Industry Events,Antwerp,1-9,Snack,76.0,0,0
2122,2026-02-20 15:56,Google Ads,High Intent Search,Antwerp,10-49,Bar,53.0,1,0
2123,2026-02-20 10:33,LinkedIn Ads,SMB Growth,Flemish Brabant,10-49,Restaurant,70.0,1,0
2124,2026-02-20 07:43,Meta Ads,Awareness Video,Hainaut,10-49,Restaurant,17.0,0,0
2125,2026-02-20 09:14,Meta Ads,Awareness Video,East Flanders,10-49,Bar,13.0,0,0
2126,2026-02-20 11:48,Meta Ads,Awareness Video,Flemish Brabant,1-9,Restaurant,30.0,0,0
2127,2026-02-20 19:47,Meta Ads,Lead Magnet,Brussels,10-49,Bar,19.0,0,0
2128,2026-02-20 21:18,Meta Ads,Retargeting,Brussels,1-9,Restaurant,42.0,0,0
2129,2026-02-20 13:30,Organic Search,SEO Product Pages,East Flanders,1-9,Restaurant,47.0,1,0
2130,2026-02-20 11:49,Organic Search,SEO Product Pages,Hainaut,1-9,Bar,62.0,1,1
2131,2026-02-20 17:06,Direct,Brand Direct,Liège,10-49,Bar,53.0,0,0
2132,2026-02-20 20:58,Direct,Brand Direct,Namur,10-49,Restaurant,79.0,1,1
2133,2026-02-20 16:39,Direct,Returning Visitors,Liège,10-49,Restaurant,50.0,0,0
2134,2026-02-20 07:15,Direct,Demo Page Direct,Namur,1-9,Restaurant,76.0,1,1
2135,2026-02-20 12:53,Email,Newsletter,Hainaut,1-9,Café,38.0,0,0
2136,2026-02-20 15:55,Email,Lead Nurture,Brussels,1-9,Restaurant,59.0,1,1
2137,2026-02-20 12:09,Email,Reactivation,Walloon Brabant,10-49,Café,49.0,1,0
2138,2026-02-21 14:57,Google Ads,High Intent Search,East Flanders,10-49,Café,55.0,1,1
2139,2026-02-21 11:09,Google Ads,Competitor Search,Liège,1-9,Restaurant,48.0,0,0
2140,2026-02-21 15:25,Google Ads,Restaurant Operations,Flemish Brabant,1-9,Bar,46.0,0,0
2141,2026-02-21 19:20,LinkedIn Ads,Operations Leaders,Hainaut,50+,Hotel,68.0,1,1
2142,2026-02-21 21:22,LinkedIn Ads,Operations Leaders,Brussels,1-9,Hotel,47.0,1,1
,2026-02-21 14:06,Meta Ads,Awareness Video,Hainaut,1-9,Restaurant,18.0,0,0
2144,2026-02-21 07:21,Meta Ads,Awareness Video,Antwerp,1-9,Restaurant,21.0,0,0
2145,2026-02-21 11:37,Meta Ads,Awareness Video,East Flanders,1-9,Restaurant,24.0,0,0
2146,2026-02-21 16:41,Meta Ads,Awareness Video,East Flanders,1-9,Snack,24.0,0,0
2147,2026-02-21 17:39,Meta Ads,Summer Promo TEST,Brussels,50+,Restaurant,30.0,1,0
2148,2026-02-21 20:10,Meta Ads,Lead Magnet,Brussels,10-49,Restaurant,50.0,1,0
2149,2026-02-21 17:16,Meta Ads,Lead Magnet,Liège,1-9,Bar,28.0,0,0
2150,2026-02-21 10:33,Organic Search,SEO Product Pages,Brussels,10-49,Hotel,33.0,0,0
2151,2026-02-21 12:36,Organic Search,SEO Guides,East Flanders,10-49,Restaurant,80.0,1,0
2152,2026-02-21 14:17,Organic Search,SEO Guides,Hainaut,1-9,Restaurant,46.0,0,0
2153,2026-02-21 13:23,Direct,Brand Direct,Hainaut,1-9,Restaurant,49.0,1,1
2154,2026-02-21 08:08,Direct,Brand Direct,Brussels,10-49,Restaurant,57.0,0,0
2155,2026-02-21 09:11,Email,Lead Nurture,Walloon Brabant,1-9,Restaurant,96.0,1,1
2156,2026-02-21 15:43,Referral,Industry Events,Brussels,10-49,Restaurant,92.0,1,1
2157,2026-02-22 18:54,Google Ads,Competitor Search,Walloon Brabant,1-9,Restaurant,50.0,1,0
2158,2026-02-22 15:40,LinkedIn Ads,Operations Leaders,Brussels,10-49,Café,61.0,0,0
2159,2026-02-22 11:36,Meta Ads,Awareness Video,Antwerp,1-9,Restaurant,0.0,0,0
2160,2026-02-22 12:38,Meta Ads,Awareness Video,Brussels,1-9,Restaurant,35.0,0,0
2161,2026-02-22 20:10,Meta Ads,Awareness Video,Brussels,50+,Bar,58.0,1,0
2162,2026-02-22 20:11,Meta Ads,Awareness Video,Antwerp,10-49,Restaurant,38.0,0,0
2163,2026-02-22 16:49,Meta Ads,Retargeting,Antwerp,1-9,Restaurant,41.0,1,0
2164,2026-02-22 16:12,Meta Ads,Retargeting,Brussels,10-49,Snack,43.0,0,0
2165,2026-02-22 07:59,Direct,Brand Direct,Brussels,1-9,Café,50.0,0,0
2166,2026-02-22 14:31,Direct,Returning Visitors,Hainaut,1-9,Restaurant,38.0,0,0
2167,2026-02-22 15:31,Direct,Returning Visitors,East Flanders,10-49,Restaurant,57.0,0,0
2168,2026-02-22 19:40,Direct,Returning Visitors,East Flanders,10-49,Restaurant,33.0,1,1
2169,2026-02-22 14:03,Direct,Returning Visitors,Antwerp,50 +,Snack,62.0,1,1
2170,2026-02-22 10:01,Direct,Demo Page Direct,East Flanders,1-9,Bar,61.0,1,1
2171,2026-02-22 13:20,Email,Newsletter,Hainaut,10-49,Restaurant,69.0,0,0
2172,2026-02-22 16:02,Email,Newsletter,LIEGE,50+,Restaurant,38.0,0,0
2173,2026-02-22 15:35,Email,Lead Nurture,Brussels,1-9,Restaurant,72.0,0,0
2174,2026-02-22 13:17,Referral,Partner Network,Hainaut,10-49,Café,67.0,1,1
2175,2026-02-22 13:46,Referral,Partner Network,Antwerp,10-49,Bar,70.0,1,1
2176,2026-02-22 07:24,Referral,Industry Events,Brussels,10-49,Café,90.0,1,1
2177,2026-02-23 09:50,Meta Ads,Awareness Video,Brussels,10-49,Bar,42.0,0,0
2178,2026-02-23 11:35,Meta Ads,Awareness Video,Walloon Brabant,1-9,Café,4.0,0,0
2179,2026-02-23 19:51,Meta Ads,Awareness Video,Hainaut,1-9,Snack,0.0,0,0
2180,2026-02-23 13:39,Meta Ads,Awareness Video,Hainaut,50+,Restaurant,33.0,0,0
2181,2026-02-23 19:45,Meta Ads,Lead Magnet,Brussels,10-49,Restaurant,58.0,1,0
2182,2026-02-23 07:27,Meta Ads,Lead Magnet,Liège,1-9,Bar,25.0,0,0
2183,2026-02-23 21:57,Meta Ads,Retargeting,East Flanders,1-9,Restaurant,52.0,0,0
2184,2026-02-23 11:03,Organic Search,SEO Product Pages,Walloon Brabant,1-9,Snack,52.0,0,0
2185,2026-02-23 16:27,Organic Search,SEO Product Pages,Flemish Brabant,1-9,Snack,56.0,0,0
2186,2026-02-23 09:36,Organic Search,SEO Product Pages,Antwerp,10-49,Bar,38.0,0,0
2187,2026-02-23 13:31,Organic Search,SEO Product Pages,Brussels,1-9,Restaurant,55.0,1,0
2188,2026-02-23 10:42,Organic Search,SEO Guides,Brussels,1-9,Restaurant,63.0,0,0
2189,2026-02-23 21:11,Organic Search,SEO Guides,East Flanders,50+,Restaurant,52.0,0,0
2190,2026-02-23 18:18,Direct,Brand Direct,Brussels,1-9,Restaurant,75.0,1,1
2191,2026-02-23 21:47,Direct,Brand Direct,Anvers,1-9,Bar,47.0,0,0
2192,2026-02-23 11:28,Direct,Demo Page Direct,Brussels,10-49,Restaurant,77.0,1,1
2193,2026-02-23 19:13,Direct,Demo Page Direct,East Flanders,1-9,Restaurant,54.0,0,0
2194,2026-02-23 14:12,Email,Newsletter,Hainaut,1-9,Restaurant,145.0,0,0
2195,2026-02-23 19:33,Email,Newsletter,Flemish Brabant,1-9,Restaurant,74.0,0,0
2196,2026-02-23 10:01,Email,Newsletter,Flemish Brabant,1-9,Bar,73.0,1,1
2197,2026-02-23 17:03,Email,Newsletter,Liège,1-9,Snack,49.0,1,0
2198,2026-02-23 15:05,Email,Newsletter,Liège,10-49,Snack,56.0,1,1
2199,2026-02-23 19:03,Email,Lead Nurture,Walloon Brabant,10-49,Restaurant,87.0,1,1
2200,2026-02-23 21:57,Email,Lead Nurture,Walloon Brabant,1-9,Bar,65.0,0,0
2201,2026-02-23 13:46,Email,Reactivation,Antwerp,50+,Restaurant,55.0,0,0
2202,2026-02-23 08:03,Email,Reactivation,East Flanders,1-9,Bar,58.0,1,1
2203,2026-02-23 20:41,Referral,Partner Network,Brussels,10-49,Restaurant,84.0,1,1
2204,2026-02-23 12:30,Referral,Customer Referral,Antwerp,1-9,Restaurant,55.0,0,0
2205,2026-02-23 14:29,Referral,Customer Referral,Liège,1-9,Restaurant,94.0,1,1
2206,2026-02-24 18:59,Google Ads,High Intent Search,East Flanders,1-9,Café,60.0,0,0
2207,2026-02-24 12:35,LinkedIn Ads,Decision Makers,Antwerp,50+,Café,76.0,0,0
2208,2026-02-24 15:40,Meta Ads,Awareness Video,East Flanders,10-49,Bar,21.0,0,0
2209,2026-02-24 13:08,Meta Ads,Awareness Video,Walloon Brabant,1-9,Café,36.0,0,0
2210,2026-02-24 11:27,Meta Ads,Awareness Video,Namur,10-49,Restaurant,24.0,0,0
2211,2026-02-24 20:37,Meta Ads,Awareness Video,Walloon Brabant,50+,Snack,38.0,1,0
2212,2026-02-24 17:13,Meta Ads,Awareness Video,Namur,10-49,Restaurant,22.0,0,0
2213,2026-02-24 11:40,Meta Ads,Awareness Video,Antwerp,10-49,Hotel,31.0,0,0
2214,2026-02-24 18:04,Meta Ads,Awareness Video,Antwerp,10-49,Restaurant,43.0,0,0
2215,2026-02-24 09:19,Meta Ads,Awareness Video,Antwerp,50+,Hotel,22.0,0,0
2216,2026-02-24 16:31,Meta Ads,Lead Magnet,East Flanders,50+,Restaurant,63.0,1,0
2217,2026-02-24 15:21,Meta Ads,Retargeting,Namur,10-49,Restaurant,43.0,1,1
2218,2026-02-24 07:26,Organic Search,SEO Product Pages,Brussels,50+,Restaurant,75.0,0,0
2219,2026-02-24 18:32,Organic Search,SEO Product Pages,Brussels,1-9,Café,47.0,0,0
2220,2026-02-24 15:45,Organic Search,SEO Product Pages,Antwerp,10-49,Snack,72.0,0,0
2221,2026-02-24 13:19,Organic Search,SEO Product Pages,Namur,10-49,Bar,50.0,1,1
2222,2026-02-24 11:58,Organic Search,SEO Product Pages,Brussels,1-9,Restaurant,61.0,0,0
2223,2026-02-24 11:40,Organic Search,SEO Guides,Antwerp,1-9,Restaurant,49.0,1,0
2224,2026-02-24 21:46,Direct,Brand Direct,Flemish Brabant,10-49,Bar,66.0,1,0
2225,2026-02-24 18:30,Direct,Brand Direct,Flemish Brabant,1-9,Restaurant,76.0,0,0
2226,2026-02-24 19:42,Direct,Returning Visitors,Brussels,10-49,Snack,56.0,1,0
2227,2026-02-24 20:24,Email,Newsletter,Liège,1-9,Restaurant,52.0,1,0
2228,2026-02-24 21:36,Email,Lead Nurture,Brussels,1-9,Bar,84.0,1,1
2229,2026-02-24 15:02,Email,Lead Nurture,Antwerp,1-9,Restaurant,64.0,1,1
2230,2026-02-24 08:11,Referral,Partner Network,Hainaut,10-49,Restaurant,65.0,0,0
2231,2026-02-25 08:19,Google Ads,High Intent Search,Hainaut,1-9,Restaurant,75.0,1,0
2232,2026-02-25 07:45,Google Ads,High Intent Search,Brussels,1-9,Restaurant,39.0,1,1
2233,2026-02-25 08:33,Meta Ads,Awareness Video,Liège,1-9,Bar,26.0,0,0
2234,2026-02-25 13:55,Meta Ads,Awareness Video,Brussels,1-9,Restaurant,33.0,0,0
2235,2026-02-25 09:14,Meta Ads,Awareness Video,Walloon Brabant,10-49,Café,25.0,0,0
2236,2026-02-25 11:49,Meta Ads,Summer Promo TEST,Hainaut,50+,Bar,30.0,1,0
2237,2026-02-25 19:44,Meta Ads,Awareness Video,Hainaut,10-49,Café,36.0,0,0
2238,2026-02-25 20:16,Meta Ads,Awareness Video,Antwerp,1-9,Hotel,0.0,0,0
2239,2026-02-25 10:01,Meta Ads,Awareness Video,Brussels,1-9,Restaurant,33.0,0,0
2240,2026-02-25 17:22,Meta Ads,Awareness Video,Brussels,1-9,Restaurant,12.0,0,0
2241,2026-02-25 15:29,Meta Ads,Lead Magnet,Antwerp,1-9,Restaurant,34.0,0,0
2242,2026-02-25 18:30,Meta Ads,Retargeting,Brussels,1-9,Restaurant,39.0,1,0
2243,2026-02-25 17:27,Meta Ads,Retargeting,Brussels,1-9,Bar,45.0,0,0
2244,2026-02-25 08:27,Organic Search,SEO Product Pages,Walloon Brabant,10-49,Restaurant,50.0,1,0
2245,2026-02-25 11:42,Organic Search,SEO Guides,Antwerp,10-49,Restaurant,38.0,1,0
2246,2026-02-25 09:55,Organic Search,SEO Guides,Hainaut,50+,Restaurant,66.0,1,0
2247,2026-02-25 18:46,Direct,Brand Direct,Flemish Brabant,1-9,Restaurant,43.0,1,1
2248,2026-02-25 10:06,Direct,Brand Direct,Brussels,1-9,Snack,44.0,0,0
2249,2026-02-25 15:22,Direct,Brand Direct,Antwerp,1-9,Restaurant,64.0,1,0
2250,2026-02-25 16:12,Direct,Returning Visitors,East Flanders,1-9,Café,51.0,0,0
2251,2026-02-25 20:02,Email,Newsletter,Antwerp,1-9,Restaurant,79.0,1,1
2252,2026-02-25 13:20,Email,Newsletter,Brussels,10-49,Restaurant,72.0,0,0
2253,2026-02-25 11:20,Email,Newsletter,Walloon Brabant,1-9,Restaurant,73.0,1,1
2254,2026-02-25 15:05,Email,Lead Nurture,Antwerp,50+,Restaurant,56.0,0,0
2255,2026-02-25 19:00,Email,Lead Nurture,East Flanders,1-9,Bar,70.0,0,0
2256,2026-02-25 20:55,Email,Reactivation,Namur,10-49,Restaurant,49.0,1,1
2257,2026-02-25 15:32,Referral,Partner Network,Liège,10-49,Bar,64.0,1,1
2258,2026-02-26 13:30,Google Ads,High Intent Search,East Flanders,1-9,Restaurant,46.0,0,0
2259,2026-02-26 08:42,Google Ads,High Intent Search,Namur,10-49,Bar,61.0,0,0
2260,2026-02-26 08:51,Google Ads,High Intent Search,East Flanders,1-9,Restaurant,30.0,0,0
2261,2026-02-26 18:16,Google Ads,High Intent Search,Walloon Brabant,1-9,Restaurant,61.0,1,1
2262,2026-02-26 14:33,Google Ads,Competitor Search,Antwerp,1-9,Hotel,58.0,1,1
2263,2026-02-26 18:23,LinkedIn Ads,Decision Makers,Flemish Brabant,1-9,Restaurant,,1,1
2264,2026-02-26 21:38,LinkedIn Ads,Operations Leaders,Flemish Brabant,50+,Bar,79.0,0,0
2265,2026-02-26 11:11,Meta Ads,Awareness Video,Liège,1-9,Café,22.0,0,0
2266,2026-02-26 15:23,Meta Ads,Awareness Video,Walloon Brabant,1-9,Restaurant,31.0,0,0
2267,2026-02-26 14:57,Meta Ads,Awareness Video,Brussels,1-9,Restaurant,12.0,0,0
2268,2026-02-26 19:13,Meta Ads,Awareness Video,Brussels,1-9,Bar,22.0,0,0
2269,2026-02-26 17:54,Meta Ads,Awareness Video,Hainaut,1-9,Bar,14.0,0,0
2270,2026-02-26 13:55,Meta Ads,Retargeting,Liège,10-49,Restaurant,36.0,0,0
2271,2026-02-26 21:04,Organic Search,SEO Product Pages,East Flanders,1-9,Hotel,64.0,1,1
2272,2026-02-26 09:51,Organic Search,SEO Product Pages,Flemish Brabant,50+,Bar,71.0,1,1
2273,2026-02-26 09:56,Organic Search,SEO Product Pages,Antwerp,1-9,Bar,48.0,1,0
2274,2026-02-26 07:55,Organic Search,SEO Guides,East Flanders,1-9,Restaurant,67.0,1,0
2275,2026-02-26 13:59,Direct,Brand Direct,Walloon Brabant,1-9,Restaurant,61.0,0,0
2276,2026-02-26 08:49,Direct,Returning Visitors,Antwerp,50+,Restaurant,95.0,1,0
2277,2026-02-26 18:16,Direct,Demo Page Direct,Brussels,1-9,Bar,67.0,1,0
2278,2026-02-26 09:21,Email,Newsletter,East Flanders,10 - 49,Restaurant,79.0,1,1
2279,2026-02-26 14:11,Email,Newsletter,East Flanders,10-49,Restaurant,46.0,0,0
2280,2026-02-26 14:18,Email,Reactivation,Liège,1-9,Restaurant,74.0,1,0
2281,2026-02-26 16:52,Referral,Partner Network,Brussels,1-9,Restaurant,70.0,0,0
2282,2026-02-26 17:22,Referral,Customer Referral,Antwerp,1-9,Hotel,62.0,1,1
2283,2026-02-26 08:16,Referral,Customer Referral,Hainaut,10-49,Bar,69.0,0,0
2284,2026-02-26 08:21,Referral,Customer Referral,Liège,10-49,Restaurant,70.0,1,0
2285,2026-02-27 12:00,LinkedIn Ads,SMB Growth,Flemish Brabant,10-49,Restaurant,59.0,1,0
2286,2026-02-27 07:27,Meta Ads,Awareness Video,Brussels,50+,Bar,29.0,0,0
2287,2026-02-27 13:20,Meta Ads,Awareness Video,Antwerp,1-9,Bar,43.0,1,0
2288,2026-02-27 18:43,Meta Ads,Awareness Video,Flemish Brabant,1-9,Restaurant,42.0,0,0
2289,2026-02-27 09:06,Meta Ads,Awareness Video,Walloon Brabant,1-9,Restaurant,16.0,0,0
2290,2026-02-27 08:58,Meta Ads,Awareness Video,Liège,1-9,Restaurant,29.0,0,0
2291,2026-02-27 18:07,Meta Ads,Awareness Video,Hainaut,1-9,Bar,30.0,0,0
2292,2026-02-27 12:31,Meta Ads,Awareness Video,Hainaut,1-9,Restaurant,26.0,0,0
2293,2026-02-27 16:02,Meta Ads,Awareness Video,Brussels,1-9,Restaurant,12.0,0,0
2294,2026-02-27 21:20,Meta Ads,Awareness Video,Flemish Brabant,10-49,Restaurant,25.0,0,0
2295,2026-02-27 11:41,Meta Ads,Lead Magnet,East Flanders,10-49,Restaurant,53.0,0,0
2296,2026-02-27 19:40,Meta Ads,Lead Magnet,Liège,1-9,Restaurant,22.0,0,0
2297,2026-02-27 20:17,Meta Ads,Retargeting,Walloon Brabant,1-9,Restaurant,30.0,0,0
2298,2026-02-27 17:00,Organic Search,SEO Product Pages,Liège,50+,Snack,52.0,1,0
2299,2026-02-27 11:58,Organic Search,SEO Product Pages,Flemish Brabant,10-49,Restaurant,68.0,0,0
2300,2026-02-27 14:14,Organic Search,SEO Product Pages,Hainaut,1-9,Restaurant,40.0,0,0
2301,2026-02-27 18:37,Organic Search,SEO Guides,Hainaut,50+,Bar,60.0,0,0
2302,2026-02-27 18:34,Organic Search,SEO Guides,Brussels,1-9,Restaurant,53.0,0,0
2303,2026-02-27 10:09,Organic Search,SEO Guides,Walloon Brabant,10-49,Bar,43.0,0,0
2304,2026-02-27 10:22,Direct,Brand Direct,East Flanders,50+,Snack,63.0,1,1
2305,2026-02-27 19:02,Direct,Brand Direct,Brussels,1-9,Café,49.0,0,0
2306,2026-02-27 13:02,Direct,Brand Direct,Namur,1-9,Restaurant,53.0,1,1
2307,2026-02-27 09:57,Direct,Brand Direct,Antwerp,1-9,Hotel,60.0,1,0
2308,2026-02-27 11:59,Email,Newsletter,Flemish Brabant,10-49,Restaurant,51.0,0,0
2309,2026-02-27 19:24,Email,Newsletter,Liège,10-49,Restaurant,71.0,1,1
2310,2026-02-27 13:40,Email,Newsletter,East Flanders,10-49,Snack,48.0,1,1
2311,2026-02-27 18:04,Email,Newsletter,Brussels,50+,Restaurant,88.0,1,1
2312,2026-02-27 20:30,Email,Newsletter,Namur,1-9,Snack,58.0,0,0
2313,2026-02-27 09:40,Email,Lead Nurture,East Flanders,10-49,Restaurant,55.0,0,0
2314,2026-02-27 18:35,Email,Lead Nurture,Flemish Brabant,50+,Bar,68.0,1,1
2315,2026-02-27 14:12,Email,Reactivation,Walloon Brabant,10-49,Café,59.0,1,0
2316,2026-02-28 09:10,Google Ads,Restaurant Operations,Hainaut,10-49,Bar,38.0,1,1
2317,2026-02-28 09:34,Meta Ads,Awareness Video,Hainaut,10-49,Snack,32.0,0,0
2318,2026-02-28 14:01,Meta Ads,Summer Promo TEST,Walloon Brabant,10-49,Café,11.0,0,0
2319,2026-02-28 07:28,Meta Ads,Awareness Video,Hainaut,10-49,Restaurant,39.0,0,0
2320,2026-02-28 17:59,Meta Ads,Lead Magnet,Antwerp,1-9,Restaurant,47.0,0,0
2321,2026-02-28 11:21,Meta Ads,Retargeting,Liège,1-9,Bar,31.0,1,0
2322,2026-02-28 11:53,Organic Search,SEO Product Pages,East Flanders,1-9,Restaurant,59.0,1,0
2323,2026-02-28 18:24,Organic Search,SEO Product Pages,Brussels,1-9,Restaurant,51.0,0,0
2324,2026-02-28 18:50,Organic Search,SEO Guides,Brussels,10-49,Café,38.0,0,0
2325,2026-02-28 16:56,Organic Search,SEO Guides,Brussels,10-49,Bar,51.0,0,0
2326,2026-02-28 07:18,Organic Search,SEO Guides,Liège,1-9,Café,50.0,1,0
2327,2026-02-28 09:36,Organic Search,SEO Guides,Antwerp,1-9,Bar,55.0,0,0
2328,2026-02-28 12:56,Organic Search,SEO Comparison,Flemish Brabant,50+,Restaurant,77.0,1,1
2329,2026-02-28 18:23,Direct,Brand Direct,Namur,1-9,Restaurant,32.0,0,0
2330,2026-02-28 11:35,Email,Newsletter,Brussels,10-49,Bar,61.0,1,1
2331,2026-02-28 20:58,Referral,Partner Network,Brussels,50+,Café,79.0,1,1
2332,2026-03-01 09:40,Google Ads,High Intent Search,Liège,1-9,Restaurant,73.0,1,1
2333,2026-03-01 15:35,LinkedIn Ads,Decision Makers,Walloon Brabant,10-49,Café,58.0,0,0
2334,2026-03-01 13:24,Meta Ads,Awareness Video,Flemish Brabant,1-9,Bar,36.0,0,0
2335,2026-03-01 13:31,Meta Ads,Awareness Video,Namur,1-9,Restaurant,26.0,0,0
2336,2026-03-01 08:18,Meta Ads,Awareness Video,Hainaut,10-49,Restaurant,47.0,0,0
2337,2026-03-01 18:28,Meta Ads,Awareness Video,Namur,10-49,Restaurant,51.0,0,0
2338,2026-03-01 07:49,Meta Ads,Awareness Video,Flemish Brabant,10-49,Snack,31.0,0,1
2339,2026-03-01 19:02,Meta Ads,Awareness Video,Flemish Brabant,10-49,Snack,44.0,0,0
2340,2026-03-01 21:18,Meta Ads,Awareness Video,Hainaut,1-9,Restaurant,25.0,1,1
2341,2026-03-01 17:49,Meta Ads,Awareness Video,Liège,10-49,Snack,34.0,0,0
2342,2026-03-01 14:01,Meta Ads,Retargeting,Walloon Brabant,1-9,Restaurant,23.0,0,0
2343,2026-03-01 13:24,Organic Search,SEO Product Pages,Antwerp,10-49,Café,73.0,1,1
2344,2026-03-01 15:54,Organic Search,SEO Guides,Brussels,1-9,Snack,67.0,1,1
2345,2026-03-01 14:48,Organic Search,SEO Guides,Walloon Brabant,1-9,Café,47.0,1,0
2346,2026-03-01 08:14,Organic Search,SEO Guides,Brussels,10-49,Restaurant,55.0,0,0
2347,2026-03-01 18:30,Organic Search,SEO Comparison,Brussels,1-9,Café,40.0,0,0
2348,2026-03-01 14:45,Direct,Brand Direct,Antwerp,1-9,Restaurant,66.0,0,0
2349,2026-03-01 20:43,Direct,Brand Direct,Antwerp,1-9,Restaurant,52.0,0,0
2350,2026-03-01 07:08,Direct,Brand Direct,Antwerp,10-49,Restaurant,54.0,0,0
2351,2026-03-01 07:31,Email,Newsletter,Liège,10-49,Bar,62.0,1,1
2352,2026-03-01 18:06,Email,Newsletter,Hainaut,10-49,Restaurant,43.0,1,0
2353,2026-03-01 07:25,Email,Lead Nurture,Walloon Brabant,10-49,Restaurant,70.0,0,0
2354,2026-03-01 11:37,Email,Lead Nurture,Walloon Brabant,10-49,Snack,84.0,1,1
2355,2026-03-01 13:40,Email,Lead Nurture,Hainaut,1-9,Snack,48.0,1,1
2356,2026-03-01 09:37,Referral,Customer Referral,Flemish Brabant,50+,Restaurant,88.0,1,1
2357,2026-03-01 18:37,Referral,Customer Referral,Brussels,10-49,Snack,78.0,1,1
2358,2026-03-01 13:19,Referral,Industry Events,Walloon Brabant,1-9,Snack,76.0,0,0
2359,2026-03-01 14:36,Referral,Industry Events,Brussels,10-49,Hotel,68.0,1,1
2360,2026-03-02 12:55,Google Ads,High Intent Search,Walloon Brabant,1-9,Snack,46.0,0,0
2361,2026-03-02 13:28,Google Ads,High Intent Search,Antwerp,50+,Bar,54.0,1,0
2362,2026-03-02 14:59,LinkedIn Ads,Operations Leaders,Hainaut,50+,Bar,63.0,1,1
2363,2026-03-02 11:37,Meta Ads,Awareness Video,Brussels,1-9,Restaurant,36.0,0,0
2364,2026-03-02 14:58,Meta Ads,Awareness Video,Flemish Brabant,1-9,Restaurant,50.0,0,0
2365,2026-03-02 18:15,Meta Ads,Awareness Video,Flemish Brabant,10-49,Restaurant,20.0,0,0
2366,2026-03-02 07:29,Meta Ads,Awareness Video,Liège,50+,Restaurant,35.0,0,0
2367,2026-03-02 15:38,Meta Ads,Lead Magnet,Brussels,10-49,Restaurant,54.0,1,0
2368,2026-03-02 16:31,Meta Ads,Retargeting,Brussels,10-49,Hotel,26.0,0,0
2369,2026-03-02 07:08,Organic Search,SEO Product Pages,Liège,10-49,Bar,55.0,1,0
2370,2026-03-02 16:16,Organic Search,SEO Product Pages,Namur,1-9,Restaurant,58.0,1,1
2371,2026-03-02 12:56,Organic Search,SEO Product Pages,Brussels,50+,Restaurant,62.0,0,0
2372,2026-03-02 18:00,Organic Search,SEO Product Pages,East Flanders,10-49,Snack,60.0,1,1
2373,2026-03-02 21:10,Organic Search,SEO Guides,East Flanders,1-9,Restaurant,18.0,0,0
2374,2026-03-02 16:09,Organic Search,SEO Guides,East Flanders,50+,Restaurant,76.0,1,0
2375,2026-03-02 12:33,Organic Search,SEO Comparison,Antwerp,1-9,Snack,97.0,1,1
2376,2026-03-02 09:08,Direct,Returning Visitors,Brussels,1-9,Bar,55.0,1,0
2377,2026-03-02 09:04,Direct,Returning Visitors,Walloon Brabant,1-9,Bar,75.0,1,1
2378,2026-03-02 21:12,Direct,Demo Page Direct,Liège,10-49,Hotel,65.0,1,0
2379,2026-03-02 09:54,Direct,Demo Page Direct,Antwerp,1-9,Restaurant,70.0,1,0
2380,2026-03-02 16:58,Email,Newsletter,Hainaut,10-49,Snack,76.0,1,1
2381,2026-03-02 07:10,Email,Reactivation,Flemish Brabant,10-49,Snack,60.0,0,0
2382,2026-03-02 18:28,Referral,Partner Network,Flemish Brabant,10-49,Restaurant,91.0,1,1
2383,2026-03-02 07:13,Referral,Partner Network,Brussels,1-9,Restaurant,71.0,1,0
2384,2026-03-02 11:02,Referral,Customer Referral,Antwerp,1-9,Restaurant,84.0,1,1
2385,2026-03-02 13:18,Referral,Customer Referral,Antwerp,1-9,Restaurant,79.0,1,1
2386,2026-03-03 14:50,Google Ads,High Intent Search,Liège,10-49,Bar,57.0,0,0
2387,2026-03-03 21:12,Google Ads,High Intent Search,Hainaut,10-49,Restaurant,45.0,0,0
2388,2026-03-03 14:03,Google Ads,High Intent Search,Hainaut,1-9,Restaurant,33.0,0,0
2389,2026-03-03 09:51,Google Ads,Competitor Search,Antwerp,1-9,Restaurant,49.0,1,0
2390,2026-03-03 08:27,Meta Ads,Awareness Video,Antwerp,10-49,Bar,34.0,0,0
2391,2026-03-03 18:29,Meta Ads,Awareness Video,East Flanders,10-49,Restaurant,32.0,0,0
2392,2026-03-03 21:28,Meta Ads,Awareness Video,East Flanders,1-9,Restaurant,7.0,0,0
2393,2026-03-03 11:36,Meta Ads,Awareness Video,Hainaut,1-9,Bar,18.0,1,0
2394,2026-03-03 20:28,Meta Ads,Lead Magnet,Brussels,1-9,Bar,34.0,1,0
2395,2026-03-03 17:46,Meta Ads,Retargeting,Liège,1-9,Bar,57.0,0,0
2396,2026-03-03 09:55,Organic Search,SEO Product Pages,Hainaut,10-49,Bar,38.0,0,0
2397,2026-03-03 08:12,Organic Search,SEO Product Pages,Walloon Brabant,1-9,Restaurant,72.0,1,1
2398,2026-03-03 09:23,Organic Search,SEO Guides,Namur,10-49,Café,48.0,0,0
2399,2026-03-03 15:31,Organic Search,SEO Comparison,East Flanders,1-9,Snack,69.0,1,1
2400,2026-03-03 17:13,Direct,Brand Direct,Antwerp,1-9,Restaurant,69.0,0,0
2401,2026-03-03 14:47,Direct,Brand Direct,Brussels,1-9,Bar,73.0,1,1
2402,2026-03-03 15:31,Direct,Brand Direct,Liège,10-49,Café,68.0,1,1
2403,2026-03-03 16:14,Direct,Returning Visitors,Antwerp,1-9,Restaurant,40.0,1,1
2404,2026-03-03 11:34,Direct,Returning Visitors,Namur,1-9,Restaurant,100.0,1,1
2405,2026-03-03 10:34,Direct,Demo Page Direct,Brussels,1-9,Restaurant,50.0,0,0
2406,2026-03-03 11:28,Email,Newsletter,Brussels,1-9,Bar,66.0,0,1
2407,2026-03-03 13:55,Email,Newsletter,Brussels,1-9,Café,67.0,1,1
2408,2026-03-03 13:23,Email,Newsletter,Flemish Brabant,50+,Restaurant,63.0,1,1
2409,2026-03-03 12:47,Email,Newsletter,Brussels,1-9,Restaurant,62.0,1,1
2410,2026-03-03 09:05,Email,Lead Nurture,Hainaut,1-9,Bar,63.0,1,1
2411,2026-03-03 13:36,Email,Lead Nurture,Antwerp,10-49,Restaurant,64.0,1,1
2412,2026-03-03 18:52,Referral,Customer Referral,Hainaut,50+,Restaurant,84.0,1,1
2413,2026-03-03 18:47,Referral,Customer Referral,Antwerp,10-49,Bar,66.0,1,1
2414,2026-03-04 14:55,Google Ads,High Intent Search,Brussels,1-9,Restaurant,60.0,1,0
2415,2026-03-04 10:33,Google Ads,Competitor Search,Hainaut,1-9,Restaurant,41.0,0,0
2416,2026-03-04 12:13,Google Ads,Restaurant Operations,Hainaut,10-49,Restaurant,37.0,0,0
2417,2026-03-04 19:07,Google Ads,Restaurant Operations,Liège,1-9,Café,59.0,1,0
2418,2026-03-04 10:45,LinkedIn Ads,Decision Makers,Antwerp,10-49,Bar,79.0,1,0
2419,2026-03-04 16:58,Meta Ads,Awareness Video,Liège,1-9,Restaurant,36.0,0,0
2420,2026-03-04 16:49,Meta Ads,Awareness Video,East Flanders,10-49,Restaurant,33.0,0,1
2421,2026-03-04 17:27,Meta Ads,Awareness Video,Namur,1-9,Snack,18.0,0,0
2422,2026-03-04 19:51,Meta Ads,Awareness Video,Flemish Brabant,1-9,Restaurant,31.0,0,0
2423,2026-03-04 11:20,Organic Search,SEO Product Pages,Liège,1-9,Restaurant,65.0,0,0
2424,2026-03-04 09:12,Organic Search,SEO Product Pages,Antwerp,1-9,Snack,54.0,0,0
2425,2026-03-04 11:20,Organic Search,SEO Product Pages,Flemish Brabant,1-9,Snack,32.0,0,0
2426,2026-03-04 16:42,Organic Search,SEO Guides,Antwerp,1-9,Café,48.0,1,0
2427,2026-03-04 07:01,Organic Search,SEO Guides,Flemish Brabant,1-9,Café,28.0,0,0
2428,2026-03-04 12:34,Organic Search,SEO Guides,Flemish Brabant,1-9,Restaurant,69.0,0,0
2429,2026-03-04 18:03,Organic Search,SEO Comparison,Walloon Brabant,10-49,Restaurant,50.0,1,1
2430,2026-03-04 21:29,Direct,Brand Direct,Brussels,1-9,Restaurant,53.0,0,0
2431,2026-03-04 07:54,Direct,Brand Direct,Hainaut,1-9,Bar,62.0,0,0
2432,2026-03-04 07:43,Direct,Brand Direct,Hainaut,10-49,Restaurant,59.0,1,0
2433,2026-03-04 18:49,Direct,Brand Direct,Antwerp,1-9,Bar,46.0,1,1
2434,2026-03-04 12:14,Email,Newsletter,Walloon Brabant,10-49,Café,62.0,1,0
2435,2026-03-04 20:29,Email,Newsletter,Brussels,1-9,Restaurant,63.0,1,1
2436,2026-03-04 15:20,Email,Lead Nurture,Liège,1-9,Bar,88.0,1,1
2437,2026-03-04 18:13,Referral,Partner Network,Walloon Brabant,1-9,Restaurant,76.0,1,1
2438,2026-03-04 21:24,Referral,Customer Referral,Antwerp,50+,Restaurant,70.0,1,0
2439,2026-03-05 19:26,Google Ads,High Intent Search,Liège,10-49,Restaurant,52.0,0,0
2440,2026-03-05 15:37,Google Ads,High Intent Search,Antwerp,1-9,Snack,37.0,0,0
2441,2026-03-05 19:16,Google Ads,Restaurant Operations,Flemish Brabant,50+,Snack,65.0,1,1
2442,2026-03-05 08:51,Google Ads,Restaurant Operations,Walloon Brabant,1-9,Bar,61.0,1,0
2443,2026-03-05 20:25,Meta Ads,Awareness Video,Hainaut,50+,Bar,44.0,1,1
2444,2026-03-05 18:57,Meta Ads,Awareness Video,Antwerp,1-9,Bar,43.0,1,0
2445,2026-03-05 08:20,Meta Ads,Awareness Video,Antwerp,50+,Restaurant,36.0,1,1
2446,2026-03-05 18:05,Meta Ads,Lead Magnet,WALLOON BRABANT,1-9,Restaurant,20.0,0,0
2447,2026-03-05 15:20,Meta Ads,Retargeting,Brussels,1-9,Restaurant,33.0,1,0
2448,2026-03-05 13:52,Organic Search,SEO Product Pages,Antwerp,1-9,Snack,39.0,1,0
2449,2026-03-05 07:57,Organic Search,SEO Product Pages,Antwerp,10-49,Bar,67.0,1,1
2450,2026-03-05 21:04,Organic Search,SEO Product Pages,Liège,1-9,Restaurant,31.0,0,0
2451,2026-03-05 16:44,Organic Search,SEO Product Pages,Hainaut,1-9,Restaurant,37.0,0,0
2452,2026-03-05 13:55,Organic Search,SEO Product Pages,Antwerp,1-9,Restaurant,53.0,0,0
2453,2026-03-05 21:46,Organic Search,SEO Guides,Liège,1-9,Restaurant,41.0,0,0
2454,2026-03-05 12:53,Organic Search,SEO Guides,Brussels,1-9,Restaurant,35.0,0,0
2455,2026-03-05 11:50,Organic Search,SEO Comparison,Brussels,10-49,Café,80.0,0,0
2456,2026-03-05 08:46,Direct,Brand Direct,Brussels,1-9,Restaurant,47.0,0,0
2457,2026-03-05 08:28,Direct,Brand Direct,Hainaut,1-9,Bar,24.0,0,0
2458,2026-03-05 10:42,Direct,Brand Direct,Brussels,10-49,Bar,76.0,1,1
2459,2026-03-05 08:44,Direct,Returning Visitors,Brussels,1-9,Bar,69.0,1,1
2460,2026-03-05 16:45,Direct,Returning Visitors,Hainaut,1-9,Hotel,69.0,1,0
2461,2026-03-05 19:13,Direct,Returning Visitors,Antwerp,1-9,Hotel,59.0,0,0
2462,2026-03-05 08:22,Email,Newsletter,Brussels,50+,Hotel,95.0,1,0
2463,2026-03-05 08:03,Email,Newsletter,Liège,10-49,Restaurant,98.0,1,0
2464,2026-03-05 15:45,Email,Newsletter,Flemish Brabant,1-9,Restaurant,80.0,1,1
2465,2026-03-05 16:32,Email,Newsletter,Walloon Brabant,1-9,Restaurant,69.0,0,0
2466,2026-03-05 11:22,Email,Lead Nurture,Brussels,1-9,Hotel,57.0,0,0
2467,2026-03-05 11:49,Email,Lead Nurture,East Flanders,1-9,Snack,80.0,1,1
2468,2026-03-05 08:56,Email,Lead Nurture,Antwerp,1-9,Restaurant,55.0,1,1
2469,2026-03-05 15:33,Email,Lead Nurture,Walloon Brabant,50+,Restaurant,58.0,1,0
2470,2026-03-05 12:53,Referral,Partner Network,Brussels,10-49,Snack,84.0,1,1
2471,2026-03-06 08:20,Google Ads,High Intent Search,Liège,50+,Restaurant,59.0,1,1
2472,2026-03-06 20:50,Google Ads,Competitor Search,Antwerp,10-49,Restaurant,75.0,0,0
2473,2026-03-06 18:17,LinkedIn Ads,Operations Leaders,East Flanders,10-49,Hotel,56.0,1,1
2474,2026-03-06 12:00,Meta Ads,Awareness Video,East Flanders,1-9,Restaurant,40.0,0,0
2475,2026-03-06 10:18,Meta Ads,Awareness Video,Liège,1-9,Snack,36.0,0,0
2476,2026-03-06 16:31,Meta Ads,Awareness Video,Antwerp,1-9,Café,13.0,0,0
2477,2026-03-06 21:42,Meta Ads,Awareness Video,Namur,1-9,Café,14.0,0,0
2478,2026-03-06 11:40,Meta Ads,Retargeting,Liège,10-49,Restaurant,53.0,0,0
2479,2026-03-06 18:16,Meta Ads,Retargeting,East Flanders,50+,Café,36.0,0,0
2480,2026-03-06 07:40,Organic Search,SEO Product Pages,Brussels,10-49,Restaurant,39.0,0,0
2481,2026-03-06 09:31,Organic Search,SEO Product Pages,Hainaut,10-49,Snack,44.0,1,0
2482,2026-03-06 11:55,Organic Search,SEO Product Pages,Flemish Brabant,10-49,Restaurant,81.0,1,0
2483,2026-03-06 07:29,Organic Search,SEO Guides,Flemish Brabant,50+,Restaurant,69.0,1,0
2484,2026-03-06 17:37,Direct,Brand Direct,East Flanders,1-9,Restaurant,55.0,0,0
2485,2026-03-06 10:50,Direct,Brand Direct,Antwerp,10-49,Restaurant,53.0,1,1
2486,2026-03-06 20:08,Direct,Returning Visitors,Flemish Brabant,10-49,Snack,69.0,1,0
2487,2026-03-06 07:19,Email,Newsletter,Flemish Brabant,10-49,Restaurant,65.0,0,0
2488,2026-03-06 14:19,Email,Reactivation,Antwerp,1-9,Restaurant,55.0,1,1
2489,2026-03-06 19:14,Email,Reactivation,Flemish Brabant,1-9,Bar,64.0,0,0
2490,2026-03-06 19:12,Referral,Customer Referral,Brussels,1-9,Café,69.0,1,0
2491,2026-03-06 08:46,Referral,Industry Events,Brussels,10-49,Hotel,100.0,1,1
2492,2026-03-07 21:45,Google Ads,High Intent Search,Walloon Brabant,1-9,Restaurant,66.0,1,0
2493,2026-03-07 14:23,Meta Ads,Awareness Video,Namur,1-9,Restaurant,29.0,1,0
2494,2026-03-07 21:17,Meta Ads,Awareness Video,Flemish Brabant,10-49,Hotel,35.0,1,0
2495,2026-03-07 11:27,Meta Ads,Lead Magnet,Walloon Brabant,1-9,Restaurant,39.0,0,0
2496,2026-03-07 12:52,Meta Ads,Lead Magnet,Antwerp,50+,Restaurant,66.0,1,0
2497,2026-03-07 16:29,Meta Ads,Lead Magnet,Antwerp,10-49,Bar,48.0,1,0
2498,2026-03-07 11:32,Meta Ads,Lead Magnet,Flemish Brabant,1-9,Café,27.0,0,0
2499,2026-03-07 09:03,Meta Ads,Retargeting,East Flanders,10-49,Snack,61.0,0,0
2500,2026-03-07 16:28,Organic Search,SEO Product Pages,Walloon Brabant,10-49,Bar,51.0,0,0
2501,2026-03-07 19:54,Organic Search,SEO Guides,Antwerp,1-9,Restaurant,51.0,0,0
2502,2026-03-07 12:29,Organic Search,SEO Comparison,East Flanders,1-9,Restaurant,57.0,1,0
2503,2026-03-07 07:32,Direct,Brand Direct,Brussels,10-49,Café,70.0,1,0
2504,2026-03-07 12:14,Direct,Returning Visitors,Flemish Brabant,1-9,Restaurant,38.0,0,0
2505,2026-03-07 16:44,Email,Lead Nurture,East Flanders,10-49,Restaurant,62.0,1,1
2506,2026-03-07 14:05,Email,Reactivation,Hainaut,1-9,Restaurant,50.0,0,0
2507,2026-03-08 16:21,Google Ads,High Intent Search,Liège,1-9,Restaurant,39.0,0,0
2508,2026-03-08 10:06,Google Ads,Competitor Search,Flemish Brabant,50+,Café,44.0,1,0
2509,2026-03-08 11:59,Google Ads,Competitor Search,Antwerp,1-9,Bar,26.0,0,0
2510,2026-03-08 18:34,Google Ads,Restaurant Operations,Namur,10-49,Restaurant,35.0,0,0
2511,2026-03-08 10:30,LinkedIn Ads,SMB Growth,Namur,50+,Restaurant,55.0,0,0
2512,2026-03-08 13:37,Meta Ads,Awareness Video,East Flanders,1-9,Bar,27.0,0,0
2513,2026-03-08 13:20,Meta Ads,Awareness Video,Liège,1-9,Restaurant,18.0,0,0
2514,2026-03-08 18:03,Meta Ads,Awareness Video,Antwerp,10-49,Restaurant,51.0,1,0
2515,2026-03-08 10:10,Meta Ads,Lead Magnet,Hainaut,10-49,Snack,56.0,0,0
2516,2026-03-08 19:06,Meta Ads,Retargeting,Bruxelles,10-49,Snack,35.0,0,0
2517,2026-03-08 11:48,Organic Search,SEO Product Pages,East Flanders,1-9,Restaurant,54.0,0,0
2518,2026-03-08 20:56,Organic Search,SEO Product Pages,Liège,1-9,Snack,67.0,0,0
2519,2026-03-08 15:51,Organic Search,SEO Product Pages,Hainaut,10-49,Restaurant,63.0,1,0
2520,2026-03-08 15:33,Organic Search,SEO Guides,Antwerp,1-9,Restaurant,66.0,0,0
2521,2026-03-08 13:22,Organic Search,SEO Guides,East Flanders,1-9,Café,47.0,1,0
2522,2026-03-08 08:05,Organic Search,SEO Guides,Brussels,50+,Restaurant,52.0,0,0
2523,2026-03-08 14:27,Organic Search,SEO Comparison,Hainaut,1-9,Café,59.0,0,0
2524,2026-03-08 19:23,Direct,Brand Direct,Brussels,1-9,Restaurant,35.0,1,1
2525,2026-03-08 16:15,Direct,Brand Direct,Namur,10-49,Hotel,68.0,1,0
2526,2026-03-08 12:35,Email,Newsletter,Walloon Brabant,1-9,Restaurant,67.0,0,0
2527,2026-03-08 14:38,Referral,Industry Events,Walloon Brabant,1-9,Restaurant,65.0,1,0
2528,2026-03-09 07:26,Google Ads,High Intent Search,Liège,10-49,Café,54.0,0,0
2529,2026-03-09 17:28,Meta Ads,Awareness Video,Hainaut,1-9,Snack,33.0,1,1
2530,2026-03-09 12:38,Meta Ads,Awareness Video,Brussels,10-49,Restaurant,46.0,0,0
2531,2026-03-09 18:08,Meta Ads,Awareness Video,East Flanders,1-9,Restaurant,26.0,0,0
2532,2026-03-09 16:35,Meta Ads,Awareness Video,Antwerp,1-9,Restaurant,28.0,0,0
2533,2026-03-09 16:03,Meta Ads,Lead Magnet,Brussels,1-9,Restaurant,27.0,0,0
2534,2026-03-09 19:43,Meta Ads,Lead Magnet,Brussels,50+,Bar,31.0,0,0
2535,2026-03-09 08:43,Meta Ads,Retargeting,Flemish Brabant,1-9,Hotel,34.0,0,0
2536,2026-03-09 15:05,Organic Search,SEO Product Pages,East Flanders,1-9,Bar,29.0,0,0
2537,2026-03-09 20:14,Organic Search,SEO Guides,Liège,10-49,Restaurant,59.0,1,0
2538,2026-03-09 13:09,Organic Search,SEO Comparison,Namur,10-49,Snack,73.0,1,1
2539,2026-03-09 13:47,Direct,Brand Direct,Liège,1-9,Restaurant,66.0,0,0
2540,2026-03-09 07:03,Direct,Brand Direct,Namur,1-9,Café,28.0,0,0
2541,2026-03-09 18:38,Direct,Brand Direct,Hainaut,1-9,Restaurant,41.0,0,0
2542,2026-03-09 21:15,Direct,Brand Direct,Hainaut,1-9,Bar,45.0,0,0
2543,2026-03-09 17:27,Direct,Returning Visitors,Antwerp,1-9,Bar,47.0,1,0
2544,2026-03-09 07:53,Direct,Returning Visitors,Hainaut,10-49,Café,74.0,0,0
2545,2026-03-09 12:03,Direct,Demo Page Direct,Liège,10-49,Bar,44.0,0,0
2546,2026-03-09 16:09,Email,Newsletter,Antwerp,1-9,Restaurant,64.0,1,0
2547,2026-03-09 17:58,Email,Newsletter,Brussels,1-9,Snack,43.0,0,0
2548,2026-03-09 12:38,Email,Lead Nurture,Antwerp,10-49,Hotel,61.0,0,0
2549,2026-03-09 15:10,Referral,Partner Network,Brussels,10-49,Restaurant,79.0,1,1
2550,2026-03-09 21:50,Referral,Industry Events,Flemish Brabant,1-9,Snack,85.0,1,0
2551,2026-03-10 18:01,Google Ads,High Intent Search,Flemish Brabant,1-9,Café,65.0,1,0
2552,2026-03-10 10:25,Google Ads,Competitor Search,Brussels,1-9,Snack,19.0,0,0
2553,2026-03-10 10:38,LinkedIn Ads,Decision Makers,Walloon Brabant,50+,Restaurant,78.0,1,1
2554,2026-03-10 21:22,LinkedIn Ads,Decision Makers,East Flanders,1-9,Café,69.0,0,0
2555,2026-03-10 17:53,Meta Ads,Awareness Video,Brussels,1-9,Snack,15.0,0,0
2556,2026-03-10 18:34,Meta Ads,Awareness Video,Brussels,1-9,Restaurant,17.0,0,0
2557,2026-03-10 20:50,Meta Ads,Awareness Video,Hainaut,1-9,Bar,14.0,0,0
2558,2026-03-10 20:43,Meta Ads,Awareness Video,Liège,1-9,Restaurant,11.0,0,0
2559,2026-03-10 19:11,Meta Ads,Lead Magnet,Antwerp,1-9,Restaurant,57.0,0,0
2560,2026-03-10 19:34,Organic Search,SEO Product Pages,Flemish Brabant,1-9,Snack,46.0,1,1
2561,2026-03-10 17:55,Organic Search,SEO Product Pages,Liège,1-9,Café,62.0,0,0
2562,2026-03-10 10:58,Organic Search,SEO Guides,Liège,1-9,Restaurant,64.0,1,1
2563,2026-03-10 16:01,Organic Search,SEO Guides,Namur,1-9,Snack,37.0,0,0
2564,2026-03-10 10:31,Organic Search,SEO Guides,East Flanders,1-9,Café,57.0,1,1
2565,2026-03-10 08:14,Organic Search,SEO Guides,Hainaut,1-9,Restaurant,57.0,1,1
2566,2026-03-10 15:38,Direct,Brand Direct,Walloon Brabant,10-49,Hotel,71.0,1,0
2567,2026-03-10 21:36,Direct,Brand Direct,Brussels,10-49,Restaurant,58.0,1,0
2568,2026-03-10 09:00,Direct,Brand Direct,Brussels,10-49,Bar,60.0,1,0
2569,2026-03-10 20:12,Email,Newsletter,Hainaut,1-9,Café,59.0,1,1
2570,2026-03-10 07:35,Email,Lead Nurture,Brussels,10-49,Restaurant,64.0,1,0
2571,2026-03-10 14:04,Email,Reactivation,Brussels,1-9,Café,40.0,1,0
2572,2026-03-10 15:22,Email,Reactivation,East Flanders,1-9,Restaurant,70.0,0,0
2573,2026-03-10 18:54,Referral,Partner Network,Brussels,1-9,Hotel,87.0,1,0
2574,2026-03-10 13:22,Referral,Customer Referral,Flemish Brabant,1-9,Restaurant,57.0,0,0
2575,2026-03-10 10:18,Referral,Customer Referral,Antwerp,1-9,Café,65.0,1,1
2576,2026-03-11 09:26,Google Ads,Competitor Search,Liège,1-9,Snack,47.0,0,0
2577,2026-03-11 12:13,Google Ads,Restaurant Operations,Hainaut,1-9,Hotel,76.0,1,1
2578,2026-03-11 15:41,Google Ads,Restaurant Operations,Antwerp,10-49,Café,67.0,1,1
2579,2026-03-11 19:36,Meta Ads,Awareness Video,Antwerp,50+,Restaurant,36.0,0,0
2580,2026-03-11 15:39,Meta Ads,Summer Promo TEST,Liège,1-9,Café,24.0,0,0
2581,2026-03-11 15:32,Meta Ads,Awareness Video,Antwerp,10-49,Restaurant,57.0,1,0
2582,2026-03-11 15:42,Meta Ads,Lead Magnet,Liège,1-9,Restaurant,33.0,0,0
2583,2026-03-11 20:26,Meta Ads,Lead Magnet,Walloon Brabant,1 - 9,Snack,28.0,0,0
2584,2026-03-11 16:40,Meta Ads,Retargeting,Namur,10-49,Snack,34.0,1,0
2585,2026-03-11 18:04,Meta Ads,Retargeting,Brussels,1-9,Snack,36.0,1,0
2586,2026-03-11 10:57,Organic Search,SEO Product Pages,Walloon Brabant,1-9,Bar,41.0,0,0
2587,2026-03-11 13:38,Organic Search,SEO Guides,Brussels,10-49,Restaurant,50.0,1,0
2588,2026-03-11 09:08,Direct,Brand Direct,Brussels,1-9,Restaurant,52.0,1,0
2589,2026-03-11 20:48,Direct,Brand Direct,Brussels,1-9,Café,61.0,0,0
2590,2026-03-11 17:38,Direct,Brand Direct,East Flanders,1-9,Hotel,32.0,0,0
2591,2026-03-11 13:27,Direct,Brand Direct,Antwerp,1-9,Restaurant,62.0,0,0
2592,2026-03-11 15:57,Direct,Brand Direct,East Flanders,1-9,Restaurant,35.0,1,0
2593,2026-03-11 08:57,Direct,Brand Direct,Brussels,10-49,Restaurant,68.0,1,0
2594,2026-03-11 13:38,Direct,Returning Visitors,Flemish Brabant,1-9,Restaurant,71.0,1,0
2595,2026-03-11 19:34,Email,Newsletter,Antwerp,1-9,Bar,37.0,0,0
2596,2026-03-11 13:38,Email,Newsletter,Antwerp,1-9,Restaurant,61.0,0,0
2597,2026-03-11 15:09,Email,Newsletter,East Flanders,10-49,Snack,52.0,0,0
2598,2026-03-11 20:27,Email,Lead Nurture,Namur,1-9,Café,62.0,0,0
2599,2026-03-11 09:23,Email,Reactivation,Antwerp,10-49,Restaurant,42.0,1,0
2600,2026-03-11 09:57,Referral,Customer Referral,Liège,1-9,Bar,64.0,1,1
2601,2026-03-11 14:54,Referral,Customer Referral,Antwerp,10-49,Restaurant,89.0,1,0
2602,2026-03-12 14:21,Google Ads,High Intent Search,Brussels,1-9,Café,41.0,1,1
2603,2026-03-12 07:39,LinkedIn Ads,SMB Growth,Brussels,10-49,Restaurant,71.0,0,0
2604,2026-03-12 08:33,Meta Ads,Awareness Video,Antwerp,1-9,Restaurant,10.0,0,0
2605,2026-03-12 17:44,Meta Ads,Awareness Video,Hainaut,10-49,Restaurant,28.0,0,0
2606,2026-03-12 07:58,Meta Ads,Awareness Video,Antwerp,1-9,Snack,16.0,0,0
2607,2026-03-12 08:09,Meta Ads,Awareness Video,East Flanders,10-49,Restaurant,,0,0
2608,2026-03-12 21:34,Meta Ads,Awareness Video,East Flanders,1-9,Café,24.0,0,0
2609,2026-03-12 14:51,Meta Ads,Lead Magnet,Flemish Brabant,10-49,Hotel,42.0,0,0
2610,2026-03-12 12:10,Meta Ads,Lead Magnet,Antwerp,1-9,Restaurant,36.0,0,0
2611,2026-03-12 10:14,Meta Ads,Lead Magnet,East Flanders,10-49,Restaurant,32.0,0,0
2612,2026-03-12 14:26,Meta Ads,Lead Magnet,Hainaut,10-49,Restaurant,37.0,0,0
2613,2026-03-12 08:43,Meta Ads,Lead Magnet,Brussels,10-49,Bar,36.0,1,0
2614,2026-03-12 14:48,Meta Ads,Retargeting,Antwerp,1-9,Restaurant,51.0,0,0
2615,2026-03-12 11:51,Meta Ads,Retargeting,Flemish Brabant,50+,Restaurant,69.0,1,0
2616,2026-03-12 11:49,Meta Ads,Retargeting,Flemish Brabant,10-49,Restaurant,50.0,0,0
2617,2026-03-12 16:41,Meta Ads,Retargeting,Brussels,1-9,Restaurant,49.0,0,0
2618,2026-03-12 11:56,Organic Search,SEO Product Pages,Liège,10-49,Bar,39.0,0,0
2619,2026-03-12 07:16,Organic Search,SEO Product Pages,Brussels,1-9,Bar,44.0,1,1
2620,2026-03-12 20:46,Organic Search,SEO Product Pages,Namur,10-49,Restaurant,60.0,1,0
2621,2026-03-12 15:10,Organic Search,SEO Product Pages,Hainaut,10-49,Restaurant,53.0,0,0
2622,2026-03-12 07:51,Organic Search,SEO Product Pages,Namur,10-49,Restaurant,58.0,0,0
2623,2026-03-12 18:45,Organic Search,SEO Product Pages,East Flanders,50+,Café,61.0,1,1
2624,2026-03-12 12:44,Organic Search,SEO Guides,Namur,1-9,Café,47.0,0,0
2625,2026-03-12 08:58,Organic Search,SEO Comparison,East Flanders,10-49,Restaurant,71.0,1,0
2626,2026-03-12 13:47,Direct,Brand Direct,Brussels,1-9,Restaurant,46.0,0,0
2627,2026-03-12 18:34,Direct,Demo Page Direct,Antwerp,1-9,Restaurant,61.0,1,1
2628,2026-03-12 19:38,Email,Reactivation,Namur,50+,Café,64.0,1,1
2629,2026-03-12 16:13,Referral,Customer Referral,Antwerp,10-49,Restaurant,80.0,1,1
2630,2026-03-12 17:47,Referral,Customer Referral,Antwerp,10-49,Restaurant,83.0,1,0
2631,2026-03-12 11:18,Referral,Customer Referral,Walloon Brabant,10-49,Snack,100.0,1,0
2632,2026-03-12 21:43,Referral,Customer Referral,Walloon Brabant,50+,Café,85.0,1,1
2633,2026-03-12 14:22,Referral,Industry Events,Brussels,1-9,Café,60.0,0,0
2634,2026-03-13 14:06,Google Ads,High Intent Search,Antwerp,1-9,Bar,49.0,0,0
2635,2026-03-13 14:08,Google Ads,High Intent Search,Antwerp,10-49,Restaurant,64.0,0,0
2636,2026-03-13 13:50,Google Ads,High Intent Search,Brussels,1-9,Restaurant,58.0,1,1
2637,2026-03-13 20:04,Google Ads,Competitor Search,Hainaut,1-9,Snack,68.0,1,0
2638,2026-03-13 08:29,Google Ads,Competitor Search,Flemish Brabant,1-9,Bar,47.0,0,0
2639,2026-03-13 08:31,Google Ads,Restaurant Operations,Liège,1-9,Bar,53.0,1,1
2640,2026-03-13 17:09,LinkedIn Ads,SMB Growth,Liège,10-49,Snack,56.0,1,0
2641,2026-03-13 11:19,LinkedIn Ads,SMB Growth,Antwerp,50+,Restaurant,33.0,0,0
2642,2026-03-13 11:04,Meta Ads,Awareness Video,Brussels,1-9,Restaurant,31.0,0,0
2643,2026-03-13 08:37,Meta Ads,Awareness Video,Hainaut,1-9,Snack,8.0,0,0
2644,2026-03-13 10:47,Meta Ads,Awareness Video,Liège,1-9,Restaurant,25.0,0,0
2645,2026-03-13 07:34,Meta Ads,Awareness Video,Flemish Brabant,1-9,Restaurant,30.0,0,0
2646,2026-03-13 13:28,Meta Ads,Awareness Video,Brussels,1-9,Restaurant,0.0,0,0
2647,2026-03-13 10:02,Meta Ads,Awareness Video,Hainaut,10-49,Café,23.0,0,0
2648,2026-03-13 08:51,Meta Ads,Awareness Video,Brussels,1-9,Restaurant,38.0,0,0
2649,2026-03-13 17:19,Meta Ads,Lead Magnet,Brussels,50+,Restaurant,52.0,1,1
2650,2026-03-13 21:49,Meta Ads,Lead Magnet,Walloon Brabant,10-49,Restaurant,36.0,0,0
2651,2026-03-13 15:42,Meta Ads,Lead Magnet,East Flanders,1-9,Restaurant,29.0,0,0
2652,2026-03-13 21:59,Meta Ads,Retargeting,Brussels,1-9,Bar,51.0,0,0
2653,2026-03-13 18:54,Meta Ads,Retargeting,East Flanders,1-9,Restaurant,38.0,1,1
2654,2026-03-13 12:51,Organic Search,SEO Product Pages,Brussels,10 - 49,Café,60.0,0,0
2655,2026-03-13 15:46,Organic Search,SEO Product Pages,Brussels,1-9,Hotel,56.0,1,0
2656,2026-03-13 11:31,Organic Search,SEO Guides,Antwerp,1-9,Restaurant,43.0,0,0
2657,2026-03-13 21:13,Organic Search,SEO Guides,East Flanders,1-9,Restaurant,41.0,0,0
2658,2026-03-13 19:00,Organic Search,SEO Guides,Flemish Brabant,1-9,Snack,67.0,1,0
2659,2026-03-13 12:14,Organic Search,SEO Guides,Brussels,1-9,Hotel,48.0,0,0
2660,2026-03-13 18:40,Organic Search,SEO Comparison,Namur,1-9,Café,52.0,1,0
2661,2026-03-13 19:25,Organic Search,SEO Comparison,East Flanders,10-49,Bar,44.0,0,0
2662,2026-03-13 19:05,Email,Reactivation,namur ,1-9,Bar,64.0,0,0
2663,2026-03-13 14:25,Referral,Customer Referral,Brussels,50+,Café,,1,1
2664,2026-03-14 17:37,Google Ads,Competitor Search,East Flanders,10-49,Café,72.0,0,0
2665,2026-03-14 09:52,Google Ads,Restaurant Operations,East Flanders,10-49,Café,60.0,1,0
2666,2026-03-14 17:08,Meta Ads,Awareness Video,Walloon Brabant,10-49,Restaurant,34.0,1,0
2667,2026-03-14 17:46,Meta Ads,Awareness Video,Hainaut,10-49,Bar,0.0,0,0
2668,2026-03-14 10:23,Meta Ads,Lead Magnet,Brussels,1-9,Restaurant,9.0,0,0
2669,2026-03-14 13:22,Organic Search,SEO Product Pages,East Flanders,10-49,Bar,44.0,1,0
2670,2026-03-14 17:04,Organic Search,SEO Guides,Antwerp,10-49,Restaurant,65.0,1,1
2671,2026-03-14 08:18,Organic Search,SEO Guides,Brussels,1-9,Bar,36.0,0,0
2672,2026-03-14 10:14,Organic Search,SEO Guides,Hainaut,10 - 49,Bar,47.0,0,0
2673,2026-03-14 14:33,Direct,Returning Visitors,Hainaut,50+,Restaurant,80.0,0,1
2674,2026-03-14 15:45,Direct,Returning Visitors,Antwerp,1-9,Hotel,48.0,0,0
2675,2026-03-14 20:44,Email,Newsletter,Hainaut,50+,Bar,75.0,1,1
2676,2026-03-14 07:35,Email,Newsletter,Brussels,50+,Bar,84.0,1,0
2677,2026-03-14 19:24,Email,Lead Nurture,Antwerp,1-9,Restaurant,73.0,1,1
2678,2026-03-14 20:52,Referral,Customer Referral,Hainaut,1-9,Bar,85.0,1,1
2679,2026-03-14 13:49,Referral,Customer Referral,East Flanders,1-9,Café,63.0,1,0
2680,2026-03-15 15:43,Google Ads,High Intent Search,Antwerp,1-9,Restaurant,71.0,1,0
2681,2026-03-15 15:19,Google Ads,Restaurant Operations,Flemish Brabant,1-9,Bar,46.0,0,0
2682,2026-03-15 14:07,Google Ads,Restaurant Operations,Brussels,50+,Snack,71.0,1,0
2683,2026-03-15 13:27,Meta Ads,Awareness Video,East Flanders,1-9,Restaurant,14.0,0,0
2684,2026-03-15 20:23,Meta Ads,Lead Magnet,Antwerp,1-9,Restaurant,33.0,0,0
2685,2026-03-15 16:08,Meta Ads,Lead Magnet,Antwerp,1-9,Café,26.0,0,0
2686,2026-03-15 07:55,Organic Search,SEO Product Pages,Antwerp,1-9,Snack,57.0,1,0
2687,2026-03-15 20:42,Organic Search,SEO Guides,Antwerp,1-9,Snack,45.0,1,0
2688,2026-03-15 11:52,Organic Search,SEO Guides,Walloon Brabant,1-9,Hotel,44.0,1,0
2689,2026-03-15 21:50,Organic Search,SEO Comparison,Brussels,10-49,Restaurant,87.0,1,1
2690,2026-03-15 15:17,Direct,Brand Direct,Antwerp,10-49,Restaurant,77.0,1,1
2691,2026-03-15 08:31,Direct,Brand Direct,Brussels,10-49,Café,86.0,1,0
2692,2026-03-15 21:03,Direct,Returning Visitors,Namur,1-9,Snack,56.0,0,0
2693,2026-03-15 09:53,Direct,Returning Visitors,Brussels,1-9,Restaurant,58.0,1,0
2694,2026-03-15 13:32,Direct,Demo Page Direct,Brussels,10-49,Restaurant,64.0,1,0
2695,2026-03-15 14:51,Email,Lead Nurture,Hainaut,1-9,Restaurant,62.0,1,0
2696,2026-03-15 17:36,Email,Lead Nurture,Antwerp,1-9,Bar,78.0,1,1
2697,2026-03-15 08:20,Email,Reactivation,Walloon Brabant,1-9,Café,55.0,1,1
2698,2026-03-16 16:05,Google Ads,High Intent Search,Antwerp,1-9,Restaurant,46.0,0,0
2699,2026-03-16 16:48,Google Ads,Competitor Search,Liège,10-49,Bar,26.0,1,0
2700,2026-03-16 18:56,LinkedIn Ads,Decision Makers,Namur,50+,Snack,,1,1
2701,2026-03-16 15:44,Meta Ads,Awareness Video,Hainaut,10-49,Snack,18.0,0,0
2702,2026-03-16 19:50,Meta Ads,Awareness Video,Brussels,1-9,Bar,27.0,0,0
2703,2026-03-16 12:33,Meta Ads,Awareness Video,Brussels,1-9,Restaurant,999.0,0,0
2704,2026-03-16 17:10,Meta Ads,Awareness Video,Hainaut,1-9,Restaurant,35.0,0,0
2705,2026-03-16 17:55,Meta Ads,Lead Magnet,Flemish Brabant,1-9,Snack,11.0,0,0
2706,2026-03-16 19:15,Meta Ads,Lead Magnet,Antwerp,1-9,Hotel,11.0,0,0
2707,2026-03-16 14:35,Meta Ads,Lead Magnet,Antwerp,10-49,Snack,,1,0
2708,2026-03-16 13:26,Meta Ads,Retargeting,Walloon Brabant,1-9,Bar,52.0,1,0
2709,2026-03-16 16:10,Meta Ads,Retargeting,East Flanders,1-9,Snack,39.0,1,1
2710,2026-03-16 19:10,Organic Search,SEO Product Pages,Flemish Brabant,1-9,Snack,41.0,0,0
2711,2026-03-16 11:19,Organic Search,SEO Guides,Namur,1-9,Bar,57.0,1,1
2712,2026-03-16 18:06,Organic Search,SEO Guides,Liège,10-49,Restaurant,56.0,1,1
2713,2026-03-16 13:08,Organic Search,SEO Comparison,Brussels,1-9,Bar,64.0,1,1
2714,2026-03-16 19:49,Direct,Brand Direct,Namur,1-9,Café,71.0,1,0
2715,2026-03-16 11:06,Direct,Brand Direct,Antwerp,10-49,Restaurant,78.0,1,1
2716,2026-03-16 16:01,Direct,Demo Page Direct,Namur,1-9,Snack,48.0,1,0
2717,2026-03-16 21:05,Email,Lead Nurture,Hainaut,1-9,Café,39.0,0,0
2718,2026-03-16 17:35,Email,Reactivation,Brussels,10-49,Snack,45.0,0,0
2719,2026-03-16 15:40,Referral,Partner Network,Namur,1-9,Snack,74.0,1,1
2720,2026-03-16 17:18,Referral,Customer Referral,Flemish Brabant,10-49,Bar,92.0,1,1
2721,2026-03-16 13:33,Referral,Customer Referral,Flemish Brabant,10-49,Restaurant,,1,1
2722,2026-03-16 07:27,Referral,Industry Events,Antwerp,1-9,Restaurant,60.0,1,1
2723,2026-03-17 07:25,LinkedIn Ads,Decision Makers,Flemish Brabant,50+,Bar,94.0,1,1
2724,2026-03-17 09:51,Meta Ads,Lead Magnet,Walloon Brabant,1-9,Snack,31.0,1,0
2725,2026-03-17 17:32,Meta Ads,Lead Magnet,Walloon Brabant,1-9,Restaurant,20.0,0,0
2726,2026-03-17 09:43,Meta Ads,Lead Magnet,Namur,50+,Restaurant,37.0,0,0
2727,2026-03-17 14:02,Meta Ads,Lead Magnet,Brussels,10-49,Restaurant,40.0,0,0
2728,2026-03-17 13:27,Organic Search,SEO Product Pages,Brussels,1-9,Snack,30.0,0,0
2729,2026-03-17 10:24,Organic Search,SEO Product Pages,Namur,10-49,Bar,39.0,0,0
2730,2026-03-17 08:53,Organic Search,SEO Guides,Flemish Brabant,1-9,Restaurant,33.0,1,1
2731,2026-03-17 08:44,Direct,Brand Direct,Antwerp,1-9,Bar,42.0,0,1
2732,2026-03-17 07:33,Direct,Brand Direct,Brussels,1-9,Bar,45.0,1,1
2733,2026-03-17 21:53,Direct,Brand Direct,Liège,1-9,Café,69.0,0,0
2734,2026-03-17 17:15,Direct,Brand Direct,Brussels,1-9,Restaurant,53.0,1,1
2735,2026-03-17 10:13,Direct,Brand Direct,Antwerp,1-9,Restaurant,61.0,0,0
2736,2026-03-17 19:50,Email,Newsletter,Liège,10-49,Bar,65.0,0,0
2737,2026-03-17 17:12,Email,Newsletter,Walloon Brabant,50+,Café,88.0,1,1
2738,2026-03-17 15:38,Email,Lead Nurture,Brussels,1-9,Restaurant,74.0,1,1
2739,2026-03-17 13:40,Email,Lead Nurture,Hainaut,10-49,Hotel,68.0,1,0
2740,2026-03-17 13:08,Email,Reactivation,Liège,1-9,Restaurant,21.0,0,0
2741,2026-03-17 20:58,Email,Reactivation,Hainaut,1-9,Café,50.0,1,0
2742,2026-03-17 17:55,Referral,Customer Referral,Antwerp,1-9,Restaurant,92.0,1,1
2743,2026-03-17 17:53,Referral,Industry Events,Antwerp,1-9,Restaurant,70.0,1,1
2744,2026-03-18 18:17,Google Ads,High Intent Search,Liège,10-49,Restaurant,74.0,1,1
2745,2026-03-18 15:34,Google Ads,High Intent Search,Liège,1-9,Café,77.0,1,1
2746,2026-03-18 08:44,Google Ads,Competitor Search,Hainaut,10-49,Restaurant,50.0,1,1
2747,2026-03-18 13:56,Google Ads,Competitor Search,Hainaut,10-49,Restaurant,60.0,1,0
2748,2026-03-18 20:39,Meta Ads,Awareness Video,East Flanders,10-49,Restaurant,23.0,0,0
2749,2026-03-18 18:40,Meta Ads,Awareness Video,Hainaut,10-49,Restaurant,39.0,0,0
2750,2026-03-18 18:13,Meta Ads,Awareness Video,Brussels,1-9,Café,31.0,0,0
2751,2026-03-18 20:27,Meta Ads,Retargeting,Brussels,1-9,Restaurant,34.0,0,0
2752,2026-03-18 18:19,Organic Search,SEO Guides,Antwerp,10-49,Restaurant,30.0,0,0
2753,2026-03-18 12:18,Organic Search,SEO Guides,Antwerp,10-49,Bar,24.0,0,0
2754,2026-03-18 09:01,Organic Search,SEO Comparison,East Flanders,1-9,Restaurant,45.0,0,0
2755,2026-03-18 15:28,Direct,Brand Direct,Liège,1-9,Restaurant,65.0,0,0
2756,2026-03-18 11:20,Direct,Brand Direct,Liège,1-9,Hotel,51.0,1,0
2757,2026-03-18 12:19,Direct,Brand Direct,Brussels,10-49,Restaurant,52.0,0,0
2758,2026-03-18 20:42,Direct,Brand Direct,Liège,10-49,Restaurant,57.0,0,0
2759,2026-03-18 21:44,Email,Newsletter,Liège,1-9,Snack,69.0,1,0
2760,2026-03-18 07:28,Email,Newsletter,Brussels,1-9,Restaurant,70.0,1,1
2761,2026-03-18 11:48,Email,Newsletter,Brussels,1-9,Restaurant,47.0,1,1
2762,2026-03-18 09:05,Referral,Partner Network,Brussels,1-9,Café,78.0,1,0
2763,2026-03-19 14:49,Google Ads,Competitor Search,Liège,10-49,Restaurant,40.0,0,0
2764,2026-03-19 19:55,LinkedIn Ads,SMB Growth,Namur,50+,Restaurant,58.0,1,0
2765,2026-03-19 13:15,Meta Ads,Awareness Video,Namur,1-9,Restaurant,33.0,0,0
2766,2026-03-19 08:26,Meta Ads,Awareness Video,Hainaut,10-49,Café,44.0,0,0
2767,2026-03-19 13:51,Meta Ads,Awareness Video,Brussels,1-9,Snack,19.0,0,0
2768,2026-03-19 12:32,Meta Ads,Lead Magnet,Flemish Brabant,1-9,Restaurant,29.0,0,0
2769,2026-03-19 12:23,Meta Ads,Lead Magnet,Liège,50+,Restaurant,41.0,0,0
2770,2026-03-19 14:57,Meta Ads,Lead Magnet,Brussels,1-9,Restaurant,25.0,0,0
2771,2026-03-19 14:13,Meta Ads,Lead Magnet,Liège,50+,Restaurant,61.0,1,0
2772,2026-03-19 08:40,Meta Ads,Retargeting,Hainaut,10-49,Café,50.0,0,0
2773,2026-03-19 21:45,Organic Search,SEO Guides,Liège,1-9,Café,53.0,0,0
2774,2026-03-19 13:40,Organic Search,SEO Guides,East Flanders,10-49,Restaurant,43.0,0,0
2775,2026-03-19 21:01,Direct,Brand Direct,Brussels,10-49,Snack,70.0,1,1
2776,2026-03-19 21:51,Direct,Brand Direct,Namur,1-9,Restaurant,61.0,1,1
2777,2026-03-19 09:15,Direct,Returning Visitors,Brussels,10-49,Hotel,41.0,0,0
2778,2026-03-19 17:07,Email,Reactivation,Walloon Brabant,1-9,Restaurant,47.0,1,0
2779,2026-03-19 10:25,Referral,Partner Network,East Flanders,10-49,Café,65.0,1,1
2780,2026-03-19 18:12,Referral,Partner Network,Hainaut,10-49,Restaurant,100.0,1,1
2781,2026-03-19 10:38,Referral,Customer Referral,Antwerp,1-9,Hotel,76.0,1,1
2782,2026-03-19 11:47,Referral,Industry Events,Brussels,50+,Café,44.0,0,0
2783,2026-03-20 09:53,Google Ads,High Intent Search,Walloon Brabant,10-49,Restaurant,53.0,1,0
2784,2026-03-20 08:58,Google Ads,High Intent Search,Antwerp,10-49,Restaurant,57.0,0,0
2785,2026-03-20 09:07,Google Ads,High Intent Search,Hainaut,1-9,Snack,59.0,1,1
2786,2026-03-20 08:27,LinkedIn Ads,SMB Growth,Brussels,1-9,Restaurant,53.0,0,0
2787,2026-03-20 11:08,Meta Ads,Awareness Video,Liège,50+,Bar,28.0,0,0
2788,2026-03-20 10:08,Meta Ads,Awareness Video,Walloon Brabant,1-9,Restaurant,25.0,1,0
2789,2026-03-20 11:56,Meta Ads,Retargeting,Brussels,1-9,Bar,44.0,0,0
2790,2026-03-20 09:46,Organic Search,SEO Product Pages,Antwerp,1-9,Restaurant,46.0,0,0
2791,2026-03-20 21:26,Organic Search,SEO Guides,Liège,1-9,Restaurant,24.0,0,0
2792,2026-03-20 12:51,Organic Search,SEO Comparison,Liège,50+,Restaurant,85.0,1,1
2793,2026-03-20 08:24,Direct,Returning Visitors,Namur,10-49,Bar,88.0,1,0
2794,2026-03-20 15:23,Direct,Returning Visitors,Namur,10-49,Bar,73.0,1,1
2795,2026-03-20 14:37,Email,Newsletter,Walloon Brabant,10-49,Restaurant,48.0,0,0
2796,2026-03-20 12:42,Email,Newsletter,Hainaut,1-9,Hotel,60.0,1,1
2797,2026-03-20 08:18,Email,Newsletter,Walloon Brabant,50+,Café,81.0,1,1
2798,2026-03-20 18:08,Email,Lead Nurture,Brussels,1-9,Restaurant,57.0,0,0
2799,2026-03-20 17:54,Referral,Partner Network,Flemish Brabant,10-49,Café,70.0,0,0
2800,2026-03-20 07:12,Referral,Partner Network,Brussels,10-49,Bar,69.0,1,1
2801,2026-03-20 14:45,Referral,Industry Events,Walloon Brabant,10-49,Bar,84.0,1,1
2802,2026-03-20 19:19,Referral,Industry Events,Antwerp,1-9,Bar,55.0,0,0
2803,2026-03-21 21:11,Google Ads,High Intent Search,Brussels,1-9,Restaurant,33.0,0,0
2804,2026-03-21 18:00,Meta Ads,Awareness Video,Hainaut,1-9,Hotel,21.0,0,0
2805,2026-03-21 15:48,Meta Ads,Summer Promo TEST,Brussels,10-49,Café,11.0,0,0
2806,2026-03-21 08:16,Organic Search,SEO Product Pages,East Flanders,10-49,Restaurant,52.0,1,1
2807,2026-03-21 19:02,Organic Search,SEO Guides,Hainaut,1-9,Snack,28.0,0,0
2808,2026-03-21 13:59,Organic Search,SEO Guides,Hainaut,10-49,Restaurant,56.0,0,0
2809,2026-03-21 15:40,Organic Search,SEO Guides,Namur,1-9,Restaurant,71.0,1,1
2810,2026-03-21 08:48,Organic Search,SEO Comparison,Flemish Brabant,1-9,Restaurant,59.0,1,1
2811,2026-03-21 19:25,Direct,Brand Direct,Flemish Brabant,1-9,Restaurant,60.0,1,1
2812,2026-03-21 21:25,Direct,Brand Direct,Walloon Brabant,1-9,Café,60.0,1,1
2813,2026-03-21 15:34,Direct,Returning Visitors,Liège,10-49,Bar,51.0,1,1
2814,2026-03-21 07:48,Email,Newsletter,East Flanders,50+,Bar,67.0,1,1
2815,2026-03-21 16:40,Email,Lead Nurture,Brussels,1-9,Restaurant,69.0,1,1
2816,2026-03-21 10:30,Email,Reactivation,Antwerp,1-9,Restaurant,37.0,1,0
2817,2026-03-21 14:20,Referral,Customer Referral,Brussels,1-9,Restaurant,70.0,1,0
2818,2026-03-21 19:37,Referral,Industry Events,Flemish Brabant,1-9,Restaurant,61.0,1,1
2819,2026-03-22 21:21,Google Ads,Restaurant Operations,East Flanders,10-49,Restaurant,70.0,1,0
2820,2026-03-22 09:32,Google Ads,Restaurant Operations,Brussels,1-9,Bar,63.0,1,0
2821,2026-03-22 21:48,Google Ads,Restaurant Operations,Brussels,1-9,Café,64.0,0,0
2822,2026-03-22 19:33,LinkedIn Ads,Decision Makers,Antwerp,1-9,Bar,50.0,0,0
2823,2026-03-22 19:10,Meta Ads,Awareness Video,East Flanders,1-9,Bar,18.0,0,0
2824,2026-03-22 07:49,Meta Ads,Lead Magnet,Hainaut,1-9,Café,46.0,1,0
2825,2026-03-22 21:48,Meta Ads,Lead Magnet,Antwerp,1-9,Café,3.0,0,0
2826,2026-03-22 16:19,Meta Ads,Retargeting,Namur,1-9,Restaurant,51.0,0,0
2827,2026-03-22 21:09,Organic Search,SEO Product Pages,Hainaut,10-49,Bar,78.0,1,1
2828,2026-03-22 17:44,Organic Search,SEO Guides,East Flanders,10 - 49,Restaurant,79.0,0,0
2829,2026-03-22 21:17,Direct,Returning Visitors,Liège,1-9,Restaurant,64.0,1,1
2830,2026-03-22 18:40,Email,Newsletter,Liège,10-49,Bar,41.0,0,0
2831,2026-03-22 20:02,Email,Newsletter,Flemish Brabant,1-9,Restaurant,71.0,1,1
2832,2026-03-22 19:52,Email,Newsletter,Liège,1-9,Bar,62.0,1,0
2833,2026-03-22 07:09,Email,Lead Nurture,Flemish Brabant,1-9,Restaurant,64.0,0,0
2834,2026-03-22 17:02,Email,Lead Nurture,Antwerp,10-49,Café,86.0,1,0
2835,2026-03-22 15:43,Referral,Industry Events,Liège,1-9,Restaurant,46.0,1,1
2836,2026-03-23 12:05,Google Ads,High Intent Search,Brussels,10-49,Restaurant,47.0,0,0
2837,2026-03-23 19:08,Google Ads,High Intent Search,East Flanders,1-9,Restaurant,53.0,1,0
2838,2026-03-23 09:17,Meta Ads,Awareness Video,Brussels,1-9,Bar,5.0,0,0
2839,2026-03-23 12:02,Meta Ads,Awareness Video,Hainaut,1-9,Restaurant,30.0,1,0
2840,2026-03-23 13:32,Meta Ads,Awareness Video,Antwerp,10-49,Restaurant,40.0,0,0
2841,2026-03-23 10:21,Meta Ads,Awareness Video,Antwerp,50+,Restaurant,30.0,1,0
2842,2026-03-23 11:45,Meta Ads,Awareness Video,East Flanders,1-9,Café,36.0,0,0
2843,2026-03-23 21:35,Meta Ads,Awareness Video,Antwerp,10-49,Bar,55.0,1,1
2844,2026-03-23 07:45,Meta Ads,Awareness Video,East Flanders,10-49,Restaurant,53.0,1,1
2845,2026-03-23 10:29,Meta Ads,Awareness Video,Hainaut,50+,Restaurant,55.0,1,1
2846,2026-03-23 07:30,Meta Ads,Awareness Video,Walloon Brabant,10-49,Restaurant,46.0,1,0
2847,2026-03-23 08:59,Meta Ads,Awareness Video,Hainaut,50+,Restaurant,42.0,0,0
2848,2026-03-23 18:10,Meta Ads,Lead Magnet,Namur,1-9,Bar,43.0,1,1
2849,2026-03-23 19:24,Meta Ads,Lead Magnet,Antwerp,10-49,Restaurant,46.0,1,0
2850,2026-03-23 15:54,Meta Ads,Lead Magnet,Brussels,1-9,Hotel,13.0,0,0
2851,2026-03-23 18:02,Meta Ads,Lead Magnet,Antwerp,1-9,Restaurant,53.0,1,1
2852,2026-03-23 21:02,Meta Ads,Retargeting,Brussels,50+,Restaurant,72.0,1,0
2853,2026-03-23 14:17,Meta Ads,Retargeting,Namur,1-9,Hotel,65.0,0,0
2854,2026-03-23 09:14,Organic Search,SEO Product Pages,Antwerp,1-9,Restaurant,65.0,0,0
2855,2026-03-23 11:23,Organic Search,SEO Product Pages,Brussels,50+,Restaurant,65.0,0,0
2856,2026-03-23 16:06,Organic Search,SEO Guides,Antwerp,10-49,Restaurant,50.0,0,0
2857,2026-03-23 15:09,Organic Search,SEO Comparison,Walloon Brabant,1-9,Bar,51.0,1,1
2858,2026-03-23 16:56,Direct,Brand Direct,Brussels,10-49,Restaurant,83.0,1,1
2859,2026-03-23 12:07,Direct,Returning Visitors,East Flanders,1-9,Restaurant,75.0,1,1
2860,2026-03-23 18:24,Direct,Returning Visitors,East Flanders,10-49,Restaurant,76.0,1,1
2861,2026-03-23 17:22,Direct,Demo Page Direct,Antwerp,10-49,Restaurant,74.0,0,0
2862,2026-03-23 13:50,Email,Lead Nurture,East Flanders,1-9,Restaurant,75.0,0,0
2863,2026-03-23 21:26,Email,Lead Nurture,Flemish Brabant,1-9,Restaurant,41.0,1,1
2864,2026-03-23 21:41,Referral,Partner Network,Hainaut,1-9,Snack,68.0,1,0
2865,2026-03-23 14:01,Referral,Partner Network,Hainaut,10-49,Snack,100.0,1,1
2866,2026-03-23 16:18,Referral,Industry Events,Antwerp,1-9,Hotel,60.0,1,1
2867,2026-03-24 10:21,LinkedIn Ads,Decision Makers,Bruxelles,50+,Restaurant,56.0,0,0
2868,2026-03-24 08:08,Meta Ads,Awareness Video,Brussels,50+,Bar,32.0,1,0
2869,2026-03-24 17:37,Meta Ads,Awareness Video,Antwerp,1-9,Restaurant,27.0,0,0
2870,2026-03-24 18:16,Meta Ads,Awareness Video,Namur,1-9,Bar,20.0,0,0
2871,2026-03-24 15:38,Meta Ads,Awareness Video,Namur,10-49,Bar,21.0,0,0
2872,2026-03-24 13:20,Meta Ads,Awareness Video,Hainaut,10-49,Restaurant,27.0,0,0
2873,2026-03-24 08:36,Meta Ads,Awareness Video,East Flanders,50+,Snack,37.0,0,0
2874,2026-03-24 10:20,Meta Ads,Lead Magnet,Liège,1-9,Bar,14.0,0,0
2875,2026-03-24 13:31,Meta Ads,Retargeting,Hainaut,10-49,Bar,42.0,0,0
2876,2026-03-24 12:05,Meta Ads,Retargeting,East Flanders,1-9,Bar,38.0,0,0
2877,2026-03-24 09:49,Organic Search,SEO Product Pages,Hainaut,1-9,Snack,69.0,1,1
2878,2026-03-24 17:28,Organic Search,SEO Guides,Antwerp,10-49,Bar,54.0,1,0
2879,2026-03-24 16:38,Organic Search,SEO Guides,Walloon Brabant,1-9,Restaurant,38.0,0,0
2880,2026-03-24 21:33,Organic Search,SEO Guides,Brussels,1-9,Restaurant,51.0,0,0
2881,2026-03-24 07:24,Organic Search,SEO Comparison,Flemish Brabant,10-49,Café,68.0,1,0
2882,2026-03-24 13:51,Direct,Brand Direct,Brussels,10-49,Restaurant,70.0,0,0
2883,2026-03-24 16:09,Direct,Brand Direct,Hainaut,50+,Restaurant,94.0,1,1
2884,2026-03-24 07:26,Direct,Brand Direct,Hainaut,50+,Restaurant,67.0,1,0
2885,2026-03-24 09:52,Direct,Brand Direct,Liège,50+,Restaurant,50.0,0,0
2886,2026-03-24 07:37,Direct,Returning Visitors,East Flanders,1-9,Hotel,51.0,1,1
2887,2026-03-24 14:19,Direct,Returning Visitors,Antwerp,50+,Snack,71.0,1,1
2888,2026-03-24 09:40,Direct,Returning Visitors,Liège,1-9,Restaurant,85.0,1,1
2889,2026-03-24 11:27,Direct,Returning Visitors,Walloon Brabant,1-9,Bar,63.0,0,0
2890,2026-03-24 21:13,Direct,Returning Visitors,Flemish Brabant,10-49,Restaurant,59.0,0,0
2891,2026-03-24 15:24,Email,Newsletter,Flemish Brabant,10-49,Hotel,57.0,0,0
2892,2026-03-24 18:51,Email,Newsletter,Antwerp,10-49,Snack,63.0,0,0
2893,2026-03-24 21:21,Email,Reactivation,Hainaut,1-9,Restaurant,52.0,0,0
2894,2026-03-24 16:06,Referral,Partner Network,Brussels,1 - 9,Restaurant,88.0,1,1
2895,2026-03-24 16:20,Referral,Partner Network,Hainaut,1-9,Café,53.0,0,0
2896,2026-03-24 10:11,Referral,Customer Referral,Hainaut,1-9,Hotel,94.0,1,1
2897,2026-03-24 17:25,Referral,Customer Referral,Brussels,50+,Bar,90.0,1,1
2898,2026-03-25 15:51,Google Ads,Competitor Search,East Flanders,1-9,Restaurant,44.0,1,0
2899,2026-03-25 20:09,Google Ads,Restaurant Operations,Antwerp,1-9,Bar,40.0,0,0
2900,2026-03-25 14:20,Google Ads,Restaurant Operations,Walloon Brabant,1-9,Snack,38.0,0,0
2901,2026-03-25 18:24,Google Ads,Restaurant Operations,Brussels,1-9,Restaurant,50.0,0,0
2902,2026-03-25 09:08,Google Ads,Restaurant Operations,Flemish Brabant,10-49,Bar,69.0,1,1
2903,2026-03-25 13:15,LinkedIn Ads,Decision Makers,Brussels,10-49,Restaurant,75.0,1,1
2904,2026-03-25 17:15,Meta Ads,Awareness Video,Liège,10-49,Snack,38.0,1,0
2905,2026-03-25 21:43,Meta Ads,Awareness Video,Liège,1-9,Restaurant,11.0,0,0
2906,2026-03-25 11:27,Meta Ads,Awareness Video,Liège,1-9,Bar,25.0,0,0
2907,2026-03-25 07:00,Meta Ads,Lead Magnet,Antwerp,1-9,Snack,48.0,1,0
2908,2026-03-25 10:33,Meta Ads,Lead Magnet,Flemish Brabant,50+,Bar,27.0,0,0
2909,2026-03-25 19:21,Meta Ads,Lead Magnet,East Flanders,10-49,Café,32.0,0,0
2910,2026-03-25 18:10,Organic Search,SEO Product Pages,Brussels,1-9,Restaurant,45.0,0,0
2911,2026-03-25 12:40,Organic Search,SEO Product Pages,Namur,50+,Snack,68.0,0,0
2912,2026-03-25 18:18,Organic Search,SEO Product Pages,Brussels,1-9,Café,67.0,1,1
2913,2026-03-25 11:21,Organic Search,SEO Guides,East Flanders,10-49,Restaurant,85.0,1,1
2914,2026-03-25 12:49,Organic Search,SEO Guides,Namur,1-9,Café,18.0,0,0
2915,2026-03-25 21:55,Organic Search,SEO Guides,Hainaut,1-9,Café,41.0,0,0
2916,2026-03-25 14:40,Organic Search,SEO Comparison,Hainaut,50+,Restaurant,60.0,0,0
2917,2026-03-25 10:21,Direct,Brand Direct,Flemish Brabant,1-9,Restaurant,56.0,0,0
2918,2026-03-25 11:31,Direct,Brand Direct,East Flanders,10-49,Restaurant,56.0,1,0
2919,2026-03-25 18:47,Direct,Brand Direct,East Flanders,1-9,Bar,56.0,1,0
2920,2026-03-25 13:33,Email,Newsletter,Antwerp,10-49,Restaurant,59.0,1,1
2921,2026-03-25 07:58,Email,Newsletter,Hainaut,1-9,Snack,56.0,0,0
2922,2026-03-25 15:21,Email,Lead Nurture,Liège,10-49,Snack,90.0,1,0
2923,2026-03-25 10:23,Referral,Partner Network,Antwerp,1-9,Restaurant,84.0,1,1
2924,2026-03-25 12:23,Referral,Customer Referral,East Flanders,1-9,Bar,56.0,0,0
2925,2026-03-26 08:05,Google Ads,Competitor Search,Flemish Brabant,1-9,Bar,55.0,0,0
2926,2026-03-26 19:52,Google Ads,Competitor Search,Liège,10-49,Café,43.0,0,0
2927,2026-03-26 15:42,Meta Ads,Awareness Video,Brussels,1-9,Restaurant,28.0,0,0
2928,2026-03-26 13:53,Meta Ads,Awareness Video,Brussels,1-9,Restaurant,16.0,0,0
2929,2026-03-26 18:56,Meta Ads,Awareness Video,Liège,1-9,Snack,12.0,0,0
2930,2026-03-26 21:02,Meta Ads,Awareness Video,Antwerp,10-49,Snack,67.0,1,0
2931,2026-03-26 12:42,Meta Ads,Lead Magnet,Namur,1-9,Bar,21.0,0,0
2932,2026-03-26 08:50,Meta Ads,Lead Magnet,Brussels,50+,Bar,44.0,1,0
2933,2026-03-26 21:34,Meta Ads,Retargeting,Brussels,1-9,Snack,44.0,0,0
2934,2026-03-26 19:00,Organic Search,SEO Product Pages,East Flanders,10-49,Snack,62.0,0,0
2935,2026-03-26 13:24,Organic Search,SEO Product Pages,East Flanders,1-9,Bar,39.0,0,0
2936,2026-03-26 15:28,Organic Search,SEO Product Pages,Flemish Brabant,1-9,Café,69.0,1,1
2937,2026-03-26 07:55,Organic Search,SEO Guides,Antwerp,1-9,Bar,38.0,0,0
2938,2026-03-26 15:53,Organic Search,SEO Guides,Antwerp,1-9,Restaurant,40.0,1,0
2939,2026-03-26 14:12,Organic Search,SEO Guides,Namur,10-49,Bar,72.0,1,1
2940,2026-03-26 10:50,Direct,Brand Direct,Hainaut,1-9,Restaurant,57.0,1,1
2941,2026-03-26 12:11,Direct,Brand Direct,Walloon Brabant,10-49,Restaurant,70.0,1,0
2942,2026-03-26 21:48,Direct,Brand Direct,Brussels,10-49,Restaurant,56.0,0,0
2943,2026-03-26 17:31,Direct,Brand Direct,Namur,1-9,Café,56.0,1,0
2944,2026-03-26 08:01,Direct,Brand Direct,East Flanders,10-49,Restaurant,52.0,1,0
2945,2026-03-26 14:34,Direct,Brand Direct,East Flanders,1-9,Snack,65.0,1,1
2946,2026-03-26 16:55,Direct,Returning Visitors,Liège,10-49,Café,73.0,1,1
2947,2026-03-26 12:41,Direct,Demo Page Direct,Antwerp,10-49,Restaurant,67.0,1,1
2948,2026-03-26 09:40,Referral,Partner Network,Hainaut,1-9,Snack,66.0,0,0
2949,2026-03-26 07:03,Referral,Partner Network,Hainaut,1-9,Snack,91.0,1,1
2950,2026-03-27 19:40,Google Ads,High Intent Search,Walloon Brabant,10-49,Café,77.0,0,0
2951,2026-03-27 08:26,Google Ads,High Intent Search,Brussels,1-9,Hotel,75.0,1,1
2952,2026-03-27 21:11,Meta Ads,Awareness Video,Hainaut,50+,Café,25.0,0,0
2953,2026-03-27 17:12,Meta Ads,Awareness Video,Flemish Brabant,10-49,Café,43.0,1,0
2954,2026-03-27 10:38,Meta Ads,Awareness Video,East Flanders,1-9,Restaurant,27.0,0,0
2955,2026-03-27 07:02,Meta Ads,Awareness Video,Brussels,1-9,Restaurant,25.0,0,0
2956,2026-03-27 11:00,Meta Ads,Awareness Video,Antwerp,50+,Café,50.0,0,0
2957,2026-03-27 09:16,Meta Ads,Awareness Video,Antwerp,10-49,Bar,32.0,0,0
2958,2026-03-27 20:09,Meta Ads,Lead Magnet,Hainaut,1-9,Hotel,35.0,0,0
2959,2026-03-27 15:35,Meta Ads,Lead Magnet,Brussels,50+,Bar,51.0,1,0
2960,2026-03-27 07:14,Meta Ads,Lead Magnet,Liège,1-9,Snack,23.0,0,0
2961,2026-03-27 10:13,Meta Ads,Summer Promo TEST,Hainaut,10-49,Hotel,62.0,1,1
2962,2026-03-27 19:16,Organic Search,SEO Guides,Brussels,10-49,Bar,49.0,0,0
2963,2026-03-27 13:50,Direct,Brand Direct,Liège,10-49,Hotel,71.0,0,0
2964,2026-03-27 19:28,Direct,Brand Direct,Antwerp,1-9,Restaurant,38.0,0,0
2965,2026-03-27 19:36,Direct,Returning Visitors,East Flanders,10-49,Restaurant,53.0,1,1
2966,2026-03-27 08:36,Email,Newsletter,Walloon Brabant,1-9,Snack,44.0,1,1
2967,2026-03-27 08:17,Email,Lead Nurture,Brussels,10-49,Restaurant,58.0,1,1
2968,2026-03-27 14:42,Email,Lead Nurture,Namur,1-9,Restaurant,73.0,1,1
2969,2026-03-27 13:31,Email,Reactivation,Hainaut,1-9,Bar,42.0,0,0
2970,2026-03-27 12:52,Referral,Partner Network,Hainaut,1-9,Café,59.0,1,1
2971,2026-03-27 16:01,Referral,Industry Events,Brussels,1-9,Restaurant,90.0,1,1
2972,2026-03-28 21:56,Google Ads,High Intent Search,Walloon Brabant,1-9,Snack,55.0,0,0
2973,2026-03-28 18:59,Google Ads,High Intent Search,Brussels,10-49,Café,95.0,1,0
2974,2026-03-28 13:06,Meta Ads,Awareness Video,East Flanders,50+,Restaurant,40.0,0,0
2975,2026-03-28 08:03,Meta Ads,Awareness Video,Brussels,1-9,Café,0.0,0,0
2976,2026-03-28 07:25,Meta Ads,Awareness Video,Hainaut,1-9,Restaurant,58.0,0,0
2977,2026-03-28 11:15,Meta Ads,Awareness Video,East Flanders,1-9,Restaurant,11.0,0,0
2978,2026-03-28 16:01,Meta Ads,Awareness Video,Liège,1-9,Restaurant,11.0,0,0
2979,2026-03-28 16:11,Meta Ads,Awareness Video,Brussels,10-49,Snack,24.0,0,0
2980,2026-03-28 16:40,Meta Ads,Lead Magnet,Brussels,10-49,Bar,45.0,0,0
2981,2026-03-28 10:01,Meta Ads,Retargeting,Walloon Brabant,10-49,Hotel,40.0,1,1
2982,2026-03-28 18:47,Direct,Brand Direct,Brussels,10-49,Restaurant,79.0,0,0
2983,2026-03-28 11:28,Direct,Brand Direct,Liège,1-9,Restaurant,82.0,1,0
2984,2026-03-28 07:44,Direct,Returning Visitors,Liège,10-49,Bar,82.0,1,1
2985,2026-03-28 21:55,Direct,Returning Visitors,Walloon Brabant,1-9,Hotel,37.0,0,0
2986,2026-03-28 12:13,Email,Newsletter,Flemish Brabant,10-49,Restaurant,45.0,1,1
2987,2026-03-28 19:51,Email,Lead Nurture,East Flanders,10-49,Snack,71.0,1,1
2988,2026-03-28 09:40,Email,Lead Nurture,Walloon Brabant,50+,Café,76.0,1,1
2989,2026-03-28 18:47,Email,Reactivation,East Flanders,1-9,Bar,62.0,1,1
2990,2026-03-28 16:23,Referral,Customer Referral,Hainaut,10-49,Restaurant,78.0,1,1
2991,2026-03-28 14:57,Referral,Industry Events,Hainaut,10-49,Restaurant,67.0,1,0
2992,2026-03-29 08:04,Google Ads,High Intent Search,Brussels,1-9,Restaurant,,0,1
2993,2026-03-29 13:11,Meta Ads,Awareness Video,Antwerp,1-9,Restaurant,40.0,0,0
2994,2026-03-29 21:07,Meta Ads,Awareness Video,East Flanders,10-49,Restaurant,21.0,0,0
2995,2026-03-29 16:30,Meta Ads,Awareness Video,Liège,1-9,Café,37.0,1,0
2996,2026-03-29 16:42,Meta Ads,Lead Magnet,Namur,1-9,Bar,53.0,1,0
2997,2026-03-29 16:34,Meta Ads,Lead Magnet,Hainaut,1-9,Restaurant,23.0,0,0
2998,2026-03-29 13:19,Meta Ads,Retargeting,Flemish Brabant,10-49,Snack,59.0,0,0
2999,2026-03-29 14:41,Organic Search,SEO Product Pages,Hainaut,1-9,Restaurant,62.0,0,0
3000,2026-03-29 16:22,Organic Search,SEO Product Pages,Flemish Brabant,10-49,Bar,65.0,0,0
3001,2026-03-29 10:30,Organic Search,SEO Product Pages,Brussels,10-49,Bar,76.0,1,1
3002,2026-03-29 21:22,Organic Search,SEO Product Pages,Hainaut,10-49,Snack,44.0,0,0
3003,2026-03-29 09:14,Organic Search,SEO Guides,East Flanders,1-9,Snack,39.0,0,0
3004,2026-03-29 15:28,Organic Search,SEO Comparison,Walloon Brabant,1-9,Restaurant,43.0,0,0
3005,2026-03-29 15:56,Direct,Brand Direct,Hainaut,10-49,Restaurant,65.0,1,1
3006,2026-03-29 11:24,Direct,Brand Direct,Flemish Brabant,10-49,Restaurant,77.0,1,1
3007,2026-03-29 07:36,Direct,Brand Direct,Walloon Brabant,1-9,Restaurant,53.0,0,0
3008,2026-03-29 09:55,Email,Newsletter,Flemish Brabant,1-9,Restaurant,94.0,1,1
3009,2026-03-29 07:28,Email,Lead Nurture,Liège,10-49,Bar,74.0,1,1
3010,2026-03-29 21:31,Email,Reactivation,Liège,1-9,Restaurant,53.0,1,1
3011,2026-03-29 11:42,Referral,Industry Events,Hainaut,1-9,Bar,50.0,0,0
3012,2026-03-30 19:34,Google Ads,High Intent Search,Flemish Brabant,1-9,Snack,47.0,0,0
3013,2026-03-30 08:14,Google Ads,Competitor Search,Brussels,1-9,Restaurant,58.0,1,1
3014,2026-03-30 20:01,Google Ads,Restaurant Operations,Liège,50+,Hotel,78.0,1,1
3015,2026-03-30 16:59,Meta Ads,Awareness Video,Brussels,1-9,Restaurant,36.0,0,0
3016,2026-03-30 11:20,Meta Ads,Awareness Video,Liège,10-49,Restaurant,29.0,1,0
3017,2026-03-30 21:23,Meta Ads,Awareness Video,Brussels,10-49,Snack,46.0,1,0
3018,2026-03-30 08:43,Meta Ads,Awareness Video,Walloon Brabant,1-9,Hotel,4.0,0,0
3019,2026-03-30 13:36,Meta Ads,Awareness Video,Antwerp,1-9,Restaurant,17.0,0,0
3020,2026-03-30 16:24,Meta Ads,Awareness Video,Brussels,10-49,Bar,35.0,0,0
3021,2026-03-30 10:11,Meta Ads,Lead Magnet,Hainaut,10-49,Restaurant,50.0,0,0
3022,2026-03-30 10:47,Meta Ads,Lead Magnet,Walloon Brabant,1-9,Hotel,33.0,0,0
3023,2026-03-30 07:32,Meta Ads,Retargeting,Brussels,1-9,Snack,36.0,1,0
3024,2026-03-30 10:48,Organic Search,SEO Product Pages,Flemish Brabant,50+,Bar,74.0,1,0
3025,2026-03-30 16:28,Organic Search,SEO Product Pages,Brussels,50+,Restaurant,64.0,1,1
3026,2026-03-30 21:26,Organic Search,SEO Guides,East Flanders,1-9,Snack,74.0,1,1
3027,2026-03-30 11:48,Organic Search,SEO Guides,Flemish Brabant,50+,Hotel,35.0,0,0
3028,2026-03-30 07:39,Organic Search,SEO Guides,Brussels,1-9,Café,43.0,0,0
3029,2026-03-30 14:07,Organic Search,SEO Comparison,Hainaut,10-49,Snack,68.0,0,0
3030,2026-03-30 14:30,Organic Search,SEO Comparison,Flemish Brabant,10-49,Restaurant,86.0,1,0
3031,2026-03-30 10:13,Organic Search,SEO Comparison,East Flanders,1 - 9,Bar,74.0,1,0
3032,2026-03-30 16:28,Direct,Brand Direct,Brussels,50+,Bar,66.0,0,0
3033,2026-03-30 08:46,Direct,Brand Direct,Walloon Brabant,10-49,Restaurant,47.0,0,0
3034,2026-03-30 09:59,Direct,Demo Page Direct,East Flanders,1-9,Restaurant,57.0,1,0
3035,2026-03-30 12:17,Email,Newsletter,Brussels,1-9,Restaurant,81.0,1,1
3036,2026-03-30 14:54,Email,Newsletter,Brussels,1-9,Restaurant,61.0,1,0
3037,2026-03-30 15:11,Email,Lead Nurture,Namur,10-49,Snack,54.0,0,0
3038,2026-03-30 15:18,Email,Lead Nurture,Liège,1-9,Restaurant,71.0,1,1
3039,2026-03-30 10:51,Email,Reactivation,Brussels,1-9,Bar,54.0,0,0
3040,2026-03-30 07:42,Email,Reactivation,Antwerp,10-49,Bar,52.0,0,0
3041,2026-03-30 12:27,Referral,Customer Referral,Hainaut,1-9,Bar,66.0,1,1
3042,2026-03-30 14:46,Referral,Industry Events,Antwerp,50+,Café,87.0,1,1
3043,2026-03-30 14:51,Referral,Industry Events,East Flanders,1-9,Restaurant,84.0,1,0
3044,2026-03-31 16:50,Google Ads,High Intent Search,East Flanders,10-49,Restaurant,61.0,1,1
3045,2026-03-31 09:04,Google Ads,Competitor Search,East Flanders,1-9,Snack,52.0,0,0
3046,2026-03-31 21:58,Google Ads,Competitor Search,Antwerp,1-9,Snack,50.0,0,0
3047,2026-03-31 13:19,Meta Ads,Awareness Video,Flemish Brabant,1-9,Bar,29.0,0,0
3048,2026-03-31 08:59,Meta Ads,Awareness Video,Walloon Brabant,1-9,Restaurant,8.0,0,0
3049,2026-03-31 21:47,Meta Ads,Awareness Video,Walloon Brabant,10-49,Snack,44.0,0,0
3050,2026-03-31 18:15,Meta Ads,Awareness Video,Brussels,1-9,Hotel,12.0,0,0
3051,2026-03-31 20:43,Meta Ads,Awareness Video,Namur,1-9,Café,20.0,0,0
3052,2026-03-31 10:08,Meta Ads,Awareness Video,East Flanders,10-49,Restaurant,36.0,1,1
3053,2026-03-31 12:10,Meta Ads,Lead Magnet,Hainaut,50+,Restaurant,43.0,0,0
3054,2026-03-31 20:20,Meta Ads,Retargeting,Flemish Brabant,1-9,Café,34.0,1,0
3055,2026-03-31 12:02,Meta Ads,Retargeting,Flemish Brabant,1-9,Restaurant,145.0,0,0
3056,2026-03-31 15:44,Organic Search,SEO Product Pages,Brussels,1-9,Café,68.0,1,1
3057,2026-03-31 13:23,Organic Search,SEO Product Pages,Flemish Brabant,50+,Restaurant,66.0,1,0
3058,2026-03-31 13:03,Organic Search,SEO Product Pages,Hainaut,1-9,Bar,66.0,1,1
3059,2026-03-31 10:13,Organic Search,SEO Guides,Namur,10-49,Bar,55.0,1,1
3060,2026-03-31 14:35,Direct,Brand Direct,East Flanders,10-49,Bar,44.0,1,1
3061,2026-03-31 11:16,Direct,Returning Visitors,Brussels,1-9,Restaurant,56.0,1,0
3062,2026-03-31 18:10,Email,Newsletter,Brussels,1-9,Snack,52.0,0,0
3063,2026-03-31 19:21,Email,Newsletter,Brussels,1-9,Restaurant,46.0,0,0
3064,2026-03-31 17:46,Email,Newsletter,Namur,1-9,Snack,61.0,1,0
3065,2026-03-31 12:32,Email,Newsletter,East Flanders,10-49,Hotel,47.0,1,0
3066,2026-03-31 18:51,Email,Lead Nurture,Hainaut,10-49,Bar,46.0,1,0
3067,2026-03-31 21:47,Email,Lead Nurture,Walloon Brabant,1-9,Snack,71.0,1,1
3068,2026-03-31 07:15,Email,Reactivation,East Flanders,1-9,Restaurant,49.0,0,0
3069,2026-03-31 15:27,Referral,Partner Network,Namur,10-49,Snack,78.0,1,1
3070,2026-03-31 07:56,Referral,Partner Network,Walloon Brabant,1-9,Bar,94.0,1,1
3071,2026-03-31 08:07,Referral,Customer Referral,Liège,1-9,Snack,90.0,1,1
3072,2026-03-31 09:21,Referral,Industry Events,Hainaut,1-9,Snack,68.0,0,0
3073,2026-04-01 18:32,Google Ads,Competitor Search,Antwerp,10-49,Bar,56.0,1,0
3074,2026-04-01 19:14,Meta Ads,Awareness Video,Brussels,1-9,Restaurant,12.0,0,0
3075,2026-04-01 08:46,Meta Ads,Awareness Video,Walloon Brabant,1-9,Snack,39.0,1,0
3076,2026-04-01 08:55,Meta Ads,Awareness Video,Hainaut,50+,Snack,27.0,0,0
3077,2026-04-01 18:02,Meta Ads,Awareness Video,Liège,10-49,Restaurant,29.0,0,0
3078,2026-04-01 11:06,Meta Ads,Awareness Video,East Flanders,1-9,Bar,14.0,0,0
3079,2026-04-01 11:52,Meta Ads,Awareness Video,Liège,50+,Restaurant,44.0,0,0
3080,2026-04-01 18:52,Meta Ads,Awareness Video,Antwerp,1-9,Snack,28.0,0,0
3081,2026-04-01 11:06,Meta Ads,Awareness Video,Brussels,1-9,Restaurant,17.0,0,0
3082,2026-04-01 20:10,Meta Ads,Awareness Video,Antwerp,1-9,Restaurant,39.0,1,0
3083,2026-04-01 10:34,Meta Ads,Awareness Video,Antwerp,1-9,Hotel,32.0,0,0
3084,2026-04-01 14:53,Meta Ads,Awareness Video,Anvers,10-49,Bar,26.0,0,0
3085,2026-04-01 08:52,Meta Ads,Awareness Video,East Flanders,10-49,Restaurant,22.0,0,0
3086,2026-04-01 14:23,Meta Ads,Lead Magnet,Flemish Brabant,10-49,Restaurant,15.0,0,0
3087,2026-04-01 18:31,Meta Ads,Retargeting,Hainaut,10-49,Restaurant,65.0,0,0
3088,2026-04-01 12:51,Organic Search,SEO Product Pages,East Flanders,10-49,Restaurant,46.0,0,0
3089,2026-04-01 12:56,Organic Search,SEO Product Pages,Hainaut,1-9,Bar,38.0,1,0
3090,2026-04-01 13:54,Organic Search,SEO Product Pages,Hainaut,1-9,Café,79.0,0,0
3091,2026-04-01 14:23,Organic Search,SEO Guides,Brussels,1-9,Bar,44.0,1,0
3092,2026-04-01 16:39,Organic Search,SEO Guides,Walloon Brabant,10-49,Snack,72.0,1,1
3093,2026-04-01 09:41,Organic Search,SEO Guides,Walloon Brabant,50+,Bar,92.0,1,1
3094,2026-04-01 08:12,Organic Search,SEO Comparison,Hainaut,1-9,Restaurant,79.0,1,0
3095,2026-04-01 20:28,Direct,Brand Direct,Flemish Brabant,1-9,Restaurant,55.0,0,0
3096,2026-04-01 07:19,Email,Newsletter,Hainaut,1-9,Restaurant,56.0,0,0
3097,2026-04-01 12:50,Email,Lead Nurture,Brussels,1-9,Restaurant,57.0,1,1
3098,2026-04-01 08:21,Email,Reactivation,Walloon Brabant,50+,Bar,50.0,0,0
3099,2026-04-01 18:43,Email,Reactivation,Namur,1-9,Bar,51.0,0,0
3100,2026-04-01 10:44,Referral,Partner Network,Brussels,1-9,Bar,70.0,1,1
3101,2026-04-01 11:07,Referral,Partner Network,Hainaut,1-9,Bar,73.0,0,0
3102,2026-04-01 08:57,Referral,Partner Network,Namur,1-9,Bar,64.0,1,0
3103,2026-04-01 21:15,Referral,Industry Events,Namur,10-49,Restaurant,61.0,1,1
3104,2026-04-02 08:15,Google Ads,High Intent Search,Flemish Brabant,10-49,Restaurant,61.0,1,0
3105,2026-04-02 14:38,Google Ads,High Intent Search,Liège,10-49,Bar,67.0,1,1
3106,2026-04-02 19:58,Meta Ads,Awareness Video,Namur,1-9,Restaurant,15.0,0,0
3107,2026-04-02 14:21,Meta Ads,Summer Promo TEST,Antwerp,1-9,Snack,38.0,1,0
3108,2026-04-02 19:49,Meta Ads,Awareness Video,Liège,1-9,Bar,6.0,0,0
3109,2026-04-02 19:05,Meta Ads,Awareness Video,Walloon Brabant,1-9,Restaurant,39.0,0,0
3110,2026-04-02 14:12,Meta Ads,Awareness Video,Walloon Brabant,1-9,Bar,31.0,0,0
3111,2026-04-02 16:49,Meta Ads,Awareness Video,Antwerp,50+,Bar,42.0,0,0
3112,2026-04-02 07:56,Meta Ads,Lead Magnet,Walloon Brabant,1-9,Restaurant,47.0,1,0
3113,2026-04-02 15:13,Organic Search,SEO Product Pages,Brussels,10-49,Hotel,44.0,0,0
3114,2026-04-02 20:33,Organic Search,SEO Product Pages,East Flanders,1-9,Snack,35.0,1,0
3115,2026-04-02 17:39,Organic Search,SEO Product Pages,Brussels,1-9,Restaurant,28.0,0,0
3116,2026-04-02 12:16,Organic Search,SEO Guides,Liège,1-9,Restaurant,28.0,0,0
3117,2026-04-02 15:39,Organic Search,SEO Comparison,Walloon Brabant,50+,Bar,83.0,0,0
3118,2026-04-02 11:39,Organic Search,SEO Comparison,Hainaut,1-9,Bar,84.0,1,1
3119,2026-04-02 17:24,Direct,Brand Direct,Antwerp,1-9,Hotel,62.0,1,0
3120,2026-04-02 15:20,Direct,Brand Direct,Walloon Brabant,1-9,Restaurant,51.0,0,0
3121,2026-04-02 21:57,Direct,Brand Direct,Flemish Brabant,10-49,Restaurant,66.0,1,1
3122,2026-04-02 10:30,Direct,Brand Direct,Flemish Brabant,10-49,Restaurant,66.0,1,1
3123,2026-04-02 13:13,Direct,Returning Visitors,Flemish Brabant,10-49,Bar,57.0,1,1
3124,2026-04-02 21:23,Email,Lead Nurture,Antwerp,10-49,Bar,74.0,1,1
3125,2026-04-02 15:00,Email,Lead Nurture,Antwerp,1-9,Snack,78.0,0,0
3126,2026-04-02 16:53,Email,Lead Nurture,Brussels,1-9,Restaurant,66.0,1,1
3127,2026-04-02 21:26,Email,Lead Nurture,Antwerp,1-9,Restaurant,49.0,1,1
3128,2026-04-02 13:07,Email,Reactivation,Hainaut,1-9,Hotel,47.0,0,0
3129,2026-04-02 21:24,Referral,Partner Network,Liège,1-9,Restaurant,46.0,0,0
3130,2026-04-02 21:05,Referral,Partner Network,Brussels,1-9,Bar,53.0,0,0
3131,2026-04-02 17:16,Referral,Partner Network,East Flanders,10-49,Restaurant,78.0,0,0
3132,2026-04-03 08:16,Google Ads,Competitor Search,Brussels,1-9,Bar,30.0,0,0
3133,2026-04-03 09:37,LinkedIn Ads,Operations Leaders,Namur,10-49,Restaurant,65.0,0,0
3134,2026-04-03 13:02,Meta Ads,Awareness Video,Antwerp,1-9,Restaurant,16.0,0,0
3135,2026-04-03 14:15,Meta Ads,Awareness Video,East Flanders,50+,Restaurant,29.0,0,0
3136,2026-04-03 12:36,Meta Ads,Awareness Video,Brussels,1-9,Restaurant,28.0,1,0
3137,2026-04-03 12:26,Meta Ads,Awareness Video,Antwerp,1-9,Bar,22.0,0,0
3138,2026-04-03 18:22,Meta Ads,Awareness Video,Hainaut,1-9,Restaurant,33.0,1,1
3139,2026-04-03 10:15,Meta Ads,Lead Magnet,East Flanders,10-49,Café,44.0,1,0
3140,2026-04-03 20:44,Meta Ads,Lead Magnet,Antwerp,1-9,Snack,15.0,0,0
3141,2026-04-03 09:20,Meta Ads,Lead Magnet,East Flanders,1-9,Bar,19.0,0,0
3142,2026-04-03 14:53,Meta Ads,Summer Promo TEST,Antwerp,10-49,Snack,26.0,0,0
3143,2026-04-03 18:33,Organic Search,SEO Product Pages,Brussels,10-49,Restaurant,83.0,1,0
3144,2026-04-03 19:52,Organic Search,SEO Guides,Brussels,10-49,Restaurant,45.0,1,0
3145,2026-04-03 19:51,Direct,Brand Direct,Brussels,10-49,Restaurant,79.0,0,0
3146,2026-04-03 17:38,Direct,Brand Direct,Namur,10-49,Restaurant,58.0,1,1
3147,2026-04-03 11:18,Direct,Brand Direct,Flemish Brabant,1-9,Snack,30.0,0,0
3148,2026-04-03 13:53,Direct,Returning Visitors,Liège,1-9,Restaurant,71.0,0,0
3149,2026-04-03 10:05,Direct,Demo Page Direct,Brussels,50+,Restaurant,91.0,1,1
3150,2026-04-03 15:19,Email,Newsletter,Hainaut,1-9,Bar,37.0,0,0
3151,2026-04-03 14:01,Email,Newsletter,Antwerp,1-9,Hotel,70.0,1,1
3152,2026-04-03 11:02,Email,Newsletter,Antwerp,1-9,Restaurant,32.0,0,0
3153,2026-04-03 08:23,Email,Reactivation,Walloon Brabant,1-9,Snack,44.0,0,0
3154,2026-04-03 14:44,Email,Reactivation,East Flanders,10-49,Bar,58.0,0,0
3155,2026-04-03 19:04,Referral,Customer Referral,Hainaut,1-9,Hotel,87.0,1,0
3156,2026-04-03 19:38,Referral,Industry Events,Brussels,1-9,Restaurant,94.0,1,1
3157,2026-04-03 08:30,Referral,Industry Events,Antwerp,1-9,Bar,60.0,1,1
3158,2026-04-03 19:42,Referral,Industry Events,Namur,50+,Restaurant,82.0,1,1
3159,2026-04-04 12:22,Google Ads,High Intent Search,Brussels,1-9,Restaurant,54.0,1,1
3160,2026-04-04 17:32,Google Ads,High Intent Search,Brussels,1-9,Hotel,45.0,0,0
3161,2026-04-04 08:42,Meta Ads,Awareness Video,Namur,1-9,Bar,0.0,0,0
3162,2026-04-04 09:44,Meta Ads,Awareness Video,Flemish Brabant,10-49,Restaurant,14.0,0,0
3163,2026-04-04 16:28,Meta Ads,Awareness Video,Hainaut,10-49,Bar,27.0,0,0
3164,2026-04-04 10:48,Meta Ads,Awareness Video,namur ,1-9,Restaurant,17.0,0,0
3165,2026-04-04 08:52,Meta Ads,Awareness Video,Hainaut,1-9,Restaurant,22.0,0,0
3166,2026-04-04 11:42,Meta Ads,Awareness Video,Liège,10-49,Hotel,27.0,0,0
3167,2026-04-04 11:08,Meta Ads,Lead Magnet,Hainaut,10-49,Restaurant,56.0,1,0
3168,2026-04-04 09:29,Meta Ads,Lead Magnet,Flemish Brabant,1-9,Restaurant,33.0,1,0
3169,2026-04-04 14:48,Meta Ads,Retargeting,Bruxelles,50+,Snack,38.0,1,0
3170,2026-04-04 16:17,Meta Ads,Retargeting,Brussels,1-9,Bar,53.0,0,0
3171,2026-04-04 19:41,Organic Search,SEO Guides,Walloon Brabant,1-9,Snack,24.0,0,0
3172,2026-04-04 20:22,Organic Search,SEO Comparison,Flemish Brabant,10-49,Bar,99.0,1,0
3173,2026-04-04 15:34,Organic Search,SEO Comparison,Liège,10-49,Restaurant,32.0,0,0
3174,2026-04-04 12:14,Direct,Brand Direct,Namur,1-9,Bar,68.0,1,1
3175,2026-04-04 13:01,Direct,Returning Visitors,East Flanders,1-9,Restaurant,43.0,0,0
3176,2026-04-04 18:40,Direct,Demo Page Direct,East Flanders,10-49,Café,70.0,1,1
3177,2026-04-04 07:25,Email,Newsletter,Brussels,1-9,Bar,50.0,1,1
3178,2026-04-04 19:15,Email,Newsletter,Brussels,1-9,Restaurant,57.0,0,0
3179,2026-04-04 19:51,Email,Reactivation,Flemish Brabant,1-9,Café,58.0,0,0
3180,2026-04-04 09:20,Referral,Partner Network,Liège,10-49,Restaurant,66.0,1,0
3181,2026-04-04 19:25,Referral,Customer Referral,Brussels,10-49,Restaurant,60.0,0,0
3182,2026-04-04 08:58,Referral,Customer Referral,Antwerp,10-49,Bar,74.0,0,0
3183,2026-04-05 11:57,Meta Ads,Awareness Video,Hainaut,10-49,Restaurant,29.0,1,0
3184,2026-04-05 18:03,Meta Ads,Awareness Video,Hainaut,1-9,Hotel,12.0,0,0
3185,2026-04-05 07:41,Meta Ads,Awareness Video,Antwerp,1-9,Restaurant,33.0,0,0
3186,2026-04-05 07:11,Meta Ads,Lead Magnet,Flemish Brabant,1-9,Restaurant,46.0,1,0
3187,2026-04-05 07:00,Meta Ads,Retargeting,Liège,10-49,Hotel,52.0,1,1
3188,2026-04-05 07:18,Organic Search,SEO Product Pages,Liège,1-9,Snack,79.0,1,1
3189,2026-04-05 17:27,Organic Search,SEO Product Pages,Walloon Brabant,1-9,Bar,55.0,0,0
3190,2026-04-05 12:09,Organic Search,SEO Guides,Antwerp,1-9,Café,,0,0
3191,2026-04-05 16:48,Organic Search,SEO Guides,Walloon Brabant,1-9,Snack,59.0,1,0
3192,2026-04-05 16:21,Organic Search,SEO Guides,Antwerp,10-49,Restaurant,54.0,1,1
3193,2026-04-05 09:34,Organic Search,SEO Comparison,East Flanders,1-9,Café,54.0,0,0
3194,2026-04-05 15:52,Organic Search,SEO Comparison,Liège,1-9,Restaurant,28.0,1,0
3195,2026-04-05 18:23,Organic Search,SEO Comparison,Brussels,10-49,Restaurant,62.0,1,1
3196,2026-04-05 15:07,Direct,Brand Direct,Flemish Brabant,1-9,Snack,54.0,0,0
3197,2026-04-05 16:18,Email,Lead Nurture,East Flanders,1-9,Restaurant,75.0,0,0
3198,2026-04-05 17:30,Email,Reactivation,Brussels,10-49,Bar,66.0,1,0
3199,2026-04-05 12:36,Email,Reactivation,Antwerp,1-9,Restaurant,57.0,1,1
3200,2026-04-05 18:47,Referral,Partner Network,Hainaut,1-9,Bar,61.0,0,0
3201,2026-04-05 16:32,Referral,Partner Network,East Flanders,1-9,Café,47.0,1,1
3202,2026-04-06 09:46,LinkedIn Ads,SMB Growth,Flemish Brabant,10-49,Café,40.0,1,1
3203,2026-04-06 19:27,Meta Ads,Awareness Video,Namur,10-49,Restaurant,29.0,0,0
3204,2026-04-06 14:37,Meta Ads,Awareness Video,Brussels,10-49,Restaurant,28.0,0,0
3205,2026-04-06 20:15,Meta Ads,Awareness Video,Namur,10-49,Bar,0.0,0,0
3206,2026-04-06 21:33,Meta Ads,Awareness Video,Antwerp,10-49,Snack,25.0,0,0
3207,2026-04-06 11:39,Meta Ads,Awareness Video,Walloon Brabant,1-9,Restaurant,26.0,1,1
3208,2026-04-06 17:59,Meta Ads,Lead Magnet,Brussels,50+,Restaurant,30.0,0,0
3209,2026-04-06 17:41,Meta Ads,Retargeting,Namur,1-9,Restaurant,55.0,0,0
3210,2026-04-06 12:53,Organic Search,SEO Product Pages,Brussels,1-9,Snack,55.0,1,1
3211,2026-04-06 20:44,Organic Search,SEO Product Pages,Antwerp,1-9,Restaurant,36.0,0,0
3212,2026-04-06 19:36,Organic Search,SEO Guides,Liège,10-49,Snack,51.0,0,0
3213,2026-04-06 10:15,Organic Search,SEO Guides,Flemish Brabant,1-9,Restaurant,55.0,0,0
3214,2026-04-06 16:58,Direct,Returning Visitors,Hainaut,1-9,Café,67.0,1,1
3215,2026-04-06 20:39,Direct,Demo Page Direct,Flemish Brabant,1-9,Snack,48.0,0,0
3216,2026-04-06 08:53,Email,Newsletter,East Flanders,50+,Bar,75.0,1,1
3217,2026-04-06 21:28,Email,Newsletter,Walloon Brabant,10-49,Restaurant,73.0,1,1
3218,2026-04-06 09:24,Email,Newsletter,Hainaut,1-9,Restaurant,46.0,1,1
3219,2026-04-06 11:31,Email,Newsletter,Liège,10-49,Snack,63.0,1,0
3220,2026-04-06 14:24,Email,Newsletter,Hainaut,10-49,Snack,72.0,1,0
3221,2026-04-06 14:24,Email,Lead Nurture,Brussels,1-9,Café,78.0,1,1
3222,2026-04-06 08:00,Email,Lead Nurture,East Flanders,1-9,Hotel,62.0,0,0
3223,2026-04-06 20:46,Email,Lead Nurture,Brussels,1-9,Restaurant,39.0,1,1
3224,2026-04-06 07:38,Referral,Customer Referral,Hainaut,10-49,Restaurant,74.0,1,0
3225,2026-04-07 17:02,Google Ads,High Intent Search,Brussels,10-49,Restaurant,76.0,0,0
3226,2026-04-07 14:46,Google Ads,Competitor Search,Namur,1-9,Café,38.0,0,0
3227,2026-04-07 18:25,LinkedIn Ads,Operations Leaders,East Flanders,50+,Restaurant,99.0,1,1
3228,2026-04-07 15:41,Meta Ads,Awareness Video,Liège,10-49,Café,52.0,0,0
3229,2026-04-07 13:37,Meta Ads,Awareness Video,East Flanders,50+,Restaurant,33.0,1,0
3230,2026-04-07 14:12,Meta Ads,Awareness Video,Antwerp,1-9,Café,13.0,0,0
3231,2026-04-07 18:41,Meta Ads,Awareness Video,Namur,1-9,Snack,45.0,0,0
3232,2026-04-07 15:11,Meta Ads,Awareness Video,Walloon Brabant,10-49,Hotel,21.0,0,0
3233,2026-04-07 07:02,Meta Ads,Awareness Video,Bruxelles,50+,Restaurant,48.0,1,0
3234,2026-04-07 21:46,Meta Ads,Lead Magnet,Hainaut,1-9,Bar,31.0,0,0
3235,2026-04-07 21:15,Meta Ads,Lead Magnet,Namur,1-9,Café,31.0,0,0
3236,2026-04-07 18:24,Meta Ads,Lead Magnet,Brussels,1-9,Restaurant,38.0,1,1
3237,2026-04-07 20:45,Meta Ads,Lead Magnet,Brussels,1-9,Restaurant,36.0,0,0
3238,2026-04-07 10:59,Meta Ads,Retargeting,Walloon Brabant,10-49,Snack,48.0,1,0
3239,2026-04-07 13:36,Organic Search,SEO Guides,Antwerp,1-9,Café,30.0,0,0
3240,2026-04-07 18:17,Organic Search,SEO Guides,Brussels,10-49,Restaurant,50.0,0,0
3241,2026-04-07 15:54,Organic Search,SEO Comparison,Liège,1-9,Café,52.0,0,0
3242,2026-04-07 13:18,Organic Search,SEO Comparison,Liège,50+,Café,85.0,1,1
3243,2026-04-07 14:39,Organic Search,SEO Comparison,Walloon Brabant,1-9,Café,49.0,0,0
3244,2026-04-07 07:25,Organic Search,SEO Comparison,Namur,1-9,Restaurant,63.0,1,0
3245,2026-04-07 16:29,Direct,Brand Direct,Brussels,50+,Restaurant,82.0,1,0
3246,2026-04-07 18:09,Direct,Brand Direct,Antwerp,1-9,Café,78.0,1,0
3247,2026-04-07 15:38,Direct,Brand Direct,Namur,1-9,Bar,75.0,1,0
3248,2026-04-07 21:08,Direct,Brand Direct,Flemish Brabant,1-9,Snack,66.0,1,1
3249,2026-04-07 16:38,Direct,Brand Direct,Brussels,50+,Snack,,1,1
3250,2026-04-07 10:38,Direct,Brand Direct,Brussels,50+,Café,64.0,1,0
3251,2026-04-07 14:35,Direct,Returning Visitors,Brussels,1-9,Restaurant,57.0,1,1
3252,2026-04-07 16:23,Direct,Demo Page Direct,Brussels,1-9,Restaurant,60.0,1,0
3253,2026-04-07 09:34,Direct,Demo Page Direct,Antwerp,1-9,Restaurant,66.0,1,0
3254,2026-04-07 13:33,Email,Newsletter,Liège,1-9,Café,57.0,1,1
3255,2026-04-07 16:27,Email,Newsletter,Brussels,1-9,Bar,50.0,1,0
3256,2026-04-07 07:00,Email,Lead Nurture,Antwerp,10-49,Bar,86.0,1,1
3257,2026-04-07 11:16,Email,Reactivation,Hainaut,10-49,Hotel,87.0,1,1
3258,2026-04-07 13:02,Email,Reactivation,Hainaut,1-9,Snack,80.0,1,0
3259,2026-04-07 19:14,Referral,Partner Network,East Flanders,10-49,Restaurant,71.0,0,0
3260,2026-04-07 15:40,Referral,Partner Network,Liège,10-49,Restaurant,66.0,1,0
3261,2026-04-07 15:25,Referral,Partner Network,Brussels,1-9,Restaurant,43.0,0,0
3262,2026-04-07 10:45,Referral,Industry Events,Walloon Brabant,1 - 9,Bar,53.0,1,1
3263,2026-04-08 15:03,Google Ads,High Intent Search,Brussels,1-9,Café,44.0,1,1
3264,2026-04-08 13:29,Google Ads,High Intent Search,Walloon Brabant,1-9,Café,67.0,1,1
3265,2026-04-08 18:04,Google Ads,Restaurant Operations,Walloon Brabant,10-49,Snack,52.0,0,0
3266,2026-04-08 14:25,Meta Ads,Awareness Video,Walloon Brabant,1-9,Snack,14.0,0,0
3267,2026-04-08 07:29,Meta Ads,Lead Magnet,Walloon Brabant,10-49,Restaurant,30.0,0,0
3268,2026-04-08 20:17,Meta Ads,Lead Magnet,Walloon Brabant,10-49,Café,55.0,0,0
3269,2026-04-08 21:57,Meta Ads,Retargeting,Brussels,10-49,Café,48.0,0,0
3270,2026-04-08 07:03,Organic Search,SEO Product Pages,Liège,10-49,Restaurant,75.0,1,1
3271,2026-04-08 11:44,Organic Search,SEO Product Pages,East Flanders,10-49,Bar,51.0,1,0
3272,2026-04-08 12:22,Organic Search,SEO Product Pages,Brussels,50+,Snack,79.0,1,1
3273,2026-04-08 13:42,Organic Search,SEO Guides,Hainaut,1-9,Snack,50.0,0,0
3274,2026-04-08 17:26,Organic Search,SEO Guides,Antwerp,1-9,Café,15.0,0,0
3275,2026-04-08 13:20,Direct,Brand Direct,East Flanders,10-49,Restaurant,31.0,0,0
3276,2026-04-08 08:41,Direct,Returning Visitors,Liège,10-49,Restaurant,71.0,1,1
3277,2026-04-08 08:58,Email,Newsletter,Antwerp,1-9,Restaurant,44.0,1,1
3278,2026-04-08 15:31,Email,Newsletter,Flemish Brabant,1-9,Restaurant,56.0,1,0
3279,2026-04-08 15:03,Email,Reactivation,Hainaut,1-9,Bar,72.0,0,0
3280,2026-04-08 15:52,Email,Reactivation,Hainaut,1-9,Restaurant,51.0,0,0
3281,2026-04-08 09:53,Email,Reactivation,Namur,1-9,Hotel,48.0,0,0
3282,2026-04-08 11:16,Referral,Partner Network,Flemish Brabant,1-9,Restaurant,70.0,1,1
3283,2026-04-08 07:00,Referral,Partner Network,Liège,10-49,Restaurant,99.0,1,1
3284,2026-04-08 20:01,Referral,Partner Network,Hainaut,10-49,Snack,67.0,1,1
3285,2026-04-09 07:24,Google Ads,High Intent Search,Walloon Brabant,10-49,Bar,50.0,1,0
3286,2026-04-09 07:17,Google Ads,Restaurant Operations,Hainaut,1-9,Restaurant,43.0,0,0
3287,2026-04-09 07:47,Google Ads,Restaurant Operations,East Flanders,1-9,Restaurant,34.0,1,0
3288,2026-04-09 08:02,Google Ads,Restaurant Operations,Brussels,1-9,Restaurant,68.0,1,1
3289,2026-04-09 15:39,Meta Ads,Awareness Video,Liège,1-9,Restaurant,34.0,0,0
3290,2026-04-09 16:41,Meta Ads,Awareness Video,Flemish Brabant,10-49,Bar,44.0,0,0
3291,2026-04-09 16:23,Meta Ads,Awareness Video,Flemish Brabant,1-9,Hotel,57.0,1,0
3292,2026-04-09 07:31,Meta Ads,Awareness Video,Antwerp,10-49,Café,20.0,1,0
3293,2026-04-09 08:59,Meta Ads,Awareness Video,East Flanders,1-9,Bar,23.0,0,0
3294,2026-04-09 10:55,Meta Ads,Awareness Video,Oost-Vlaanderen,1-9,Snack,34.0,0,0
3295,2026-04-09 18:04,Meta Ads,Lead Magnet,Namur,50+,Bar,28.0,0,0
3296,2026-04-09 14:15,Organic Search,SEO Product Pages,Flemish Brabant,10-49,Restaurant,51.0,0,0
3297,2026-04-09 12:31,Organic Search,SEO Product Pages,Flemish Brabant,1-9,Restaurant,37.0,1,1
3298,2026-04-09 18:35,Organic Search,SEO Guides,Liège,1-9,Snack,49.0,0,0
3299,2026-04-09 13:54,Organic Search,SEO Comparison,Brussels,1-9,Snack,69.0,0,0
3300,2026-04-09 13:10,Direct,Brand Direct,Hainaut,50+,Restaurant,62.0,1,1
3301,2026-04-09 08:16,Direct,Brand Direct,East Flanders,1-9,Snack,64.0,0,0
3302,2026-04-09 13:29,Direct,Brand Direct,Brussels,1 - 9,Restaurant,59.0,1,1
3303,2026-04-09 13:52,Direct,Returning Visitors,Flemish Brabant,50+,Restaurant,71.0,1,1
3304,2026-04-09 17:19,Direct,Returning Visitors,Hainaut,1-9,Bar,62.0,0,0
3305,2026-04-09 08:34,Direct,Demo Page Direct,Brussels,50+,Restaurant,63.0,1,1
3306,2026-04-09 08:10,Email,Newsletter,Brussels,1-9,Snack,36.0,0,0
3307,2026-04-09 12:35,Email,Newsletter,Flemish Brabant,1-9,Bar,59.0,1,1
3308,2026-04-09 21:58,Email,Newsletter,Bruxelles,10-49,Restaurant,82.0,1,1
3309,2026-04-09 08:45,Email,Lead Nurture,Liège,10-49,Restaurant,77.0,1,1
3310,2026-04-09 19:54,Email,Lead Nurture,Brussels,1-9,Café,64.0,1,0
3311,2026-04-09 08:14,Email,Lead Nurture,Brussels,1-9,Restaurant,76.0,0,0
3312,2026-04-09 10:08,Email,Lead Nurture,Liège,1-9,Hotel,60.0,1,1
3313,2026-04-09 11:43,Email,Reactivation,Brussels,1-9,Restaurant,45.0,0,0
3314,2026-04-09 07:20,Email,Reactivation,Antwerp,10-49,Restaurant,65.0,1,1
3315,2026-04-09 12:57,Email,Reactivation,Liège,50+,Bar,69.0,1,0
3316,2026-04-09 13:26,Referral,Customer Referral,Flemish Brabant,10-49,Bar,65.0,1,1
3317,2026-04-10 17:09,Google Ads,High Intent Search,Antwerp,1-9,Bar,47.0,1,0
3318,2026-04-10 12:50,Google Ads,High Intent Search,Brussels,1-9,Restaurant,37.0,0,0
3319,2026-04-10 20:05,Google Ads,High Intent Search,East Flanders,1-9,Restaurant,61.0,0,0
3320,2026-04-10 14:50,Google Ads,High Intent Search,Brussels,10-49,Snack,71.0,0,0
3321,2026-04-10 09:16,Google Ads,Competitor Search,Brussels,1-9,Restaurant,50.0,0,0
3322,2026-04-10 21:49,LinkedIn Ads,Decision Makers,Antwerp,10-49,Bar,58.0,0,0
3323,2026-04-10 12:29,LinkedIn Ads,SMB Growth,Flemish Brabant,50+,Restaurant,42.0,0,0
3324,2026-04-10 12:04,Meta Ads,Awareness Video,Namur,1-9,Bar,5.0,0,0
3325,2026-04-10 15:09,Meta Ads,Awareness Video,Antwerp,1-9,Café,23.0,0,0
3326,2026-04-10 17:19,Meta Ads,Awareness Video,Brussels,1-9,Hotel,17.0,0,0
3327,2026-04-10 07:32,Meta Ads,Awareness Video,Walloon Brabant,10-49,Hotel,26.0,0,0
3328,2026-04-10 21:42,Meta Ads,Awareness Video,Brussels,1-9,Bar,13.0,0,0
3329,2026-04-10 20:06,Meta Ads,Awareness Video,Hainaut,10-49,Café,24.0,1,0
3330,2026-04-10 10:14,Meta Ads,Lead Magnet,Hainaut,10-49,Restaurant,43.0,1,0
3331,2026-04-10 09:12,Meta Ads,Lead Magnet,Hainaut,10-49,Snack,55.0,1,0
3332,2026-04-10 11:01,Meta Ads,Lead Magnet,Liège,1-9,Bar,3.0,0,0
3333,2026-04-10 20:16,Meta Ads,Lead Magnet,Walloon Brabant,10-49,Café,19.0,0,0
3334,2026-04-10 08:51,Organic Search,SEO Product Pages,Namur,10-49,Restaurant,41.0,1,0
3335,2026-04-10 07:48,Organic Search,SEO Product Pages,Hainaut,1-9,Snack,39.0,0,0
3336,2026-04-10 19:00,Organic Search,SEO Product Pages,Liège,10-49,Restaurant,48.0,0,0
3337,2026-04-10 13:03,Organic Search,SEO Product Pages,Flemish Brabant,1-9,Restaurant,48.0,0,0
3338,2026-04-10 14:56,Organic Search,SEO Guides,Walloon Brabant,10-49,Snack,46.0,0,0
3339,2026-04-10 14:00,Organic Search,SEO Guides,Brussels,1-9,Restaurant,41.0,0,0
3340,2026-04-10 10:46,Organic Search,SEO Guides,Namur,1-9,Snack,45.0,0,0
3341,2026-04-10 15:49,Organic Search,SEO Comparison,Walloon Brabant,10-49,Café,59.0,1,1
3342,2026-04-10 20:54,Organic Search,SEO Comparison,Namur,10-49,Café,72.0,1,1
3343,2026-04-10 17:19,Direct,Brand Direct,Brussels,1-9,Restaurant,55.0,1,1
3344,2026-04-10 07:21,Direct,Brand Direct,Liège,10-49,Bar,51.0,1,0
3345,2026-04-10 16:51,Email,Lead Nurture,Antwerp,10-49,Restaurant,66.0,1,0
3346,2026-04-10 20:07,Email,Lead Nurture,Antwerp,1-9,Restaurant,68.0,0,0
3347,2026-04-10 11:17,Email,Lead Nurture,East Flanders,10-49,Restaurant,81.0,0,0
3348,2026-04-10 11:48,Email,Reactivation,Antwerp,1-9,Café,80.0,1,1
3349,2026-04-10 09:31,Email,Reactivation,East Flanders,1-9,Restaurant,65.0,1,1
3350,2026-04-10 07:23,Referral,Customer Referral,Hainaut,1-9,Restaurant,69.0,1,0
3351,2026-04-10 10:41,Referral,Customer Referral,Brussels,10-49,Bar,70.0,1,1
3352,2026-04-10 14:05,Referral,Industry Events,Brussels,1-9,Restaurant,88.0,1,1
3353,2026-04-11 09:51,Google Ads,High Intent Search,Walloon Brabant,1-9,Restaurant,53.0,0,0
3354,2026-04-11 12:30,Google Ads,Restaurant Operations,Brussels,10-49,Restaurant,52.0,0,0
3355,2026-04-11 20:21,Meta Ads,Awareness Video,Namur,1-9,Snack,11.0,0,0
3356,2026-04-11 10:41,Meta Ads,Awareness Video,Hainaut,1-9,Restaurant,19.0,0,0
3357,2026-04-11 11:59,Meta Ads,Awareness Video,Antwerp,1-9,Restaurant,17.0,0,0
3358,2026-04-11 17:02,Meta Ads,Lead Magnet,Brussels,10-49,Bar,21.0,0,0
3359,2026-04-11 14:32,Organic Search,SEO Product Pages,Walloon Brabant,10-49,Restaurant,49.0,1,1
3360,2026-04-11 08:08,Organic Search,SEO Guides,Namur,1-9,Restaurant,41.0,1,0
3361,2026-04-11 18:55,Direct,Brand Direct,Antwerp,1-9,Restaurant,61.0,0,0
3362,2026-04-11 20:07,Direct,Brand Direct,East Flanders,1-9,Café,51.0,1,0
3363,2026-04-11 14:28,Direct,Returning Visitors,Antwerp,10-49,Restaurant,54.0,1,0
3364,2026-04-11 18:41,Direct,Demo Page Direct,East Flanders,10-49,Bar,78.0,1,0
3365,2026-04-11 21:15,Email,Newsletter,Antwerp,10-49,Restaurant,76.0,1,0
3366,2026-04-11 14:38,Email,Lead Nurture,East Flanders,1-9,Snack,27.0,0,0
3367,2026-04-12 11:18,Google Ads,High Intent Search,Hainaut,1-9,Restaurant,55.0,1,0
3368,2026-04-12 11:47,Google Ads,High Intent Search,Antwerp,1-9,Restaurant,48.0,1,0
3369,2026-04-12 13:51,Google Ads,Restaurant Operations,East Flanders,1-9,Hotel,61.0,0,0
3370,2026-04-12 15:42,Meta Ads,Awareness Video,Hainaut,1-9,Snack,19.0,0,0
3371,2026-04-12 11:29,Meta Ads,Lead Magnet,Flemish Brabant,1-9,Hotel,28.0,0,0
3372,2026-04-12 18:57,Meta Ads,Lead Magnet,Antwerp,1-9,Hotel,26.0,0,0
3373,2026-04-12 14:44,Meta Ads,Retargeting,Brussels,1-9,Bar,46.0,0,0
3374,2026-04-12 08:01,Meta Ads,Retargeting,Antwerp,1-9,Restaurant,52.0,0,0
3375,2026-04-12 21:37,Organic Search,SEO Product Pages,Brussels,1-9,Café,58.0,0,0
3376,2026-04-12 15:21,Organic Search,SEO Product Pages,Walloon Brabant,1-9,Bar,55.0,1,1
3377,2026-04-12 16:40,Organic Search,SEO Product Pages,Namur,1-9,Bar,34.0,0,0
3378,2026-04-12 14:06,Organic Search,SEO Guides,Brussels,10-49,Restaurant,55.0,0,0
3379,2026-04-12 17:50,Organic Search,SEO Guides,Antwerp,1-9,Restaurant,27.0,0,0
3380,2026-04-12 11:47,Organic Search,SEO Guides,East Flanders,10-49,Snack,74.0,1,1
3381,2026-04-12 11:05,Direct,Brand Direct,Brussels,10-49,Bar,59.0,0,0
3382,2026-04-12 08:41,Direct,Returning Visitors,Brussels,1-9,Restaurant,64.0,0,0
3383,2026-04-12 09:14,Direct,Demo Page Direct,Hainaut,10-49,Restaurant,56.0,0,0
3384,2026-04-12 14:57,Email,Newsletter,Brussels,1-9,Hotel,44.0,0,0
3385,2026-04-12 17:41,Email,Lead Nurture,Antwerp,10-49,Restaurant,66.0,0,0
3386,2026-04-12 15:34,Email,Lead Nurture,Bruxelles,1-9,Restaurant,61.0,1,1
3387,2026-04-12 10:24,Email,Lead Nurture,Liège,1-9,Bar,60.0,1,0
3388,2026-04-12 19:32,Referral,Partner Network,Flemish Brabant,1-9,Restaurant,74.0,1,1
3389,2026-04-12 14:41,Referral,Customer Referral,Liège,1-9,Bar,73.0,1,1
3390,2026-04-13 18:32,Google Ads,Competitor Search,Namur,10-49,Bar,50.0,0,0
3391,2026-04-13 10:10,Google Ads,Restaurant Operations,Brussels,1-9,Restaurant,68.0,0,0
3392,2026-04-13 09:23,Meta Ads,Awareness Video,Namur,10-49,Bar,29.0,0,0
3393,2026-04-13 15:16,Meta Ads,Awareness Video,Brussels,10-49,Restaurant,39.0,0,0
3394,2026-04-13 18:29,Meta Ads,Awareness Video,Antwerp,1-9,Café,15.0,0,0
3395,2026-04-13 21:26,Meta Ads,Awareness Video,East Flanders,1-9,Café,41.0,0,0
3396,2026-04-13 18:51,Meta Ads,Lead Magnet,Antwerp,10-49,Café,46.0,1,0
3397,2026-04-13 07:18,Meta Ads,Summer Promo TEST,Walloon Brabant,1-9,Restaurant,37.0,0,0
3398,2026-04-13 15:03,Meta Ads,Retargeting,Brussels,1-9,Restaurant,40.0,1,0
3399,2026-04-13 19:00,Organic Search,SEO Product Pages,East Flanders,1-9,Restaurant,35.0,1,1
3400,2026-04-13 13:17,Organic Search,SEO Product Pages,East Flanders,50+,Hotel,77.0,1,0
3401,2026-04-13 16:24,Organic Search,SEO Guides,East Flanders,10-49,Restaurant,59.0,0,0
3402,2026-04-13 11:13,Organic Search,SEO Guides,Flemish Brabant,1-9,Restaurant,52.0,0,0
3403,2026-04-13 17:43,Organic Search,SEO Guides,Liège,1-9,Snack,54.0,1,0
3404,2026-04-13 20:08,Organic Search,SEO Comparison,Brussels,1-9,Restaurant,69.0,0,0
3405,2026-04-13 12:39,Direct,Returning Visitors,Liège,1-9,Café,74.0,1,0
3406,2026-04-13 08:42,Direct,Returning Visitors,Walloon Brabant,1-9,Restaurant,59.0,1,1
3407,2026-04-13 17:40,Direct,Returning Visitors,East Flanders,1-9,Bar,51.0,1,1
3408,2026-04-13 13:49,Email,Newsletter,Brussels,1-9,Restaurant,39.0,0,0
3409,2026-04-13 17:27,Email,Newsletter,Antwerp,1-9,Restaurant,63.0,0,0
3410,2026-04-13 11:30,Email,Lead Nurture,Namur,1-9,Hotel,79.0,1,1
3411,2026-04-13 14:04,Email,Reactivation,Antwerp,1-9,Restaurant,29.0,0,0
3412,2026-04-13 10:06,Referral,Partner Network,Liège,50+,Snack,76.0,0,0
3413,2026-04-13 11:32,Referral,Industry Events,Flemish Brabant,50+,Restaurant,77.0,1,0
3414,2026-04-13 07:10,Referral,Industry Events,Brussels,10-49,Hotel,92.0,1,1
3415,2026-04-14 20:43,Google Ads,Restaurant Operations,East Flanders,10-49,Restaurant,79.0,0,0
3416,2026-04-14 09:42,Meta Ads,Awareness Video,Antwerp,10-49,Restaurant,42.0,0,0
3417,2026-04-14 11:31,Meta Ads,Lead Magnet,East Flanders,10-49,Snack,53.0,1,1
3418,2026-04-14 19:15,Meta Ads,Retargeting,Brussels,1-9,Café,48.0,1,1
3419,2026-04-14 11:27,Meta Ads,Retargeting,Brussels,50+,Restaurant,15.0,1,0
3420,2026-04-14 08:12,Meta Ads,Retargeting,Liège,1-9,Bar,50.0,0,0
3421,2026-04-14 11:10,Organic Search,SEO Product Pages,East Flanders,10-49,Bar,64.0,1,1
3422,2026-04-14 20:20,Organic Search,SEO Product Pages,East Flanders,10-49,Restaurant,48.0,1,1
3423,2026-04-14 10:04,Organic Search,SEO Product Pages,East Flanders,10-49,Restaurant,63.0,1,1
3424,2026-04-14 13:12,Organic Search,SEO Product Pages,Antwerp,1-9,Restaurant,43.0,0,0
3425,2026-04-14 13:35,Organic Search,SEO Guides,Namur,1-9,Hotel,45.0,0,0
3426,2026-04-14 20:15,Organic Search,SEO Guides,Flemish Brabant,10-49,Café,71.0,1,1
3427,2026-04-14 17:15,Organic Search,SEO Comparison,Antwerp,10-49,Restaurant,73.0,1,0
3428,2026-04-14 17:40,Direct,Demo Page Direct,East Flanders,10-49,Snack,56.0,1,0
3429,2026-04-14 11:57,Email,Newsletter,Flemish Brabant,1-9,Restaurant,68.0,1,1
3430,2026-04-14 10:59,Email,Newsletter,East Flanders,1-9,Bar,59.0,1,1
3431,2026-04-14 20:09,Email,Lead Nurture,Namur,10-49,Restaurant,63.0,1,0
3432,2026-04-14 17:02,Email,Reactivation,Liège,1-9,Restaurant,36.0,0,0
3433,2026-04-14 10:00,Referral,Partner Network,Walloon Brabant,1-9,Restaurant,55.0,0,0
3434,2026-04-14 19:49,Referral,Partner Network,Liège,1-9,Restaurant,66.0,0,0
3435,2026-04-14 15:14,Referral,Partner Network,Liège,1-9,Snack,53.0,1,0
3436,2026-04-14 17:09,Referral,Industry Events,Walloon Brabant,1-9,Restaurant,46.0,0,0
3437,2026-04-14 21:14,Referral,Industry Events,Namur,1-9,Restaurant,,1,1
3438,2026-04-14 08:08,Referral,Industry Events,Brussels,1-9,Hotel,52.0,1,1
3439,2026-04-14 07:00,Referral,Industry Events,Antwerp,1-9,Restaurant,78.0,1,0
3440,2026-04-15 10:02,Google Ads,Competitor Search,Namur,1-9,Snack,31.0,0,0
3441,2026-04-15 19:59,Google Ads,Competitor Search,East Flanders,1-9,Bar,30.0,0,0
3442,2026-04-15 14:48,Google Ads,Restaurant Operations,Brussels,1-9,Restaurant,33.0,1,1
3443,2026-04-15 13:23,Google Ads,Restaurant Operations,Brussels,10-49,Snack,59.0,0,0
3444,2026-04-15 09:24,LinkedIn Ads,Operations Leaders,Liège,50+,Restaurant,56.0,0,0
3445,2026-04-15 08:20,Meta Ads,Awareness Video,Walloon Brabant,10-49,Bar,48.0,1,0
3446,2026-04-15 10:08,Meta Ads,Awareness Video,Brussels,1-9,Bar,32.0,0,0
3447,2026-04-15 19:10,Meta Ads,Awareness Video,Brussels,1-9,Snack,25.0,0,0
3448,2026-04-15 18:53,Meta Ads,Lead Magnet,Namur,1-9,Snack,,0,0
3449,2026-04-15 17:22,Meta Ads,Lead Magnet,Antwerp,10-49,Bar,21.0,0,0
3450,2026-04-15 13:40,Meta Ads,Lead Magnet,East Flanders,50+,Bar,37.0,0,0
3451,2026-04-15 11:34,Meta Ads,Lead Magnet,Namur,1-9,Bar,23.0,0,0
3452,2026-04-15 10:47,Meta Ads,Lead Magnet,Walloon Brabant,10-49,Restaurant,40.0,1,0
3453,2026-04-15 15:57,Organic Search,SEO Comparison,Antwerp,1-9,Snack,49.0,0,0
3454,2026-04-15 17:24,Organic Search,SEO Comparison,Brussels,1-9,Restaurant,53.0,0,0
3455,2026-04-15 08:20,Direct,Brand Direct,Flemish Brabant,1-9,Bar,64.0,0,0
3456,2026-04-15 09:58,Direct,Brand Direct,Antwerp,1-9,Snack,78.0,1,1
3457,2026-04-15 17:07,Direct,Returning Visitors,Namur,1-9,Café,53.0,0,0
3458,2026-04-15 21:50,Direct,Returning Visitors,Brussels,1-9,Bar,46.0,1,1
3459,2026-04-15 12:28,Email,Lead Nurture,Hainaut,10-49,Bar,91.0,1,1
3460,2026-04-15 13:02,Email,Lead Nurture,Hainaut,10-49,Café,74.0,0,0
3461,2026-04-15 20:12,Email,Reactivation,Liège,10-49,Snack,48.0,1,1
3462,2026-04-15 17:41,Referral,Partner Network,Flemish Brabant,1-9,Café,65.0,1,1
3463,2026-04-15 18:08,Referral,Customer Referral,East Flanders,1-9,Restaurant,89.0,1,1
3464,2026-04-16 17:27,Google Ads,High Intent Search,Liège,10-49,Restaurant,43.0,1,0
3465,2026-04-16 18:50,Google Ads,High Intent Search,Brussels,1-9,Bar,38.0,0,0
3466,2026-04-16 07:10,LinkedIn Ads,SMB Growth,Walloon Brabant,1-9,Restaurant,70.0,1,1
3467,2026-04-16 15:30,Meta Ads,Awareness Video,Walloon Brabant,1-9,Bar,21.0,0,0
3468,2026-04-16 07:24,Meta Ads,Awareness Video,Flemish Brabant,1-9,Bar,33.0,0,0
3469,2026-04-16 20:05,Meta Ads,Awareness Video,Antwerp,10-49,Restaurant,54.0,0,0
3470,2026-04-16 19:10,Meta Ads,Lead Magnet,Antwerp,1 - 9,Bar,26.0,0,0
3471,2026-04-16 08:40,Meta Ads,Lead Magnet,Flemish Brabant,1-9,Restaurant,39.0,0,0
3472,2026-04-16 15:35,Meta Ads,Retargeting,Hainaut,1-9,Restaurant,29.0,0,0
3473,2026-04-16 20:54,Organic Search,SEO Product Pages,Brussels,1-9,Bar,54.0,0,0
3474,2026-04-16 07:15,Organic Search,SEO Product Pages,Liège,10-49,Restaurant,76.0,1,1
3475,2026-04-16 11:07,Organic Search,SEO Product Pages,Walloon Brabant,1-9,Bar,76.0,1,1
3476,2026-04-16 16:37,Organic Search,SEO Product Pages,Liège,10-49,Restaurant,51.0,1,0
3477,2026-04-16 18:02,Organic Search,SEO Guides,Antwerp,1-9,Restaurant,39.0,1,0
3478,2026-04-16 11:40,Organic Search,SEO Comparison,Walloon Brabant,10-49,Restaurant,77.0,1,1
3479,2026-04-16 16:58,Organic Search,SEO Comparison,Antwerp,1-9,Restaurant,73.0,0,0
3480,2026-04-16 19:23,Organic Search,SEO Comparison,East Flanders,1-9,Bar,56.0,0,0
3481,2026-04-16 11:34,Organic Search,SEO Comparison,Hainaut,10-49,Hotel,70.0,1,0
3482,2026-04-16 16:42,Direct,Brand Direct,East Flanders,1-9,Restaurant,50.0,0,0
3483,2026-04-16 09:37,Direct,Brand Direct,Brussels,1-9,Restaurant,55.0,1,1
3484,2026-04-16 09:07,Email,Newsletter,Brussels,1-9,Hotel,46.0,0,0
3485,2026-04-16 08:43,Email,Newsletter,East Flanders,1-9,Restaurant,63.0,1,1
3486,2026-04-16 20:20,Email,Lead Nurture,Hainaut,1-9,Restaurant,53.0,0,0
3487,2026-04-16 12:05,Email,Lead Nurture,Walloon Brabant,1-9,Restaurant,77.0,1,1
3488,2026-04-16 19:16,Email,Lead Nurture,Hainaut,1-9,Restaurant,71.0,0,0
3489,2026-04-16 07:10,Email,Lead Nurture,Brussels,1-9,Bar,67.0,1,0
3490,2026-04-16 09:55,Email,Lead Nurture,East Flanders,1-9,Bar,71.0,1,1
3491,2026-04-16 15:47,Email,Reactivation,Flemish Brabant,10-49,Bar,50.0,1,1
3492,2026-04-16 17:12,Referral,Partner Network,Brussels,1-9,Café,67.0,1,0
3493,2026-04-16 11:33,Referral,Customer Referral,Hainaut,10-49,Hotel,83.0,1,1
3494,2026-04-16 10:30,Referral,Customer Referral,Antwerp,1-9,Snack,92.0,1,1
3495,2026-04-16 18:31,Referral,Customer Referral,Hainaut,50+,Restaurant,78.0,1,1
3496,2026-04-17 16:22,Google Ads,High Intent Search,Flemish Brabant,50+,Snack,64.0,1,1
3497,2026-04-17 17:39,Google Ads,High Intent Search,Namur,1-9,Bar,65.0,1,1
3498,2026-04-17 11:21,Google Ads,High Intent Search,Namur,10-49,Snack,52.0,1,0
3499,2026-04-17 18:08,Google Ads,Restaurant Operations,Liège,10-49,Restaurant,65.0,1,0
3500,2026-04-17 07:19,Meta Ads,Awareness Video,Flemish Brabant,10-49,Bar,22.0,0,0
3501,2026-04-17 20:33,Meta Ads,Awareness Video,Brussels,10-49,Restaurant,29.0,0,0
3502,2026-04-17 13:26,Meta Ads,Awareness Video,Namur,10-49,Restaurant,19.0,0,0
3503,2026-04-17 18:56,Meta Ads,Awareness Video,Hainaut,1-9,Restaurant,34.0,1,0
3504,2026-04-17 16:51,Meta Ads,Awareness Video,Antwerp,10-49,Café,27.0,1,0
3505,2026-04-17 14:37,Meta Ads,Lead Magnet,Brussels,1-9,Restaurant,17.0,0,0
3506,2026-04-17 08:59,Meta Ads,Lead Magnet,Antwerp,10-49,Snack,23.0,0,0
3507,2026-04-17 16:42,Meta Ads,Lead Magnet,Namur,50+,Restaurant,51.0,1,0
3508,2026-04-17 10:59,Meta Ads,Retargeting,Brussels,50+,Restaurant,63.0,1,0
3509,2026-04-17 11:26,Organic Search,SEO Product Pages,Antwerp,50+,Restaurant,63.0,0,0
3510,2026-04-17 11:53,Organic Search,SEO Guides,Hainaut,1-9,Restaurant,57.0,1,1
3511,2026-04-17 12:16,Organic Search,SEO Comparison,Flemish Brabant,10-49,Restaurant,76.0,0,0
3512,2026-04-17 15:55,Direct,Returning Visitors,Namur,10-49,Restaurant,72.0,1,0
3513,2026-04-17 18:06,Direct,Demo Page Direct,East Flanders,1-9,Hotel,55.0,0,0
3514,2026-04-17 16:47,Email,Newsletter,Hainaut,1-9,Restaurant,56.0,0,0
3515,2026-04-17 09:55,Email,Newsletter,Hainaut,10-49,Bar,91.0,1,1
3516,2026-04-17 17:07,Email,Reactivation,Hainaut,10-49,Snack,42.0,1,0
3517,2026-04-17 12:40,Referral,Partner Network,Brussels,1-9,Bar,79.0,1,0
3518,2026-04-17 08:06,Referral,Industry Events,Flemish Brabant,1-9,Bar,59.0,1,1
3519,2026-04-18 15:11,Google Ads,High Intent Search,Namur,1-9,Hotel,62.0,0,0
3520,2026-04-18 09:35,Google Ads,High Intent Search,Namur,10-49,Restaurant,43.0,1,1
3521,2026-04-18 21:47,Meta Ads,Awareness Video,Flemish Brabant,10-49,Restaurant,,1,1
3522,2026-04-18 18:08,Meta Ads,Lead Magnet,Walloon Brabant,1-9,Bar,22.0,0,0
3523,2026-04-18 13:29,Meta Ads,Lead Magnet,East Flanders,1-9,Bar,25.0,0,0
3524,2026-04-18 09:51,Organic Search,SEO Product Pages,Liège,1-9,Bar,51.0,0,0
3525,2026-04-18 21:39,Organic Search,SEO Guides,Antwerp,1-9,Café,,0,0
3526,2026-04-18 21:17,Direct,Brand Direct,Antwerp,1-9,Bar,74.0,1,0
3527,2026-04-18 13:53,Email,Newsletter,Brussels,10 - 49,Hotel,72.0,1,1
3528,2026-04-18 21:40,Email,Lead Nurture,Antwerp,50+,Snack,62.0,0,0
3529,2026-04-18 09:17,Email,Lead Nurture,Hainaut,50+,Restaurant,77.0,1,1
3530,2026-04-18 10:00,Email,Lead Nurture,Walloon Brabant,1-9,Restaurant,41.0,0,0
3531,2026-04-18 07:50,Referral,Partner Network,Brussels,10-49,Snack,82.0,1,1
3532,2026-04-18 13:17,Referral,Partner Network,Antwerp,1-9,Restaurant,70.0,0,0
3533,2026-04-18 08:36,Referral,Customer Referral,East Flanders,1-9,Restaurant,50.0,0,0
3534,2026-04-18 11:21,Referral,Customer Referral,Antwerp,1-9,Restaurant,62.0,0,0
3535,2026-04-19 16:20,Meta Ads,Retargeting,Brussels,1-9,Café,39.0,0,0
3536,2026-04-19 10:17,Organic Search,SEO Product Pages,Antwerp,1-9,Café,61.0,0,0
3537,2026-04-19 11:40,Organic Search,SEO Product Pages,Brussels,1 - 9,Restaurant,75.0,1,1
3538,2026-04-19 10:30,Organic Search,SEO Product Pages,Namur,10-49,Restaurant,46.0,0,0
3539,2026-04-19 17:15,Organic Search,SEO Guides,Brussels,1-9,Restaurant,50.0,0,0
3540,2026-04-19 12:38,Organic Search,SEO Guides,Walloon Brabant,10-49,Restaurant,47.0,0,0
3541,2026-04-19 13:35,Organic Search,SEO Comparison,Brussels,10-49,Bar,70.0,1,1
3542,2026-04-19 18:09,Organic Search,SEO Comparison,Brussels,50+,Restaurant,62.0,1,1
3543,2026-04-19 16:17,Direct,Returning Visitors,Flemish Brabant,10-49,Restaurant,48.0,1,0
3544,2026-04-19 18:56,Direct,Returning Visitors,Liège,10-49,Restaurant,57.0,1,0
3545,2026-04-19 07:20,Direct,Demo Page Direct,East Flanders,10-49,Bar,65.0,1,0
3546,2026-04-19 14:39,Email,Newsletter,Namur,50+,Café,91.0,1,0
3547,2026-04-19 14:35,Email,Reactivation,Brussels,10-49,Restaurant,51.0,1,0
3548,2026-04-20 17:00,Google Ads,High Intent Search,Antwerp,10-49,Restaurant,69.0,1,0
3549,2026-04-20 20:55,Google Ads,High Intent Search,Brussels,1-9,Snack,31.0,0,0
3550,2026-04-20 12:42,Google Ads,Competitor Search,East Flanders,1-9,Restaurant,43.0,0,0
3551,2026-04-20 07:01,Google Ads,Restaurant Operations,Hainaut,1-9,Restaurant,42.0,0,0
3552,2026-04-20 14:02,LinkedIn Ads,SMB Growth,Flemish Brabant,10-49,Restaurant,57.0,1,1
3553,2026-04-20 19:06,Meta Ads,Awareness Video,Brussels,1-9,Bar,33.0,0,0
3554,2026-04-20 21:11,Meta Ads,Awareness Video,East Flanders,1-9,Restaurant,34.0,0,0
3555,2026-04-20 12:01,Meta Ads,Summer Promo TEST,East Flanders,1-9,Restaurant,51.0,1,1
3556,2026-04-20 07:18,Meta Ads,Awareness Video,Hainaut,1-9,Café,30.0,0,0
3557,2026-04-20 16:15,Meta Ads,Awareness Video,Brussels,10-49,Café,18.0,0,0
3558,2026-04-20 10:09,Meta Ads,Lead Magnet,East Flanders,50+,Restaurant,60.0,0,0
3559,2026-04-20 17:38,Meta Ads,Lead Magnet,Brussels,10-49,Bar,27.0,0,0
3560,2026-04-20 08:38,Meta Ads,Lead Magnet,Antwerp,1-9,Restaurant,32.0,0,0
3561,2026-04-20 16:21,Meta Ads,Retargeting,Flemish Brabant,10-49,Restaurant,79.0,1,0
3562,2026-04-20 12:54,Organic Search,SEO Product Pages,Brussels,10-49,Restaurant,47.0,0,0
3563,2026-04-20 17:38,Organic Search,SEO Product Pages,Flemish Brabant,1-9,Snack,61.0,0,0
3564,2026-04-20 09:12,Organic Search,SEO Guides,Flemish Brabant,1-9,Bar,38.0,0,0
3565,2026-04-20 18:55,Organic Search,SEO Guides,Hainaut,50+,Restaurant,52.0,0,0
3566,2026-04-20 18:48,Direct,Brand Direct,Liège,1-9,Restaurant,30.0,0,0
3567,2026-04-20 11:57,Direct,Returning Visitors,Walloon Brabant,1-9,Restaurant,60.0,1,1
3568,2026-04-20 10:51,Referral,Partner Network,Antwerp,1-9,Restaurant,40.0,0,0
3569,2026-04-20 20:19,Referral,Customer Referral,Flemish Brabant,1-9,Bar,73.0,1,0
3570,2026-04-20 21:18,Referral,Industry Events,Walloon Brabant,50+,Restaurant,85.0,1,1
3571,2026-04-21 21:19,Google Ads,High Intent Search,Antwerp,50+,Bar,55.0,1,0
3572,2026-04-21 09:18,Google Ads,Competitor Search,Liège,10-49,Bar,51.0,0,0
3573,2026-04-21 16:32,Google Ads,Restaurant Operations,Antwerp,1-9,Bar,49.0,1,0
3574,2026-04-21 10:24,LinkedIn Ads,Decision Makers,Brussels,1-9,Restaurant,60.0,0,0
3575,2026-04-21 20:55,Meta Ads,Awareness Video,Flemish Brabant,50+,Restaurant,37.0,0,0
3576,2026-04-21 13:54,Meta Ads,Awareness Video,Brussels,10-49,Snack,15.0,0,0
3577,2026-04-21 10:44,Meta Ads,Awareness Video,Antwerp,1-9,Bar,20.0,0,0
3578,2026-04-21 21:28,Meta Ads,Retargeting,Namur,1-9,Hotel,38.0,0,0
3579,2026-04-21 17:53,Organic Search,SEO Product Pages,Antwerp,1-9,Restaurant,59.0,1,0
3580,2026-04-21 14:03,Organic Search,SEO Product Pages,East Flanders,10-49,Restaurant,57.0,0,0
3581,2026-04-21 20:07,Organic Search,SEO Guides,Brussels,1-9,Hotel,57.0,0,0
3582,2026-04-21 20:04,Organic Search,SEO Guides,Walloon Brabant,1-9,Restaurant,40.0,0,0
3583,2026-04-21 12:12,Direct,Brand Direct,Hainaut,1-9,Restaurant,21.0,0,0
3584,2026-04-21 08:26,Direct,Returning Visitors,Brussels,10-49,Café,45.0,0,0
3585,2026-04-21 21:45,Direct,Demo Page Direct,East Flanders,1-9,Snack,94.0,1,1
3586,2026-04-21 16:00,Email,Newsletter,Antwerp,1-9,Snack,58.0,0,0
3587,2026-04-21 08:32,Email,Newsletter,FLEMISH BRABANT,10-49,Restaurant,79.0,1,0
3588,2026-04-21 11:26,Email,Reactivation,Walloon Brabant,1-9,Restaurant,58.0,1,0
3589,2026-04-21 13:48,Email,Reactivation,Hainaut,1-9,Hotel,52.0,1,1
3590,2026-04-21 14:29,Referral,Partner Network,Brussels,1-9,Snack,37.0,1,1
3591,2026-04-21 15:24,Referral,Partner Network,Walloon Brabant,1-9,Bar,93.0,1,1
3592,2026-04-21 21:07,Referral,Partner Network,Antwerp,10-49,Restaurant,100.0,1,1
3593,2026-04-21 18:02,Referral,Customer Referral,Antwerp,10-49,Snack,71.0,1,1
3594,2026-04-21 09:07,Referral,Customer Referral,Antwerp,10-49,Snack,79.0,1,1
3595,2026-04-21 19:18,Referral,Industry Events,East Flanders,1-9,Restaurant,80.0,1,1
3596,2026-04-22 07:13,Google Ads,High Intent Search,East Flanders,10-49,Café,61.0,1,1
3597,2026-04-22 11:50,Google Ads,Restaurant Operations,Flemish Brabant,1-9,Bar,69.0,0,0
3598,2026-04-22 19:51,Google Ads,Restaurant Operations,Antwerp,10-49,Restaurant,32.0,1,0
3599,2026-04-22 13:54,LinkedIn Ads,Decision Makers,East Flanders,50+,Café,83.0,1,1
3600,2026-04-22 13:21,Meta Ads,Awareness Video,Namur,10-49,Bar,39.0,0,0
3601,2026-04-22 21:23,Meta Ads,Awareness Video,Liège,1-9,Café,23.0,0,0
3602,2026-04-22 13:21,Meta Ads,Awareness Video,East Flanders,10-49,Bar,20.0,0,0
3603,2026-04-22 21:09,Meta Ads,Awareness Video,Hainaut,50+,Café,49.0,1,0
3604,2026-04-22 13:01,Meta Ads,Awareness Video,East Flanders,1-9,Restaurant,20.0,0,0
3605,2026-04-22 10:27,Meta Ads,Awareness Video,Flemish Brabant,1-9,Hotel,29.0,0,0
3606,2026-04-22 07:50,Meta Ads,Awareness Video,Flemish Brabant,1-9,Bar,3.0,0,0
3607,2026-04-22 12:04,Meta Ads,Awareness Video,Antwerp,1-9,Restaurant,20.0,0,0
3608,2026-04-22 11:34,Meta Ads,Lead Magnet,Namur,1-9,Restaurant,37.0,0,0
3609,2026-04-22 18:27,Meta Ads,Lead Magnet,East Flanders,1-9,Snack,22.0,0,0
3610,2026-04-22 21:52,Organic Search,SEO Product Pages,Brussels,1-9,Restaurant,54.0,0,0
3611,2026-04-22 21:16,Organic Search,SEO Guides,Liège,10-49,Café,43.0,1,1
3612,2026-04-22 21:51,Organic Search,SEO Guides,East Flanders,10-49,Restaurant,34.0,1,0
3613,2026-04-22 16:34,Organic Search,SEO Guides,Liège,10-49,Café,,1,1
3614,2026-04-22 14:40,Direct,Brand Direct,East Flanders,10-49,Snack,69.0,0,0
3615,2026-04-22 10:22,Direct,Returning Visitors,Brussels,1-9,Hotel,41.0,0,0
3616,2026-04-22 08:53,Direct,Demo Page Direct,Brussels,10-49,Bar,71.0,1,1
3617,2026-04-22 20:44,Direct,Demo Page Direct,Namur,10-49,Bar,72.0,1,0
3618,2026-04-22 13:49,Email,Newsletter,Hainaut,1-9,Restaurant,23.0,0,0
3619,2026-04-22 08:14,Email,Newsletter,Namur,1-9,Café,68.0,1,1
3620,2026-04-22 17:44,Email,Newsletter,Walloon Brabant,1-9,Bar,62.0,1,1
3621,2026-04-22 14:10,Email,Lead Nurture,Walloon Brabant,50+,Snack,68.0,1,1
3622,2026-04-22 19:46,Email,Lead Nurture,Brussels,1-9,Bar,72.0,0,0
3623,2026-04-22 17:35,Email,Reactivation,Brussels,50+,Restaurant,69.0,1,0
3624,2026-04-22 18:36,Referral,Partner Network,Walloon Brabant,1-9,Café,55.0,0,0
3625,2026-04-22 07:29,Referral,Partner Network,East Flanders,1-9,Bar,72.0,1,0
3626,2026-04-22 13:16,Referral,Industry Events,Antwerp,50+,Bar,100.0,1,1
3627,2026-04-23 11:00,Google Ads,High Intent Search,Brussels,10-49,Restaurant,50.0,1,1
3628,2026-04-23 14:31,LinkedIn Ads,Decision Makers,Brussels,50+,Snack,,1,1
3629,2026-04-23 09:17,LinkedIn Ads,Operations Leaders,East Flanders,10-49,Restaurant,83.0,1,1
3630,2026-04-23 17:02,LinkedIn Ads,Operations Leaders,Flemish Brabant,10-49,Restaurant,83.0,1,1
3631,2026-04-23 08:37,Meta Ads,Awareness Video,Namur,10-49,Restaurant,13.0,0,0
3632,2026-04-23 16:38,Meta Ads,Awareness Video,Hainaut,10-49,Restaurant,19.0,0,0
3633,2026-04-23 12:54,Meta Ads,Awareness Video,Walloon Brabant,10-49,Restaurant,17.0,1,0
3634,2026-04-23 14:48,Meta Ads,Awareness Video,Antwerp,1-9,Bar,30.0,0,0
3635,2026-04-23 18:16,Meta Ads,Awareness Video,Hainaut,1-9,Restaurant,32.0,0,0
3636,2026-04-23 07:15,Meta Ads,Awareness Video,Antwerp,1-9,Restaurant,8.0,0,0
3637,2026-04-23 18:59,Meta Ads,Awareness Video,Bruxelles,1-9,Hotel,22.0,1,0
3638,2026-04-23 13:08,Meta Ads,Retargeting,Walloon Brabant,1-9,Restaurant,42.0,0,0
3639,2026-04-23 21:49,Organic Search,SEO Product Pages,Walloon Brabant,1-9,Snack,48.0,0,0
3640,2026-04-23 16:34,Organic Search,SEO Product Pages,East Flanders,10-49,Restaurant,65.0,1,1
3641,2026-04-23 09:52,Organic Search,SEO Product Pages,East Flanders,50+,Café,57.0,1,1
3642,2026-04-23 09:00,Organic Search,SEO Guides,Brussels,1-9,Restaurant,41.0,0,0
3643,2026-04-23 19:43,Organic Search,SEO Comparison,Brussels,10-49,Bar,74.0,1,0
3644,2026-04-23 11:29,Direct,Brand Direct,Antwerp,1-9,Café,56.0,1,0
3645,2026-04-23 07:05,Direct,Brand Direct,Brussels,1-9,Bar,44.0,0,0
3646,2026-04-23 16:57,Direct,Brand Direct,Antwerp,10-49,Restaurant,73.0,0,0
3647,2026-04-23 12:41,Direct,Brand Direct,Antwerp,1-9,Bar,71.0,0,0
3648,2026-04-23 08:49,Direct,Brand Direct,East Flanders,1-9,Bar,68.0,1,1
3649,2026-04-23 13:39,Direct,Demo Page Direct,Flemish Brabant,10-49,Restaurant,67.0,1,1
3650,2026-04-23 09:22,Email,Newsletter,Antwerp,1-9,Restaurant,65.0,1,0
3651,2026-04-23 20:03,Email,Newsletter,Antwerp,1-9,Hotel,74.0,1,1
3652,2026-04-23 09:39,Email,Newsletter,East Flanders,10-49,Restaurant,41.0,1,0
3653,2026-04-23 09:53,Referral,Partner Network,Brussels,1-9,Restaurant,57.0,0,0
3654,2026-04-23 13:00,Referral,Industry Events,Namur,10-49,Café,60.0,1,1
3655,2026-04-23 19:01,Referral,Industry Events,Liège,1-9,Restaurant,82.0,1,1
3656,2026-04-23 14:14,Referral,Industry Events,East Flanders,10-49,Restaurant,62.0,0,0
3657,2026-04-24 07:47,Google Ads,High Intent Search,Brussels,10-49,Restaurant,52.0,0,0
3658,2026-04-24 12:13,Google Ads,Competitor Search,Hainaut,1-9,Bar,47.0,0,0
3659,2026-04-24 15:20,Google Ads,Competitor Search,East Flanders,10-49,Snack,49.0,1,0
3660,2026-04-24 08:13,Meta Ads,Awareness Video,hainaut,1-9,Bar,10.0,0,0
3661,2026-04-24 20:34,Meta Ads,Awareness Video,Namur,10-49,Snack,40.0,0,0
3662,2026-04-24 18:57,Meta Ads,Awareness Video,Brussels,1-9,Restaurant,26.0,0,0
3663,2026-04-24 15:04,Meta Ads,Awareness Video,Antwerp,50+,Bar,37.0,0,0
3664,2026-04-24 19:38,Meta Ads,Awareness Video,East Flanders,50+,Bar,29.0,0,0
3665,2026-04-24 15:05,Meta Ads,Awareness Video,East Flanders,10-49,Bar,52.0,1,1
3666,2026-04-24 18:20,Meta Ads,Lead Magnet,Hainaut,1-9,Snack,31.0,0,0
3667,2026-04-24 21:36,Meta Ads,Retargeting,Flemish Brabant,10-49,Bar,36.0,0,0
3668,2026-04-24 19:00,Organic Search,SEO Product Pages,Namur,10-49,Restaurant,56.0,1,0
3669,2026-04-24 12:15,Organic Search,SEO Guides,Hainaut,50+,Bar,60.0,1,0
3670,2026-04-24 09:29,Organic Search,SEO Guides,Hainaut,10-49,Hotel,55.0,1,0
3671,2026-04-24 07:44,Organic Search,SEO Guides,East Flanders,1-9,Restaurant,34.0,0,0
3672,2026-04-24 10:22,Direct,Brand Direct,East Flanders,1-9,Snack,47.0,0,0
3673,2026-04-24 14:40,Email,Newsletter,Antwerp,10-49,Snack,68.0,1,1
3674,2026-04-24 17:29,Email,Newsletter,Hainaut,10-49,Restaurant,68.0,1,1
3675,2026-04-24 11:43,Email,Lead Nurture,Walloon Brabant,1-9,Restaurant,53.0,1,0
3676,2026-04-24 14:18,Email,Lead Nurture,Flemish Brabant,1-9,Restaurant,76.0,1,0
3677,2026-04-24 10:21,Email,Lead Nurture,Namur,10-49,Café,71.0,1,1
3678,2026-04-24 07:51,Email,Lead Nurture,Brussels,10-49,Bar,98.0,1,1
3679,2026-04-24 12:30,Email,Reactivation,Flemish Brabant,1-9,Restaurant,62.0,0,0
3680,2026-04-24 19:27,Referral,Customer Referral,Namur,1-9,Restaurant,76.0,1,1
3681,2026-04-24 20:18,Referral,Customer Referral,Brussels,1-9,Hotel,100.0,1,0
3682,2026-04-25 10:43,Google Ads,Restaurant Operations,Walloon Brabant,10-49,Bar,54.0,0,0
3683,2026-04-25 09:41,Meta Ads,Awareness Video,Brussels,10-49,Restaurant,8.0,0,0
3684,2026-04-25 17:52,Meta Ads,Awareness Video,Flemish Brabant,10-49,Restaurant,17.0,0,0
3685,2026-04-25 17:22,Meta Ads,Awareness Video,East Flanders,10-49,Restaurant,46.0,0,0
3686,2026-04-25 12:26,Meta Ads,Lead Magnet,Antwerp,10-49,Restaurant,64.0,1,1
3687,2026-04-25 17:04,Organic Search,SEO Product Pages,Liège,1-9,Restaurant,41.0,1,1
3688,2026-04-25 20:28,Organic Search,SEO Guides,Walloon Brabant,1-9,Bar,52.0,0,0
3689,2026-04-25 11:10,Organic Search,SEO Comparison,East Flanders,10-49,Bar,79.0,1,1
3690,2026-04-25 13:58,Organic Search,SEO Comparison,East Flanders,10-49,Restaurant,72.0,1,0
3691,2026-04-25 07:22,Direct,Brand Direct,East Flanders,1-9,Restaurant,37.0,0,0
3692,2026-04-25 12:57,Direct,Returning Visitors,Brussels,50+,Restaurant,77.0,0,0
3693,2026-04-25 13:31,Email,Newsletter,East Flanders,10-49,Restaurant,86.0,1,0
3694,2026-04-25 13:10,Email,Newsletter,Brussels,1-9,Restaurant,60.0,1,1
3695,2026-04-25 16:44,Email,Lead Nurture,Brussels,10-49,Bar,75.0,1,1
3696,2026-04-25 20:34,Email,Reactivation,Flemish Brabant,10-49,Bar,67.0,1,1
3697,2026-04-25 19:18,Referral,Partner Network,East Flanders,1-9,Café,48.0,1,0
3698,2026-04-25 20:40,Referral,Customer Referral,Namur,1-9,Restaurant,40.0,1,1
3699,2026-04-26 14:44,Google Ads,High Intent Search,Antwerp,1-9,Snack,38.0,1,0
3700,2026-04-26 20:49,Google Ads,Restaurant Operations,Flemish Brabant,1-9,Snack,51.0,0,0
3701,2026-04-26 18:32,LinkedIn Ads,Decision Makers,Antwerp,10-49,Restaurant,80.0,1,1
3702,2026-04-26 12:43,LinkedIn Ads,Operations Leaders,East Flanders,10-49,Restaurant,75.0,1,1
3703,2026-04-26 09:09,Meta Ads,Awareness Video,Hainaut,1-9,Restaurant,19.0,0,0
3704,2026-04-26 11:26,Meta Ads,Awareness Video,Antwerp,1-9,Restaurant,44.0,0,0
3705,2026-04-26 13:37,Meta Ads,Awareness Video,Namur,1-9,Bar,32.0,0,0
3706,2026-04-26 15:00,Meta Ads,Awareness Video,Flemish Brabant,10-49,Hotel,26.0,0,0
3707,2026-04-26 20:31,Meta Ads,Awareness Video,Hainaut,1-9,Snack,25.0,0,0
3708,2026-04-26 07:22,Meta Ads,Lead Magnet,Namur,1-9,Restaurant,24.0,0,0
3709,2026-04-26 11:21,Meta Ads,Lead Magnet,Brussels,1-9,Café,46.0,1,0
3710,2026-04-26 19:43,Organic Search,SEO Product Pages,Brussels,1-9,Restaurant,36.0,1,1
3711,2026-04-26 14:36,Organic Search,SEO Product Pages,Brussels,10-49,Café,66.0,1,0
3712,2026-04-26 11:11,Organic Search,SEO Guides,Flemish Brabant,50+,Snack,85.0,1,0
3713,2026-04-26 10:26,Organic Search,SEO Comparison,Hainaut,10-49,Restaurant,82.0,1,0
3714,2026-04-26 17:05,Organic Search,SEO Comparison,Brussels,10-49,Restaurant,66.0,1,1
3715,2026-04-26 20:21,Direct,Brand Direct,Walloon Brabant,10-49,Restaurant,53.0,0,0
3716,2026-04-26 15:24,Direct,Brand Direct,Liège,1-9,Hotel,20.0,0,0
3717,2026-04-26 16:34,Email,Newsletter,Hainaut,10-49,Bar,57.0,1,1
3718,2026-04-26 13:29,Email,Newsletter,Walloon Brabant,50+,Restaurant,130.0,1,0
3719,2026-04-26 21:37,Referral,Customer Referral,East Flanders,10-49,Restaurant,55.0,1,0
3720,2026-04-27 18:27,Google Ads,High Intent Search,Antwerp,1-9,Restaurant,79.0,1,0
3721,2026-04-27 20:53,Google Ads,High Intent Search,Antwerp,10-49,Restaurant,51.0,0,0
3722,2026-04-27 18:34,Google Ads,Competitor Search,Brussels,1-9,Restaurant,50.0,1,1
3723,2026-04-27 19:05,LinkedIn Ads,Decision Makers,Namur,1-9,Restaurant,97.0,1,1
3724,2026-04-27 19:01,Meta Ads,Awareness Video,Hainaut,10-49,Snack,46.0,0,0
3725,2026-04-27 19:16,Meta Ads,Awareness Video,Brussels,10-49,Restaurant,11.0,0,0
3726,2026-04-27 13:20,Meta Ads,Lead Magnet,Hainaut,1-9,Restaurant,52.0,1,0
3727,2026-04-27 17:36,Meta Ads,Lead Magnet,Liège,1-9,Café,35.0,1,1
3728,2026-04-27 18:50,Meta Ads,Lead Magnet,Brussels,10-49,Restaurant,38.0,0,0
3729,2026-04-27 07:30,Meta Ads,Lead Magnet,East Flanders,1-9,Restaurant,36.0,0,0
3730,2026-04-27 15:47,Meta Ads,Retargeting,East Flanders,50+,Restaurant,27.0,0,0
3731,2026-04-27 16:59,Organic Search,SEO Product Pages,Namur,10-49,Snack,65.0,1,1
3732,2026-04-27 09:17,Organic Search,SEO Product Pages,Brussels,1-9,Café,66.0,0,0
3733,2026-04-27 16:58,Organic Search,SEO Product Pages,Namur,1 - 9,Snack,68.0,1,0
3734,2026-04-27 11:57,Organic Search,SEO Guides,Brussels,1-9,Restaurant,50.0,0,0
3735,2026-04-27 20:45,Organic Search,SEO Guides,Hainaut,50+,Restaurant,57.0,1,1
3736,2026-04-27 11:47,Organic Search,SEO Guides,East Flanders,1-9,Restaurant,46.0,0,0
3737,2026-04-27 19:57,Organic Search,SEO Guides,Brussels,1-9,Café,28.0,0,0
3738,2026-04-27 12:40,Organic Search,SEO Comparison,Antwerp,10-49,Restaurant,61.0,0,0
3739,2026-04-27 18:16,Direct,Returning Visitors,Oost-Vlaanderen,10-49,Restaurant,45.0,1,0
3740,2026-04-27 09:41,Email,Newsletter,Hainaut,10-49,Café,74.0,1,0
3741,2026-04-27 12:47,Email,Newsletter,Brussels,1-9,Hotel,51.0,1,0
3742,2026-04-27 21:59,Email,Reactivation,Brussels,10-49,Restaurant,48.0,0,0
3743,2026-04-27 11:07,Email,Reactivation,Hainaut,1-9,Restaurant,34.0,0,0
3744,2026-04-27 18:17,Referral,Customer Referral,Hainaut,50+,Restaurant,88.0,1,1
3745,2026-04-27 08:10,Referral,Industry Events,Antwerp,10-49,Café,78.0,1,0
3746,2026-04-27 12:46,Referral,Industry Events,Brussels,1-9,Bar,61.0,1,1
3747,2026-04-28 14:02,Google Ads,Competitor Search,Liège,10-49,Restaurant,40.0,0,0
3748,2026-04-28 07:50,Google Ads,Restaurant Operations,Hainaut,50+,Restaurant,60.0,0,0
3749,2026-04-28 08:12,Meta Ads,Awareness Video,Hainaut,10-49,Café,33.0,0,0
3750,2026-04-28 13:01,Meta Ads,Summer Promo TEST,Liège,50+,Restaurant,31.0,0,0
3751,2026-04-28 19:35,Meta Ads,Lead Magnet,Antwerp,50+,Snack,34.0,0,0
3752,2026-04-28 08:39,Meta Ads,Lead Magnet,Antwerp,50+,Restaurant,38.0,0,0
3753,2026-04-28 10:59,Meta Ads,Lead Magnet,Anvers,1-9,Snack,34.0,0,0
3754,2026-04-28 18:31,Organic Search,SEO Product Pages,Liège,1-9,Restaurant,67.0,0,0
3755,2026-04-28 10:05,Organic Search,SEO Product Pages,Antwerp,1-9,Restaurant,51.0,0,0
3756,2026-04-28 07:27,Organic Search,SEO Product Pages,Namur,1-9,Snack,39.0,0,0
3757,2026-04-28 20:30,Organic Search,SEO Product Pages,Flemish Brabant,50+,Bar,68.0,1,0
3758,2026-04-28 12:45,Email,Newsletter,Hainaut,10-49,Restaurant,69.0,0,0
3759,2026-04-28 16:14,Referral,Partner Network,Liège,1-9,Restaurant,73.0,1,1
3760,2026-04-28 20:08,Referral,Partner Network,Antwerp,1-9,Snack,100.0,1,1
3761,2026-04-28 12:20,Referral,Partner Network,Namur,1-9,Restaurant,64.0,0,0
3762,2026-04-28 10:32,Referral,Industry Events,East Flanders,50+,Restaurant,92.0,1,1
3763,2026-04-29 19:54,Google Ads,High Intent Search,Hainaut,10-49,Bar,72.0,1,1
3764,2026-04-29 14:35,Google Ads,High Intent Search,Brussels,10-49,Bar,54.0,1,1
3765,2026-04-29 18:19,Google Ads,High Intent Search,Brussels,10-49,Restaurant,61.0,0,0
3766,2026-04-29 17:40,Google Ads,Competitor Search,East Flanders,10-49,Bar,46.0,0,0
3767,2026-04-29 21:47,Google Ads,Restaurant Operations,Brussels,1-9,Bar,34.0,0,0
3768,2026-04-29 08:42,LinkedIn Ads,Decision Makers,Liège,10-49,Restaurant,83.0,0,0
3769,2026-04-29 09:29,LinkedIn Ads,Decision Makers,Flemish Brabant,1-9,Restaurant,93.0,1,1
3770,2026-04-29 07:08,Meta Ads,Awareness Video,Flemish Brabant,1-9,Bar,39.0,0,0
3771,2026-04-29 15:59,Meta Ads,Awareness Video,Hainaut,50+,Snack,26.0,0,0
3772,2026-04-29 08:02,Meta Ads,Awareness Video,Antwerp,1-9,Restaurant,18.0,0,0
3773,2026-04-29 17:44,Meta Ads,Awareness Video,Walloon Brabant,1-9,Restaurant,45.0,0,0
3774,2026-04-29 14:08,Meta Ads,Awareness Video,East Flanders,10-49,Café,33.0,1,0
3775,2026-04-29 11:44,Meta Ads,Lead Magnet,Hainaut,10-49,Café,29.0,0,0
3776,2026-04-29 08:12,Meta Ads,Lead Magnet,Flemish Brabant,1-9,Restaurant,45.0,1,1
3777,2026-04-29 07:14,Meta Ads,Lead Magnet,Antwerp,10-49,Restaurant,41.0,0,0
3778,2026-04-29 09:33,Meta Ads,Lead Magnet,Flemish Brabant,10 - 49,Café,48.0,1,0
3779,2026-04-29 21:17,Meta Ads,Retargeting,Antwerp,1-9,Bar,30.0,0,0
3780,2026-04-29 10:59,Organic Search,SEO Product Pages,Brussels,1-9,Snack,68.0,1,0
3781,2026-04-29 21:55,Organic Search,SEO Product Pages,Antwerp,1 - 9,Hotel,,0,0
3782,2026-04-29 21:21,Organic Search,SEO Guides,Namur,10-49,Restaurant,58.0,0,0
3783,2026-04-29 08:58,Organic Search,SEO Guides,Brussels,50+,Bar,67.0,1,0
3784,2026-04-29 10:22,Organic Search,SEO Comparison,Brussels,1-9,Bar,59.0,1,0
3785,2026-04-29 10:52,Direct,Brand Direct,namur ,1-9,Restaurant,35.0,0,0
3786,2026-04-29 17:26,Direct,Returning Visitors,Brussels,10-49,Bar,39.0,0,0
3787,2026-04-29 16:38,Direct,Returning Visitors,Brussels,1-9,Café,41.0,0,0
3788,2026-04-29 19:33,Email,Newsletter,Flemish Brabant,50+,Hotel,73.0,1,1
3789,2026-04-29 12:54,Email,Lead Nurture,Brussels,10-49,Snack,79.0,1,0
3790,2026-04-29 09:38,Email,Lead Nurture,East Flanders,1-9,Restaurant,96.0,1,0
3791,2026-04-29 19:48,Email,Lead Nurture,Hainaut,1-9,Snack,61.0,0,0
3792,2026-04-29 12:41,Email,Lead Nurture,Antwerp,1-9,Restaurant,61.0,1,0
3793,2026-04-29 20:33,Email,Lead Nurture,Liège,1-9,Restaurant,79.0,1,1
3794,2026-04-29 17:06,Email,Reactivation,Namur,1-9,Café,49.0,0,0
3795,2026-04-30 21:41,Google Ads,High Intent Search,Namur,1-9,Restaurant,64.0,1,1
3796,2026-04-30 19:59,Google Ads,High Intent Search,Brussels,10-49,Snack,53.0,0,0
3797,2026-04-30 08:00,Google Ads,High Intent Search,Hainaut,50+,Snack,73.0,1,0
3798,2026-04-30 15:21,Google Ads,High Intent Search,Flemish Brabant,10-49,Snack,37.0,0,0
3799,2026-04-30 07:25,Google Ads,Competitor Search,Hainaut,1-9,Hotel,47.0,1,0
3800,2026-04-30 17:47,Google Ads,Restaurant Operations,Walloon Brabant,1-9,Restaurant,62.0,1,0
3801,2026-04-30 15:31,Google Ads,Restaurant Operations,Anvers,1-9,Bar,60.0,0,0
3802,2026-04-30 20:09,Meta Ads,Awareness Video,Liège,50+,Bar,51.0,0,0
3803,2026-04-30 08:09,Meta Ads,Awareness Video,Brussels,10-49,Café,41.0,1,0
3804,2026-04-30 17:41,Meta Ads,Awareness Video,East Flanders,1-9,Bar,20.0,0,0
3805,2026-04-30 13:01,Meta Ads,Awareness Video,Namur,10-49,Snack,33.0,0,0
3806,2026-04-30 20:52,Meta Ads,Awareness Video,East Flanders,10-49,Bar,2.0,0,0
3807,2026-04-30 07:59,Meta Ads,Lead Magnet,Antwerp,1-9,Restaurant,37.0,1,1
3808,2026-04-30 18:05,Meta Ads,Lead Magnet,Brussels,1-9,Restaurant,44.0,0,0
3809,2026-04-30 18:46,Organic Search,SEO Product Pages,Oost-Vlaanderen,1-9,Snack,50.0,0,0
3810,2026-04-30 08:04,Organic Search,SEO Guides,Namur,10-49,Restaurant,58.0,1,0
3811,2026-04-30 11:08,Organic Search,SEO Guides,Brussels,1-9,Restaurant,47.0,0,0
3812,2026-04-30 12:41,Organic Search,SEO Guides,Namur,50+,Hotel,53.0,1,1
3813,2026-04-30 15:39,Organic Search,SEO Guides,Liège,10-49,Bar,67.0,1,0
3814,2026-04-30 19:01,Organic Search,SEO Guides,Hainaut,1-9,Bar,43.0,1,0
3815,2026-04-30 12:10,Organic Search,SEO Comparison,Brussels,1-9,Snack,69.0,1,1
3816,2026-04-30 15:19,Direct,Brand Direct,Brussels,1-9,Restaurant,54.0,0,0
3817,2026-04-30 17:51,Direct,Brand Direct,Flemish Brabant,10-49,Snack,73.0,1,1
,2026-04-30 11:14,Direct,Brand Direct,Liège,1-9,Restaurant,54.0,0,0
3819,2026-04-30 17:13,Direct,Returning Visitors,Liège,1-9,Bar,41.0,0,0
3820,2026-04-30 17:27,Direct,Returning Visitors,Brussels,1-9,Bar,86.0,1,0
3821,2026-04-30 15:31,Direct,Returning Visitors,Hainaut,10-49,Restaurant,77.0,0,0
3822,2026-04-30 10:43,Email,Newsletter,East Flanders,50+,Bar,83.0,1,1
3823,2026-04-30 14:31,Email,Lead Nurture,Antwerp,1-9,Bar,76.0,0,0
3824,2026-04-30 10:38,Email,Lead Nurture,Liège,50+,Snack,96.0,1,1
3825,2026-04-30 16:34,Email,Reactivation,Walloon Brabant,1-9,Snack,44.0,0,0
3826,2026-04-30 18:32,Email,Reactivation,Brussels,10-49,Bar,58.0,0,0
3827,2026-04-30 08:25,Email,Reactivation,Liège,1-9,Restaurant,48.0,1,1
3828,2026-04-30 15:35,Referral,Partner Network,Namur,10-49,Restaurant,92.0,1,1
3829,2026-04-30 18:54,Referral,Customer Referral,Brussels,50+,Restaurant,91.0,1,1
3830,2026-05-01 14:04,Google Ads,High Intent Search,Brussels,1-9,Restaurant,76.0,1,0
3831,2026-05-01 14:32,Google Ads,High Intent Search,Hainaut,1-9,Restaurant,49.0,0,0
3832,2026-05-01 12:55,Google Ads,Competitor Search,Flemish Brabant,10-49,Snack,63.0,0,0
3833,2026-05-01 18:24,Meta Ads,Awareness Video,Namur,1-9,Café,24.0,0,0
3834,2026-05-01 17:03,Meta Ads,Awareness Video,Liège,50+,Snack,42.0,1,0
3835,2026-05-01 11:00,Meta Ads,Awareness Video,East Flanders,50+,Café,42.0,1,1
3836,2026-05-01 10:31,Meta Ads,Lead Magnet,Flemish Brabant,1-9,Restaurant,18.0,0,0
3837,2026-05-01 07:10,Meta Ads,Lead Magnet,Flemish Brabant,10-49,Restaurant,32.0,0,0
3838,2026-05-01 08:51,Meta Ads,Lead Magnet,Antwerp,1-9,Snack,37.0,0,0
3839,2026-05-01 19:23,Organic Search,SEO Product Pages,Antwerp,50+,Restaurant,57.0,1,1
3840,2026-05-01 13:48,Organic Search,SEO Product Pages,East Flanders,1-9,Snack,81.0,1,1
3841,2026-05-01 20:58,Organic Search,SEO Guides,Flemish Brabant,10-49,Restaurant,49.0,0,0
3842,2026-05-01 21:04,Organic Search,SEO Comparison,Brussels,10-49,Restaurant,70.0,0,0
3843,2026-05-01 15:43,Direct,Brand Direct,Brussels,1-9,Bar,60.0,1,1
3844,2026-05-01 10:15,Direct,Brand Direct,Antwerp,1-9,Restaurant,56.0,1,0
3845,2026-05-01 20:28,Direct,Brand Direct,Flemish Brabant,10-49,Bar,53.0,1,0
3846,2026-05-01 20:42,Direct,Returning Visitors,Walloon Brabant,10-49,Restaurant,67.0,0,0
3847,2026-05-01 16:15,Email,Newsletter,Liège,10-49,Restaurant,64.0,1,0
3848,2026-05-01 13:39,Email,Newsletter,Brussels,1-9,Snack,58.0,1,1
3849,2026-05-01 07:07,Email,Newsletter,Namur,10-49,Restaurant,50.0,0,0
3850,2026-05-01 15:18,Email,Newsletter,Antwerp,1-9,Restaurant,60.0,1,1
3851,2026-05-01 13:04,Email,Newsletter,Hainaut,1-9,Café,55.0,0,0
3852,2026-05-01 20:43,Email,Newsletter,Antwerp,1-9,Restaurant,60.0,0,0
3853,2026-05-01 15:25,Email,Newsletter,Flemish Brabant,1-9,Restaurant,64.0,1,0
3854,2026-05-01 17:33,Email,Lead Nurture,Walloon Brabant,1-9,Snack,70.0,1,1
3855,2026-05-01 08:48,Email,Reactivation,Walloon Brabant,1-9,Restaurant,66.0,0,0
3856,2026-05-01 18:38,Referral,Partner Network,Antwerp,10-49,Snack,75.0,0,0
3857,2026-05-01 18:11,Referral,Industry Events,Flemish Brabant,10-49,Restaurant,62.0,1,1
3858,2026-05-01 09:32,Referral,Industry Events,Namur,1-9,Café,67.0,1,1
3859,2026-05-02 10:55,Google Ads,High Intent Search,East Flanders,10-49,Snack,55.0,0,0
3860,2026-05-02 07:23,Google Ads,Restaurant Operations,Walloon Brabant,1-9,Restaurant,49.0,0,0
3861,2026-05-02 20:40,LinkedIn Ads,Decision Makers,Brussels,10-49,Hotel,74.0,1,1
3862,2026-05-02 20:00,LinkedIn Ads,Decision Makers,Brussels,1-9,Bar,95.0,1,1
3863,2026-05-02 11:23,LinkedIn Ads,SMB Growth,Antwerp,50+,Restaurant,85.0,1,1
3864,2026-05-02 07:36,Meta Ads,Awareness Video,Brussels,1-9,Café,32.0,0,0
3865,2026-05-02 15:55,Meta Ads,Awareness Video,East Flanders,10-49,Restaurant,36.0,0,0
3866,2026-05-02 12:57,Meta Ads,Lead Magnet,Antwerp,1-9,Restaurant,31.0,0,0
3867,2026-05-02 15:54,Organic Search,SEO Product Pages,Brussels,10-49,Snack,63.0,1,0
3868,2026-05-02 12:51,Organic Search,SEO Guides,East Flanders,1-9,Restaurant,48.0,0,0
3869,2026-05-02 11:58,Organic Search,SEO Guides,Antwerp,1-9,Bar,42.0,1,0
3870,2026-05-02 16:31,Direct,Brand Direct,East Flanders,1-9,Restaurant,50.0,0,0
3871,2026-05-02 08:04,Direct,Demo Page Direct,Flemish Brabant,1-9,Restaurant,69.0,1,1
3872,2026-05-02 17:15,Email,Newsletter,Walloon Brabant,1-9,Restaurant,58.0,1,0
3873,2026-05-02 07:07,Email,Newsletter,Brussels,50+,Café,71.0,1,0
3874,2026-05-02 12:20,Email,Newsletter,Brussels,10-49,Restaurant,67.0,1,0
3875,2026-05-02 19:35,Email,Newsletter,Namur,1-9,Café,69.0,0,0
3876,2026-05-02 09:02,Email,Reactivation,Walloon Brabant,50+,Bar,66.0,1,0
3877,2026-05-03 13:11,Google Ads,Competitor Search,Walloon Brabant,10-49,Restaurant,50.0,0,0
3878,2026-05-03 18:38,Google Ads,Restaurant Operations,Flemish Brabant,1-9,Restaurant,40.0,1,0
3879,2026-05-03 21:03,Meta Ads,Awareness Video,Antwerp,10-49,Bar,42.0,0,0
3880,2026-05-03 18:57,Meta Ads,Awareness Video,Brussels,1-9,Restaurant,27.0,0,0
3881,2026-05-03 08:25,Meta Ads,Awareness Video,Liège,1-9,Café,38.0,1,0
3882,2026-05-03 16:06,Meta Ads,Awareness Video,Antwerp,10-49,Snack,45.0,1,0
3883,2026-05-03 13:50,Meta Ads,Summer Promo TEST,Flemish Brabant,1-9,Restaurant,20.0,0,0
3884,2026-05-03 20:43,Meta Ads,Retargeting,Hainaut,1-9,Restaurant,49.0,1,1
3885,2026-05-03 17:44,Meta Ads,Retargeting,Walloon Brabant,1-9,Café,33.0,0,0
3886,2026-05-03 20:24,Organic Search,SEO Product Pages,East Flanders,1-9,Snack,58.0,1,1
3887,2026-05-03 07:09,Organic Search,SEO Product Pages,Walloon Brabant,1-9,Restaurant,61.0,1,0
3888,2026-05-03 17:35,Organic Search,SEO Guides,Flemish Brabant,1-9,Bar,58.0,1,0
3889,2026-05-03 19:15,Organic Search,SEO Guides,Brussels,1-9,Café,49.0,0,0
3890,2026-05-03 17:56,Organic Search,SEO Comparison,Walloon Brabant,1-9,Restaurant,70.0,1,0
3891,2026-05-03 19:51,Direct,Brand Direct,Brussels,50+,Restaurant,70.0,0,0
3892,2026-05-03 10:11,Direct,Brand Direct,Flemish Brabant,50+,Bar,66.0,1,1
3893,2026-05-03 16:59,Email,Newsletter,Namur,10-49,Snack,83.0,1,0
3894,2026-05-03 16:36,Email,Newsletter,Brussels,1-9,Snack,59.0,1,0
3895,2026-05-03 09:00,Email,Newsletter,Brussels,10-49,Snack,71.0,1,0
3896,2026-05-03 14:02,Email,Reactivation,East Flanders,1-9,Hotel,61.0,0,0
3897,2026-05-03 13:35,Email,Reactivation,Flemish Brabant,1-9,Restaurant,49.0,1,1
3898,2026-05-03 07:09,Referral,Customer Referral,Brussels,10-49,Restaurant,93.0,1,1
3899,2026-05-03 17:29,Referral,Customer Referral,Brussels,1-9,Bar,50.0,1,0
3900,2026-05-03 08:23,Referral,Customer Referral,Brussels,50+,Restaurant,86.0,1,1
3901,2026-05-04 16:55,Google Ads,High Intent Search,Brussels,10-49,Café,62.0,0,0
3902,2026-05-04 17:05,Google Ads,Competitor Search,Brussels,10-49,Restaurant,50.0,1,1
3903,2026-05-04 07:14,Google Ads,Competitor Search,Brussels,1-9,Restaurant,,1,0
3904,2026-05-04 12:32,Google Ads,Competitor Search,Antwerp,10-49,Restaurant,51.0,0,0
3905,2026-05-04 13:24,Google Ads,Competitor Search,Brussels,10-49,Restaurant,62.0,0,0
3906,2026-05-04 18:52,LinkedIn Ads,Operations Leaders,Liège,10-49,Café,87.0,1,0
3907,2026-05-04 14:45,Meta Ads,Awareness Video,Antwerp,10-49,Restaurant,25.0,0,0
3908,2026-05-04 15:55,Meta Ads,Awareness Video,Brussels,1-9,Bar,39.0,0,0
3909,2026-05-04 12:20,Meta Ads,Awareness Video,Flemish Brabant,1-9,Café,12.0,0,0
3910,2026-05-04 14:00,Meta Ads,Awareness Video,Liège,1-9,Restaurant,23.0,0,0
3911,2026-05-04 14:03,Meta Ads,Awareness Video,Liège,1-9,Bar,30.0,0,0
3912,2026-05-04 13:46,Meta Ads,Lead Magnet,East Flanders,10-49,Bar,49.0,1,0
3913,2026-05-04 10:55,Meta Ads,Lead Magnet,Antwerp,1-9,Restaurant,38.0,0,0
3914,2026-05-04 07:09,Meta Ads,Retargeting,Liège,1-9,Restaurant,13.0,0,0
3915,2026-05-04 17:50,Organic Search,SEO Guides,Walloon Brabant,1-9,Snack,45.0,0,0
3916,2026-05-04 18:10,Organic Search,SEO Guides,Liège,1-9,Restaurant,39.0,0,0
3917,2026-05-04 18:41,Organic Search,SEO Guides,Hainaut,10-49,Restaurant,65.0,1,0
3918,2026-05-04 11:05,Organic Search,SEO Comparison,Brussels,1-9,Restaurant,50.0,0,0
3919,2026-05-04 21:08,Direct,Brand Direct,Namur,1-9,Bar,57.0,1,1
3920,2026-05-04 09:01,Direct,Brand Direct,Flemish Brabant,1-9,Restaurant,74.0,1,1
3921,2026-05-04 16:33,Direct,Returning Visitors,Antwerp,1-9,Café,90.0,1,0
3922,2026-05-04 14:34,Direct,Returning Visitors,Antwerp,10-49,Restaurant,55.0,0,0
3923,2026-05-04 15:29,Direct,Demo Page Direct,Antwerp,1-9,Restaurant,,0,0
3924,2026-05-04 09:49,Email,Lead Nurture,Liège,1-9,Snack,55.0,1,0
3925,2026-05-04 20:16,Email,Lead Nurture,Oost-Vlaanderen,1-9,Hotel,74.0,1,1
3926,2026-05-04 09:48,Email,Reactivation,Brussels,50+,Restaurant,64.0,1,0
3927,2026-05-04 15:54,Email,Reactivation,Brussels,1-9,Restaurant,69.0,0,0
3928,2026-05-04 12:51,Referral,Partner Network,Hainaut,50+,Bar,73.0,1,1
3929,2026-05-04 16:33,Referral,Partner Network,Namur,1-9,Café,81.0,0,0
3930,2026-05-04 21:45,Referral,Partner Network,Namur,1-9,Restaurant,78.0,1,1
3931,2026-05-04 21:52,Referral,Customer Referral,Walloon Brabant,1-9,Snack,84.0,1,1
3932,2026-05-04 12:38,Referral,Customer Referral,Liège,10-49,Café,77.0,1,1
3933,2026-05-04 10:35,Referral,Customer Referral,Brussels,50+,Restaurant,96.0,1,0
3934,2026-05-05 12:57,Google Ads,High Intent Search,Liège,1-9,Snack,43.0,0,0
3935,2026-05-05 08:22,LinkedIn Ads,Decision Makers,Antwerp,50+,Bar,87.0,1,1
3936,2026-05-05 19:15,LinkedIn Ads,Decision Makers,Liège,1-9,Snack,73.0,1,1
3937,2026-05-05 11:01,Meta Ads,Awareness Video,Antwerp,1-9,Restaurant,15.0,0,0
3938,2026-05-05 10:05,Meta Ads,Awareness Video,LIEGE,1-9,Bar,16.0,0,0
3939,2026-05-05 15:42,Meta Ads,Lead Magnet,Liège,1-9,Restaurant,35.0,0,0
3940,2026-05-05 07:32,Meta Ads,Lead Magnet,Namur,1-9,Snack,47.0,1,0
3941,2026-05-05 14:53,Meta Ads,Lead Magnet,Flemish Brabant,10-49,Snack,18.0,0,0
3942,2026-05-05 08:08,Meta Ads,Retargeting,Liège,1-9,Restaurant,38.0,1,0
3943,2026-05-05 17:16,Organic Search,SEO Product Pages,Hainaut,1-9,Restaurant,67.0,1,1
3944,2026-05-05 17:47,Organic Search,SEO Product Pages,Brussels,10-49,Restaurant,36.0,1,1
3945,2026-05-05 08:49,Organic Search,SEO Guides,Brussels,10-49,Restaurant,49.0,1,0
3946,2026-05-05 18:30,Organic Search,SEO Guides,Brussels,50+,Restaurant,56.0,0,0
3947,2026-05-05 20:47,Organic Search,SEO Guides,Liège,50+,Restaurant,73.0,1,0
3948,2026-05-05 09:22,Organic Search,SEO Comparison,Flemish Brabant,1-9,Restaurant,47.0,0,0
3949,2026-05-05 17:20,Organic Search,SEO Comparison,Liège,10-49,Restaurant,69.0,1,0
3950,2026-05-05 20:57,Direct,Brand Direct,Brussels,1-9,Café,49.0,1,0
3951,2026-05-05 20:08,Direct,Brand Direct,Namur,1-9,Café,46.0,0,0
3952,2026-05-05 11:09,Direct,Brand Direct,Walloon Brabant,10-49,Bar,38.0,1,0
3953,2026-05-05 10:29,Direct,Brand Direct,Brussels,1-9,Bar,71.0,1,0
3954,2026-05-05 13:11,Direct,Returning Visitors,Flemish Brabant,1-9,Bar,53.0,0,0
3955,2026-05-05 14:45,Direct,Returning Visitors,East Flanders,10-49,Snack,60.0,1,1
3956,2026-05-05 18:21,Direct,Returning Visitors,Walloon Brabant,10-49,Bar,73.0,1,1
3957,2026-05-05 11:16,Direct,Returning Visitors,Antwerp,10-49,Hotel,73.0,1,0
3958,2026-05-05 21:52,Direct,Demo Page Direct,East Flanders,10-49,Snack,73.0,1,1
3959,2026-05-05 13:56,Email,Newsletter,Namur,1-9,Café,44.0,0,0
3960,2026-05-05 15:43,Email,Reactivation,Hainaut,1-9,Restaurant,66.0,0,0
3961,2026-05-05 07:18,Referral,Partner Network,Brussels,10-49,Bar,75.0,1,1
3962,2026-05-05 15:29,Referral,Partner Network,Brussels,50+,Bar,88.0,1,1
3963,2026-05-05 11:06,Referral,Customer Referral,Hainaut,1-9,Restaurant,63.0,1,1
3964,2026-05-05 21:41,Referral,Customer Referral,Hainaut,1-9,Restaurant,72.0,1,1
3965,2026-05-06 14:01,Google Ads,Competitor Search,Brussels,50+,Restaurant,55.0,1,0
3966,2026-05-06 16:02,Google Ads,Restaurant Operations,Liège,1-9,Restaurant,55.0,1,0
3967,2026-05-06 20:33,LinkedIn Ads,Operations Leaders,Hainaut,10-49,Restaurant,68.0,1,0
3968,2026-05-06 07:18,LinkedIn Ads,SMB Growth,Hainaut,10-49,Restaurant,56.0,1,1
3969,2026-05-06 09:02,LinkedIn Ads,SMB Growth,Namur,10-49,Bar,56.0,0,0
3970,2026-05-06 13:54,Meta Ads,Awareness Video,Namur,10-49,Snack,20.0,0,0
3971,2026-05-06 08:37,Meta Ads,Awareness Video,Hainaut,1-9,Restaurant,32.0,0,0
3972,2026-05-06 09:30,Meta Ads,Awareness Video,Liège,1-9,Hotel,7.0,0,0
3973,2026-05-06 07:26,Meta Ads,Awareness Video,East Flanders,1-9,Bar,34.0,0,0
3974,2026-05-06 07:01,Meta Ads,Awareness Video,Antwerp,10-49,Café,27.0,0,0
3975,2026-05-06 14:13,Meta Ads,Awareness Video,Brussels,1-9,Restaurant,21.0,0,0
3976,2026-05-06 10:31,Meta Ads,Lead Magnet,Flemish Brabant,1-9,Café,37.0,0,0
3977,2026-05-06 17:29,Organic Search,SEO Guides,Namur,10-49,Restaurant,70.0,0,0
3978,2026-05-06 19:32,Organic Search,SEO Guides,Brussels,1-9,Bar,44.0,1,0
3979,2026-05-06 09:31,Direct,Brand Direct,Antwerp,1-9,Hotel,45.0,0,0
3980,2026-05-06 19:15,Direct,Brand Direct,Antwerp,10-49,Café,52.0,0,0
3981,2026-05-06 07:38,Direct,Brand Direct,Flemish Brabant,10-49,Snack,65.0,0,0
3982,2026-05-06 08:09,Direct,Brand Direct,Hainaut,10-49,Bar,66.0,1,1
3983,2026-05-06 14:11,Direct,Brand Direct,Liège,50+,Restaurant,68.0,1,1
3984,2026-05-06 14:51,Direct,Demo Page Direct,East Flanders,1-9,Café,,1,1
3985,2026-05-06 07:00,Email,Newsletter,East Flanders,10-49,Bar,85.0,0,0
3986,2026-05-06 14:35,Email,Newsletter,East Flanders,10-49,Hotel,55.0,0,0
3987,2026-05-06 18:14,Email,Newsletter,Walloon Brabant,1-9,Restaurant,44.0,0,0
3988,2026-05-06 19:19,Email,Newsletter,East Flanders,10-49,Snack,61.0,1,0
3989,2026-05-06 14:29,Email,Newsletter,Brussels,1-9,Bar,69.0,1,1
3990,2026-05-06 21:19,Email,Lead Nurture,Liège,10-49,Café,73.0,0,0
3991,2026-05-06 10:25,Email,Reactivation,Brussels,1-9,Restaurant,30.0,1,1
3992,2026-05-06 10:14,Email,Reactivation,East Flanders,1-9,Restaurant,68.0,0,0
3993,2026-05-06 17:38,Email,Reactivation,Hainaut,1-9,Bar,60.0,1,0
3994,2026-05-06 11:57,Referral,Partner Network,Brussels,10-49,Snack,73.0,0,0
3995,2026-05-06 07:26,Referral,Partner Network,Walloon Brabant,10-49,Café,64.0,1,1
3996,2026-05-06 07:18,Referral,Partner Network,Brussels,10-49,Restaurant,78.0,0,0
3997,2026-05-06 21:44,Referral,Customer Referral,East Flanders,1-9,Restaurant,78.0,0,0
3998,2026-05-06 18:20,Referral,Customer Referral,Brussels,1-9,Restaurant,82.0,0,0
3999,2026-05-07 19:52,Google Ads,High Intent Search,Flemish Brabant,1-9,Restaurant,38.0,1,0
4000,2026-05-07 17:16,LinkedIn Ads,Operations Leaders,Brussels,10-49,Snack,67.0,1,1
4001,2026-05-07 08:46,Meta Ads,Awareness Video,Antwerp,1-9,Restaurant,21.0,0,0
4002,2026-05-07 20:54,Meta Ads,Awareness Video,Flemish Brabant,10-49,Bar,39.0,0,0
4003,2026-05-07 15:18,Meta Ads,Awareness Video,East Flanders,1-9,Hotel,25.0,0,0
4004,2026-05-07 10:47,Meta Ads,Awareness Video,Walloon Brabant,1-9,Restaurant,30.0,0,0
4005,2026-05-07 18:18,Meta Ads,Awareness Video,Hainaut,1-9,Snack,41.0,1,0
4006,2026-05-07 20:52,Meta Ads,Awareness Video,Antwerp,1-9,Café,51.0,1,0
4007,2026-05-07 07:14,Meta Ads,Awareness Video,East Flanders,10-49,Restaurant,30.0,0,0
4008,2026-05-07 13:26,Meta Ads,Lead Magnet,Walloon Brabant,1-9,Snack,25.0,0,0
4009,2026-05-07 09:46,Meta Ads,Lead Magnet,Walloon Brabant,10-49,Restaurant,53.0,1,0
4010,2026-05-07 12:57,Meta Ads,Retargeting,Liège,1-9,Bar,24.0,0,0
4011,2026-05-07 11:24,Organic Search,SEO Product Pages,Liège,10-49,Restaurant,61.0,1,1
4012,2026-05-07 17:20,Organic Search,SEO Guides,Brussels,10-49,Snack,41.0,0,0
4013,2026-05-07 18:52,Organic Search,SEO Comparison,Liège,1-9,Restaurant,53.0,1,0
4014,2026-05-07 16:07,Direct,Brand Direct,Hainaut,1-9,Café,57.0,1,1
4015,2026-05-07 14:05,Direct,Brand Direct,Namur,10-49,Restaurant,52.0,1,0
4016,2026-05-07 10:33,Direct,Brand Direct,Hainaut,50+,Café,50.0,1,0
4017,2026-05-07 18:10,Direct,Returning Visitors,Antwerp,10-49,Bar,80.0,1,0
4018,2026-05-07 20:54,Direct,Demo Page Direct,Liège,1-9,Restaurant,49.0,0,0
4019,2026-05-07 12:50,Email,Newsletter,Brussels,10-49,Restaurant,69.0,1,0
4020,2026-05-07 09:40,Email,Newsletter,Namur,50+,Restaurant,57.0,1,1
4021,2026-05-07 12:37,Email,Lead Nurture,East Flanders,1-9,Restaurant,77.0,1,1
4022,2026-05-07 19:28,Email,Lead Nurture,Namur,10-49,Restaurant,63.0,1,1
4023,2026-05-07 09:12,Email,Lead Nurture,Antwerp,50+,Snack,84.0,1,1
4024,2026-05-07 13:04,Email,Reactivation,East Flanders,10-49,Hotel,36.0,0,0
4025,2026-05-07 15:11,Email,Reactivation,Hainaut,1-9,Restaurant,41.0,0,0
4026,2026-05-07 11:23,Referral,Partner Network,Antwerp,10-49,Snack,96.0,1,1
4027,2026-05-07 15:48,Referral,Customer Referral,Brussels,10-49,Restaurant,74.0,1,1
4028,2026-05-07 20:20,Referral,Customer Referral,Namur,10-49,Café,72.0,1,1
4029,2026-05-07 21:00,Referral,Industry Events,Liège,1-9,Bar,71.0,1,0
4030,2026-05-07 13:38,Referral,Industry Events,East Flanders,1-9,Bar,68.0,1,1
4031,2026-05-08 11:14,Google Ads,High Intent Search,Hainaut,1-9,Restaurant,67.0,0,0
4032,2026-05-08 16:26,LinkedIn Ads,Decision Makers,Liège,10-49,Bar,71.0,0,0
4033,2026-05-08 20:43,Meta Ads,Awareness Video,Flemish Brabant,50+,Snack,42.0,0,0
4034,2026-05-08 10:43,Meta Ads,Awareness Video,Brussels,1-9,Café,46.0,0,0
4035,2026-05-08 18:17,Meta Ads,Awareness Video,Brussels,1-9,Bar,22.0,0,0
4036,2026-05-08 15:36,Meta Ads,Awareness Video,Antwerp,1-9,Restaurant,41.0,1,0
4037,2026-05-08 19:13,Meta Ads,Lead Magnet,East Flanders,1-9,Restaurant,36.0,0,0
4038,2026-05-08 10:08,Organic Search,SEO Product Pages,Walloon Brabant,1-9,Restaurant,74.0,1,1
4039,2026-05-08 18:33,Organic Search,SEO Product Pages,Walloon Brabant,1-9,Snack,63.0,0,0
4040,2026-05-08 09:23,Organic Search,SEO Guides,Flemish Brabant,1-9,Bar,59.0,1,1
4041,2026-05-08 14:02,Organic Search,SEO Guides,Flemish Brabant,1-9,Bar,58.0,1,0
4042,2026-05-08 19:29,Organic Search,SEO Guides,Namur,50+,Snack,55.0,0,0
4043,2026-05-08 17:47,Organic Search,SEO Guides,Hainaut,10-49,Snack,35.0,0,0
4044,2026-05-08 08:26,Direct,Brand Direct,Hainaut,1-9,Bar,47.0,0,0
4045,2026-05-08 21:39,Direct,Returning Visitors,Antwerp,1-9,Bar,62.0,1,1
4046,2026-05-08 07:56,Email,Newsletter,Walloon Brabant,50+,Restaurant,41.0,1,1
4047,2026-05-08 20:05,Email,Newsletter,Brussels,1-9,Hotel,40.0,0,0
4048,2026-05-08 18:39,Email,Newsletter,East Flanders,1-9,Restaurant,53.0,0,0
4049,2026-05-08 18:36,Email,Newsletter,Antwerp,50+,Snack,87.0,1,1
4050,2026-05-08 18:37,Email,Lead Nurture,Anvers,10-49,Bar,51.0,0,0
4051,2026-05-08 19:08,Email,Lead Nurture,Walloon Brabant,1-9,Hotel,58.0,1,0
4052,2026-05-08 07:58,Email,Reactivation,Flemish Brabant,10-49,Restaurant,47.0,0,0
4053,2026-05-08 12:54,Email,Reactivation,Brussels,10-49,Snack,55.0,1,0
4054,2026-05-08 15:21,Email,Reactivation,Flemish Brabant,1-9,Restaurant,56.0,0,0
4055,2026-05-08 09:52,Referral,Partner Network,Flemish Brabant,1-9,Café,70.0,1,0
4056,2026-05-08 09:01,Referral,Partner Network,Walloon Brabant,50+,Bar,100.0,1,1
4057,2026-05-08 14:12,Referral,Customer Referral,Walloon Brabant,10-49,Restaurant,64.0,1,1
4058,2026-05-08 12:01,Referral,Customer Referral,Flemish Brabant,1-9,Restaurant,88.0,1,1
4059,2026-05-08 08:22,Referral,Customer Referral,Antwerp,10-49,Café,64.0,1,0
4060,2026-05-08 11:20,Referral,Industry Events,Hainaut,10-49,Restaurant,83.0,1,1
4061,2026-05-08 10:22,Referral,Industry Events,East Flanders,1-9,Bar,87.0,1,0
4062,2026-05-08 09:19,Referral,Industry Events,East Flanders,1-9,Snack,84.0,1,1
4063,2026-05-09 16:10,Google Ads,High Intent Search,Brussels,1-9,Bar,39.0,1,1
4064,2026-05-09 13:14,Google Ads,Competitor Search,Walloon Brabant,10-49,Bar,67.0,1,0
4065,2026-05-09 18:33,Google Ads,Restaurant Operations,Hainaut,10-49,Hotel,62.0,1,1
4066,2026-05-09 14:56,Meta Ads,Awareness Video,East Flanders,50+,Restaurant,38.0,0,0
4067,2026-05-09 12:37,Meta Ads,Awareness Video,Brussels,10-49,Bar,36.0,0,0
4068,2026-05-09 21:27,Meta Ads,Awareness Video,East Flanders,1-9,Snack,14.0,0,0
4069,2026-05-09 15:42,Meta Ads,Awareness Video,Brussels,1-9,Café,31.0,1,0
4070,2026-05-09 14:42,Meta Ads,Awareness Video,Brussels,10-49,Restaurant,44.0,0,0
4071,2026-05-09 07:56,Meta Ads,Lead Magnet,Hainaut,1-9,Restaurant,17.0,0,0
4072,2026-05-09 07:51,Meta Ads,Lead Magnet,East Flanders,10-49,Café,40.0,0,0
4073,2026-05-09 09:54,Organic Search,SEO Product Pages,Antwerp,50+,Bar,71.0,1,1
4074,2026-05-09 17:11,Organic Search,SEO Product Pages,Walloon Brabant,1-9,Bar,64.0,1,1
4075,2026-05-09 20:39,Organic Search,SEO Guides,Brussels,1-9,Restaurant,51.0,1,0
4076,2026-05-09 14:52,Organic Search,SEO Guides,East Flanders,10-49,Bar,38.0,0,0
4077,2026-05-09 09:46,Organic Search,SEO Guides,Liège,10-49,Restaurant,65.0,0,0
4078,2026-05-09 20:49,Organic Search,SEO Guides,Antwerp,1-9,Restaurant,53.0,0,0
4079,2026-05-09 12:47,Direct,Brand Direct,East Flanders,10-49,Café,74.0,1,0
4080,2026-05-09 12:03,Direct,Returning Visitors,East Flanders,10-49,Restaurant,89.0,1,1
4081,2026-05-09 19:53,Direct,Demo Page Direct,East Flanders,50+,Bar,81.0,1,1
4082,2026-05-09 18:06,Direct,Demo Page Direct,Flemish Brabant,1-9,Restaurant,55.0,0,0
4083,2026-05-09 09:04,Referral,Partner Network,Flemish Brabant,1-9,Hotel,85.0,1,1
4084,2026-05-09 11:04,Referral,Industry Events,Namur,1-9,Restaurant,69.0,1,1
4085,2026-05-10 21:53,Google Ads,High Intent Search,Brussels,10-49,Restaurant,64.0,1,1
4086,2026-05-10 19:36,Google Ads,High Intent Search,Antwerp,1-9,Bar,60.0,1,0
4087,2026-05-10 16:56,Meta Ads,Awareness Video,Hainaut,1-9,Restaurant,19.0,0,0
4088,2026-05-10 21:43,Meta Ads,Awareness Video,Brussels,10-49,Restaurant,11.0,0,0
4089,2026-05-10 18:09,Meta Ads,Awareness Video,East Flanders,1-9,Snack,7.0,0,0
4090,2026-05-10 16:59,Meta Ads,Lead Magnet,Flemish Brabant,1-9,Restaurant,33.0,1,0
4091,2026-05-10 14:12,Meta Ads,Lead Magnet,Brussels,10-49,Bar,27.0,0,0
4092,2026-05-10 18:31,Organic Search,SEO Product Pages,Brussels,1-9,Bar,54.0,0,0
4093,2026-05-10 09:51,Organic Search,SEO Product Pages,East Flanders,50+,Restaurant,43.0,0,0
4094,2026-05-10 07:44,Organic Search,SEO Product Pages,Brussels,1-9,Restaurant,70.0,0,0
4095,2026-05-10 11:05,Organic Search,SEO Product Pages,East Flanders,1-9,Restaurant,63.0,0,0
4096,2026-05-10 14:41,Organic Search,SEO Guides,Namur,10-49,Café,53.0,0,0
4097,2026-05-10 20:22,Organic Search,SEO Guides,Brussels,10-49,Restaurant,56.0,1,0
4098,2026-05-10 17:45,Organic Search,SEO Comparison,Hainaut,10-49,Bar,55.0,0,0
4099,2026-05-10 10:58,Direct,Brand Direct,Walloon Brabant,1-9,Café,47.0,1,1
4100,2026-05-10 18:46,Direct,Brand Direct,Hainaut,1-9,Bar,57.0,1,1
4101,2026-05-10 09:08,Direct,Brand Direct,Brussels,50+,Café,62.0,1,1
4102,2026-05-10 09:40,Direct,Brand Direct,Liège,1-9,Snack,36.0,0,0
4103,2026-05-10 20:15,Direct,Returning Visitors,Brussels,10-49,Restaurant,52.0,0,0
4104,2026-05-10 18:11,Email,Newsletter,Namur,50+,Bar,73.0,1,0
4105,2026-05-11 21:03,Google Ads,High Intent Search,Antwerp,1-9,Restaurant,46.0,0,0
4106,2026-05-11 14:06,Google Ads,Restaurant Operations,Liège,1-9,Snack,43.0,0,0
4107,2026-05-11 20:55,Google Ads,Restaurant Operations,East Flanders,1-9,Restaurant,39.0,0,0
4108,2026-05-11 17:14,Meta Ads,Awareness Video,Namur,1-9,Snack,16.0,0,0
4109,2026-05-11 18:57,Meta Ads,Awareness Video,Brussels,10-49,Restaurant,51.0,0,0
4110,2026-05-11 07:13,Meta Ads,Awareness Video,East Flanders,50+,Bar,18.0,0,0
4111,2026-05-11 10:07,Meta Ads,Awareness Video,Hainaut,10-49,Restaurant,23.0,0,0
4112,2026-05-11 17:53,Meta Ads,Awareness Video,Antwerp,1-9,Restaurant,15.0,0,0
4113,2026-05-11 21:18,Meta Ads,Lead Magnet,Hainaut,1-9,Snack,72.0,0,0
4114,2026-05-11 18:43,Meta Ads,Retargeting,Brussels,10-49,Restaurant,39.0,0,0
4115,2026-05-11 19:15,Meta Ads,Retargeting,Flemish Brabant,1-9,Restaurant,24.0,0,0
4116,2026-05-11 13:06,Organic Search,SEO Product Pages,Antwerp,10-49,Snack,50.0,0,0
4117,2026-05-11 09:27,Organic Search,SEO Product Pages,Flemish Brabant,1-9,Restaurant,36.0,0,0
4118,2026-05-11 15:27,Organic Search,SEO Product Pages,Walloon Brabant,1-9,Restaurant,48.0,0,0
4119,2026-05-11 12:29,Organic Search,SEO Guides,Brussels,1-9,Café,47.0,0,0
4120,2026-05-11 16:00,Organic Search,SEO Guides,Brussels,1-9,Restaurant,55.0,1,0
4121,2026-05-11 09:16,Organic Search,SEO Comparison,Liège,1-9,Restaurant,52.0,1,1
4122,2026-05-11 19:10,Organic Search,SEO Comparison,Brussels,50+,Restaurant,65.0,1,1
4123,2026-05-11 13:38,Direct,Brand Direct,Brussels,10-49,Restaurant,73.0,1,0
4124,2026-05-11 16:56,Direct,Returning Visitors,East Flanders,50+,Bar,69.0,0,0
4125,2026-05-11 11:36,Direct,Demo Page Direct,Brussels,1-9,Snack,71.0,1,0
4126,2026-05-11 13:48,Email,Newsletter,Brussels,1-9,Restaurant,57.0,1,0
4127,2026-05-11 15:42,Email,Newsletter,Flemish Brabant,1-9,Hotel,45.0,0,0
4128,2026-05-11 19:16,Email,Lead Nurture,Walloon Brabant,10-49,Restaurant,71.0,0,0
4129,2026-05-11 12:12,Email,Lead Nurture,Hainaut,50+,Restaurant,79.0,1,1
4130,2026-05-11 07:03,Referral,Partner Network,Liège,10-49,Snack,53.0,1,1
4131,2026-05-12 20:38,Google Ads,Competitor Search,Antwerp,10-49,Snack,44.0,0,0
4132,2026-05-12 13:25,Google Ads,Restaurant Operations,Walloon Brabant,1-9,Restaurant,29.0,0,0
4133,2026-05-12 09:14,LinkedIn Ads,Decision Makers,East Flanders,10-49,Restaurant,87.0,1,1
4134,2026-05-12 08:12,LinkedIn Ads,Decision Makers,Namur,10-49,Restaurant,92.0,1,1
4135,2026-05-12 16:42,Meta Ads,Awareness Video,Antwerp,1-9,Restaurant,28.0,1,0
4136,2026-05-12 16:38,Meta Ads,Awareness Video,East Flanders,1-9,Café,21.0,0,0
4137,2026-05-12 19:14,Meta Ads,Awareness Video,Hainaut,1-9,Restaurant,5.0,0,0
4138,2026-05-12 16:18,Meta Ads,Awareness Video,East Flanders,1-9,Restaurant,5.0,0,0
4139,2026-05-12 21:56,Meta Ads,Lead Magnet,Hainaut,1-9,Hotel,48.0,0,0
4140,2026-05-12 08:51,Meta Ads,Lead Magnet,Hainaut,1-9,Snack,26.0,0,0
4141,2026-05-12 09:50,Meta Ads,Lead Magnet,Antwerp,10-49,Restaurant,69.0,0,0
4142,2026-05-12 20:23,Meta Ads,Retargeting,Liège,1-9,Snack,30.0,1,0
4143,2026-05-12 11:35,Organic Search,SEO Product Pages,East Flanders,10-49,Restaurant,59.0,1,0
4144,2026-05-12 18:42,Organic Search,SEO Product Pages,Antwerp,50+,Snack,49.0,0,0
4145,2026-05-12 14:21,Organic Search,SEO Product Pages,Walloon Brabant,1-9,Snack,61.0,1,0
4146,2026-05-12 20:50,Organic Search,SEO Guides,Hainaut,1-9,Bar,40.0,0,0
4147,2026-05-12 07:33,Organic Search,SEO Comparison,Liège,1-9,Restaurant,77.0,1,1
4148,2026-05-12 18:53,Direct,Brand Direct,Hainaut,1-9,Café,32.0,0,0
4149,2026-05-12 16:22,Direct,Brand Direct,Hainaut,10-49,Restaurant,47.0,1,0
4150,2026-05-12 19:48,Direct,Returning Visitors,East Flanders,50+,Bar,71.0,1,1
4151,2026-05-12 11:30,Direct,Returning Visitors,Antwerp,1-9,Snack,78.0,1,0
4152,2026-05-12 12:57,Direct,Returning Visitors,Antwerp,10-49,Restaurant,65.0,1,1
4153,2026-05-12 12:03,Direct,Returning Visitors,East Flanders,50+,Restaurant,63.0,1,1
4154,2026-05-12 21:51,Direct,Demo Page Direct,Hainaut,10-49,Café,53.0,0,0
4155,2026-05-12 08:43,Email,Lead Nurture,Flemish Brabant,50+,Restaurant,73.0,1,0
4156,2026-05-12 10:18,Email,Reactivation,East Flanders,1-9,Restaurant,51.0,1,0
4157,2026-05-12 13:32,Referral,Industry Events,Brussels,1-9,Café,74.0,1,1
4158,2026-05-12 16:04,Referral,Industry Events,Brussels,1-9,Hotel,21.0,0,0
4159,2026-05-12 12:06,Referral,Industry Events,Walloon Brabant,1-9,Restaurant,56.0,1,1
4160,2026-05-13 15:22,Google Ads,High Intent Search,Liège,1-9,Restaurant,58.0,1,1
4161,2026-05-13 21:58,Google Ads,Competitor Search,Antwerp,50+,Snack,66.0,1,0
4162,2026-05-13 12:41,LinkedIn Ads,Decision Makers,Liège,1-9,Restaurant,62.0,1,1
4163,2026-05-13 11:59,LinkedIn Ads,Decision Makers,Antwerp,1-9,Bar,85.0,1,1
4164,2026-05-13 11:21,Meta Ads,Awareness Video,Brussels,1-9,Café,41.0,0,0
4165,2026-05-13 16:31,Meta Ads,Awareness Video,Hainaut,1-9,Bar,36.0,0,0
4166,2026-05-13 12:58,Meta Ads,Awareness Video,East Flanders,10-49,Restaurant,33.0,0,0
4167,2026-05-13 09:43,Meta Ads,Awareness Video,Hainaut,1-9,Hotel,0.0,0,0
4168,2026-05-13 12:39,Meta Ads,Awareness Video,East Flanders,50+,Bar,27.0,0,0
4169,2026-05-13 09:46,Meta Ads,Awareness Video,Flemish Brabant,10-49,Hotel,16.0,0,0
4170,2026-05-13 15:33,Meta Ads,Lead Magnet,Flemish Brabant,1-9,Hotel,43.0,0,0
4171,2026-05-13 11:23,Meta Ads,Lead Magnet,Hainaut,10-49,Bar,52.0,1,0
4172,2026-05-13 17:12,Meta Ads,Retargeting,Flemish Brabant,1-9,Restaurant,42.0,1,0
4173,2026-05-13 10:42,Organic Search,SEO Product Pages,Antwerp,1-9,Restaurant,50.0,0,0
4174,2026-05-13 09:33,Organic Search,SEO Product Pages,Hainaut,1-9,Snack,56.0,1,0
4175,2026-05-13 14:38,Organic Search,SEO Product Pages,East Flanders,1-9,Snack,48.0,1,0
4176,2026-05-13 15:05,Organic Search,SEO Product Pages,Anvers,1-9,Snack,60.0,0,0
4177,2026-05-13 18:28,Organic Search,SEO Guides,Brussels,1-9,Snack,25.0,0,0
4178,2026-05-13 08:29,Organic Search,SEO Comparison,Liège,10-49,Restaurant,76.0,1,1
4179,2026-05-13 19:41,Direct,Brand Direct,Antwerp,50+,Restaurant,80.0,1,1
4180,2026-05-13 14:29,Direct,Brand Direct,Liège,1-9,Bar,56.0,1,1
4181,2026-05-13 19:51,Direct,Brand Direct,Antwerp,1-9,Restaurant,47.0,1,0
4182,2026-05-13 10:30,Direct,Brand Direct,Antwerp,1-9,Restaurant,68.0,1,1
4183,2026-05-13 15:26,Direct,Brand Direct,Namur,10-49,Hotel,70.0,1,1
4184,2026-05-13 13:57,Direct,Brand Direct,Flemish Brabant,1-9,Café,60.0,1,1
4185,2026-05-13 09:33,Direct,Returning Visitors,Antwerp,1-9,Restaurant,46.0,1,1
4186,2026-05-13 12:24,Direct,Returning Visitors,Liège,1-9,Café,62.0,0,0
4187,2026-05-13 13:59,Direct,Returning Visitors,East Flanders,1-9,Bar,59.0,1,0
4188,2026-05-13 16:03,Direct,Returning Visitors,Brussels,1-9,Café,58.0,1,0
4189,2026-05-13 19:50,Direct,Demo Page Direct,Flemish Brabant,10-49,Restaurant,64.0,1,1
4190,2026-05-13 21:21,Email,Newsletter,Liège,1-9,Restaurant,45.0,1,0
4191,2026-05-13 16:50,Email,Lead Nurture,Antwerp,1-9,Restaurant,81.0,0,0
4192,2026-05-13 07:32,Referral,Partner Network,Brussels,1-9,Café,65.0,1,1
4193,2026-05-13 13:03,Referral,Partner Network,East Flanders,1-9,Restaurant,64.0,1,0
4194,2026-05-13 08:13,Referral,Industry Events,Brussels,10-49,Snack,57.0,0,0
4195,2026-05-14 15:38,Google Ads,High Intent Search,Antwerp,10-49,Restaurant,82.0,1,1
4196,2026-05-14 21:51,Google Ads,High Intent Search,East Flanders,10-49,Café,54.0,1,0
4197,2026-05-14 12:00,Google Ads,Competitor Search,Brussels,1-9,Hotel,39.0,0,0
4198,2026-05-14 07:27,Meta Ads,Awareness Video,Liège,10-49,Restaurant,14.0,0,0
4199,2026-05-14 10:12,Meta Ads,Awareness Video,Antwerp,50+,Restaurant,43.0,0,0
4200,2026-05-14 12:53,Meta Ads,Awareness Video,Hainaut,1-9,Restaurant,18.0,0,0
4201,2026-05-14 12:49,Meta Ads,Awareness Video,Antwerp,1-9,Restaurant,43.0,1,0
4202,2026-05-14 16:54,Meta Ads,Lead Magnet,Hainaut,1-9,Snack,15.0,0,0
4203,2026-05-14 08:52,Meta Ads,Lead Magnet,Namur,10-49,Restaurant,21.0,0,0
4204,2026-05-14 20:00,Organic Search,SEO Product Pages,Brussels,1-9,Restaurant,55.0,0,0
4205,2026-05-14 17:35,Organic Search,SEO Product Pages,Liège,1-9,Restaurant,56.0,0,0
4206,2026-05-14 15:15,Organic Search,SEO Product Pages,Brussels,10-49,Restaurant,85.0,1,1
4207,2026-05-14 15:17,Organic Search,SEO Guides,Antwerp,1-9,Hotel,47.0,0,0
4208,2026-05-14 21:29,Organic Search,SEO Guides,Brussels,1-9,Snack,46.0,0,0
4209,2026-05-14 09:00,Direct,Returning Visitors,Hainaut,50+,Restaurant,73.0,1,0
4210,2026-05-14 15:57,Direct,Returning Visitors,Antwerp,1-9,Snack,58.0,1,1
4211,2026-05-14 15:32,Direct,Returning Visitors,Hainaut,50+,Restaurant,100.0,1,1
4212,2026-05-14 09:06,Direct,Demo Page Direct,Flemish Brabant,1-9,Hotel,79.0,0,0
4213,2026-05-14 13:22,Email,Newsletter,Liège,10-49,Restaurant,71.0,1,0
4214,2026-05-14 15:14,Email,Newsletter,Brussels,1-9,Bar,76.0,1,0
4215,2026-05-14 15:27,Email,Newsletter,Brussels,10-49,Restaurant,72.0,1,1
4216,2026-05-14 11:44,Email,Newsletter,Namur,1-9,Bar,70.0,0,0
4217,2026-05-14 15:22,Email,Lead Nurture,Hainaut,1-9,Café,90.0,1,1
4218,2026-05-14 09:10,Email,Reactivation,Walloon Brabant,10-49,Restaurant,44.0,0,0
4219,2026-05-14 08:06,Email,Reactivation,Brussels,1-9,Restaurant,50.0,0,0
4220,2026-05-15 21:54,Google Ads,High Intent Search,Namur,1-9,Snack,62.0,0,0
4221,2026-05-15 10:46,LinkedIn Ads,Decision Makers,Namur,50+,Snack,100.0,1,1
4222,2026-05-15 10:53,Meta Ads,Lead Magnet,East Flanders,1-9,Restaurant,33.0,1,0
4223,2026-05-15 07:41,Meta Ads,Lead Magnet,Hainaut,50+,Hotel,28.0,0,0
4224,2026-05-15 21:38,Meta Ads,Lead Magnet,Antwerp,10-49,Café,32.0,0,0
4225,2026-05-15 14:49,Meta Ads,Retargeting,Hainaut,10-49,Bar,41.0,0,0
4226,2026-05-15 14:15,Organic Search,SEO Product Pages,Hainaut,1-9,Restaurant,50.0,1,1
4227,2026-05-15 08:05,Organic Search,SEO Product Pages,Brussels,10-49,Café,53.0,0,0
4228,2026-05-15 18:52,Organic Search,SEO Product Pages,East Flanders,10-49,Bar,49.0,1,1
4229,2026-05-15 11:20,Organic Search,SEO Comparison,Hainaut,50+,Restaurant,65.0,1,1
4230,2026-05-15 17:04,Organic Search,SEO Comparison,Liège,10-49,Snack,57.0,1,1
4231,2026-05-15 21:16,Organic Search,SEO Comparison,WALLOON BRABANT,10-49,Bar,77.0,1,1
4232,2026-05-15 08:46,Direct,Brand Direct,Flemish Brabant,10-49,Snack,61.0,0,0
4233,2026-05-15 15:44,Direct,Brand Direct,Brussels,10-49,Snack,62.0,0,0
4234,2026-05-15 11:51,Direct,Brand Direct,Antwerp,10-49,Bar,77.0,1,0
4235,2026-05-15 19:57,Direct,Brand Direct,Hainaut,1-9,Hotel,66.0,1,1
4236,2026-05-15 13:39,Direct,Brand Direct,Liège,1-9,Restaurant,66.0,1,0
4237,2026-05-15 14:45,Direct,Brand Direct,Brussels,1-9,Hotel,64.0,1,1
4238,2026-05-15 21:28,Direct,Returning Visitors,Antwerp,50+,Restaurant,56.0,0,0
4239,2026-05-15 16:09,Direct,Returning Visitors,East Flanders,10-49,Hotel,54.0,0,0
4240,2026-05-15 09:15,Direct,Returning Visitors,Liège,1-9,Restaurant,71.0,1,0
4241,2026-05-15 09:07,Email,Newsletter,Antwerp,10-49,Restaurant,83.0,1,0
4242,2026-05-15 15:40,Email,Lead Nurture,Hainaut,10-49,Restaurant,48.0,0,0
4243,2026-05-15 12:48,Email,Lead Nurture,East Flanders,10-49,Restaurant,61.0,1,1
4244,2026-05-15 15:50,Referral,Partner Network,East Flanders,1-9,Bar,81.0,1,1
4245,2026-05-15 16:12,Referral,Customer Referral,Antwerp,1-9,Restaurant,65.0,1,0
4246,2026-05-15 13:19,Referral,Customer Referral,East Flanders,10-49,Bar,77.0,1,0
4247,2026-05-16 13:40,Google Ads,Restaurant Operations,Flemish Brabant,1-9,Bar,65.0,1,1
4248,2026-05-16 13:20,Google Ads,Restaurant Operations,Brussels,1-9,Bar,62.0,1,0
4249,2026-05-16 16:32,LinkedIn Ads,SMB Growth,Liège,50+,Bar,57.0,0,0
4250,2026-05-16 15:56,Meta Ads,Awareness Video,Brussels,10-49,Snack,27.0,0,0
4251,2026-05-16 12:11,Meta Ads,Lead Magnet,Hainaut,10-49,Restaurant,40.0,1,0
4252,2026-05-16 07:32,Meta Ads,Retargeting,Antwerp,1-9,Bar,47.0,0,0
4253,2026-05-16 13:02,Meta Ads,Retargeting,Hainaut,1-9,Restaurant,47.0,0,0
4254,2026-05-16 20:16,Organic Search,SEO Comparison,Antwerp,1-9,Bar,60.0,1,1
4255,2026-05-16 20:32,Direct,Brand Direct,Liège,1-9,Restaurant,65.0,0,0
4256,2026-05-16 14:31,Direct,Brand Direct,Walloon Brabant,1-9,Restaurant,54.0,0,0
4257,2026-05-16 14:48,Direct,Returning Visitors,Hainaut,1-9,Restaurant,67.0,0,0
4258,2026-05-16 19:58,Direct,Returning Visitors,Brussels,10-49,Snack,65.0,0,0
4259,2026-05-16 15:27,Email,Lead Nurture,East Flanders,1-9,Restaurant,65.0,1,1
4260,2026-05-16 11:05,Referral,Partner Network,Flemish Brabant,1-9,Bar,96.0,1,1
4261,2026-05-16 20:09,Referral,Partner Network,East Flanders,1-9,Bar,64.0,1,1
4262,2026-05-16 13:00,Referral,Partner Network,Walloon Brabant,10-49,Snack,57.0,1,1
4263,2026-05-16 19:03,Referral,Partner Network,Walloon Brabant,1-9,Snack,91.0,1,1
4264,2026-05-16 12:18,Referral,Customer Referral,Flemish Brabant,1-9,Bar,68.0,0,0
4265,2026-05-17 11:19,Google Ads,High Intent Search,Hainaut,1-9,Restaurant,57.0,0,0
4266,2026-05-17 15:38,Google Ads,High Intent Search,Flemish Brabant,10-49,Restaurant,67.0,0,0
4267,2026-05-17 14:33,LinkedIn Ads,Decision Makers,Brussels,1-9,Restaurant,71.0,0,0
4268,2026-05-17 11:43,Meta Ads,Awareness Video,Brussels,10-49,Restaurant,43.0,0,0
4269,2026-05-17 13:21,Meta Ads,Awareness Video,Namur,10-49,Restaurant,16.0,0,0
4270,2026-05-17 21:39,Meta Ads,Awareness Video,Brussels,10-49,Restaurant,34.0,0,0
4271,2026-05-17 17:50,Meta Ads,Summer Promo TEST,Namur,10-49,Bar,46.0,0,0
4272,2026-05-17 19:23,Meta Ads,Retargeting,Hainaut,10-49,Café,36.0,0,0
4273,2026-05-17 07:17,Organic Search,SEO Guides,Hainaut,1-9,Bar,37.0,0,0
4274,2026-05-17 16:35,Organic Search,SEO Guides,Hainaut,1-9,Snack,40.0,0,0
4275,2026-05-17 13:23,Organic Search,SEO Comparison,Brussels,50+,Hotel,80.0,1,0
4276,2026-05-17 09:53,Direct,Returning Visitors,Walloon Brabant,10-49,Restaurant,68.0,1,1
4277,2026-05-17 16:04,Email,Newsletter,Antwerp,10-49,Hotel,78.0,1,1
4278,2026-05-17 18:34,Email,Newsletter,East Flanders,1-9,Snack,47.0,0,0
4279,2026-05-17 11:25,Email,Newsletter,Brussels,1-9,Snack,57.0,1,0
4280,2026-05-18 17:06,Google Ads,High Intent Search,Liège,1-9,Restaurant,30.0,0,0
4281,2026-05-18 13:54,Google Ads,High Intent Search,Brussels,10-49,Restaurant,79.0,1,0
4282,2026-05-18 13:14,Google Ads,High Intent Search,Hainaut,1-9,Restaurant,48.0,0,0
4283,2026-05-18 13:01,Google Ads,High Intent Search,Antwerp,10-49,Restaurant,51.0,0,0
4284,2026-05-18 08:38,Google Ads,Restaurant Operations,Hainaut,1-9,Snack,46.0,1,1
4285,2026-05-18 12:32,Google Ads,Restaurant Operations,Hainaut,1-9,Restaurant,47.0,1,0
4286,2026-05-18 12:58,Meta Ads,Awareness Video,Walloon Brabant,1-9,Restaurant,16.0,0,0
4287,2026-05-18 19:18,Meta Ads,Awareness Video,Namur,1-9,Bar,25.0,0,0
4288,2026-05-18 09:25,Meta Ads,Lead Magnet,Brussels,1-9,Restaurant,47.0,0,0
4289,2026-05-18 11:01,Meta Ads,Lead Magnet,Liège,1-9,Restaurant,24.0,0,0
4290,2026-05-18 21:49,Meta Ads,Lead Magnet,East Flanders,10-49,Café,47.0,1,0
4291,2026-05-18 20:08,Organic Search,SEO Product Pages,Brussels,1-9,Restaurant,64.0,1,0
4292,2026-05-18 11:37,Organic Search,SEO Product Pages,Hainaut,1-9,Restaurant,26.0,0,0
4293,2026-05-18 12:11,Organic Search,SEO Product Pages,Antwerp,10-49,Café,55.0,0,0
4294,2026-05-18 21:19,Organic Search,SEO Product Pages,Namur,10-49,Restaurant,65.0,1,0
4295,2026-05-18 17:46,Organic Search,SEO Product Pages,Namur,1-9,Bar,59.0,1,1
4296,2026-05-18 20:26,Organic Search,SEO Guides,Namur,10-49,Restaurant,55.0,1,0
4297,2026-05-18 12:31,Organic Search,SEO Guides,Liège,10-49,Snack,41.0,0,0
4298,2026-05-18 12:00,Organic Search,SEO Guides,East Flanders,1-9,Restaurant,78.0,1,0
4299,2026-05-18 20:10,Organic Search,SEO Comparison,Brussels,1-9,Snack,53.0,1,1
4300,2026-05-18 21:54,Organic Search,SEO Comparison,East Flanders,1-9,Café,47.0,0,0
4301,2026-05-18 18:26,Direct,Brand Direct,Antwerp,1-9,Bar,67.0,0,0
4302,2026-05-18 08:09,Direct,Brand Direct,Antwerp,1-9,Restaurant,79.0,1,1
4303,2026-05-18 12:50,Direct,Returning Visitors,FLEMISH BRABANT,1-9,Restaurant,73.0,0,0
4304,2026-05-18 15:56,Email,Newsletter,Brussels,1-9,Snack,57.0,1,1
4305,2026-05-18 13:34,Email,Lead Nurture,Liège,1-9,Restaurant,71.0,1,1
4306,2026-05-18 07:06,Email,Lead Nurture,Brussels,1-9,Café,59.0,1,0
4307,2026-05-18 13:16,Email,Lead Nurture,Liège,1-9,Snack,75.0,1,0
4308,2026-05-18 13:41,Email,Lead Nurture,Flemish Brabant,10-49,Hotel,55.0,0,0
4309,2026-05-18 17:03,Referral,Partner Network,Flemish Brabant,1-9,Restaurant,68.0,1,1
4310,2026-05-18 14:03,Referral,Customer Referral,Liège,1-9,Restaurant,58.0,0,0
4311,2026-05-18 07:15,Referral,Industry Events,Antwerp,1-9,Restaurant,87.0,1,1
4312,2026-05-19 20:38,Google Ads,Competitor Search,Namur,10-49,Restaurant,50.0,1,0
4313,2026-05-19 10:56,Google Ads,Restaurant Operations,Hainaut,1-9,Snack,29.0,0,0
4314,2026-05-19 19:53,Meta Ads,Awareness Video,Antwerp,10-49,Restaurant,45.0,0,0
4315,2026-05-19 17:08,Meta Ads,Awareness Video,East Flanders,1-9,Restaurant,19.0,0,0
4316,2026-05-19 12:27,Meta Ads,Lead Magnet,Walloon Brabant,50+,Bar,41.0,0,0
4317,2026-05-19 10:53,Meta Ads,Lead Magnet,Namur,10-49,Restaurant,53.0,0,0
4318,2026-05-19 11:32,Organic Search,SEO Product Pages,Antwerp,1-9,Restaurant,56.0,0,0
4319,2026-05-19 17:36,Organic Search,SEO Product Pages,Antwerp,10-49,Café,81.0,1,1
4320,2026-05-19 12:20,Organic Search,SEO Product Pages,Brussels,1-9,Restaurant,31.0,0,0
4321,2026-05-19 19:10,Organic Search,SEO Product Pages,Antwerp,1-9,Restaurant,38.0,0,0
4322,2026-05-19 08:45,Organic Search,SEO Guides,Hainaut,1-9,Café,53.0,0,0
4323,2026-05-19 09:04,Organic Search,SEO Guides,Hainaut,1-9,Restaurant,54.0,1,0
4324,2026-05-19 12:58,Direct,Brand Direct,East Flanders,1-9,Restaurant,72.0,0,0
4325,2026-05-19 15:33,Direct,Brand Direct,Namur,50+,Restaurant,89.0,1,0
4326,2026-05-19 14:30,Email,Newsletter,Flemish Brabant,1-9,Hotel,71.0,1,0
4327,2026-05-19 16:12,Email,Lead Nurture,Hainaut,10-49,Café,77.0,1,1
4328,2026-05-19 13:56,Email,Lead Nurture,Brussels,10-49,Restaurant,50.0,1,0
4329,2026-05-19 21:16,Referral,Customer Referral,Hainaut,1-9,Snack,83.0,1,1
4330,2026-05-20 16:52,Google Ads,High Intent Search,Brussels,10-49,Café,66.0,1,1
4331,2026-05-20 07:55,Google Ads,High Intent Search,East Flanders,1-9,Snack,51.0,0,0
4332,2026-05-20 16:06,Google Ads,High Intent Search,Brussels,1-9,Restaurant,57.0,0,0
4333,2026-05-20 18:15,Google Ads,High Intent Search,Liège,1-9,Café,60.0,1,0
4334,2026-05-20 13:42,Google Ads,High Intent Search,East Flanders,10-49,Bar,60.0,1,1
4335,2026-05-20 13:20,Google Ads,Restaurant Operations,Namur,50+,Café,69.0,1,0
4336,2026-05-20 21:11,Google Ads,Restaurant Operations,Brussels,10-49,Restaurant,75.0,1,0
4337,2026-05-20 07:14,Meta Ads,Awareness Video,Brussels,1-9,Restaurant,44.0,0,0
4338,2026-05-20 09:50,Meta Ads,Awareness Video,Brussels,1-9,Hotel,12.0,0,0
4339,2026-05-20 21:22,Meta Ads,Awareness Video,Brussels,10-49,Restaurant,45.0,0,0
4340,2026-05-20 12:05,Meta Ads,Awareness Video,Hainaut,10-49,Snack,36.0,0,0
4341,2026-05-20 16:51,Meta Ads,Lead Magnet,Walloon Brabant,10-49,Restaurant,31.0,0,0
4342,2026-05-20 10:32,Meta Ads,Retargeting,Brussels,1-9,Restaurant,27.0,0,0
4343,2026-05-20 21:45,Organic Search,SEO Product Pages,East Flanders,1-9,Restaurant,71.0,1,1
4344,2026-05-20 21:57,Organic Search,SEO Product Pages,Flemish Brabant,10-49,Café,55.0,1,0
4345,2026-05-20 14:36,Organic Search,SEO Product Pages,Namur,1-9,Snack,93.0,1,1
4346,2026-05-20 19:30,Organic Search,SEO Product Pages,Hainaut,1-9,Café,68.0,0,0
4347,2026-05-20 07:25,Organic Search,SEO Guides,Liège,1-9,Café,51.0,0,0
4348,2026-05-20 12:54,Organic Search,SEO Guides,Flemish Brabant,50+,Bar,60.0,1,0
4349,2026-05-20 08:44,Organic Search,SEO Guides,Liège,1-9,Snack,58.0,0,0
4350,2026-05-20 10:09,Organic Search,SEO Comparison,Brussels,1-9,Bar,47.0,0,0
4351,2026-05-20 14:35,Direct,Returning Visitors,Brussels,1-9,Bar,61.0,0,0
4352,2026-05-20 09:49,Email,Newsletter,Hainaut,10-49,Hotel,77.0,0,0
4353,2026-05-20 20:59,Email,Lead Nurture,Antwerp,10-49,Café,46.0,0,0
4354,2026-05-20 18:26,Referral,Partner Network,Hainaut,10-49,Snack,76.0,0,0
4355,2026-05-20 16:11,Referral,Industry Events,Liège,10-49,Snack,67.0,1,1
4356,2026-05-20 16:05,Referral,Industry Events,Walloon Brabant,50+,Restaurant,79.0,1,1
4357,2026-05-21 18:57,Google Ads,High Intent Search,East Flanders,1-9,Restaurant,76.0,1,0
4358,2026-05-21 09:45,Google Ads,High Intent Search,Antwerp,1-9,Restaurant,87.0,1,0
4359,2026-05-21 15:55,Google Ads,High Intent Search,Hainaut,1-9,Restaurant,45.0,1,0
4360,2026-05-21 10:26,LinkedIn Ads,SMB Growth,Brussels,50+,Snack,75.0,1,0
4361,2026-05-21 19:40,LinkedIn Ads,SMB Growth,Walloon Brabant,1-9,Restaurant,43.0,1,0
4362,2026-05-21 16:40,Meta Ads,Awareness Video,Walloon Brabant,10-49,Restaurant,19.0,0,0
4363,2026-05-21 11:33,Meta Ads,Awareness Video,Brussels,1-9,Bar,20.0,0,0
4364,2026-05-21 16:56,Meta Ads,Awareness Video,Liège,1-9,Restaurant,16.0,0,0
4365,2026-05-21 16:59,Meta Ads,Awareness Video,Hainaut,1-9,Hotel,36.0,0,0
4366,2026-05-21 09:38,Meta Ads,Awareness Video,Brussels,50+,Restaurant,42.0,0,0
4367,2026-05-21 14:06,Meta Ads,Awareness Video,East Flanders,1-9,Restaurant,24.0,1,0
4368,2026-05-21 11:29,Meta Ads,Awareness Video,East Flanders,1-9,Restaurant,13.0,0,0
4369,2026-05-21 20:48,Meta Ads,Awareness Video,Antwerp,1-9,Hotel,33.0,0,0
4370,2026-05-21 16:07,Meta Ads,Awareness Video,Bruxelles,1-9,Bar,33.0,1,0
4371,2026-05-21 13:00,Meta Ads,Awareness Video,Flemish Brabant,1-9,Restaurant,32.0,1,0
4372,2026-05-21 13:33,Meta Ads,Awareness Video,Hainaut,50+,Snack,45.0,0,0
4373,2026-05-21 11:36,Meta Ads,Lead Magnet,Namur,50+,Café,60.0,1,0
4374,2026-05-21 16:58,Meta Ads,Lead Magnet,Flemish Brabant,1-9,Restaurant,24.0,0,0
4375,2026-05-21 20:47,Organic Search,SEO Product Pages,Hainaut,1-9,Bar,57.0,1,1
4376,2026-05-21 21:57,Organic Search,SEO Product Pages,Brussels,1-9,Snack,57.0,0,0
4377,2026-05-21 11:45,Organic Search,SEO Product Pages,East Flanders,10-49,Café,77.0,1,1
4378,2026-05-21 09:45,Organic Search,SEO Guides,Walloon Brabant,10-49,Restaurant,41.0,1,0
4379,2026-05-21 18:49,Organic Search,SEO Guides,East Flanders,1-9,Restaurant,44.0,0,0
4380,2026-05-21 17:30,Organic Search,SEO Guides,Walloon Brabant,1-9,Bar,33.0,0,0
4381,2026-05-21 20:27,Organic Search,SEO Guides,Walloon Brabant,1-9,Restaurant,23.0,0,0
4382,2026-05-21 11:58,Organic Search,SEO Guides,Liège,50+,Restaurant,63.0,1,0
4383,2026-05-21 15:53,Direct,Brand Direct,Flemish Brabant,10-49,Restaurant,48.0,0,0
4384,2026-05-21 15:32,Direct,Demo Page Direct,Flemish Brabant,1-9,Restaurant,79.0,1,1
4385,2026-05-21 15:04,Email,Newsletter,Walloon Brabant,1-9,Restaurant,58.0,0,0
4386,2026-05-21 16:16,Email,Newsletter,Hainaut,1-9,Restaurant,67.0,1,1
4387,2026-05-21 12:29,Email,Newsletter,Antwerp,1-9,Snack,69.0,0,0
4388,2026-05-21 16:48,Email,Lead Nurture,Liège,10-49,Restaurant,75.0,1,1
4389,2026-05-21 16:17,Email,Lead Nurture,Namur,1-9,Hotel,67.0,1,1
4390,2026-05-21 18:38,Email,Reactivation,Walloon Brabant,1-9,Café,28.0,0,0
4391,2026-05-21 14:05,Referral,Partner Network,Brussels,50+,Café,92.0,1,1
4392,2026-05-21 18:16,Referral,Customer Referral,Flemish Brabant,1-9,Restaurant,65.0,1,1
4393,2026-05-22 18:56,Google Ads,High Intent Search,Brussels,1-9,Restaurant,49.0,0,0
4394,2026-05-22 10:03,Google Ads,High Intent Search,Anvers,1-9,Restaurant,48.0,0,0
4395,2026-05-22 11:19,Google Ads,High Intent Search,East Flanders,1-9,Snack,63.0,0,0
4396,2026-05-22 20:37,Google Ads,Competitor Search,Liège,1-9,Restaurant,69.0,1,0
4397,2026-05-22 09:57,Google Ads,Restaurant Operations,Flemish Brabant,1-9,Bar,43.0,1,0
4398,2026-05-22 19:33,LinkedIn Ads,Decision Makers,East Flanders,50+,Bar,74.0,1,1
4399,2026-05-22 12:04,LinkedIn Ads,Operations Leaders,Brussels,1-9,Restaurant,67.0,1,1
4400,2026-05-22 17:36,Meta Ads,Awareness Video,Liège,50+,Restaurant,28.0,1,0
4401,2026-05-22 18:16,Meta Ads,Awareness Video,Antwerp,10-49,Bar,25.0,0,0
4402,2026-05-22 10:44,Meta Ads,Awareness Video,Brussels,1-9,Snack,13.0,0,0
4403,2026-05-22 11:38,Meta Ads,Awareness Video,Hainaut,1-9,Restaurant,31.0,0,0
4404,2026-05-22 11:57,Meta Ads,Awareness Video,Antwerp,10-49,Snack,48.0,1,1
4405,2026-05-22 19:30,Meta Ads,Awareness Video,Brussels,1-9,Restaurant,56.0,1,0
4406,2026-05-22 20:35,Meta Ads,Summer Promo TEST,Walloon Brabant,50+,Bar,45.0,0,0
4407,2026-05-22 14:15,Organic Search,SEO Product Pages,Brussels,1-9,Hotel,37.0,0,0
4408,2026-05-22 14:40,Organic Search,SEO Product Pages,Antwerp,1-9,Café,57.0,1,0
4409,2026-05-22 07:43,Organic Search,SEO Product Pages,Antwerp,1-9,Bar,67.0,1,1
4410,2026-05-22 08:13,Organic Search,SEO Guides,Brussels,1-9,Restaurant,30.0,0,0
4411,2026-05-22 20:22,Organic Search,SEO Guides,Walloon Brabant,50+,Restaurant,57.0,1,1
4412,2026-05-22 20:36,Organic Search,SEO Guides,Walloon Brabant,10-49,Restaurant,65.0,1,1
4413,2026-05-22 17:33,Organic Search,SEO Comparison,Brussels,1-9,Restaurant,95.0,1,1
4414,2026-05-22 17:38,Direct,Brand Direct,Namur,1-9,Café,46.0,0,0
4415,2026-05-22 07:38,Direct,Brand Direct,Antwerp,1-9,Bar,41.0,1,1
4416,2026-05-22 14:20,Direct,Returning Visitors,Antwerp,10-49,Restaurant,56.0,0,0
4417,2026-05-22 12:27,Email,Newsletter,Liège,10-49,Snack,76.0,0,0
4418,2026-05-22 18:19,Email,Newsletter,Brussels,10-49,Restaurant,56.0,0,0
4419,2026-05-22 15:30,Email,Lead Nurture,Brussels,1-9,Restaurant,86.0,1,1
4420,2026-05-22 17:13,Referral,Customer Referral,Walloon Brabant,1-9,Restaurant,64.0,1,1
4421,2026-05-22 18:04,Referral,Industry Events,Hainaut,10-49,Restaurant,85.0,1,1
4422,2026-05-22 08:35,Referral,Industry Events,Flemish Brabant,1-9,Restaurant,63.0,0,0
4423,2026-05-23 16:00,Google Ads,High Intent Search,Flemish Brabant,1-9,Hotel,50.0,1,1
4424,2026-05-23 11:10,Meta Ads,Awareness Video,East Flanders,10-49,Restaurant,12.0,0,0
4425,2026-05-23 20:11,Meta Ads,Awareness Video,Walloon Brabant,1-9,Restaurant,20.0,0,0
4426,2026-05-23 10:40,Meta Ads,Awareness Video,Brussels,1-9,Bar,26.0,0,0
4427,2026-05-23 21:37,Meta Ads,Awareness Video,Hainaut,10-49,Café,36.0,0,0
4428,2026-05-23 08:07,Meta Ads,Awareness Video,East Flanders,1-9,Restaurant,28.0,0,0
4429,2026-05-23 08:36,Meta Ads,Lead Magnet,Hainaut,1-9,Restaurant,30.0,0,0
4430,2026-05-23 15:00,Meta Ads,Lead Magnet,Walloon Brabant,10-49,Restaurant,,0,0
4431,2026-05-23 21:57,Meta Ads,Retargeting,Flemish Brabant,10-49,Restaurant,51.0,1,1
4432,2026-05-23 18:16,Organic Search,SEO Product Pages,Brussels,1-9,Restaurant,56.0,0,0
4433,2026-05-23 10:32,Organic Search,SEO Product Pages,Brussels,1-9,Restaurant,56.0,1,0
4434,2026-05-23 08:03,Organic Search,SEO Product Pages,Brussels,10-49,Snack,90.0,1,1
4435,2026-05-23 10:03,Organic Search,SEO Guides,Walloon Brabant,1-9,Restaurant,40.0,1,0
4436,2026-05-23 12:28,Organic Search,SEO Comparison,Namur,10-49,Restaurant,72.0,1,0
4437,2026-05-23 19:43,Email,Newsletter,Brussels,1-9,Bar,54.0,1,1
4438,2026-05-23 11:07,Email,Newsletter,Flemish Brabant,1-9,Snack,75.0,1,0
4439,2026-05-23 16:45,Email,Lead Nurture,Walloon Brabant,1-9,Restaurant,52.0,1,1
4440,2026-05-23 20:59,Email,Lead Nurture,Brussels,1-9,Bar,64.0,1,0
4441,2026-05-23 11:29,Email,Lead Nurture,Namur,1-9,Café,79.0,1,1
4442,2026-05-24 15:52,Google Ads,High Intent Search,Brussels,1-9,Restaurant,61.0,1,1
4443,2026-05-24 21:32,LinkedIn Ads,Decision Makers,Bruxelles,10-49,Restaurant,88.0,1,1
4444,2026-05-24 18:54,Meta Ads,Awareness Video,Walloon Brabant,1-9,Restaurant,19.0,0,0
4445,2026-05-24 12:57,Meta Ads,Lead Magnet,Hainaut,10-49,Hotel,35.0,1,0
4446,2026-05-24 16:54,Meta Ads,Lead Magnet,Walloon Brabant,10-49,Restaurant,23.0,0,0
4447,2026-05-24 21:27,Meta Ads,Lead Magnet,Flemish Brabant,1-9,Bar,38.0,0,0
4448,2026-05-24 15:08,Meta Ads,Retargeting,Liège,10-49,Bar,79.0,1,1
4449,2026-05-24 11:30,Organic Search,SEO Product Pages,Liège,1-9,Restaurant,60.0,0,0
4450,2026-05-24 19:14,Organic Search,SEO Product Pages,Liège,50+,Hotel,79.0,1,0
4451,2026-05-24 10:57,Organic Search,SEO Product Pages,Antwerp,50+,Restaurant,69.0,1,1
4452,2026-05-24 09:18,Organic Search,SEO Guides,Hainaut,10-49,Restaurant,57.0,0,0
4453,2026-05-24 13:37,Organic Search,SEO Guides,Namur,10-49,Café,51.0,0,0
4454,2026-05-24 08:21,Direct,Brand Direct,Brussels,1-9,Café,53.0,0,0
4455,2026-05-24 21:48,Direct,Brand Direct,Flemish Brabant,1-9,Snack,47.0,0,0
4456,2026-05-24 15:33,Direct,Brand Direct,Antwerp,1-9,Restaurant,41.0,1,1
4457,2026-05-24 15:43,Direct,Returning Visitors,Brussels,1-9,Café,84.0,1,1
4458,2026-05-24 17:39,Direct,Returning Visitors,Brussels,50+,Restaurant,51.0,1,1
4459,2026-05-24 15:02,Email,Reactivation,Brussels,1-9,Bar,53.0,1,1
4460,2026-05-24 08:52,Email,Reactivation,East Flanders,10-49,Café,63.0,1,1
4461,2026-05-24 08:19,Referral,Partner Network,Antwerp,1-9,Café,48.0,0,0
4462,2026-05-24 15:49,Referral,Partner Network,Liège,10-49,Café,67.0,1,1
4463,2026-05-24 18:38,Referral,Customer Referral,Liège,1-9,Snack,84.0,1,1
4464,2026-05-24 13:50,Referral,Customer Referral,Liège,1-9,Bar,61.0,0,0
4465,2026-05-25 19:44,Meta Ads,Awareness Video,Brussels,1-9,Restaurant,0.0,0,0
4466,2026-05-25 07:02,Meta Ads,Lead Magnet,East Flanders,1-9,Bar,5.0,0,0
4467,2026-05-25 19:57,Meta Ads,Retargeting,Brussels,1-9,Hotel,42.0,0,0
4468,2026-05-25 11:10,Organic Search,SEO Product Pages,Walloon Brabant,1-9,Bar,33.0,0,0
4469,2026-05-25 15:20,Organic Search,SEO Product Pages,Antwerp,10-49,Restaurant,59.0,1,0
4470,2026-05-25 07:38,Organic Search,SEO Guides,Antwerp,1-9,Restaurant,51.0,0,0
4471,2026-05-25 18:14,Organic Search,SEO Guides,Namur,50+,Snack,41.0,0,0
4472,2026-05-25 07:13,Organic Search,SEO Comparison,Flemish Brabant,10-49,Restaurant,79.0,0,0
4473,2026-05-25 09:38,Direct,Brand Direct,Liège,10-49,Restaurant,59.0,0,0
4474,2026-05-25 13:42,Direct,Brand Direct,Antwerp,10-49,Restaurant,56.0,1,1
4475,2026-05-25 12:56,Direct,Brand Direct,Liège,1-9,Restaurant,52.0,0,0
4476,2026-05-25 14:15,Direct,Returning Visitors,Hainaut,10-49,Restaurant,45.0,0,0
4477,2026-05-25 15:06,Email,Newsletter,East Flanders,1-9,Restaurant,66.0,1,1
4478,2026-05-25 20:13,Email,Lead Nurture,East Flanders,1-9,Restaurant,47.0,0,0
4479,2026-05-25 19:13,Email,Lead Nurture,Brussels,10-49,Bar,91.0,1,1
4480,2026-05-25 20:05,Email,Lead Nurture,Hainaut,50+,Bar,86.0,1,0
4481,2026-05-25 08:52,Email,Lead Nurture,Brussels,1-9,Restaurant,59.0,0,0
4482,2026-05-25 15:41,Email,Reactivation,Walloon Brabant,10-49,Bar,61.0,1,0
4483,2026-05-25 14:45,Email,Reactivation,Liège,1-9,Snack,52.0,1,0
4484,2026-05-25 20:58,Email,Reactivation,Brussels,10-49,Snack,38.0,0,0
4485,2026-05-25 21:29,Referral,Partner Network,Brussels,10-49,Restaurant,81.0,1,1
4486,2026-05-25 15:14,Referral,Partner Network,Hainaut,10-49,Hotel,100.0,1,0
4487,2026-05-25 15:11,Referral,Industry Events,East Flanders,10-49,Snack,77.0,1,1
4488,2026-05-26 18:09,Google Ads,Competitor Search,Namur,1-9,Hotel,32.0,0,0
4489,2026-05-26 08:45,Google Ads,Restaurant Operations,Walloon Brabant,1-9,Restaurant,28.0,1,0
4490,2026-05-26 17:05,LinkedIn Ads,SMB Growth,Walloon Brabant,10-49,Restaurant,74.0,0,0
4491,2026-05-26 11:50,Meta Ads,Awareness Video,Walloon Brabant,10-49,Snack,50.0,1,0
4492,2026-05-26 20:05,Meta Ads,Awareness Video,Liège,1-9,Restaurant,27.0,0,0
4493,2026-05-26 13:43,Meta Ads,Awareness Video,Walloon Brabant,1-9,Hotel,34.0,0,0
4494,2026-05-26 10:13,Meta Ads,Awareness Video,Hainaut,50+,Restaurant,38.0,1,0
4495,2026-05-26 10:35,Meta Ads,Awareness Video,Antwerp,10-49,Bar,26.0,1,0
4496,2026-05-26 14:10,Meta Ads,Lead Magnet,East Flanders,10 - 49,Bar,30.0,0,0
4497,2026-05-26 21:29,Meta Ads,Retargeting,Antwerp,1-9,Restaurant,25.0,0,0
4498,2026-05-26 16:28,Meta Ads,Retargeting,Liège,10-49,Restaurant,57.0,1,1
4499,2026-05-26 08:45,Organic Search,SEO Product Pages,Hainaut,1-9,Café,36.0,0,0
4500,2026-05-26 17:24,Organic Search,SEO Product Pages,Liège,10-49,Restaurant,68.0,1,0
4501,2026-05-26 07:27,Organic Search,SEO Product Pages,Brussels,1-9,Bar,66.0,0,0
4502,2026-05-26 20:26,Organic Search,SEO Guides,East Flanders,1-9,Restaurant,49.0,1,1
4503,2026-05-26 18:50,Organic Search,SEO Guides,Hainaut,1-9,Restaurant,26.0,0,0
4504,2026-05-26 09:58,Organic Search,SEO Guides,Brussels,1-9,Hotel,33.0,1,1
4505,2026-05-26 16:29,Organic Search,SEO Comparison,East Flanders,1-9,Bar,64.0,0,0
4506,2026-05-26 16:05,Direct,Returning Visitors,Flemish Brabant,1-9,Hotel,61.0,0,0
4507,2026-05-26 16:39,Direct,Demo Page Direct,Liège,10-49,Hotel,76.0,1,1
4508,2026-05-26 15:50,Direct,Demo Page Direct,Brussels,1-9,Restaurant,63.0,1,1
4509,2026-05-26 11:18,Email,Newsletter,Namur,50+,Restaurant,63.0,0,0
4510,2026-05-26 21:36,Email,Newsletter,Antwerp,1-9,Snack,68.0,1,1
4511,2026-05-26 14:59,Email,Newsletter,Namur,10-49,Restaurant,92.0,1,1
4512,2026-05-26 10:08,Email,Lead Nurture,Namur,1-9,Bar,68.0,0,0
4513,2026-05-26 16:13,Email,Reactivation,Antwerp,1-9,Restaurant,52.0,0,0
4514,2026-05-26 19:47,Referral,Partner Network,Namur,1-9,Bar,72.0,1,1
4515,2026-05-26 15:07,Referral,Partner Network,Brussels,1-9,Restaurant,50.0,0,0
4516,2026-05-26 09:08,Referral,Partner Network,East Flanders,1-9,Restaurant,54.0,1,1
4517,2026-05-26 13:21,Referral,Partner Network,Liège,10-49,Bar,72.0,1,1
4518,2026-05-26 16:06,Referral,Customer Referral,Hainaut,10-49,Restaurant,90.0,1,1
4519,2026-05-26 10:16,Referral,Industry Events,Liège,10-49,Restaurant,82.0,1,1
4520,2026-05-27 09:39,Google Ads,Competitor Search,Brussels,10-49,Snack,62.0,1,0
4521,2026-05-27 15:04,Meta Ads,Awareness Video,East Flanders,10-49,Restaurant,39.0,0,0
4522,2026-05-27 19:27,Meta Ads,Awareness Video,Hainaut,1-9,Hotel,18.0,0,0
4523,2026-05-27 08:12,Meta Ads,Awareness Video,Hainaut,1-9,Restaurant,0.0,0,0
4524,2026-05-27 19:58,Meta Ads,Summer Promo TEST,Flemish Brabant,10-49,Restaurant,12.0,0,0
4525,2026-05-27 09:29,Meta Ads,Lead Magnet,Liège,50+,Restaurant,35.0,0,0
4526,2026-05-27 09:40,Organic Search,SEO Product Pages,Hainaut,1-9,Restaurant,60.0,0,0
4527,2026-05-27 15:16,Organic Search,SEO Product Pages,Antwerp,1-9,Café,43.0,1,1
4528,2026-05-27 21:30,Organic Search,SEO Guides,Antwerp,10-49,Restaurant,60.0,0,0
4529,2026-05-27 08:47,Direct,Brand Direct,Brussels,1-9,Snack,54.0,1,1
4530,2026-05-27 11:59,Direct,Brand Direct,Namur,1-9,Restaurant,45.0,0,0
4531,2026-05-27 19:16,Direct,Brand Direct,Liège,10-49,Snack,49.0,1,1
4532,2026-05-27 14:48,Direct,Brand Direct,Flemish Brabant,1-9,Hotel,94.0,1,0
4533,2026-05-27 07:12,Direct,Returning Visitors,Liège,1-9,Snack,44.0,0,0
4534,2026-05-27 09:38,Direct,Demo Page Direct,Liège,10-49,Restaurant,42.0,0,0
4535,2026-05-27 18:08,Email,Newsletter,Flemish Brabant,1-9,Bar,60.0,1,0
4536,2026-05-27 07:11,Email,Lead Nurture,Walloon Brabant,1-9,Restaurant,53.0,0,0
4537,2026-05-27 12:04,Email,Reactivation,East Flanders,1-9,Restaurant,45.0,0,0
4538,2026-05-27 08:26,Email,Reactivation,Liège,1-9,Restaurant,57.0,0,0
4539,2026-05-27 14:28,Email,Reactivation,Liège,1-9,Restaurant,64.0,0,0
4540,2026-05-27 08:31,Referral,Customer Referral,Liège,10-49,Snack,62.0,1,0
4541,2026-05-28 18:11,Google Ads,High Intent Search,Liège,1-9,Bar,44.0,0,0
4542,2026-05-28 21:47,Google Ads,Competitor Search,Hainaut,1-9,Restaurant,27.0,0,1
4543,2026-05-28 13:45,Google Ads,Competitor Search,Liège,1-9,Restaurant,47.0,0,0
4544,2026-05-28 07:50,Meta Ads,Awareness Video,Hainaut,10-49,Café,21.0,0,0
4545,2026-05-28 09:05,Meta Ads,Awareness Video,Antwerp,1-9,Snack,20.0,0,0
4546,2026-05-28 19:29,Meta Ads,Awareness Video,East Flanders,1-9,Bar,40.0,0,0
4547,2026-05-28 09:14,Meta Ads,Awareness Video,Flemish Brabant,1-9,Restaurant,51.0,0,0
4548,2026-05-28 20:40,Meta Ads,Awareness Video,Antwerp,10-49,Snack,21.0,0,0
4549,2026-05-28 19:08,Meta Ads,Awareness Video,Hainaut,1-9,Snack,24.0,1,0
4550,2026-05-28 13:31,Meta Ads,Lead Magnet,Liège,1-9,Bar,11.0,0,0
4551,2026-05-28 07:53,Meta Ads,Lead Magnet,Antwerp,1-9,Restaurant,29.0,0,0
4552,2026-05-28 08:49,Meta Ads,Retargeting,Namur,1-9,Restaurant,21.0,0,0
4553,2026-05-28 20:04,Meta Ads,Retargeting,Antwerp,1-9,Restaurant,43.0,1,0
4554,2026-05-28 09:52,Organic Search,SEO Product Pages,Brussels,1-9,Hotel,40.0,0,0
4555,2026-05-28 18:36,Organic Search,SEO Product Pages,Antwerp,1-9,Restaurant,63.0,1,0
4556,2026-05-28 08:17,Organic Search,SEO Product Pages,Liège,10-49,Snack,75.0,0,0
4557,2026-05-28 18:35,Organic Search,SEO Product Pages,Brussels,1-9,Snack,48.0,1,0
4558,2026-05-28 12:27,Organic Search,SEO Guides,Namur,10-49,Bar,72.0,1,1
4559,2026-05-28 13:51,Direct,Brand Direct,Namur,1-9,Café,40.0,0,0
4560,2026-05-28 13:43,Direct,Brand Direct,Hainaut,10-49,Café,92.0,1,1
4561,2026-05-28 21:22,Direct,Brand Direct,Walloon Brabant,1-9,Restaurant,76.0,0,0
4562,2026-05-28 15:28,Direct,Returning Visitors,East Flanders,10-49,Restaurant,50.0,1,1
4563,2026-05-28 10:54,Direct,Returning Visitors,East Flanders,1-9,Café,43.0,0,0
4564,2026-05-28 07:03,Email,Newsletter,Hainaut,1-9,Bar,69.0,1,0
4565,2026-05-28 17:00,Email,Reactivation,Namur,10-49,Café,36.0,0,0
4566,2026-05-28 21:22,Email,Reactivation,Antwerp,50+,Restaurant,72.0,1,0
4567,2026-05-28 10:12,Referral,Industry Events,East Flanders,50+,Snack,55.0,0,0
4568,2026-05-29 12:59,Google Ads,High Intent Search,Brussels,1-9,Bar,46.0,0,0
4569,2026-05-29 18:28,Google Ads,High Intent Search,East Flanders,1-9,Bar,46.0,0,0
4570,2026-05-29 17:59,Google Ads,Competitor Search,Brussels,1-9,Bar,30.0,0,0
4571,2026-05-29 09:04,LinkedIn Ads,SMB Growth,East Flanders,50+,Restaurant,54.0,0,0
4572,2026-05-29 21:51,Meta Ads,Awareness Video,Antwerp,1-9,Bar,49.0,1,0
4573,2026-05-29 18:20,Meta Ads,Awareness Video,Brussels,1-9,Snack,9.0,0,0
4574,2026-05-29 18:02,Meta Ads,Awareness Video,Brussels,1-9,Bar,24.0,0,0
4575,2026-05-29 08:53,Meta Ads,Awareness Video,Bruxelles,1-9,Bar,24.0,0,0
4576,2026-05-29 11:43,Meta Ads,Lead Magnet,Antwerp,1-9,Restaurant,29.0,0,0
4577,2026-05-29 13:28,Meta Ads,Lead Magnet,Namur,1-9,Bar,34.0,0,0
4578,2026-05-29 18:12,Meta Ads,Lead Magnet,East Flanders,1-9,Snack,14.0,0,0
4579,2026-05-29 10:16,Meta Ads,Lead Magnet,Brussels,10-49,Bar,48.0,1,1
4580,2026-05-29 19:37,Meta Ads,Lead Magnet,Brussels,10-49,Restaurant,34.0,0,0
4581,2026-05-29 20:19,Meta Ads,Lead Magnet,Brussels,10-49,Restaurant,25.0,0,0
4582,2026-05-29 19:19,Meta Ads,Lead Magnet,Antwerp,1 - 9,Snack,18.0,0,0
4583,2026-05-29 10:59,Meta Ads,Retargeting,Hainaut,10-49,Snack,50.0,0,0
4584,2026-05-29 20:34,Organic Search,SEO Product Pages,Antwerp,50+,Restaurant,91.0,1,1
4585,2026-05-29 15:06,Organic Search,SEO Product Pages,Flemish Brabant,50+,Bar,60.0,1,0
4586,2026-05-29 12:12,Organic Search,SEO Product Pages,Liège,1-9,Snack,74.0,1,1
4587,2026-05-29 16:58,Organic Search,SEO Product Pages,Flemish Brabant,10-49,Restaurant,66.0,1,0
4588,2026-05-29 17:37,Organic Search,SEO Product Pages,East Flanders,1-9,Snack,31.0,1,1
4589,2026-05-29 07:30,Organic Search,SEO Guides,Hainaut,10-49,Bar,64.0,1,0
4590,2026-05-29 21:30,Direct,Brand Direct,Flemish Brabant,1-9,Restaurant,46.0,0,0
4591,2026-05-29 19:13,Direct,Brand Direct,Brussels,1-9,Bar,41.0,1,0
4592,2026-05-29 14:15,Direct,Brand Direct,Walloon Brabant,1-9,Restaurant,31.0,0,0
4593,2026-05-29 10:51,Direct,Brand Direct,Brussels,1-9,Bar,49.0,0,0
4594,2026-05-29 11:15,Direct,Brand Direct,Liège,10-49,Restaurant,40.0,0,0
4595,2026-05-29 10:45,Direct,Brand Direct,Hainaut,1-9,Restaurant,53.0,1,1
4596,2026-05-29 16:32,Direct,Brand Direct,Namur,1-9,Bar,43.0,0,0
4597,2026-05-29 16:26,Direct,Brand Direct,Hainaut,10-49,Restaurant,82.0,1,1
4598,2026-05-29 20:19,Direct,Returning Visitors,East Flanders,1-9,Café,58.0,1,0
4599,2026-05-29 15:18,Email,Newsletter,Liège,10-49,Hotel,72.0,1,0
4600,2026-05-29 13:20,Email,Newsletter,Brussels,50+,Restaurant,79.0,0,0
4601,2026-05-29 07:20,Email,Lead Nurture,East Flanders,10-49,Restaurant,80.0,1,1
4602,2026-05-29 17:45,Email,Lead Nurture,Walloon Brabant,1-9,Restaurant,62.0,1,1
4603,2026-05-29 17:13,Email,Lead Nurture,hainaut,10-49,Bar,61.0,0,0
4604,2026-05-29 20:48,Email,Reactivation,Hainaut,1-9,Bar,46.0,1,0
4605,2026-05-29 11:18,Email,Reactivation,East Flanders,10-49,Snack,75.0,0,0
4606,2026-05-29 08:45,Referral,Partner Network,Antwerp,1-9,Snack,84.0,1,1
4607,2026-05-29 13:47,Referral,Customer Referral,Walloon Brabant,1-9,Bar,75.0,1,1
4608,2026-05-29 07:39,Referral,Industry Events,Flemish Brabant,1-9,Restaurant,67.0,1,0
4609,2026-05-30 15:30,Google Ads,High Intent Search,Hainaut,1-9,Hotel,74.0,1,0
4610,2026-05-30 19:02,Google Ads,High Intent Search,Walloon Brabant,1-9,Restaurant,42.0,0,0
4611,2026-05-30 08:54,Google Ads,High Intent Search,Walloon Brabant,10-49,Hotel,48.0,1,0
4612,2026-05-30 17:20,Google Ads,Competitor Search,Liège,10-49,Restaurant,51.0,1,0
4613,2026-05-30 15:25,Google Ads,Competitor Search,Walloon Brabant,1-9,Hotel,36.0,1,0
4614,2026-05-30 09:02,Google Ads,Restaurant Operations,Brussels,1-9,Bar,83.0,1,1
4615,2026-05-30 20:44,Meta Ads,Awareness Video,Walloon Brabant,1-9,Bar,24.0,0,0
4616,2026-05-30 09:08,Meta Ads,Awareness Video,Antwerp,1-9,Café,14.0,0,0
4617,2026-05-30 18:15,Meta Ads,Awareness Video,Walloon Brabant,1-9,Restaurant,22.0,0,0
4618,2026-05-30 09:47,Meta Ads,Awareness Video,East Flanders,10-49,Café,0.0,0,0
4619,2026-05-30 19:24,Meta Ads,Lead Magnet,Brussels,50+,Restaurant,47.0,0,0
4620,2026-05-30 20:34,Meta Ads,Retargeting,Antwerp,1-9,Restaurant,38.0,0,0
4621,2026-05-30 13:54,Organic Search,SEO Product Pages,East Flanders,1-9,Restaurant,57.0,0,0
4622,2026-05-30 07:33,Direct,Brand Direct,Walloon Brabant,50+,Snack,69.0,1,1
4623,2026-05-30 11:44,Direct,Demo Page Direct,Hainaut,1-9,Restaurant,46.0,0,0
4624,2026-05-30 10:25,Email,Reactivation,Hainaut,1-9,Bar,55.0,1,0
4625,2026-05-30 16:44,Referral,Partner Network,Brussels,1-9,Restaurant,61.0,1,1
4626,2026-05-30 08:40,Referral,Customer Referral,Brussels,1-9,Restaurant,94.0,1,1
4627,2026-05-30 12:20,Referral,Customer Referral,Namur,1-9,Restaurant,83.0,1,1
4628,2026-05-30 18:30,Referral,Customer Referral,Antwerp,1-9,Bar,67.0,0,0
4629,2026-05-30 12:24,Referral,Industry Events,Antwerp,10-49,Bar,81.0,1,1
4630,2026-05-30 11:18,Referral,Industry Events,Liège,10-49,Restaurant,63.0,0,0
4631,2026-05-31 12:51,Google Ads,High Intent Search,Brussels,10-49,Hotel,74.0,0,0
4632,2026-05-31 13:17,Google Ads,Competitor Search,Walloon Brabant,1-9,Restaurant,52.0,0,0
4633,2026-05-31 19:38,Google Ads,Restaurant Operations,Liège,50+,Restaurant,71.0,1,0
4634,2026-05-31 08:44,LinkedIn Ads,Decision Makers,Namur,1-9,Bar,64.0,1,1
4635,2026-05-31 14:36,LinkedIn Ads,Decision Makers,Namur,1-9,Restaurant,88.0,1,1
4636,2026-05-31 21:07,Meta Ads,Awareness Video,Namur,1-9,Hotel,20.0,0,0
4637,2026-05-31 14:08,Meta Ads,Awareness Video,Namur,1-9,Bar,25.0,0,0
4638,2026-05-31 09:33,Meta Ads,Awareness Video,East Flanders,1-9,Restaurant,15.0,0,0
4639,2026-05-31 07:28,Meta Ads,Awareness Video,Walloon Brabant,10-49,Bar,25.0,0,0
4640,2026-05-31 15:01,Meta Ads,Awareness Video,Brussels,10-49,Restaurant,32.0,0,0
4641,2026-05-31 07:23,Meta Ads,Lead Magnet,Namur,1-9,Restaurant,4.0,0,0
4642,2026-05-31 21:34,Meta Ads,Lead Magnet,Flemish Brabant,1-9,Restaurant,28.0,0,0
4643,2026-05-31 20:20,Meta Ads,Lead Magnet,East Flanders,1-9,Restaurant,30.0,1,1
4644,2026-05-31 15:15,Organic Search,SEO Product Pages,Brussels,10-49,Hotel,61.0,0,0
4645,2026-05-31 16:54,Organic Search,SEO Product Pages,Hainaut,1-9,Restaurant,83.0,1,1
4646,2026-05-31 14:30,Organic Search,SEO Product Pages,Walloon Brabant,10-49,Snack,63.0,1,0
4647,2026-05-31 09:48,Organic Search,SEO Guides,Antwerp,1-9,Snack,45.0,1,1
4648,2026-05-31 19:05,Direct,Returning Visitors,Flemish Brabant,10-49,Restaurant,74.0,1,1
4649,2026-05-31 13:12,Direct,Returning Visitors,Antwerp,10-49,Restaurant,67.0,1,1
4650,2026-05-31 16:04,Email,Reactivation,Oost-Vlaanderen,1-9,Hotel,56.0,0,0
4651,2026-05-31 21:06,Referral,Partner Network,Brussels,1-9,Café,71.0,1,1
4652,2026-05-31 09:51,Referral,Partner Network,Hainaut,1-9,Restaurant,82.0,1,1
4653,2026-05-31 15:09,Referral,Partner Network,Brussels,1-9,Bar,86.0,1,1
4654,2026-05-31 07:10,Referral,Partner Network,Flemish Brabant,1-9,Snack,63.0,0,0
4655,2026-05-31 12:18,Referral,Partner Network,Namur,50+,Restaurant,76.0,0,0
4656,2026-05-31 12:20,Referral,Customer Referral,Brussels,10-49,Bar,90.0,1,1
4657,2026-06-01 17:01,Google Ads,High Intent Search,Antwerp,10-49,Bar,88.0,1,0
4658,2026-06-01 19:43,Google Ads,High Intent Search,Bruxelles,10-49,Café,55.0,0,0
4659,2026-06-01 17:48,Google Ads,High Intent Search,Brussels,1-9,Restaurant,56.0,1,1
4660,2026-06-01 13:42,Google Ads,Competitor Search,Namur,1-9,Restaurant,56.0,1,1
4661,2026-06-01 11:24,Google Ads,Restaurant Operations,Hainaut,1-9,Bar,68.0,1,1
4662,2026-06-01 07:17,Meta Ads,Awareness Video,Flemish Brabant,10-49,Restaurant,27.0,0,0
4663,2026-06-01 14:58,Meta Ads,Awareness Video,East Flanders,1-9,Bar,25.0,0,0
4664,2026-06-01 17:47,Meta Ads,Lead Magnet,Flemish Brabant,10-49,Restaurant,28.0,0,0
4665,2026-06-01 14:40,Meta Ads,Lead Magnet,East Flanders,1-9,Bar,36.0,0,0
4666,2026-06-01 09:03,Meta Ads,Lead Magnet,Antwerp,10-49,Snack,26.0,0,0
4667,2026-06-01 18:16,Meta Ads,Retargeting,Flemish Brabant,10-49,Restaurant,61.0,1,0
4668,2026-06-01 16:23,Meta Ads,Retargeting,East Flanders,1-9,Restaurant,40.0,1,0
4669,2026-06-01 08:21,Organic Search,SEO Product Pages,Brussels,1-9,Café,45.0,0,0
4670,2026-06-01 19:45,Organic Search,SEO Product Pages,Liège,1-9,Bar,44.0,0,0
4671,2026-06-01 12:37,Organic Search,SEO Product Pages,Brussels,10-49,Restaurant,74.0,1,0
4672,2026-06-01 08:25,Organic Search,SEO Product Pages,Brussels,10-49,Bar,69.0,0,0
4673,2026-06-01 19:37,Organic Search,SEO Product Pages,Antwerp,1-9,Restaurant,54.0,1,1
4674,2026-06-01 08:33,Organic Search,SEO Product Pages,Liège,1-9,Restaurant,48.0,0,0
4675,2026-06-01 11:52,Organic Search,SEO Guides,Antwerp,1-9,Restaurant,33.0,0,0
4676,2026-06-01 09:27,Organic Search,SEO Comparison,Hainaut,1-9,Bar,57.0,0,0
4677,2026-06-01 20:19,Direct,Brand Direct,Namur,10-49,Restaurant,49.0,0,0
4678,2026-06-01 16:33,Direct,Brand Direct,Hainaut,10-49,Restaurant,67.0,1,0
4679,2026-06-01 15:59,Direct,Brand Direct,Walloon Brabant,1-9,Café,49.0,0,0
4680,2026-06-01 20:32,Email,Newsletter,Brussels,10-49,Snack,72.0,1,1
4681,2026-06-01 17:33,Email,Newsletter,Brussels,1-9,Bar,61.0,1,0
4682,2026-06-01 16:56,Email,Lead Nurture,Brussels,50+,Café,75.0,1,1
4683,2026-06-01 09:03,Email,Lead Nurture,Brussels,10-49,Snack,81.0,0,0
4684,2026-06-01 13:50,Referral,Partner Network,Walloon Brabant,10-49,Restaurant,60.0,1,1
4685,2026-06-02 19:10,Google Ads,High Intent Search,Walloon Brabant,10-49,Restaurant,45.0,0,0
4686,2026-06-02 10:36,Google Ads,High Intent Search,East Flanders,1-9,Snack,55.0,1,1
4687,2026-06-02 17:10,Google Ads,Competitor Search,East Flanders,1-9,Restaurant,52.0,1,1
4688,2026-06-02 12:40,Google Ads,Restaurant Operations,Walloon Brabant,1-9,Snack,46.0,1,0
4689,2026-06-02 17:18,Google Ads,Restaurant Operations,Hainaut,1-9,Restaurant,55.0,0,0
4690,2026-06-02 07:18,Google Ads,Restaurant Operations,Liège,1-9,Bar,32.0,0,0
4691,2026-06-02 15:55,Meta Ads,Awareness Video,Flemish Brabant,10-49,Snack,45.0,1,1
4692,2026-06-02 09:58,Meta Ads,Awareness Video,Liège,1-9,Restaurant,13.0,0,0
4693,2026-06-02 13:09,Meta Ads,Awareness Video,Namur,10-49,Restaurant,16.0,0,0
4694,2026-06-02 13:53,Meta Ads,Lead Magnet,Antwerp,50+,Restaurant,37.0,0,0
4695,2026-06-02 15:55,Meta Ads,Retargeting,Hainaut,1-9,Restaurant,39.0,0,0
4696,2026-06-02 08:03,Organic Search,SEO Product Pages,East Flanders,1-9,Café,52.0,1,0
4697,2026-06-02 07:48,Organic Search,SEO Guides,Antwerp,1-9,Restaurant,1.0,0,0
4698,2026-06-02 13:10,Organic Search,SEO Guides,Liège,1-9,Restaurant,48.0,0,0
4699,2026-06-02 11:34,Organic Search,SEO Guides,Hainaut,50+,Restaurant,71.0,1,1
4700,2026-06-02 13:29,Organic Search,SEO Guides,Hainaut,10-49,Restaurant,47.0,0,0
4701,2026-06-02 08:02,Organic Search,SEO Guides,Brussels,1-9,Restaurant,38.0,0,0
4702,2026-06-02 21:02,Direct,Brand Direct,Brussels,50+,Bar,55.0,0,0
4703,2026-06-02 21:01,Direct,Brand Direct,Namur,1-9,Restaurant,58.0,1,1
4704,2026-06-02 08:51,Direct,Brand Direct,Walloon Brabant,1-9,Restaurant,69.0,1,1
4705,2026-06-02 16:36,Direct,Returning Visitors,East Flanders,1-9,Restaurant,62.0,1,1
4706,2026-06-02 07:50,Direct,Returning Visitors,Brussels,1-9,Restaurant,61.0,0,0
4707,2026-06-02 09:26,Direct,Returning Visitors,Brussels,1-9,Restaurant,49.0,1,1
4708,2026-06-02 13:38,Email,Newsletter,Antwerp,1-9,Snack,53.0,0,0
4709,2026-06-02 11:38,Email,Newsletter,Namur,1-9,Café,24.0,1,1
4710,2026-06-02 09:39,Email,Lead Nurture,Namur,10-49,Restaurant,57.0,1,1
4711,2026-06-02 20:56,Email,Reactivation,Liège,50+,Bar,63.0,1,0
4712,2026-06-02 13:09,Email,Reactivation,Hainaut,10-49,Café,46.0,1,0
4713,2026-06-02 07:45,Referral,Partner Network,Brussels,50+,Hotel,89.0,1,1
4714,2026-06-02 07:08,Referral,Partner Network,Liège,10-49,Café,69.0,1,0
4715,2026-06-02 07:34,Referral,Partner Network,Flemish Brabant,1-9,Restaurant,72.0,1,1
4716,2026-06-03 08:57,Google Ads,High Intent Search,East Flanders,10-49,Restaurant,53.0,0,0
4717,2026-06-03 09:34,Google Ads,High Intent Search,Namur,10-49,Restaurant,39.0,1,1
4718,2026-06-03 07:34,Google Ads,Restaurant Operations,Brussels,1-9,Restaurant,63.0,1,0
4719,2026-06-03 17:06,LinkedIn Ads,SMB Growth,Flemish Brabant,10-49,Bar,55.0,1,0
4720,2026-06-03 20:32,Meta Ads,Awareness Video,Hainaut,1-9,Restaurant,29.0,0,0
4721,2026-06-03 13:57,Meta Ads,Awareness Video,East Flanders,1-9,Restaurant,40.0,1,1
4722,2026-06-03 20:16,Meta Ads,Lead Magnet,Namur,1 - 9,Bar,32.0,0,0
4723,2026-06-03 19:26,Meta Ads,Lead Magnet,Flemish Brabant,1-9,Restaurant,33.0,0,0
4724,2026-06-03 12:41,Organic Search,SEO Product Pages,Liège,50+,Bar,49.0,1,1
4725,2026-06-03 19:35,Organic Search,SEO Guides,Namur,1-9,Restaurant,30.0,0,0
4726,2026-06-03 20:01,Organic Search,SEO Guides,Brussels,10-49,Bar,62.0,1,0
4727,2026-06-03 07:00,Direct,Brand Direct,Brussels,1-9,Café,43.0,1,1
4728,2026-06-03 17:56,Direct,Brand Direct,Walloon Brabant,50+,Snack,88.0,1,0
4729,2026-06-03 10:19,Direct,Brand Direct,Antwerp,10-49,Restaurant,44.0,1,0
4730,2026-06-03 11:43,Direct,Returning Visitors,Walloon Brabant,10-49,Bar,68.0,0,0
4731,2026-06-03 09:04,Email,Newsletter,Walloon Brabant,1-9,Bar,55.0,0,0
4732,2026-06-03 09:30,Email,Newsletter,Hainaut,1-9,Café,62.0,0,0
4733,2026-06-03 20:03,Email,Lead Nurture,Liège,1-9,Bar,83.0,1,1
4734,2026-06-03 09:13,Email,Reactivation,Liège,10-49,Restaurant,55.0,1,0
4735,2026-06-03 08:51,Email,Reactivation,East Flanders,10-49,Restaurant,81.0,1,1
4736,2026-06-03 16:53,Referral,Partner Network,Flemish Brabant,1-9,Restaurant,76.0,1,1
4737,2026-06-03 21:04,Referral,Partner Network,Namur,1-9,Restaurant,83.0,1,1
4738,2026-06-03 18:58,Referral,Industry Events,Antwerp,50+,Restaurant,85.0,1,0
4739,2026-06-04 19:58,Google Ads,High Intent Search,Brussels,1-9,Hotel,71.0,1,0
4740,2026-06-04 18:33,Google Ads,High Intent Search,Walloon Brabant,1-9,Restaurant,61.0,1,1
4741,2026-06-04 09:05,Google Ads,Competitor Search,Antwerp,1-9,Restaurant,51.0,1,0
4742,2026-06-04 11:07,Google Ads,Competitor Search,Walloon Brabant,1-9,Bar,43.0,1,0
4743,2026-06-04 20:20,Meta Ads,Awareness Video,Antwerp,1-9,Restaurant,27.0,0,0
4744,2026-06-04 21:25,Meta Ads,Awareness Video,Hainaut,1-9,Restaurant,8.0,0,0
4745,2026-06-04 08:26,Meta Ads,Awareness Video,Hainaut,1-9,Restaurant,15.0,0,0
4746,2026-06-04 09:30,Meta Ads,Awareness Video,East Flanders,1-9,Snack,22.0,0,0
4747,2026-06-04 15:31,Meta Ads,Awareness Video,Namur,10-49,Restaurant,48.0,0,0
4748,2026-06-04 13:47,Meta Ads,Awareness Video,Antwerp,10-49,Restaurant,24.0,0,0
4749,2026-06-04 16:28,Meta Ads,Awareness Video,Liège,1-9,Restaurant,19.0,0,0
4750,2026-06-04 12:58,Meta Ads,Awareness Video,Antwerp,1-9,Restaurant,20.0,0,0
4751,2026-06-04 10:15,Meta Ads,Lead Magnet,Brussels,1-9,Café,27.0,0,0
4752,2026-06-04 17:13,Meta Ads,Lead Magnet,Liège,10-49,Restaurant,42.0,0,0
4753,2026-06-04 10:01,Meta Ads,Lead Magnet,Walloon Brabant,10-49,Snack,39.0,1,0
4754,2026-06-04 21:25,Organic Search,SEO Product Pages,Antwerp,1-9,Bar,38.0,1,0
4755,2026-06-04 07:46,Organic Search,SEO Product Pages,Hainaut,10-49,Café,83.0,1,0
4756,2026-06-04 08:16,Organic Search,SEO Guides,Hainaut,1-9,Bar,42.0,1,0
4757,2026-06-04 16:10,Organic Search,SEO Comparison,Flemish Brabant,50+,Restaurant,46.0,0,0
4758,2026-06-04 07:05,Organic Search,SEO Comparison,Brussels,50+,Café,84.0,1,0
4759,2026-06-04 09:58,Direct,Brand Direct,Flemish Brabant,1-9,Snack,68.0,1,1
4760,2026-06-04 13:50,Direct,Brand Direct,Brussels,10-49,Hotel,64.0,1,0
4761,2026-06-04 12:33,Direct,Demo Page Direct,Namur,1-9,Restaurant,61.0,1,0
4762,2026-06-04 16:19,Direct,Demo Page Direct,Brussels,10-49,Restaurant,58.0,1,1
4763,2026-06-04 13:40,Email,Newsletter,Antwerp,10-49,Restaurant,58.0,0,0
4764,2026-06-04 19:57,Email,Newsletter,Liège,10-49,Restaurant,85.0,1,1
4765,2026-06-04 18:42,Email,Newsletter,Brussels,10-49,Restaurant,73.0,0,0
4766,2026-06-04 13:34,Email,Newsletter,Walloon Brabant,1-9,Restaurant,81.0,1,0
4767,2026-06-04 20:38,Email,Newsletter,Liège,10-49,Restaurant,80.0,1,1
4768,2026-06-04 14:41,Email,Lead Nurture,Hainaut,1-9,Bar,52.0,0,0
4769,2026-06-04 17:00,Email,Lead Nurture,Walloon Brabant,1-9,Café,,0,0
4770,2026-06-04 21:03,Email,Lead Nurture,Brussels,1-9,Restaurant,56.0,1,1
4771,2026-06-04 21:04,Email,Lead Nurture,Brussels,10-49,Restaurant,88.0,1,1
4772,2026-06-04 12:35,Referral,Customer Referral,Antwerp,10-49,Snack,75.0,1,1
4773,2026-06-05 20:48,Google Ads,High Intent Search,Brussels,1-9,Café,73.0,1,1
4774,2026-06-05 10:26,LinkedIn Ads,Decision Makers,East Flanders,1 - 9,Restaurant,65.0,0,0
4775,2026-06-05 08:43,LinkedIn Ads,Operations Leaders,Walloon Brabant,1-9,Hotel,71.0,1,0
4776,2026-06-05 07:33,Meta Ads,Awareness Video,Flemish Brabant,1-9,Restaurant,10.0,0,0
4777,2026-06-05 17:55,Meta Ads,Awareness Video,Brussels,1-9,Restaurant,26.0,1,0
4778,2026-06-05 10:25,Meta Ads,Awareness Video,Namur,1-9,Hotel,0.0,0,0
4779,2026-06-05 10:41,Meta Ads,Awareness Video,East Flanders,1-9,Café,27.0,0,0
4780,2026-06-05 10:40,Meta Ads,Awareness Video,Hainaut,1-9,Snack,17.0,0,0
4781,2026-06-05 12:59,Meta Ads,Awareness Video,Antwerp,1-9,Restaurant,44.0,1,0
4782,2026-06-05 19:15,Meta Ads,Retargeting,East Flanders,1-9,Restaurant,44.0,1,0
4783,2026-06-05 21:56,Organic Search,SEO Product Pages,Liège,1-9,Restaurant,34.0,0,0
4784,2026-06-05 19:20,Organic Search,SEO Product Pages,Brussels,1-9,Restaurant,81.0,1,0
4785,2026-06-05 17:44,Organic Search,SEO Guides,Brussels,1-9,Restaurant,41.0,0,0
4786,2026-06-05 17:16,Organic Search,SEO Guides,Walloon Brabant,1-9,Bar,66.0,1,1
4787,2026-06-05 09:30,Organic Search,SEO Comparison,Brussels,1-9,Restaurant,91.0,1,1
4788,2026-06-05 21:29,Organic Search,SEO Comparison,East Flanders,1-9,Bar,49.0,1,1
4789,2026-06-05 07:53,Direct,Brand Direct,Flemish Brabant,1-9,Restaurant,30.0,0,0
4790,2026-06-05 19:32,Direct,Brand Direct,Hainaut,1-9,Restaurant,66.0,1,1
4791,2026-06-05 20:45,Direct,Returning Visitors,Antwerp,10-49,Bar,70.0,1,1
4792,2026-06-05 19:03,Direct,Returning Visitors,Liège,10-49,Restaurant,61.0,1,1
4793,2026-06-05 08:13,Direct,Returning Visitors,Brussels,1-9,Restaurant,68.0,0,0
4794,2026-06-05 20:29,Email,Lead Nurture,Brussels,10-49,Snack,100.0,1,1
4795,2026-06-05 16:01,Email,Reactivation,Namur,1-9,Café,56.0,1,0
4796,2026-06-05 08:16,Referral,Partner Network,Flemish Brabant,10-49,Bar,77.0,1,1
4797,2026-06-05 18:32,Referral,Industry Events,Namur,10-49,Restaurant,61.0,0,0
4798,2026-06-06 15:51,Google Ads,High Intent Search,Brussels,1-9,Café,45.0,0,0
4799,2026-06-06 15:03,Google Ads,Competitor Search,Brussels,10-49,Bar,82.0,1,0
4800,2026-06-06 12:50,Meta Ads,Awareness Video,Antwerp,1-9,Bar,22.0,0,0
4801,2026-06-06 19:39,Meta Ads,Awareness Video,East Flanders,1-9,Restaurant,19.0,0,0
4802,2026-06-06 15:19,Meta Ads,Lead Magnet,Hainaut,50+,Café,19.0,0,0
4803,2026-06-06 11:16,Organic Search,SEO Product Pages,Hainaut,1-9,Snack,54.0,0,0
4804,2026-06-06 13:31,Organic Search,SEO Product Pages,East Flanders,1-9,Restaurant,62.0,1,0
4805,2026-06-06 18:38,Organic Search,SEO Guides,Flemish Brabant,1-9,Snack,77.0,0,1
4806,2026-06-06 12:31,Email,Newsletter,Hainaut,50+,Bar,58.0,0,0
4807,2026-06-06 18:08,Email,Lead Nurture,Brussels,1-9,Café,64.0,0,0
4808,2026-06-06 08:08,Email,Lead Nurture,Walloon Brabant,1-9,Restaurant,56.0,0,0
4809,2026-06-06 13:03,Email,Lead Nurture,East Flanders,1-9,Café,70.0,1,0
4810,2026-06-06 19:18,Referral,Partner Network,Brussels,1-9,Snack,68.0,0,0
4811,2026-06-06 20:01,Referral,Partner Network,Walloon Brabant,10-49,Restaurant,68.0,1,1
4812,2026-06-06 21:37,Referral,Customer Referral,Antwerp,1-9,Restaurant,100.0,1,1
4813,2026-06-06 13:59,Referral,Industry Events,Hainaut,10-49,Restaurant,69.0,1,1
4814,2026-06-06 21:07,Referral,Industry Events,Hainaut,1-9,Restaurant,84.0,1,1
4815,2026-06-07 16:53,Google Ads,High Intent Search,Walloon Brabant,10-49,Restaurant,39.0,0,0
4816,2026-06-07 20:27,Google Ads,High Intent Search,East Flanders,1-9,Restaurant,54.0,0,0
4817,2026-06-07 07:47,Google Ads,Competitor Search,Antwerp,10-49,Bar,40.0,1,0
4818,2026-06-07 14:35,Meta Ads,Awareness Video,Flemish Brabant,10-49,Restaurant,54.0,0,0
4819,2026-06-07 18:53,Meta Ads,Awareness Video,Namur,1-9,Restaurant,10.0,0,0
4820,2026-06-07 10:39,Meta Ads,Awareness Video,Liège,10-49,Bar,45.0,0,0
4821,2026-06-07 18:24,Meta Ads,Awareness Video,Brussels,1-9,Bar,28.0,0,0
4822,2026-06-07 11:17,Meta Ads,Awareness Video,Antwerp,10-49,Hotel,37.0,0,0
4823,2026-06-07 10:58,Meta Ads,Awareness Video,Antwerp,10-49,Restaurant,18.0,0,0
4824,2026-06-07 07:36,Meta Ads,Lead Magnet,Namur,10-49,Restaurant,38.0,1,0
4825,2026-06-07 07:18,Meta Ads,Lead Magnet,Hainaut,1-9,Restaurant,30.0,0,0
4826,2026-06-07 21:38,Meta Ads,Lead Magnet,Hainaut,50+,Hotel,68.0,1,1
4827,2026-06-07 12:46,Meta Ads,Retargeting,Liège,10-49,Restaurant,67.0,1,0
4828,2026-06-07 19:52,Organic Search,SEO Product Pages,Flemish Brabant,10-49,Restaurant,60.0,0,0
4829,2026-06-07 14:37,Organic Search,SEO Guides,East Flanders,10-49,Restaurant,78.0,1,1
4830,2026-06-07 19:34,Organic Search,SEO Guides,Antwerp,1 - 9,Hotel,59.0,0,0
4831,2026-06-07 17:37,Organic Search,SEO Comparison,Antwerp,10-49,Bar,84.0,1,1
4832,2026-06-07 09:25,Direct,Brand Direct,Walloon Brabant,1-9,Snack,60.0,1,1
4833,2026-06-07 19:12,Direct,Brand Direct,Walloon Brabant,10-49,Snack,52.0,1,0
4834,2026-06-07 21:00,Direct,Returning Visitors,Brussels,1-9,Snack,64.0,1,1
4835,2026-06-07 10:41,Direct,Demo Page Direct,East Flanders,1-9,Restaurant,56.0,1,0
4836,2026-06-07 19:30,Email,Newsletter,Flemish Brabant,10-49,Bar,40.0,0,0
4837,2026-06-07 19:00,Email,Newsletter,Liège,1-9,Snack,45.0,1,0
4838,2026-06-07 08:25,Email,Reactivation,Liège,1-9,Bar,45.0,1,0
4839,2026-06-08 17:11,Google Ads,High Intent Search,East Flanders,1-9,Bar,66.0,1,1
4840,2026-06-08 11:43,Google Ads,Restaurant Operations,Hainaut,10-49,Snack,62.0,1,0
4841,2026-06-08 15:35,Google Ads,Restaurant Operations,Antwerp,1-9,Restaurant,35.0,0,0
4842,2026-06-08 11:29,Google Ads,Restaurant Operations,Namur,1-9,Restaurant,62.0,1,0
4843,2026-06-08 18:00,Google Ads,Restaurant Operations,East Flanders,10-49,Snack,63.0,1,0
4844,2026-06-08 11:12,Meta Ads,Awareness Video,Walloon Brabant,1-9,Restaurant,23.0,0,0
4845,2026-06-08 11:23,Meta Ads,Awareness Video,Hainaut,1-9,Restaurant,39.0,0,0
4846,2026-06-08 12:15,Meta Ads,Awareness Video,Brussels,50+,Restaurant,34.0,0,0
4847,2026-06-08 10:36,Meta Ads,Lead Magnet,Namur,10-49,Restaurant,54.0,0,0
4848,2026-06-08 20:39,Meta Ads,Lead Magnet,Flemish Brabant,50+,Café,32.0,0,0
4849,2026-06-08 10:06,Meta Ads,Lead Magnet,East Flanders,1-9,Café,39.0,1,0
4850,2026-06-08 11:30,Meta Ads,Retargeting,Brussels,1-9,Bar,44.0,0,0
4851,2026-06-08 11:48,Organic Search,SEO Product Pages,Brussels,50+,Bar,75.0,1,1
4852,2026-06-08 14:49,Organic Search,SEO Product Pages,Walloon Brabant,10-49,Restaurant,59.0,1,0
4853,2026-06-08 18:57,Organic Search,SEO Product Pages,Liège,10-49,Snack,32.0,0,0
4854,2026-06-08 18:10,Organic Search,SEO Guides,Walloon Brabant,10-49,Restaurant,48.0,0,0
4855,2026-06-08 11:13,Organic Search,SEO Guides,Antwerp,1-9,Bar,37.0,1,0
4856,2026-06-08 13:15,Organic Search,SEO Guides,Antwerp,1-9,Restaurant,42.0,1,0
4857,2026-06-08 12:51,Organic Search,SEO Guides,Flemish Brabant,1-9,Café,52.0,1,0
4858,2026-06-08 12:36,Organic Search,SEO Comparison,Hainaut,1-9,Restaurant,42.0,0,0
4859,2026-06-08 21:19,Direct,Brand Direct,Liège,10-49,Café,56.0,0,0
4860,2026-06-08 15:04,Direct,Brand Direct,Liège,10-49,Bar,62.0,0,0
4861,2026-06-08 15:56,Email,Newsletter,Namur,1-9,Bar,58.0,1,1
4862,2026-06-08 12:03,Email,Newsletter,Walloon Brabant,1-9,Bar,63.0,1,1
4863,2026-06-08 11:26,Email,Lead Nurture,hainaut,1-9,Hotel,72.0,1,1
4864,2026-06-08 16:54,Referral,Customer Referral,Liège,10-49,Restaurant,77.0,1,1
4865,2026-06-08 15:34,Referral,Customer Referral,Antwerp,1-9,Hotel,72.0,0,0
4866,2026-06-08 20:39,Referral,Customer Referral,Flemish Brabant,50+,Restaurant,87.0,1,0
4867,2026-06-08 16:57,Referral,Industry Events,Walloon Brabant,50+,Hotel,66.0,1,0
4868,2026-06-08 17:27,Referral,Industry Events,Brussels,10-49,Restaurant,85.0,1,1
4869,2026-06-08 18:58,Referral,Industry Events,Brussels,10-49,Restaurant,95.0,1,1
4870,2026-06-09 18:53,Google Ads,Restaurant Operations,East Flanders,10-49,Snack,58.0,0,0
4871,2026-06-09 08:38,LinkedIn Ads,Operations Leaders,Flemish Brabant,1-9,Restaurant,77.0,1,1
4872,2026-06-09 11:29,Meta Ads,Awareness Video,Brussels,1-9,Restaurant,3.0,0,0
4873,2026-06-09 15:18,Meta Ads,Awareness Video,Namur,10-49,Café,39.0,0,0
4874,2026-06-09 11:52,Meta Ads,Awareness Video,Brussels,1-9,Bar,28.0,0,0
4875,2026-06-09 08:06,Meta Ads,Awareness Video,Antwerp,1-9,Bar,28.0,0,0
4876,2026-06-09 07:17,Meta Ads,Awareness Video,Antwerp,10-49,Restaurant,39.0,0,0
4877,2026-06-09 07:55,Meta Ads,Awareness Video,Flemish Brabant,10-49,Café,35.0,0,0
4878,2026-06-09 17:38,Meta Ads,Awareness Video,Hainaut,1-9,Restaurant,27.0,0,0
4879,2026-06-09 20:34,Meta Ads,Awareness Video,Hainaut,1-9,Restaurant,0.0,0,0
4880,2026-06-09 19:59,Meta Ads,Awareness Video,Brussels,1-9,Restaurant,35.0,1,1
4881,2026-06-09 15:10,Meta Ads,Awareness Video,Liège,50+,Snack,39.0,0,0
4882,2026-06-09 14:43,Meta Ads,Awareness Video,Liège,50+,Café,41.0,1,0
4883,2026-06-09 10:16,Meta Ads,Awareness Video,Flemish Brabant,1-9,Restaurant,52.0,1,0
4884,2026-06-09 16:17,Meta Ads,Lead Magnet,Brussels,10-49,Restaurant,42.0,0,0
4885,2026-06-09 20:31,Meta Ads,Lead Magnet,Namur,50+,Restaurant,58.0,0,0
4886,2026-06-09 07:20,Meta Ads,Lead Magnet,Flemish Brabant,1-9,Snack,9.0,0,0
4887,2026-06-09 08:37,Meta Ads,Lead Magnet,Brussels,10-49,Bar,37.0,0,0
4888,2026-06-09 12:17,Organic Search,SEO Product Pages,Hainaut,1-9,Snack,60.0,1,0
4889,2026-06-09 07:15,Organic Search,SEO Product Pages,Hainaut,50+,Restaurant,,1,1
4890,2026-06-09 09:43,Organic Search,SEO Guides,Antwerp,1-9,Restaurant,57.0,0,0
4891,2026-06-09 11:46,Organic Search,SEO Guides,East Flanders,1-9,Snack,46.0,0,1
4892,2026-06-09 15:16,Direct,Brand Direct,East Flanders,1-9,Bar,46.0,1,1
4893,2026-06-09 20:17,Direct,Brand Direct,Flemish Brabant,1-9,Restaurant,37.0,0,0
4894,2026-06-09 13:25,Direct,Brand Direct,Hainaut,1-9,Snack,43.0,1,0
4895,2026-06-09 13:13,Direct,Brand Direct,Flemish Brabant,1-9,Bar,88.0,1,1
4896,2026-06-09 07:35,Direct,Returning Visitors,Brussels,1-9,Café,36.0,0,0
4897,2026-06-09 19:02,Email,Newsletter,Antwerp,1-9,Café,32.0,0,0
4898,2026-06-09 10:12,Email,Lead Nurture,namur ,1-9,Restaurant,56.0,1,0
4899,2026-06-09 12:21,Email,Lead Nurture,Brussels,10-49,Bar,78.0,0,0
4900,2026-06-09 21:48,Referral,Partner Network,Liège,1-9,Snack,64.0,1,0
4901,2026-06-09 13:40,Referral,Partner Network,Brussels,10-49,Restaurant,91.0,1,1
4902,2026-06-09 15:46,Referral,Partner Network,Liège,1-9,Café,58.0,0,0
4903,2026-06-09 18:22,Referral,Partner Network,Liège,1-9,Restaurant,68.0,1,1
4904,2026-06-09 14:31,Referral,Customer Referral,East Flanders,10-49,Bar,56.0,0,0
4905,2026-06-09 21:25,Referral,Industry Events,Hainaut,1-9,Café,61.0,0,0
4906,2026-06-09 14:29,Referral,Industry Events,Namur,10-49,Hotel,73.0,0,0
4907,2026-06-10 19:49,Meta Ads,Awareness Video,Brussels,10-49,Café,31.0,0,0
4908,2026-06-10 17:30,Meta Ads,Awareness Video,Brussels,1-9,Restaurant,1.0,0,0
4909,2026-06-10 12:05,Meta Ads,Awareness Video,Brussels,10-49,Café,37.0,0,0
4910,2026-06-10 07:28,Meta Ads,Awareness Video,Antwerp,1-9,Snack,16.0,0,0
4911,2026-06-10 13:53,Meta Ads,Awareness Video,Liège,50+,Café,29.0,0,0
4912,2026-06-10 20:05,Meta Ads,Retargeting,Brussels,1-9,Snack,47.0,1,0
4913,2026-06-10 10:32,Meta Ads,Retargeting,Brussels,1-9,Snack,50.0,0,0
4914,2026-06-10 19:54,Meta Ads,Retargeting,East Flanders,1-9,Restaurant,61.0,1,0
4915,2026-06-10 17:26,Organic Search,SEO Product Pages,Hainaut,10-49,Bar,71.0,0,0
4916,2026-06-10 08:27,Organic Search,SEO Product Pages,Brussels,1-9,Bar,52.0,0,0
4917,2026-06-10 10:32,Organic Search,SEO Product Pages,Hainaut,10-49,Snack,74.0,1,1
4918,2026-06-10 09:13,Organic Search,SEO Guides,Flemish Brabant,50+,Restaurant,72.0,1,1
4919,2026-06-10 12:37,Organic Search,SEO Guides,Liège,10-49,Restaurant,70.0,1,1
4920,2026-06-10 11:03,Organic Search,SEO Comparison,Brussels,1-9,Bar,75.0,1,1
4921,2026-06-10 10:35,Organic Search,SEO Comparison,East Flanders,1-9,Restaurant,61.0,1,0
4922,2026-06-10 19:47,Organic Search,SEO Comparison,East Flanders,10-49,Restaurant,71.0,1,1
4923,2026-06-10 21:55,Direct,Brand Direct,FLEMISH BRABANT,50+,Café,71.0,1,0
4924,2026-06-10 17:19,Direct,Brand Direct,Brussels,50+,Snack,73.0,1,1
4925,2026-06-10 19:10,Direct,Brand Direct,Walloon Brabant,10-49,Bar,73.0,1,0
4926,2026-06-10 08:09,Direct,Brand Direct,East Flanders,1-9,Restaurant,34.0,0,0
4927,2026-06-10 09:39,Email,Newsletter,Antwerp,10-49,Café,76.0,1,0
4928,2026-06-10 10:27,Email,Newsletter,Liège,1-9,Restaurant,52.0,1,0
4929,2026-06-10 14:19,Email,Reactivation,East Flanders,10-49,Restaurant,67.0,0,0
4930,2026-06-10 10:34,Referral,Partner Network,Brussels,1-9,Restaurant,72.0,1,1
4931,2026-06-10 07:51,Referral,Partner Network,Brussels,1-9,Bar,,1,1
4932,2026-06-11 16:24,Google Ads,High Intent Search,East Flanders,1-9,Bar,52.0,1,0
4933,2026-06-11 14:41,Google Ads,High Intent Search,Brussels,1-9,Snack,54.0,1,1
4934,2026-06-11 20:48,Google Ads,High Intent Search,Antwerp,1 - 9,Restaurant,72.0,0,1
4935,2026-06-11 12:41,Google Ads,High Intent Search,Liège,10-49,Snack,64.0,1,0
4936,2026-06-11 11:28,Google Ads,High Intent Search,Liège,1-9,Restaurant,52.0,0,0
4937,2026-06-11 09:56,Google Ads,High Intent Search,East Flanders,1-9,Snack,42.0,1,0
4938,2026-06-11 20:22,Google Ads,Competitor Search,Walloon Brabant,10-49,Bar,25.0,0,0
4939,2026-06-11 07:08,Google Ads,Restaurant Operations,Brussels,1-9,Bar,45.0,0,0
4940,2026-06-11 19:45,Google Ads,Restaurant Operations,East Flanders,1-9,Restaurant,39.0,1,0
4941,2026-06-11 12:11,Google Ads,Restaurant Operations,Liège,10-49,Restaurant,67.0,1,1
4942,2026-06-11 12:19,Google Ads,Restaurant Operations,Namur,10-49,Restaurant,65.0,0,0
4943,2026-06-11 12:07,LinkedIn Ads,Operations Leaders,Liège,50+,Snack,84.0,1,1
4944,2026-06-11 21:54,LinkedIn Ads,SMB Growth,Liège,50+,Hotel,52.0,0,0
4945,2026-06-11 07:55,Meta Ads,Awareness Video,Brussels,50+,Café,34.0,0,0
4946,2026-06-11 20:25,Meta Ads,Awareness Video,Liège,1-9,Restaurant,26.0,0,0
4947,2026-06-11 12:55,Meta Ads,Awareness Video,Antwerp,10-49,Snack,34.0,1,1
4948,2026-06-11 12:35,Meta Ads,Lead Magnet,Hainaut,1-9,Restaurant,45.0,1,0
4949,2026-06-11 17:54,Meta Ads,Retargeting,Hainaut,1-9,Restaurant,18.0,0,0
4950,2026-06-11 12:39,Organic Search,SEO Product Pages,East Flanders,1-9,Bar,47.0,0,0
4951,2026-06-11 16:37,Organic Search,SEO Product Pages,East Flanders,1-9,Restaurant,56.0,0,0
4952,2026-06-11 13:35,Organic Search,SEO Product Pages,Brussels,1-9,Café,84.0,1,1
4953,2026-06-11 16:43,Organic Search,SEO Guides,Hainaut,1-9,Café,51.0,0,0
4954,2026-06-11 10:49,Organic Search,SEO Comparison,East Flanders,1-9,Restaurant,40.0,1,1
4955,2026-06-11 10:43,Direct,Brand Direct,Brussels,1-9,Hotel,54.0,1,1
4956,2026-06-11 12:57,Direct,Brand Direct,Liège,50+,Restaurant,76.0,1,1
4957,2026-06-11 08:54,Direct,Brand Direct,Antwerp,1-9,Restaurant,39.0,0,0
4958,2026-06-11 14:18,Direct,Brand Direct,Walloon Brabant,1-9,Café,66.0,1,0
4959,2026-06-11 16:52,Direct,Returning Visitors,Hainaut,1-9,Restaurant,30.0,0,0
4960,2026-06-11 16:03,Direct,Returning Visitors,Brussels,1-9,Bar,44.0,0,0
4961,2026-06-11 15:43,Direct,Demo Page Direct,East Flanders,10-49,Café,78.0,1,0
4962,2026-06-11 13:14,Email,Lead Nurture,Hainaut,1-9,Snack,67.0,0,0
4963,2026-06-11 14:34,Email,Lead Nurture,Hainaut,10-49,Restaurant,47.0,1,1
4964,2026-06-11 19:40,Email,Lead Nurture,Brussels,1-9,Café,58.0,1,0
4965,2026-06-11 17:26,Email,Lead Nurture,Namur,1-9,Café,59.0,1,1
4966,2026-06-11 15:34,Referral,Partner Network,Namur,1-9,Bar,68.0,1,0
4967,2026-06-11 09:02,Referral,Partner Network,Walloon Brabant,10-49,Snack,68.0,1,0
4968,2026-06-11 20:19,Referral,Partner Network,East Flanders,1-9,Snack,90.0,1,1
4969,2026-06-11 16:40,Referral,Customer Referral,Antwerp,1-9,Restaurant,70.0,1,0
4970,2026-06-12 11:13,Google Ads,High Intent Search,East Flanders,10-49,Restaurant,43.0,0,0
4971,2026-06-12 16:35,Meta Ads,Awareness Video,Antwerp,1-9,Bar,5.0,0,0
4972,2026-06-12 07:32,Meta Ads,Awareness Video,East Flanders,1-9,Restaurant,38.0,1,0
4973,2026-06-12 14:14,Meta Ads,Awareness Video,Antwerp,1-9,Snack,18.0,0,0
4974,2026-06-12 12:11,Meta Ads,Awareness Video,Liège,1-9,Restaurant,32.0,1,0
4975,2026-06-12 13:30,Meta Ads,Awareness Video,Liège,10-49,Restaurant,42.0,0,0
4976,2026-06-12 20:11,Meta Ads,Awareness Video,Namur,1-9,Restaurant,49.0,0,0
4977,2026-06-12 15:05,Meta Ads,Awareness Video,Hainaut,10-49,Snack,9.0,0,0
4978,2026-06-12 21:21,Meta Ads,Awareness Video,Walloon Brabant,1-9,Bar,38.0,1,0
4979,2026-06-12 15:13,Meta Ads,Retargeting,East Flanders,10-49,Bar,54.0,1,1
4980,2026-06-12 18:19,Organic Search,SEO Product Pages,Walloon Brabant,1-9,Restaurant,61.0,1,0
4981,2026-06-12 07:56,Organic Search,SEO Product Pages,Liège,1-9,Café,45.0,1,0
4982,2026-06-12 17:18,Organic Search,SEO Guides,Brussels,1-9,Bar,49.0,1,0
4983,2026-06-12 07:54,Organic Search,SEO Guides,Brussels,50+,Restaurant,52.0,0,0
4984,2026-06-12 15:20,Direct,Brand Direct,Brussels,10-49,Bar,67.0,0,0
4985,2026-06-12 08:13,Direct,Brand Direct,Brussels,10-49,Hotel,92.0,1,0
4986,2026-06-12 18:29,Direct,Returning Visitors,Brussels,50+,Snack,72.0,1,1
4987,2026-06-12 08:58,Direct,Returning Visitors,Flemish Brabant,10-49,Restaurant,81.0,0,0
4988,2026-06-12 07:47,Email,Lead Nurture,Brussels,10-49,Restaurant,85.0,1,1
4989,2026-06-12 14:21,Email,Lead Nurture,Brussels,10-49,Restaurant,79.0,1,1
4990,2026-06-12 13:05,Email,Lead Nurture,Antwerp,1-9,Bar,61.0,1,0
4991,2026-06-12 08:38,Referral,Partner Network,Brussels,10-49,Restaurant,73.0,1,1
4992,2026-06-13 10:01,Google Ads,High Intent Search,Brussels,10-49,Café,74.0,1,1
4993,2026-06-13 10:44,Google Ads,Competitor Search,Liège,10-49,Bar,58.0,1,1
4994,2026-06-13 16:46,LinkedIn Ads,Decision Makers,Liège,1-9,Snack,70.0,1,1
4995,2026-06-13 13:55,LinkedIn Ads,SMB Growth,Antwerp,50+,Restaurant,49.0,1,1
4996,2026-06-13 08:21,Meta Ads,Awareness Video,East Flanders,10-49,Restaurant,23.0,0,0
4997,2026-06-13 15:46,Meta Ads,Awareness Video,East Flanders,10-49,Restaurant,40.0,0,0
4998,2026-06-13 09:00,Meta Ads,Lead Magnet,Antwerp,1-9,Snack,37.0,0,0
4999,2026-06-13 15:07,Meta Ads,Lead Magnet,Antwerp,1-9,Snack,18.0,0,0
5000,2026-06-13 16:31,Meta Ads,Retargeting,Antwerp,10-49,Snack,31.0,0,0
5001,2026-06-13 20:59,Meta Ads,Retargeting,East Flanders,1-9,Café,52.0,0,0
5002,2026-06-13 17:40,Organic Search,SEO Product Pages,Antwerp,1-9,Bar,22.0,0,0
5003,2026-06-13 17:41,Organic Search,SEO Guides,Flemish Brabant,1-9,Restaurant,48.0,0,0
5004,2026-06-13 09:44,Organic Search,SEO Guides,Liège,1-9,Restaurant,44.0,1,1
5005,2026-06-13 09:35,Organic Search,SEO Guides,Brussels,1-9,Bar,44.0,1,0
5006,2026-06-13 08:17,Organic Search,SEO Guides,Hainaut,10-49,Restaurant,35.0,0,0
5007,2026-06-13 19:01,Direct,Brand Direct,Hainaut,1-9,Restaurant,55.0,1,0
5008,2026-06-13 12:42,Direct,Brand Direct,Antwerp,1-9,Bar,27.0,0,0
5009,2026-06-13 14:58,Direct,Brand Direct,Antwerp,10-49,Restaurant,62.0,1,1
5010,2026-06-13 20:49,Direct,Brand Direct,Walloon Brabant,1-9,Café,50.0,0,0
5011,2026-06-13 13:32,Email,Newsletter,East Flanders,10-49,Bar,49.0,1,1
5012,2026-06-13 08:36,Email,Newsletter,Hainaut,1-9,Bar,,1,1
5013,2026-06-13 07:43,Email,Newsletter,Walloon Brabant,1-9,Bar,54.0,1,1
5014,2026-06-13 07:35,Email,Lead Nurture,Walloon Brabant,1-9,Bar,59.0,1,1
5015,2026-06-13 08:32,Email,Reactivation,Hainaut,10-49,Restaurant,76.0,1,1
5016,2026-06-13 15:05,Email,Reactivation,Hainaut,10 - 49,Café,47.0,0,0
5017,2026-06-13 09:37,Referral,Partner Network,Namur,1-9,Café,51.0,0,0
5018,2026-06-13 15:39,Referral,Partner Network,Brussels,10-49,Bar,55.0,1,1
5019,2026-06-13 10:00,Referral,Partner Network,Flemish Brabant,50+,Restaurant,77.0,1,0
5020,2026-06-13 21:37,Referral,Partner Network,Antwerp,1-9,Restaurant,61.0,1,1
5021,2026-06-13 07:45,Referral,Customer Referral,East Flanders,1-9,Snack,72.0,0,0
5022,2026-06-13 14:57,Referral,Customer Referral,Antwerp,1-9,Café,71.0,0,0
5023,2026-06-13 19:49,Referral,Industry Events,Flemish Brabant,1-9,Café,74.0,1,1
5024,2026-06-13 14:06,Referral,Industry Events,Hainaut,10-49,Bar,57.0,0,0
5025,2026-06-14 07:47,Google Ads,High Intent Search,Walloon Brabant,10-49,Café,62.0,1,1
5026,2026-06-14 16:51,LinkedIn Ads,SMB Growth,Antwerp,10-49,Snack,47.0,0,0
5027,2026-06-14 09:21,Meta Ads,Awareness Video,Brussels,1-9,Snack,31.0,0,0
5028,2026-06-14 21:52,Meta Ads,Awareness Video,Namur,1-9,Hotel,23.0,0,0
5029,2026-06-14 15:17,Meta Ads,Awareness Video,Namur,1-9,Restaurant,47.0,0,0
5030,2026-06-14 11:13,Meta Ads,Lead Magnet,Antwerp,10-49,Bar,29.0,0,0
5031,2026-06-14 09:04,Meta Ads,Retargeting,Brussels,1-9,Restaurant,46.0,0,0
5032,2026-06-14 20:54,Meta Ads,Retargeting,Brussels,10-49,Restaurant,41.0,0,0
5033,2026-06-14 11:56,Organic Search,SEO Guides,Liège,1-9,Hotel,83.0,1,1
5034,2026-06-14 09:41,Direct,Brand Direct,East Flanders,1-9,Café,60.0,1,0
5035,2026-06-14 09:33,Direct,Demo Page Direct,Liège,50+,Snack,69.0,0,0
5036,2026-06-14 20:31,Direct,Demo Page Direct,Antwerp,10-49,Bar,72.0,1,1
5037,2026-06-14 11:12,Email,Newsletter,Hainaut,1-9,Café,66.0,1,1
5038,2026-06-14 19:13,Email,Lead Nurture,Hainaut,1-9,Café,59.0,0,0
5039,2026-06-14 17:33,Email,Reactivation,Brussels,50+,Restaurant,88.0,1,0
5040,2026-06-14 07:06,Referral,Partner Network,East Flanders,1-9,Restaurant,83.0,1,1
5041,2026-06-14 14:35,Referral,Partner Network,East Flanders,10-49,Restaurant,84.0,1,1
5042,2026-06-14 12:06,Referral,Industry Events,Hainaut,1-9,Hotel,83.0,1,1
5043,2026-06-15 17:27,Google Ads,Restaurant Operations,Hainaut,1-9,Snack,31.0,0,0
5044,2026-06-15 08:44,Meta Ads,Awareness Video,Hainaut,1-9,Restaurant,35.0,0,0
5045,2026-06-15 13:48,Meta Ads,Awareness Video,Hainaut,10-49,Restaurant,,0,0
5046,2026-06-15 08:06,Meta Ads,Awareness Video,Namur,1-9,Snack,22.0,0,0
5047,2026-06-15 17:42,Meta Ads,Awareness Video,Anvers,10-49,Restaurant,22.0,0,0
5048,2026-06-15 11:21,Meta Ads,Awareness Video,Liège,1-9,Restaurant,32.0,0,0
5049,2026-06-15 09:33,Organic Search,SEO Product Pages,Brussels,1-9,Snack,54.0,0,0
5050,2026-06-15 10:44,Organic Search,SEO Product Pages,Hainaut,10-49,Restaurant,57.0,1,0
5051,2026-06-15 12:51,Organic Search,SEO Product Pages,Antwerp,50+,Bar,57.0,1,1
5052,2026-06-15 12:21,Organic Search,SEO Guides,Antwerp,1-9,Hotel,36.0,0,0
5053,2026-06-15 15:12,Direct,Brand Direct,Brussels,1-9,Bar,61.0,0,1
5054,2026-06-15 16:10,Direct,Demo Page Direct,Flemish Brabant,10-49,Restaurant,86.0,1,1
5055,2026-06-15 10:47,Email,Newsletter,Brussels,10-49,Restaurant,73.0,1,0
5056,2026-06-15 07:37,Email,Newsletter,Namur,50+,Restaurant,62.0,1,1
5057,2026-06-15 19:23,Email,Lead Nurture,East Flanders,1-9,Restaurant,51.0,0,0
5058,2026-06-15 12:14,Email,Lead Nurture,Hainaut,1-9,Bar,74.0,1,1
5059,2026-06-15 08:26,Referral,Partner Network,Hainaut,1-9,Restaurant,68.0,0,0
5060,2026-06-15 15:17,Referral,Partner Network,Brussels,1-9,Restaurant,78.0,0,0
5061,2026-06-15 17:35,Referral,Partner Network,Liège,10-49,Café,95.0,1,1
5062,2026-06-15 07:32,Referral,Customer Referral,Brussels,10-49,Café,96.0,1,1
5063,2026-06-16 19:14,Google Ads,High Intent Search,Walloon Brabant,50+,Bar,79.0,0,0
5064,2026-06-16 11:16,LinkedIn Ads,Decision Makers,Brussels,50+,Snack,87.0,1,1
5065,2026-06-16 14:20,Meta Ads,Awareness Video,Brussels,1-9,Restaurant,13.0,0,0
5066,2026-06-16 09:43,Meta Ads,Awareness Video,East Flanders,50+,Café,44.0,1,0
5067,2026-06-16 11:17,Meta Ads,Summer Promo TEST,Antwerp,50+,Restaurant,49.0,1,0
5068,2026-06-16 07:30,Meta Ads,Lead Magnet,Walloon Brabant,10-49,Restaurant,50.0,1,1
5069,2026-06-16 12:10,Meta Ads,Retargeting,Brussels,10-49,Hotel,57.0,1,0
5070,2026-06-16 19:58,Meta Ads,Retargeting,East Flanders,1-9,Bar,44.0,0,1
5071,2026-06-16 09:47,Organic Search,SEO Product Pages,East Flanders,10-49,Restaurant,71.0,0,0
5072,2026-06-16 07:13,Organic Search,SEO Guides,Antwerp,1-9,Hotel,37.0,0,0
5073,2026-06-16 18:26,Organic Search,SEO Comparison,Liège,1-9,Restaurant,78.0,1,1
5074,2026-06-16 09:42,Direct,Brand Direct,East Flanders,1-9,Restaurant,37.0,0,0
5075,2026-06-16 14:09,Direct,Brand Direct,East Flanders,10-49,Hotel,89.0,1,0
5076,2026-06-16 16:46,Direct,Returning Visitors,Namur,1-9,Hotel,40.0,0,0
5077,2026-06-16 08:01,Direct,Returning Visitors,Antwerp,1-9,Bar,58.0,1,1
5078,2026-06-16 18:00,Direct,Demo Page Direct,Brussels,10-49,Bar,66.0,0,0
5079,2026-06-16 13:19,Email,Newsletter,Hainaut,1-9,Bar,67.0,0,0
5080,2026-06-16 11:50,Email,Newsletter,Brussels,1-9,Snack,59.0,1,0
5081,2026-06-16 16:57,Email,Lead Nurture,Hainaut,50+,Bar,95.0,1,1
5082,2026-06-16 14:26,Email,Lead Nurture,Brussels,10-49,Bar,70.0,1,1
5083,2026-06-16 15:41,Email,Lead Nurture,Walloon Brabant,1-9,Snack,66.0,1,1
5084,2026-06-16 16:38,Referral,Partner Network,Namur,1-9,Bar,58.0,1,1
5085,2026-06-16 14:39,Referral,Partner Network,Flemish Brabant,1-9,Restaurant,65.0,1,1
5086,2026-06-16 08:41,Referral,Customer Referral,Liège,10-49,Snack,54.0,0,0
5087,2026-06-17 15:16,Google Ads,High Intent Search,Liège,1-9,Restaurant,29.0,0,0
5088,2026-06-17 15:45,Google Ads,Competitor Search,Antwerp,1-9,Restaurant,37.0,1,0
5089,2026-06-17 19:19,Google Ads,Restaurant Operations,Flemish Brabant,10-49,Restaurant,69.0,1,0
5090,2026-06-17 10:59,LinkedIn Ads,Decision Makers,Brussels,10-49,Bar,67.0,0,0
5091,2026-06-17 17:04,Meta Ads,Awareness Video,Walloon Brabant,50+,Hotel,16.0,0,0
5092,2026-06-17 19:53,Meta Ads,Awareness Video,Brussels,1-9,Restaurant,12.0,0,0
5093,2026-06-17 20:19,Meta Ads,Awareness Video,Antwerp,1-9,Café,6.0,0,0
5094,2026-06-17 13:10,Meta Ads,Awareness Video,Brussels,10-49,Café,26.0,1,0
5095,2026-06-17 17:11,Meta Ads,Lead Magnet,East Flanders,1-9,Restaurant,26.0,0,0
5096,2026-06-17 12:52,Meta Ads,Lead Magnet,Liège,50+,Hotel,46.0,1,0
5097,2026-06-17 08:34,Meta Ads,Lead Magnet,East Flanders,1-9,Hotel,35.0,0,0
5098,2026-06-17 17:22,Organic Search,SEO Product Pages,Liège,50+,Bar,73.0,0,0
5099,2026-06-17 19:52,Organic Search,SEO Comparison,Antwerp,10-49,Restaurant,81.0,1,1
5100,2026-06-17 10:24,Direct,Brand Direct,Brussels,1-9,Restaurant,46.0,0,0
5101,2026-06-17 08:20,Direct,Returning Visitors,Hainaut,1-9,Restaurant,70.0,1,0
5102,2026-06-17 14:39,Direct,Returning Visitors,East Flanders,50+,Restaurant,95.0,1,1
5103,2026-06-17 07:00,Direct,Demo Page Direct,Brussels,1-9,Bar,87.0,1,1
5104,2026-06-17 11:10,Email,Newsletter,Hainaut,1-9,Bar,48.0,0,0
5105,2026-06-17 19:29,Email,Newsletter,East Flanders,50+,Café,93.0,1,0
5106,2026-06-17 20:44,Email,Lead Nurture,Brussels,50+,Restaurant,75.0,1,0
5107,2026-06-17 19:30,Email,Lead Nurture,East Flanders,1-9,Café,62.0,0,0
5108,2026-06-17 08:36,Email,Lead Nurture,Hainaut,1-9,Restaurant,44.0,0,0
5109,2026-06-17 16:17,Email,Lead Nurture,Hainaut,1-9,Restaurant,46.0,0,0
5110,2026-06-17 20:20,Email,Reactivation,East Flanders,10-49,Hotel,74.0,0,0
5111,2026-06-17 12:51,Referral,Partner Network,Antwerp,1-9,Restaurant,75.0,1,1
5112,2026-06-17 17:25,Referral,Customer Referral,Antwerp,1-9,Restaurant,69.0,0,0
5113,2026-06-17 19:00,Referral,Industry Events,Antwerp,1-9,Bar,63.0,0,0
5114,2026-06-17 21:41,Referral,Industry Events,Hainaut,1-9,Café,67.0,1,0
5115,2026-06-18 18:22,Meta Ads,Awareness Video,East Flanders,1-9,Snack,32.0,0,0
5116,2026-06-18 08:39,Meta Ads,Awareness Video,Brussels,1-9,Snack,34.0,1,0
5117,2026-06-18 20:41,Meta Ads,Awareness Video,Liège,10-49,Café,40.0,0,0
5118,2026-06-18 14:42,Meta Ads,Retargeting,Liège,10-49,Bar,48.0,1,1
5119,2026-06-18 18:32,Meta Ads,Summer Promo TEST,Brussels,1-9,Restaurant,25.0,0,0
5120,2026-06-18 15:34,Organic Search,SEO Guides,Liège,1-9,Restaurant,50.0,1,0
5121,2026-06-18 18:23,Organic Search,SEO Guides,East Flanders,1-9,Café,36.0,1,0
5122,2026-06-18 10:45,Organic Search,SEO Guides,Brussels,1-9,Hotel,39.0,0,0
5123,2026-06-18 21:18,Organic Search,SEO Guides,Liège,1-9,Snack,72.0,1,1
5124,2026-06-18 08:22,Organic Search,SEO Guides,Brussels,1-9,Hotel,68.0,1,0
5125,2026-06-18 14:53,Organic Search,SEO Comparison,Liège,10-49,Restaurant,56.0,0,0
5126,2026-06-18 17:50,Direct,Returning Visitors,East Flanders,10-49,Bar,71.0,1,0
5127,2026-06-18 21:53,Direct,Demo Page Direct,Walloon Brabant,1-9,Snack,72.0,1,0
5128,2026-06-18 20:57,Email,Newsletter,Antwerp,10-49,Restaurant,71.0,0,0
5129,2026-06-18 11:57,Email,Newsletter,East Flanders,1-9,Café,70.0,0,0
5130,2026-06-18 12:15,Email,Newsletter,Hainaut,1-9,Bar,68.0,1,0
5131,2026-06-18 17:50,Email,Newsletter,hainaut,1-9,Restaurant,55.0,0,0
5132,2026-06-18 20:26,Email,Newsletter,Walloon Brabant,1-9,Restaurant,53.0,1,0
5133,2026-06-18 09:17,Email,Newsletter,Brussels,50+,Restaurant,61.0,0,0
5134,2026-06-18 17:44,Email,Lead Nurture,Brussels,10-49,Restaurant,79.0,1,0
5135,2026-06-18 07:30,Email,Lead Nurture,Brussels,10-49,Restaurant,77.0,0,0
5136,2026-06-18 21:07,Email,Reactivation,Brussels,1-9,Bar,50.0,0,0
5137,2026-06-18 09:07,Referral,Partner Network,Namur,10-49,Snack,94.0,1,1
5138,2026-06-18 17:36,Referral,Partner Network,East Flanders,1-9,Snack,47.0,0,0
5139,2026-06-18 18:33,Referral,Industry Events,Liège,1-9,Snack,58.0,0,0
5140,2026-06-19 10:03,Google Ads,High Intent Search,Hainaut,1-9,Snack,40.0,0,0
5141,2026-06-19 21:24,Google Ads,Restaurant Operations,Namur,10-49,Restaurant,68.0,1,0
5142,2026-06-19 18:38,Google Ads,Restaurant Operations,Brussels,1-9,Restaurant,54.0,0,0
5143,2026-06-19 14:48,Meta Ads,Lead Magnet,Walloon Brabant,1-9,Bar,4.0,0,0
5144,2026-06-19 11:34,Meta Ads,Summer Promo TEST,East Flanders,1-9,Restaurant,48.0,1,0
5145,2026-06-19 07:18,Meta Ads,Retargeting,Flemish Brabant,1-9,Café,29.0,1,0
5146,2026-06-19 17:47,Organic Search,SEO Product Pages,Flemish Brabant,10-49,Restaurant,73.0,0,0
5147,2026-06-19 12:56,Organic Search,SEO Product Pages,Brussels,10-49,Snack,68.0,1,1
5148,2026-06-19 13:02,Organic Search,SEO Guides,Brussels,1-9,Bar,63.0,1,0
5149,2026-06-19 12:06,Organic Search,SEO Guides,Antwerp,1-9,Restaurant,63.0,1,0
5150,2026-06-19 08:51,Organic Search,SEO Guides,Namur,10-49,Café,54.0,0,0
5151,2026-06-19 10:30,Organic Search,SEO Guides,Brussels,1-9,Restaurant,51.0,0,0
5152,2026-06-19 10:24,Organic Search,SEO Comparison,Brussels,10-49,Restaurant,68.0,1,1
5153,2026-06-19 10:36,Direct,Brand Direct,Brussels,1-9,Snack,39.0,1,1
5154,2026-06-19 20:05,Direct,Brand Direct,East Flanders,1-9,Hotel,78.0,1,1
5155,2026-06-19 11:22,Direct,Brand Direct,Antwerp,10-49,Bar,73.0,0,0
5156,2026-06-19 14:31,Direct,Returning Visitors,Hainaut,10-49,Restaurant,71.0,1,1
5157,2026-06-19 08:42,Email,Lead Nurture,East Flanders,1-9,Snack,51.0,0,0
5158,2026-06-19 13:57,Email,Lead Nurture,Namur,1-9,Café,56.0,1,0
5159,2026-06-19 11:07,Email,Lead Nurture,Brussels,10-49,Snack,56.0,1,1
5160,2026-06-19 09:28,Email,Lead Nurture,East Flanders,1-9,Snack,69.0,1,1
5161,2026-06-19 07:25,Referral,Partner Network,Brussels,1-9,Bar,57.0,0,0
5162,2026-06-19 07:37,Referral,Customer Referral,Hainaut,1-9,Snack,87.0,1,0
5163,2026-06-19 07:49,Referral,Industry Events,East Flanders,10-49,Restaurant,93.0,1,1
5164,2026-06-20 21:09,Google Ads,High Intent Search,Namur,50+,Restaurant,51.0,1,0
5165,2026-06-20 11:19,LinkedIn Ads,Operations Leaders,Namur,1-9,Restaurant,73.0,0,0
5166,2026-06-20 13:44,Meta Ads,Awareness Video,Liège,1-9,Restaurant,1.0,0,0
5167,2026-06-20 16:33,Meta Ads,Awareness Video,Brussels,1-9,Snack,27.0,0,0
5168,2026-06-20 15:38,Meta Ads,Awareness Video,Brussels,10-49,Restaurant,27.0,0,0
5169,2026-06-20 20:30,Meta Ads,Awareness Video,Brussels,1-9,Café,15.0,0,0
5170,2026-06-20 07:54,Meta Ads,Lead Magnet,Walloon Brabant,10-49,Restaurant,36.0,1,0
5171,2026-06-20 13:41,Meta Ads,Lead Magnet,Flemish Brabant,1-9,Hotel,21.0,0,0
5172,2026-06-20 11:27,Meta Ads,Lead Magnet,Brussels,1-9,Bar,48.0,0,0
5173,2026-06-20 12:23,Organic Search,SEO Product Pages,Liège,1-9,Restaurant,54.0,1,0
5174,2026-06-20 19:49,Organic Search,SEO Product Pages,Hainaut,10-49,Restaurant,53.0,1,0
5175,2026-06-20 15:13,Organic Search,SEO Product Pages,Brussels,1-9,Bar,49.0,0,0
5176,2026-06-20 13:41,Organic Search,SEO Guides,Liège,1-9,Restaurant,64.0,1,0
5177,2026-06-20 11:13,Organic Search,SEO Comparison,Flemish Brabant,10-49,Restaurant,70.0,0,0
5178,2026-06-20 16:31,Organic Search,SEO Comparison,Brussels,1-9,Restaurant,67.0,0,0
5179,2026-06-20 10:57,Email,Newsletter,Brussels,10-49,Bar,76.0,1,1
5180,2026-06-20 12:17,Referral,Customer Referral,Flemish Brabant,1-9,Snack,68.0,1,1
5181,2026-06-21 18:50,Google Ads,Competitor Search,Hainaut,1-9,Restaurant,61.0,0,0
5182,2026-06-21 09:36,LinkedIn Ads,Operations Leaders,Brussels,10-49,Bar,80.0,1,1
5183,2026-06-21 15:37,LinkedIn Ads,SMB Growth,East Flanders,10-49,Restaurant,62.0,1,1
5184,2026-06-21 13:59,Meta Ads,Awareness Video,Antwerp,50+,Restaurant,26.0,0,0
5185,2026-06-21 18:21,Meta Ads,Awareness Video,East Flanders,50+,Restaurant,44.0,0,0
5186,2026-06-21 07:20,Meta Ads,Awareness Video,Walloon Brabant,10-49,Restaurant,38.0,0,0
5187,2026-06-21 13:16,Meta Ads,Awareness Video,Walloon Brabant,10-49,Snack,52.0,0,0
5188,2026-06-21 11:09,Organic Search,SEO Product Pages,Liège,1-9,Restaurant,33.0,0,0
5189,2026-06-21 08:46,Organic Search,SEO Product Pages,Namur,1-9,Café,59.0,0,0
5190,2026-06-21 13:04,Direct,Brand Direct,Brussels,10-49,Bar,76.0,1,1
5191,2026-06-21 14:07,Direct,Brand Direct,East Flanders,1-9,Restaurant,64.0,0,0
5192,2026-06-21 17:14,Direct,Brand Direct,Flemish Brabant,10-49,Bar,38.0,0,0
5193,2026-06-21 17:12,Direct,Brand Direct,Liège,1-9,Hotel,65.0,1,1
5194,2026-06-21 17:06,Direct,Returning Visitors,Liège,1-9,Restaurant,56.0,1,1
5195,2026-06-21 09:02,Direct,Returning Visitors,Brussels,10-49,Bar,93.0,1,0
5196,2026-06-21 09:09,Email,Newsletter,Namur,1-9,Bar,68.0,1,0
5197,2026-06-21 10:55,Email,Newsletter,Brussels,1 - 9,Restaurant,53.0,1,1
5198,2026-06-21 14:45,Email,Reactivation,Hainaut,1-9,Restaurant,,0,0
5199,2026-06-21 08:32,Email,Reactivation,Antwerp,1-9,Restaurant,61.0,1,0
5200,2026-06-21 20:02,Email,Reactivation,Brussels,10-49,Restaurant,64.0,1,0
5201,2026-06-21 09:10,Referral,Partner Network,Brussels,1-9,Restaurant,69.0,1,1
5202,2026-06-21 18:16,Referral,Partner Network,Hainaut,10-49,Bar,93.0,1,1
5203,2026-06-21 09:20,Referral,Customer Referral,East Flanders,1-9,Restaurant,75.0,1,1
5204,2026-06-21 21:05,Referral,Customer Referral,Liège,10-49,Restaurant,61.0,1,1
5205,2026-06-21 10:40,Referral,Industry Events,Hainaut,1-9,Bar,75.0,1,1
5206,2026-06-22 15:09,Google Ads,High Intent Search,Antwerp,10-49,Café,63.0,1,0
5207,2026-06-22 20:50,Google Ads,High Intent Search,Walloon Brabant,1-9,Snack,61.0,1,1
5208,2026-06-22 13:11,Google Ads,High Intent Search,Liège,10-49,Restaurant,72.0,1,1
5209,2026-06-22 17:09,Google Ads,Competitor Search,East Flanders,1-9,Restaurant,36.0,0,0
5210,2026-06-22 13:18,Meta Ads,Awareness Video,Walloon Brabant,10-49,Bar,34.0,1,0
5211,2026-06-22 12:28,Meta Ads,Awareness Video,Flemish Brabant,1-9,Bar,37.0,0,0
5212,2026-06-22 10:26,Meta Ads,Awareness Video,Antwerp,1-9,Bar,36.0,0,0
5213,2026-06-22 18:21,Meta Ads,Awareness Video,Liège,1-9,Snack,18.0,0,0
5214,2026-06-22 18:23,Meta Ads,Awareness Video,Flemish Brabant,10-49,Restaurant,42.0,1,0
5215,2026-06-22 17:11,Meta Ads,Lead Magnet,Walloon Brabant,1-9,Café,47.0,1,0
5216,2026-06-22 16:43,Meta Ads,Lead Magnet,East Flanders,1-9,Restaurant,20.0,0,0
5217,2026-06-22 21:42,Meta Ads,Summer Promo TEST,Flemish Brabant,1-9,Restaurant,29.0,0,0
5218,2026-06-22 14:54,Meta Ads,Lead Magnet,Brussels,1-9,Restaurant,53.0,1,0
5219,2026-06-22 10:39,Meta Ads,Retargeting,Namur,1-9,Restaurant,41.0,0,0
5220,2026-06-22 07:42,Organic Search,SEO Product Pages,Walloon Brabant,10-49,Restaurant,59.0,1,1
5221,2026-06-22 12:48,Organic Search,SEO Product Pages,Brussels,10-49,Restaurant,66.0,0,0
5222,2026-06-22 15:30,Organic Search,SEO Product Pages,East Flanders,1-9,Café,78.0,1,1
5223,2026-06-22 12:07,Organic Search,SEO Guides,East Flanders,1-9,Restaurant,57.0,1,1
5224,2026-06-22 15:34,Organic Search,SEO Comparison,Liège,1-9,Restaurant,,1,0
5225,2026-06-22 17:23,Organic Search,SEO Comparison,East Flanders,10-49,Bar,54.0,1,0
5226,2026-06-22 15:38,Direct,Brand Direct,Brussels,1-9,Café,72.0,1,1
5227,2026-06-22 11:15,Direct,Brand Direct,Liège,1-9,Café,52.0,0,0
5228,2026-06-22 20:44,Direct,Brand Direct,Brussels,10-49,Restaurant,92.0,1,1
5229,2026-06-22 12:18,Direct,Returning Visitors,East Flanders,1-9,Café,78.0,1,1
5230,2026-06-22 15:36,Direct,Demo Page Direct,Flemish Brabant,10-49,Restaurant,58.0,0,0
5231,2026-06-22 10:20,Email,Newsletter,Hainaut,1-9,Snack,54.0,1,0
5232,2026-06-22 09:15,Email,Newsletter,Flemish Brabant,1-9,Restaurant,51.0,0,0
5233,2026-06-22 11:01,Email,Newsletter,Antwerp,10-49,Café,76.0,1,0
5234,2026-06-22 07:36,Email,Newsletter,East Flanders,1-9,Snack,30.0,0,0
5235,2026-06-22 09:46,Email,Lead Nurture,Antwerp,1-9,Café,74.0,0,1
5236,2026-06-22 12:46,Email,Lead Nurture,Walloon Brabant,1-9,Bar,62.0,0,0
5237,2026-06-22 12:02,Email,Lead Nurture,Walloon Brabant,1-9,Snack,77.0,1,0
5238,2026-06-22 12:20,Email,Reactivation,Antwerp,1-9,Restaurant,29.0,0,0
5239,2026-06-22 08:23,Referral,Partner Network,Namur,10-49,Café,90.0,1,1
5240,2026-06-22 08:17,Referral,Customer Referral,East Flanders,1-9,Restaurant,67.0,1,1
5241,2026-06-22 17:13,Referral,Customer Referral,Walloon Brabant,10-49,Bar,65.0,1,1
5242,2026-06-22 13:19,Referral,Customer Referral,Walloon Brabant,1-9,Café,72.0,1,0
5243,2026-06-23 12:04,Google Ads,High Intent Search,Brussels,50+,Café,58.0,0,0
5244,2026-06-23 13:33,Google Ads,Restaurant Operations,Antwerp,1-9,Restaurant,31.0,0,0
5245,2026-06-23 13:08,Meta Ads,Awareness Video,Antwerp,10-49,Café,19.0,0,0
5246,2026-06-23 17:25,Meta Ads,Summer Promo TEST,Brussels,10-49,Hotel,15.0,0,0
5247,2026-06-23 13:30,Meta Ads,Awareness Video,East Flanders,50+,Hotel,53.0,0,0
5248,2026-06-23 21:59,Meta Ads,Awareness Video,Liège,10-49,Restaurant,13.0,0,0
5249,2026-06-23 16:38,Meta Ads,Awareness Video,Brussels,1-9,Hotel,35.0,0,0
5250,2026-06-23 14:08,Meta Ads,Awareness Video,Antwerp,10-49,Restaurant,49.0,0,0
5251,2026-06-23 11:26,Meta Ads,Lead Magnet,Liège,10-49,Restaurant,50.0,0,0
5252,2026-06-23 10:56,Meta Ads,Summer Promo TEST,Brussels,10-49,Café,35.0,0,0
5253,2026-06-23 16:27,Meta Ads,Lead Magnet,Namur,10-49,Restaurant,43.0,0,0
5254,2026-06-23 21:13,Meta Ads,Lead Magnet,Antwerp,10-49,Restaurant,20.0,0,0
5255,2026-06-23 15:14,Meta Ads,Lead Magnet,Flemish Brabant,10-49,Restaurant,18.0,0,0
5256,2026-06-23 20:19,Meta Ads,Lead Magnet,Brussels,10-49,Café,46.0,1,0
5257,2026-06-23 20:18,Meta Ads,Retargeting,East Flanders,1-9,Snack,11.0,0,0
5258,2026-06-23 16:26,Meta Ads,Retargeting,East Flanders,50+,Restaurant,50.0,0,0
5259,2026-06-23 14:19,Meta Ads,Retargeting,Brussels,1-9,Restaurant,46.0,0,0
5260,2026-06-23 12:37,Organic Search,SEO Product Pages,Namur,10-49,Restaurant,50.0,0,0
5261,2026-06-23 15:13,Direct,Brand Direct,Hainaut,50+,Café,62.0,1,1
5262,2026-06-23 16:09,Direct,Brand Direct,Liège,1-9,Restaurant,89.0,1,0
5263,2026-06-23 18:38,Direct,Brand Direct,Hainaut,10-49,Restaurant,70.0,1,0
5264,2026-06-23 09:55,Direct,Returning Visitors,Hainaut,1-9,Restaurant,45.0,0,0
5265,2026-06-23 17:33,Direct,Returning Visitors,Antwerp,1-9,Restaurant,72.0,0,0
5266,2026-06-23 08:07,Email,Newsletter,Brussels,1-9,Café,39.0,1,0
5267,2026-06-23 21:03,Email,Lead Nurture,Brussels,1-9,Snack,73.0,1,1
5268,2026-06-23 10:58,Email,Reactivation,Liège,10-49,Restaurant,53.0,1,0
5269,2026-06-23 09:30,Referral,Customer Referral,Liège,1-9,Restaurant,78.0,1,1
5270,2026-06-24 15:46,LinkedIn Ads,Decision Makers,Hainaut,1-9,Restaurant,81.0,1,1
5271,2026-06-24 09:25,Meta Ads,Awareness Video,Antwerp,1-9,Bar,24.0,0,0
5272,2026-06-24 17:01,Meta Ads,Awareness Video,Antwerp,1-9,Bar,27.0,1,0
5273,2026-06-24 11:13,Meta Ads,Awareness Video,East Flanders,1-9,Café,40.0,1,0
5274,2026-06-24 07:53,Meta Ads,Awareness Video,Hainaut,1-9,Restaurant,36.0,0,0
5275,2026-06-24 11:18,Meta Ads,Awareness Video,Walloon Brabant,1-9,Restaurant,36.0,0,0
5276,2026-06-24 16:43,Meta Ads,Awareness Video,Flemish Brabant,10-49,Restaurant,28.0,0,0
5277,2026-06-24 19:25,Meta Ads,Awareness Video,Flemish Brabant,1-9,Bar,4.0,0,0
5278,2026-06-24 11:46,Meta Ads,Awareness Video,Hainaut,50+,Restaurant,38.0,0,0
5279,2026-06-24 19:41,Meta Ads,Lead Magnet,Walloon Brabant,1-9,Snack,26.0,1,1
5280,2026-06-24 17:23,Meta Ads,Lead Magnet,Liège,1-9,Restaurant,23.0,0,0
5281,2026-06-24 21:36,Meta Ads,Lead Magnet,Flemish Brabant,1-9,Restaurant,38.0,0,0
5282,2026-06-24 17:38,Meta Ads,Lead Magnet,Brussels,1-9,Restaurant,55.0,1,1
5283,2026-06-24 18:03,Meta Ads,Retargeting,Flemish Brabant,10-49,Restaurant,48.0,0,0
5284,2026-06-24 12:23,Meta Ads,Retargeting,Liège,10-49,Snack,30.0,0,0
5285,2026-06-24 19:08,Organic Search,SEO Product Pages,Brussels,10-49,Snack,66.0,0,0
5286,2026-06-24 12:16,Organic Search,SEO Product Pages,Hainaut,1-9,Bar,51.0,0,0
5287,2026-06-24 20:04,Organic Search,SEO Guides,Brussels,50+,Restaurant,47.0,1,0
5288,2026-06-24 16:30,Organic Search,SEO Guides,Flemish Brabant,1-9,Snack,43.0,1,0
5289,2026-06-24 09:25,Organic Search,SEO Guides,Antwerp,1-9,Restaurant,57.0,0,1
5290,2026-06-24 07:52,Organic Search,SEO Guides,East Flanders,50+,Restaurant,69.0,1,0
5291,2026-06-24 17:14,Direct,Brand Direct,East Flanders,1-9,Restaurant,65.0,0,0
5292,2026-06-24 10:21,Direct,Brand Direct,Brussels,1-9,Café,68.0,1,1
5293,2026-06-24 14:16,Direct,Returning Visitors,Namur,10-49,Bar,57.0,1,0
5294,2026-06-24 21:44,Direct,Returning Visitors,Antwerp,1-9,Snack,70.0,1,1
5295,2026-06-24 08:26,Email,Newsletter,Brussels,50+,Restaurant,54.0,0,0
5296,2026-06-24 13:14,Email,Newsletter,Brussels,10-49,Café,81.0,1,0
5297,2026-06-24 19:02,Email,Newsletter,Walloon Brabant,1-9,Restaurant,67.0,1,0
5298,2026-06-24 18:10,Email,Newsletter,Antwerp,50+,Hotel,68.0,1,0
5299,2026-06-24 07:34,Referral,Partner Network,Flemish Brabant,1-9,Restaurant,51.0,1,0
5300,2026-06-24 07:41,Referral,Partner Network,Antwerp,1-9,Restaurant,90.0,1,1
5301,2026-06-24 20:34,Referral,Partner Network,Walloon Brabant,1-9,Bar,57.0,0,0
5302,2026-06-24 17:40,Referral,Partner Network,East Flanders,10-49,Bar,84.0,1,1
5303,2026-06-24 21:15,Referral,Customer Referral,Antwerp,10-49,Snack,91.0,1,1
5304,2026-06-25 14:13,Google Ads,High Intent Search,Walloon Brabant,1-9,Restaurant,41.0,0,0
5305,2026-06-25 15:09,Google Ads,High Intent Search,Antwerp,10-49,Bar,47.0,1,1
5306,2026-06-25 10:32,Google Ads,High Intent Search,East Flanders,1-9,Restaurant,68.0,1,0
5307,2026-06-25 19:53,Google Ads,Competitor Search,East Flanders,10-49,Restaurant,56.0,1,0
5308,2026-06-25 19:52,Google Ads,Restaurant Operations,Hainaut,1-9,Restaurant,42.0,0,0
5309,2026-06-25 15:34,LinkedIn Ads,Operations Leaders,East Flanders,10-49,Restaurant,46.0,0,0
5310,2026-06-25 15:35,Meta Ads,Awareness Video,Hainaut,1-9,Restaurant,9.0,0,0
5311,2026-06-25 16:37,Meta Ads,Awareness Video,East Flanders,1-9,Restaurant,28.0,0,0
5312,2026-06-25 18:28,Meta Ads,Awareness Video,Liège,10-49,Snack,45.0,0,0
5313,2026-06-25 09:31,Meta Ads,Awareness Video,Hainaut,1-9,Café,28.0,0,0
5314,2026-06-25 10:20,Meta Ads,Lead Magnet,Antwerp,50+,Hotel,38.0,0,0
5315,2026-06-25 07:18,Meta Ads,Retargeting,Walloon Brabant,1-9,Restaurant,47.0,1,0
5316,2026-06-25 21:10,Meta Ads,Retargeting,Walloon Brabant,10-49,Snack,46.0,0,0
5317,2026-06-25 21:13,Organic Search,SEO Product Pages,Antwerp,10-49,Bar,66.0,1,0
5318,2026-06-25 09:33,Organic Search,SEO Guides,Namur,10-49,Restaurant,48.0,1,0
5319,2026-06-25 11:04,Organic Search,SEO Guides,Flemish Brabant,1-9,Restaurant,70.0,1,0
5320,2026-06-25 18:08,Organic Search,SEO Comparison,Walloon Brabant,10-49,Restaurant,59.0,1,0
5321,2026-06-25 17:44,Direct,Brand Direct,Flemish Brabant,10-49,Bar,66.0,1,1
5322,2026-06-25 18:47,Direct,Brand Direct,Namur,1-9,Restaurant,61.0,0,0
5323,2026-06-25 14:44,Direct,Brand Direct,Walloon Brabant,1-9,Bar,61.0,0,0
5324,2026-06-25 14:13,Direct,Returning Visitors,Hainaut,1-9,Restaurant,90.0,1,1
5325,2026-06-25 20:10,Email,Newsletter,Flemish Brabant,10-49,Bar,48.0,0,0
5326,2026-06-25 19:35,Email,Newsletter,Hainaut,10-49,Snack,58.0,0,0
5327,2026-06-25 10:03,Email,Newsletter,Liège,10-49,Café,59.0,1,0
5328,2026-06-25 14:34,Email,Reactivation,Liège,10-49,Bar,29.0,0,0
5329,2026-06-25 14:50,Referral,Customer Referral,Walloon Brabant,10-49,Snack,76.0,0,0
5330,2026-06-25 13:31,Referral,Industry Events,Antwerp,10-49,Bar,90.0,1,1
5331,2026-06-25 07:09,Referral,Industry Events,East Flanders,1-9,Café,79.0,0,0
5332,2026-06-26 09:12,Google Ads,Competitor Search,East Flanders,1-9,Bar,51.0,0,0
5333,2026-06-26 07:20,LinkedIn Ads,Operations Leaders,Hainaut,50+,Snack,75.0,1,1
5334,2026-06-26 21:30,LinkedIn Ads,Operations Leaders,Brussels,50+,Snack,83.0,1,1
5335,2026-06-26 19:15,Meta Ads,Awareness Video,Walloon Brabant,10-49,Hotel,24.0,0,0
5336,2026-06-26 09:29,Meta Ads,Awareness Video,Flemish Brabant,10-49,Bar,9.0,0,0
5337,2026-06-26 15:39,Meta Ads,Awareness Video,Hainaut,1-9,Bar,28.0,0,0
5338,2026-06-26 17:19,Meta Ads,Awareness Video,Brussels,1-9,Restaurant,9.0,0,0
5339,2026-06-26 15:56,Meta Ads,Awareness Video,Walloon Brabant,1-9,Restaurant,5.0,0,0
5340,2026-06-26 13:32,Meta Ads,Awareness Video,Antwerp,1-9,Snack,2.0,0,0
5341,2026-06-26 19:17,Meta Ads,Awareness Video,Liège,10-49,Bar,19.0,0,0
5342,2026-06-26 11:58,Meta Ads,Lead Magnet,Brussels,1-9,Snack,14.0,0,0
5343,2026-06-26 11:52,Meta Ads,Retargeting,East Flanders,1-9,Bar,44.0,0,0
5344,2026-06-26 15:42,Meta Ads,Retargeting,East Flanders,1-9,Restaurant,50.0,1,0
5345,2026-06-26 09:06,Meta Ads,Retargeting,Flemish Brabant,1-9,Snack,,1,0
5346,2026-06-26 20:07,Meta Ads,Retargeting,Liège,1-9,Café,53.0,0,0
5347,2026-06-26 10:22,Organic Search,SEO Product Pages,Flemish Brabant,10-49,Café,56.0,0,0
5348,2026-06-26 21:12,Organic Search,SEO Product Pages,Flemish Brabant,1-9,Restaurant,61.0,1,0
5349,2026-06-26 14:23,Organic Search,SEO Product Pages,Antwerp,10-49,Restaurant,80.0,1,1
5350,2026-06-26 16:31,Organic Search,SEO Product Pages,Hainaut,1-9,Bar,40.0,1,1
5351,2026-06-26 16:12,Organic Search,SEO Guides,Antwerp,10-49,Snack,48.0,0,0
5352,2026-06-26 08:42,Organic Search,SEO Guides,Liège,50+,Restaurant,80.0,1,1
5353,2026-06-26 14:44,Organic Search,SEO Guides,Brussels,1-9,Snack,43.0,1,1
5354,2026-06-26 16:47,Organic Search,SEO Comparison,Flemish Brabant,10-49,Restaurant,69.0,1,1
5355,2026-06-26 08:19,Direct,Brand Direct,Flemish Brabant,1-9,Restaurant,39.0,1,0
5356,2026-06-26 13:05,Direct,Brand Direct,Hainaut,10-49,Snack,88.0,1,0
5357,2026-06-26 18:40,Direct,Brand Direct,Antwerp,1-9,Restaurant,44.0,0,0
5358,2026-06-26 11:36,Direct,Brand Direct,Antwerp,1-9,Café,72.0,0,0
5359,2026-06-26 16:38,Email,Lead Nurture,Namur,1-9,Café,67.0,1,0
5360,2026-06-26 09:59,Email,Lead Nurture,Brussels,1-9,Restaurant,65.0,1,1
5361,2026-06-26 08:09,Email,Reactivation,East Flanders,10-49,Café,43.0,0,0
5362,2026-06-26 18:12,Email,Reactivation,namur ,1-9,Restaurant,46.0,0,0
5363,2026-06-26 15:30,Referral,Partner Network,Hainaut,10-49,Hotel,72.0,1,1
5364,2026-06-26 12:44,Referral,Partner Network,Hainaut,1-9,Restaurant,74.0,1,0
5365,2026-06-26 15:06,Referral,Customer Referral,Antwerp,1-9,Bar,99.0,1,1
5366,2026-06-26 11:14,Referral,Industry Events,Walloon Brabant,1-9,Café,73.0,1,1
5367,2026-06-27 15:32,Google Ads,High Intent Search,Brussels,1-9,Restaurant,55.0,1,1
5368,2026-06-27 15:08,Google Ads,High Intent Search,East Flanders,1-9,Bar,52.0,1,0
5369,2026-06-27 09:56,Google Ads,High Intent Search,East Flanders,1-9,Restaurant,18.0,0,0
5370,2026-06-27 14:13,Google Ads,Restaurant Operations,Oost-Vlaanderen,1-9,Restaurant,50.0,0,0
5371,2026-06-27 10:22,Google Ads,Restaurant Operations,Hainaut,1-9,Bar,70.0,1,1
5372,2026-06-27 16:47,Meta Ads,Awareness Video,Hainaut,10-49,Restaurant,31.0,0,0
5373,2026-06-27 13:35,Meta Ads,Awareness Video,Antwerp,1-9,Restaurant,,0,0
5374,2026-06-27 12:06,Meta Ads,Awareness Video,Hainaut,10-49,Restaurant,33.0,0,0
5375,2026-06-27 15:43,Meta Ads,Awareness Video,East Flanders,10-49,Snack,29.0,1,0
5376,2026-06-27 21:42,Meta Ads,Awareness Video,Flemish Brabant,1-9,Restaurant,11.0,0,0
5377,2026-06-27 08:26,Meta Ads,Summer Promo TEST,Antwerp,1-9,Snack,19.0,0,0
5378,2026-06-27 16:30,Meta Ads,Lead Magnet,Flemish Brabant,10-49,Restaurant,37.0,0,0
5379,2026-06-27 08:46,Meta Ads,Lead Magnet,Liège,10-49,Restaurant,30.0,0,0
5380,2026-06-27 18:02,Meta Ads,Retargeting,Walloon Brabant,1-9,Bar,41.0,1,0
5381,2026-06-27 20:04,Organic Search,SEO Product Pages,Antwerp,1-9,Snack,59.0,1,1
5382,2026-06-27 12:41,Organic Search,SEO Product Pages,Flemish Brabant,1-9,Restaurant,57.0,1,1
5383,2026-06-27 19:25,Organic Search,SEO Guides,Brussels,1-9,Restaurant,47.0,0,0
5384,2026-06-27 12:01,Organic Search,SEO Guides,Hainaut,10-49,Restaurant,76.0,1,0
5385,2026-06-27 13:34,Direct,Brand Direct,Hainaut,10-49,Restaurant,62.0,0,0
5386,2026-06-27 19:53,Direct,Brand Direct,Antwerp,1-9,Restaurant,61.0,0,0
5387,2026-06-27 10:26,Direct,Returning Visitors,Antwerp,1-9,Snack,49.0,0,0
5388,2026-06-27 12:06,Direct,Returning Visitors,Walloon Brabant,1-9,Snack,69.0,1,1
5389,2026-06-27 20:37,Direct,Returning Visitors,East Flanders,1-9,Bar,50.0,0,0
5390,2026-06-27 17:58,Direct,Returning Visitors,Flemish Brabant,1-9,Restaurant,66.0,1,0
5391,2026-06-27 15:51,Direct,Demo Page Direct,Brussels,10-49,Snack,49.0,1,1
5392,2026-06-27 20:00,Direct,Demo Page Direct,Brussels,1-9,Restaurant,57.0,1,0
5393,2026-06-27 13:52,Email,Newsletter,Hainaut,1-9,Bar,42.0,0,0
5394,2026-06-27 12:50,Email,Lead Nurture,Liège,10-49,Café,57.0,1,0
5395,2026-06-27 20:01,Referral,Partner Network,Liège,10-49,Restaurant,52.0,0,0
5396,2026-06-27 15:18,Referral,Customer Referral,Antwerp,10-49,Restaurant,85.0,0,0
5397,2026-06-28 16:30,Google Ads,High Intent Search,Flemish Brabant,1-9,Restaurant,43.0,1,0
5398,2026-06-28 19:21,Google Ads,High Intent Search,East Flanders,1-9,Bar,46.0,0,0
5399,2026-06-28 17:16,Google Ads,High Intent Search,Brussels,10-49,Snack,59.0,0,0
5400,2026-06-28 20:09,Google Ads,Restaurant Operations,Brussels,1-9,Restaurant,49.0,0,0
5401,2026-06-28 11:23,Meta Ads,Awareness Video,Antwerp,1-9,Restaurant,19.0,0,0
5402,2026-06-28 19:37,Meta Ads,Awareness Video,Namur,10-49,Restaurant,34.0,0,0
5403,2026-06-28 12:15,Meta Ads,Awareness Video,East Flanders,1-9,Restaurant,25.0,0,0
5404,2026-06-28 20:09,Meta Ads,Lead Magnet,Walloon Brabant,10-49,Restaurant,31.0,0,0
5405,2026-06-28 17:07,Meta Ads,Retargeting,Antwerp,1-9,Restaurant,44.0,1,1
5406,2026-06-28 09:55,Meta Ads,Retargeting,Liège,1-9,Restaurant,49.0,0,0
5407,2026-06-28 15:37,Meta Ads,Retargeting,Walloon Brabant,1-9,Restaurant,47.0,0,0
5408,2026-06-28 17:24,Organic Search,SEO Product Pages,Brussels,10-49,Snack,67.0,1,1
5409,2026-06-28 08:01,Organic Search,SEO Guides,Antwerp,1-9,Restaurant,32.0,0,0
5410,2026-06-28 09:56,Organic Search,SEO Guides,Antwerp,1-9,Snack,43.0,1,0
5411,2026-06-28 12:39,Organic Search,SEO Comparison,Hainaut,1-9,Restaurant,54.0,0,0
5412,2026-06-28 19:34,Direct,Brand Direct,Liège,1-9,Restaurant,30.0,1,0
5413,2026-06-28 12:48,Direct,Returning Visitors,Liège,1-9,Restaurant,72.0,0,0
5414,2026-06-28 16:26,Email,Newsletter,Brussels,10-49,Hotel,72.0,1,0
5415,2026-06-28 20:13,Email,Newsletter,Namur,1-9,Bar,54.0,1,1
5416,2026-06-28 16:22,Email,Lead Nurture,Flemish Brabant,1-9,Snack,52.0,0,0
5417,2026-06-28 14:04,Email,Lead Nurture,Hainaut,1-9,Café,79.0,1,0
5418,2026-06-28 11:58,Referral,Partner Network,Namur,50+,Restaurant,83.0,0,0
5419,2026-06-28 12:46,Referral,Partner Network,Liège,1-9,Café,77.0,0,0
5420,2026-06-28 14:29,Referral,Industry Events,Liège,10-49,Bar,94.0,1,1
5421,2026-06-29 08:59,Google Ads,Restaurant Operations,Hainaut,1-9,Café,54.0,0,0
5422,2026-06-29 15:46,Meta Ads,Awareness Video,Hainaut,10-49,Snack,27.0,0,0
5423,2026-06-29 19:55,Meta Ads,Awareness Video,Brussels,10-49,Café,29.0,0,0
5424,2026-06-29 18:04,Meta Ads,Lead Magnet,East Flanders,1-9,Café,45.0,0,0
5425,2026-06-29 09:23,Meta Ads,Retargeting,Brussels,10-49,Bar,49.0,0,0
5426,2026-06-29 15:55,Meta Ads,Retargeting,Hainaut,10-49,Restaurant,,1,1
5427,2026-06-29 08:33,Organic Search,SEO Product Pages,Antwerp,1-9,Café,60.0,1,1
5428,2026-06-29 18:53,Organic Search,SEO Product Pages,Flemish Brabant,10-49,Restaurant,54.0,1,0
5429,2026-06-29 19:21,Organic Search,SEO Product Pages,Namur,1-9,Bar,36.0,0,0
5430,2026-06-29 15:49,Organic Search,SEO Guides,Liège,10-49,Hotel,41.0,0,0
5431,2026-06-29 15:06,Organic Search,SEO Guides,Flemish Brabant,50+,Restaurant,68.0,0,0
5432,2026-06-29 11:27,Organic Search,SEO Guides,Liège,1-9,Snack,63.0,1,0
5433,2026-06-29 21:30,Organic Search,SEO Guides,Walloon Brabant,10-49,Bar,69.0,1,1
5434,2026-06-29 14:02,Organic Search,SEO Guides,Antwerp,1-9,Snack,50.0,1,0
5435,2026-06-29 11:23,Organic Search,SEO Comparison,Hainaut,1-9,Restaurant,59.0,0,0
5436,2026-06-29 16:36,Organic Search,SEO Comparison,Namur,1-9,Restaurant,52.0,0,0
5437,2026-06-29 19:11,Direct,Brand Direct,Brussels,1-9,Restaurant,62.0,1,0
5438,2026-06-29 18:39,Direct,Returning Visitors,Flemish Brabant,10-49,Bar,61.0,0,0
5439,2026-06-29 10:17,Direct,Returning Visitors,Brussels,10-49,Restaurant,51.0,1,1
5440,2026-06-29 15:24,Email,Newsletter,Walloon Brabant,10-49,Restaurant,73.0,1,0
5441,2026-06-29 15:06,Email,Newsletter,Antwerp,50+,Restaurant,77.0,0,0
5442,2026-06-29 16:37,Email,Newsletter,Hainaut,50+,Restaurant,71.0,1,1
5443,2026-06-29 18:06,Email,Lead Nurture,Walloon Brabant,1-9,Restaurant,54.0,0,0
5444,2026-06-29 11:01,Email,Lead Nurture,East Flanders,1-9,Restaurant,77.0,1,1
5445,2026-06-29 08:43,Email,Reactivation,Liège,10-49,Snack,56.0,0,0
5446,2026-06-29 08:33,Referral,Partner Network,East Flanders,1-9,Hotel,67.0,0,0
5447,2026-06-29 08:04,Referral,Partner Network,Liège,50+,Café,78.0,1,1
5448,2026-06-29 07:20,Referral,Partner Network,Antwerp,1-9,Restaurant,93.0,1,1
5449,2026-06-29 09:39,Referral,Industry Events,Walloon Brabant,10-49,Restaurant,76.0,1,1
5450,2026-06-29 17:52,Referral,Industry Events,Brussels,10-49,Restaurant,65.0,0,0
5451,2026-06-30 10:27,Google Ads,High Intent Search,Brussels,1-9,Restaurant,72.0,1,1
5452,2026-06-30 11:46,Google Ads,High Intent Search,Brussels,10-49,Restaurant,72.0,1,0
5453,2026-06-30 08:53,Google Ads,High Intent Search,Antwerp,10-49,Restaurant,53.0,1,0
5454,2026-06-30 11:23,Google Ads,Restaurant Operations,East Flanders,1-9,Bar,38.0,0,0
5455,2026-06-30 07:13,Google Ads,Restaurant Operations,Brussels,10-49,Café,59.0,0,0
5456,2026-06-30 17:07,Google Ads,Restaurant Operations,Hainaut,1-9,Café,60.0,0,0
5457,2026-06-30 14:28,LinkedIn Ads,SMB Growth,Hainaut,50+,Restaurant,86.0,1,1
5458,2026-06-30 18:05,LinkedIn Ads,SMB Growth,East Flanders,10-49,Restaurant,70.0,1,1
5459,2026-06-30 07:30,Meta Ads,Awareness Video,Hainaut,1-9,Restaurant,46.0,0,0
5460,2026-06-30 16:52,Meta Ads,Awareness Video,Antwerp,1-9,Restaurant,32.0,0,0
5461,2026-06-30 20:09,Meta Ads,Awareness Video,Flemish Brabant,50+,Restaurant,46.0,1,0
5462,2026-06-30 08:28,Meta Ads,Awareness Video,East Flanders,1-9,Bar,30.0,1,0
5463,2026-06-30 17:28,Meta Ads,Awareness Video,Walloon Brabant,1-9,Snack,29.0,0,0
5464,2026-06-30 12:06,Meta Ads,Awareness Video,Brussels,1-9,Restaurant,16.0,0,0
5465,2026-06-30 19:32,Meta Ads,Lead Magnet,Hainaut,1-9,Restaurant,5.0,0,0
5466,2026-06-30 14:47,Organic Search,SEO Guides,Brussels,10-49,Restaurant,53.0,0,0
5467,2026-06-30 09:08,Organic Search,SEO Guides,Flemish Brabant,10-49,Café,30.0,0,0
5468,2026-06-30 16:53,Organic Search,SEO Guides,Brussels,1-9,Snack,57.0,1,0
5469,2026-06-30 07:29,Direct,Brand Direct,Flemish Brabant,10-49,Café,68.0,0,0
5470,2026-06-30 17:29,Direct,Brand Direct,Hainaut,1-9,Bar,78.0,1,1
5471,2026-06-30 09:00,Direct,Returning Visitors,Antwerp,1-9,Snack,45.0,0,0
5472,2026-06-30 21:10,Email,Newsletter,Walloon Brabant,1-9,Café,50.0,0,0
5473,2026-06-30 09:08,Email,Newsletter,Hainaut,1-9,Snack,81.0,1,1
5474,2026-06-30 11:01,Email,Newsletter,Hainaut,10-49,Bar,62.0,0,0
5475,2026-06-30 10:20,Email,Lead Nurture,Antwerp,1-9,Café,52.0,0,0
5476,2026-06-30 10:28,Email,Lead Nurture,Walloon Brabant,10-49,Snack,50.0,1,0
5477,2026-06-30 07:52,Email,Reactivation,Flemish Brabant,10-49,Restaurant,56.0,1,0
5478,2026-06-30 10:18,Referral,Customer Referral,Brussels,50+,Restaurant,86.0,1,1
5479,2026-06-30 12:58,Referral,Customer Referral,Hainaut,50+,Café,100.0,1,1
5480,2026-06-30 08:31,Referral,Customer Referral,Liège,1-9,Bar,87.0,1,1
4143,2026-05-12 11:35,Organic Search,SEO Product Pages,East Flanders,10-49,Restaurant,59.0,1,0
2636,2026-03-13 13:50,Google Ads,High Intent Search,Brussels,1-9,Restaurant,58.0,1,1
4982,2026-06-12 17:18,Organic Search,SEO Guides,Brussels,1-9,Bar,49.0,1,0
3013,2026-03-30 08:14,Google Ads,Competitor Search,Brussels,1-9,Restaurant,58.0,1,1
254,2025-11-16 10:46,Meta Ads,Awareness Video,Liège,10-49,Café,27.0,0,0
5219,2026-06-22 10:39,Meta Ads,Retargeting,Namur,1-9,Restaurant,41.0,0,0
4776,2026-06-05 07:33,Meta Ads,Awareness Video,Flemish Brabant,1-9,Restaurant,10.0,0,0
339,2025-11-20 11:26,Meta Ads,Awareness Video,Antwerp,10-49,Restaurant,31.0,0,0
1973,2026-02-13 20:57,Email,Lead Nurture,Antwerp,50+,Restaurant,84.0,1,1
1444,2026-01-21 07:09,Email,Newsletter,Brussels,1-9,Snack,63.0,1,1
1516,2026-01-24 21:34,Direct,Returning Visitors,Namur,1-9,Café,43.0,1,0
436,2025-11-26 21:39,Google Ads,Restaurant Operations,Namur,1-9,Restaurant,50.0,0,0
3005,2026-03-29 15:56,Direct,Brand Direct,Hainaut,10-49,Restaurant,65.0,1,1
5448,2026-06-29 07:20,Referral,Partner Network,Antwerp,1-9,Restaurant,93.0,1,1
3690,2026-04-25 13:58,Organic Search,SEO Comparison,East Flanders,10-49,Restaurant,72.0,1,0
1909,2026-02-11 07:42,Organic Search,SEO Guides,Antwerp,10-49,Bar,57.0,1,0
1054,2025-12-31 11:27,Referral,Customer Referral,Brussels,10-49,Café,66.0,1,0
4924,2026-06-10 17:19,Direct,Brand Direct,Brussels,50+,Snack,73.0,1,1
1898,2026-02-11 13:09,Google Ads,Competitor Search,Antwerp,10-49,Café,53.0,0,0
4970,2026-06-12 11:13,Google Ads,High Intent Search,East Flanders,10-49,Restaurant,43.0,0,0
5062,2026-06-15 07:32,Referral,Customer Referral,Brussels,10-49,Café,96.0,1,1
5170,2026-06-20 07:54,Meta Ads,Summer Promo TEST,Walloon Brabant,10-49,Restaurant,36.0,1,0
4754,2026-06-04 21:25,Organic Search,SEO Product Pages,Antwerp,1-9,Bar,38.0,1,0
5358,2026-06-26 11:36,Direct,Brand Direct,Antwerp,1-9,Café,72.0,0,0
1871,2026-02-09 19:24,Email,Lead Nurture,Hainaut,10-49,Snack,83.0,1,1
3218,2026-04-06 09:24,Email,Newsletter,Hainaut,1-9,Restaurant,46.0,1,1
4468,2026-05-25 11:10,Organic Search,SEO Product Pages,Walloon Brabant,1-9,Bar,33.0,0,0
1817,2026-02-07 20:56,Email,Lead Nurture,Walloon Brabant,10-49,Café,51.0,1,1
3562,2026-04-20 12:54,Organic Search,SEO Product Pages,Brussels,10-49,Restaurant,47.0,0,0
1544,2026-01-26 19:50,Google Ads,Restaurant Operations,Brussels,1-9,Café,44.0,0,0
689,2025-12-09 14:42,Meta Ads,Awareness Video,East Flanders,10-49,Restaurant,42.0,1,0
845,2025-12-17 16:26,Direct,Returning Visitors,Hainaut,1-9,Bar,74.0,1,0
424,2025-11-24 12:00,Referral,Customer Referral,Liège,1-9,Restaurant,60.0,1,1
5178,2026-06-20 16:31,Organic Search,SEO Comparison,Brussels,1-9,Restaurant,67.0,0,0
3016,2026-03-30 11:20,Meta Ads,Awareness Video,Liège,10-49,Restaurant,29.0,1,0
4654,2026-05-31 07:10,Referral,Partner Network,Flemish Brabant,1-9,Snack,63.0,0,0
3168,2026-04-04 09:29,Meta Ads,Lead Magnet,Flemish Brabant,1-9,Restaurant,,1,0
2106,2026-02-19 14:28,Organic Search,SEO Product Pages,Brussels,1-9,Café,63.0,1,0
1506,2026-01-24 20:12,Meta Ads,Awareness Video,Brussels,1-9,Snack,37.0,1,0
2424,2026-03-04 09:12,Organic Search,SEO Product Pages,Antwerp,1-9,Snack,54.0,0,0
1043,2025-12-31 09:51,Google Ads,Restaurant Operations,East Flanders,1-9,Restaurant,47.0,1,0
4697,2026-06-02 07:48,Organic Search,SEO Guides,Antwerp,1-9,Restaurant,1.0,0,0
2271,2026-02-26 21:04,Organic Search,SEO Product Pages,East Flanders,1-9,Hotel,64.0,1,1
2786,2026-03-20 08:27,LinkedIn Ads,SMB Growth,Brussels,1-9,Restaurant,53.0,0,0
646,2025-12-06 19:19,Referral,Partner Network,Flemish Brabant,1-9,Snack,67.0,0,0
