date_key,campaign_id,channel_id,impressions,clicks,sessions,spend
20251101,1,1,671,29,26,67.8
20251101,2,1,223,10,9,29.21
20251101,4,2,977,6,6,41.81
20251101,7,3,5040,58,54,37.37
20251101,8,3,2313,29,25,21.32
20251101,10,4,2500,80,80,0.0
20251101,11,4,2375,76,76,0.0
20251101,13,5,62,62,62,0.0
20251101,14,5,25,25,25,0.0
20251101,16,6,737,28,28,6.5
20251101,19,7,10,10,10,11.8
20251101,20,7,15,15,15,0.0
20251102,1,1,535,27,24,62.35
20251102,2,1,243,10,9,31.05
20251102,4,2,924,6,5,40.73
20251102,7,3,5161,64,57,36.24
20251102,8,3,2283,32,29,24.4
20251102,10,4,2656,85,85,0.0
20251102,11,4,2688,86,86,0.0
20251102,13,5,71,71,71,0.0
20251102,14,5,17,17,17,0.0
20251102,16,6,421,16,16,6.5
20251102,19,7,10,10,10,9.24
20251102,20,7,8,8,8,0.0
20251103,1,1,928,45,40,83.77
20251103,2,1,292,14,12,44.44
20251103,4,2,1007,8,7,57.75
20251103,7,3,9722,114,99,71.7
20251103,8,3,3405,42,37,31.47
20251103,10,4,3469,111,111,0.0
20251103,11,4,3469,111,111,0.0
20251103,13,5,96,96,96,0.0
20251103,14,5,42,42,42,0.0
20251103,16,6,605,23,23,6.5
20251103,19,7,16,16,16,13.36
20251103,20,7,7,7,7,0.0
20251104,1,1,1029,47,44,94.56
20251104,2,1,220,10,9,32.49
20251104,4,2,923,7,6,47.41
20251104,7,3,9952,111,98,67.66
20251104,8,3,3060,42,38,28.84
20251104,10,4,3656,117,117,0.0
20251104,11,4,3312,106,106,0.0
20251104,13,5,98,98,98,0.0
20251104,14,5,53,53,53,0.0
20251104,16,6,711,27,27,6.5
20251104,19,7,17,17,17,16.11
20251104,20,7,18,18,18,0.0
20251105,1,1,686,30,27,68.63
20251105,2,1,354,17,15,52.3
20251105,4,2,943,7,6,48.68
20251105,7,3,8618,89,78,55.38
20251105,8,3,2791,38,35,29.74
20251105,10,4,3688,118,118,0.0
20251105,11,4,3156,101,101,0.0
20251105,13,5,94,94,94,0.0
20251105,14,5,41,41,41,0.0
20251105,16,6,868,33,33,6.5
20251105,19,7,12,12,12,13.88
20251105,20,7,16,16,16,0.0
20251106,1,1,731,34,32,86.7
20251106,2,1,396,17,15,49.25
20251106,4,2,1198,8,7,63.72
20251106,7,3,7861,92,84,61.28
20251106,8,3,5241,60,55,40.35
20251106,10,4,3875,124,124,0.0
20251106,11,4,3469,111,111,0.0
20251106,13,5,100,100,100,0.0
20251106,14,5,44,44,44,0.0
20251106,16,6,974,37,37,6.5
20251106,19,7,17,17,17,13.89
20251106,20,7,13,13,13,0.0
20251107,1,1,854,34,31,77.85
20251107,2,1,383,18,16,49.35
20251107,4,2,803,6,5,48.64
20251107,7,3,7094,85,77,50.88
20251107,8,3,3199,40,37,28.91
20251107,10,4,3469,111,111,0.0
20251107,11,4,3031,97,97,0.0
20251107,13,5,100,100,100,0.0
20251107,14,5,42,42,42,0.0
20251107,16,6,632,24,24,6.5
20251107,19,7,11,11,11,14.36
20251107,20,7,10,10,10,0.0
20251108,1,1,755,32,29,66.52
20251108,2,1,272,13,11,34.22
20251108,4,2,668,5,5,41.21
20251108,7,3,6552,70,66,40.72
20251108,8,3,1915,24,21,18.18
20251108,10,4,2781,89,89,0.0
20251108,11,4,2062,66,66,0.0
20251108,13,5,70,70,70,0.0
20251108,14,5,31,31,31,0.0
20251108,16,6,500,19,19,6.5
20251108,19,7,9,9,9,9.52
20251108,20,7,9,9,9,0.0
20251109,1,1,661,28,26,64.47
20251109,2,1,169,8,7,25.36
20251109,4,2,748,5,5,37.18
20251109,7,3,6788,78,72,42.98
20251109,8,3,2472,33,29,25.73
20251109,10,4,2906,93,93,0.0
20251109,11,4,2750,88,88,0.0
20251109,13,5,64,64,64,0.0
20251109,14,5,33,33,33,0.0
20251109,16,6,553,21,21,6.5
20251109,19,7,13,13,13,10.63
20251109,20,7,10,10,10,0.0
20251110,1,1,684,32,29,74.35
20251110,2,1,392,19,18,47.38
20251110,4,2,1223,8,7,69.67
20251110,7,3,8401,103,89,59.73
20251110,8,3,3071,36,33,28.19
20251110,10,4,4312,138,138,0.0
20251110,11,4,3344,107,107,0.0
20251110,13,5,77,77,77,0.0
20251110,14,5,47,47,47,0.0
20251110,16,6,711,27,27,6.5
20251110,19,7,19,19,19,12.28
20251110,20,7,9,9,9,0.0
20251111,1,1,668,27,24,67.49
20251111,2,1,408,16,14,50.4
20251111,4,2,878,7,6,54.29
20251111,7,3,8965,88,80,54.65
20251111,8,3,4225,40,37,29.93
20251111,10,4,3312,106,106,0.0
20251111,11,4,3719,119,119,0.0
20251111,13,5,89,89,89,0.0
20251111,14,5,43,43,43,0.0
20251111,16,6,789,30,30,6.5
20251111,19,7,11,11,11,11.47
20251111,20,7,12,12,12,0.0
20251112,1,1,804,36,31,81.59
20251112,2,1,356,18,16,56.78
20251112,4,2,1181,8,7,66.11
20251112,7,3,7957,108,94,61.38
20251112,8,3,3284,44,39,31.41
20251112,10,4,3219,103,103,0.0
20251112,11,4,3438,110,110,0.0
20251112,13,5,78,78,78,0.0
20251112,14,5,43,43,43,0.0
20251112,16,6,632,24,24,6.5
20251112,19,7,18,18,18,16.08
20251112,20,7,12,12,12,0.0
20251113,1,1,980,48,43,95.17
20251113,2,1,357,17,15,48.89
20251113,4,2,1258,9,8,67.71
20251113,7,3,6893,82,76,44.93
20251113,8,3,4165,51,47,37.48
20251113,10,4,4156,133,133,0.0
20251113,11,4,2969,95,95,0.0
20251113,13,5,83,83,83,0.0
20251113,14,5,40,40,40,0.0
20251113,16,6,1026,39,39,6.5
20251113,19,7,14,14,14,14.5
20251113,20,7,12,12,12,0.0
20251114,1,1,738,32,28,83.96
20251114,2,1,324,13,11,42.4
20251114,4,2,1018,8,8,55.61
20251114,7,3,7248,93,87,53.0
20251114,8,3,3743,47,44,35.97
20251114,10,4,3500,112,112,0.0
20251114,11,4,3688,118,118,0.0
20251114,13,5,81,81,81,0.0
20251114,14,5,52,52,52,0.0
20251114,16,6,974,37,37,6.5
20251114,19,7,9,9,9,16.13
20251114,20,7,12,12,12,0.0
20251115,1,1,488,25,23,61.74
20251115,2,1,197,9,8,28.96
20251115,3,1,408,17,15,33.66
20251115,4,2,879,6,5,43.29
20251115,7,3,5626,69,63,38.37
20251115,8,3,2463,30,28,22.21
20251115,10,4,2594,83,83,0.0
20251115,11,4,2531,81,81,0.0
20251115,13,5,74,74,74,0.0
20251115,14,5,31,31,31,0.0
20251115,16,6,579,22,22,6.5
20251115,19,7,14,14,14,10.18
20251115,20,7,7,7,7,0.0
20251116,1,1,533,26,23,55.46
20251116,2,1,278,11,10,31.86
20251116,3,1,323,16,15,33.88
20251116,4,2,1137,6,5,42.55
20251116,7,3,4587,59,52,36.11
20251116,8,3,2733,32,30,22.47
20251116,10,4,2094,67,67,0.0
20251116,11,4,1969,63,63,0.0
20251116,13,5,61,61,61,0.0
20251116,14,5,24,24,24,0.0
20251116,16,6,605,23,23,6.5
20251116,19,7,20,20,20,9.68
20251116,20,7,2,2,2,0.0
20251117,1,1,1031,42,36,90.35
20251117,2,1,279,13,12,38.61
20251117,3,1,328,16,14,34.05
20251117,4,2,1109,8,7,60.57
20251117,7,3,7401,87,78,57.75
20251117,8,3,2792,37,35,27.24
20251117,10,4,3938,126,126,0.0
20251117,11,4,3062,98,98,0.0
20251117,13,5,88,88,88,0.0
20251117,14,5,47,47,47,0.0
20251117,16,6,711,27,27,6.5
20251117,19,7,17,17,17,14.79
20251117,20,7,13,13,13,0.0
20251118,1,1,744,39,34,95.9
20251118,2,1,372,18,17,50.73
20251118,3,1,376,17,15,36.24
20251118,4,2,910,7,6,52.89
20251118,7,3,7105,75,68,44.41
20251118,8,3,3416,47,44,32.38
20251118,10,4,4031,129,129,0.0
20251118,11,4,3062,98,98,0.0
20251118,13,5,100,100,100,0.0
20251118,14,5,45,45,45,0.0
20251118,16,6,868,33,33,6.5
20251118,19,7,14,14,14,13.97
20251118,20,7,7,7,7,0.0
20251119,1,1,876,37,33,90.62
20251119,2,1,356,15,13,44.64
20251119,3,1,349,17,15,37.83
20251119,4,2,1161,8,7,58.61
20251119,7,3,8115,101,89,57.2
20251119,8,3,4362,48,42,34.78
20251119,10,4,4000,128,128,0.0
20251119,11,4,3594,115,115,0.0
20251119,13,5,121,121,121,0.0
20251119,14,5,44,44,44,0.0
20251119,16,6,974,37,37,6.5
20251119,19,7,16,16,16,13.45
20251119,20,7,9,9,9,0.0
20251120,1,1,705,35,33,75.61
20251120,2,1,337,14,12,45.62
20251120,3,1,415,20,18,46.48
20251120,4,2,1080,8,7,61.91
20251120,7,3,13380,134,124,77.68
20251120,8,3,2619,33,31,25.93
20251120,10,4,3812,122,122,0.0
20251120,11,4,3594,115,115,0.0
20251120,13,5,103,103,103,0.0
20251120,14,5,42,42,42,0.0
20251120,16,6,684,26,26,6.5
20251120,19,7,20,20,20,14.63
20251120,20,7,19,19,19,0.0
20251121,1,1,707,31,27,73.5
20251121,2,1,282,15,14,47.19
20251121,3,1,469,20,19,41.45
20251121,4,2,1326,9,8,62.39
20251121,7,3,8723,104,94,61.84
20251121,8,3,2953,39,36,28.21
20251121,10,4,3625,116,116,0.0
20251121,11,4,3031,97,97,0.0
20251121,13,5,83,83,83,0.0
20251121,14,5,49,49,49,0.0
20251121,16,6,658,25,25,6.5
20251121,19,7,14,14,14,12.16
20251121,20,7,12,12,12,0.0
20251122,1,1,540,22,20,50.44
20251122,2,1,296,13,11,39.09
20251122,3,1,381,14,13,30.01
20251122,4,2,645,4,4,29.17
20251122,7,3,6182,83,78,49.61
20251122,8,3,2440,29,26,23.98
20251122,10,4,2844,91,91,0.0
20251122,11,4,2906,93,93,0.0
20251122,13,5,78,78,78,0.0
20251122,14,5,39,39,39,0.0
20251122,16,6,605,23,23,6.5
20251122,19,7,7,7,7,10.05
20251122,20,7,5,5,5,0.0
20251123,1,1,641,28,25,63.43
20251123,2,1,293,13,11,37.86
20251123,3,1,293,12,11,26.66
20251123,4,2,726,5,4,42.98
20251123,7,3,7311,83,76,45.1
20251123,8,3,2497,29,25,21.0
20251123,10,4,2781,89,89,0.0
20251123,11,4,2688,86,86,0.0
20251123,13,5,78,78,78,0.0
20251123,14,5,27,27,27,0.0
20251123,16,6,711,27,27,6.5
20251123,19,7,15,15,15,10.02
20251123,20,7,9,9,9,0.0
20251124,1,1,761,31,27,72.78
20251124,2,1,369,17,15,48.95
20251124,3,1,457,21,18,43.24
20251124,4,2,1023,7,7,55.62
20251124,7,3,7950,92,84,55.5
20251124,8,3,3403,40,35,30.71
20251124,10,4,4094,131,131,0.0
20251124,11,4,3719,119,119,0.0
20251124,13,5,94,94,94,0.0
20251124,14,5,48,48,48,0.0
20251124,16,6,842,32,32,6.5
20251124,19,7,16,16,16,13.43
20251124,20,7,12,12,12,0.0
20251125,1,1,740,37,34,78.88
20251125,2,1,315,15,13,50.62
20251125,3,1,330,16,14,34.65
20251125,4,2,748,6,6,48.47
20251125,7,3,6933,84,74,47.42
20251125,8,3,4067,54,48,37.69
20251125,10,4,3531,113,113,0.0
20251125,11,4,3656,117,117,0.0
20251125,13,5,96,96,96,0.0
20251125,14,5,49,49,49,0.0
20251125,16,6,605,23,23,6.5
20251125,19,7,20,20,20,14.8
20251125,20,7,15,15,15,0.0
20251126,1,1,796,36,32,85.1
20251126,2,1,290,14,12,42.87
20251126,3,1,455,22,19,50.55
20251126,4,2,1160,8,7,63.36
20251126,7,3,8418,113,102,68.09
20251126,8,3,3230,39,35,26.78
20251126,10,4,3625,116,116,0.0
20251126,11,4,3312,106,106,0.0
20251126,13,5,118,118,118,0.0
20251126,14,5,41,41,41,0.0
20251126,16,6,763,29,29,6.5
20251126,19,7,22,22,22,14.47
20251126,20,7,10,10,10,0.0
20251127,1,1,942,40,36,93.12
20251127,2,1,318,15,13,43.38
20251127,3,1,591,24,21,54.04
20251127,4,2,1299,9,8,61.04
20251127,7,3,10387,110,101,61.69
20251127,8,3,2559,28,25,24.17
20251127,10,4,3844,123,123,0.0
20251127,11,4,3625,116,116,0.0
20251127,13,5,87,87,87,0.0
20251127,14,5,50,50,50,0.0
20251127,16,6,737,28,28,6.5
20251127,19,7,18,18,18,13.8
20251127,20,7,17,17,17,0.0
20251128,1,1,1426,53,47,119.72
20251128,2,1,346,17,15,51.29
20251128,3,1,359,17,15,36.71
20251128,4,2,1159,7,6,53.03
20251128,7,3,8832,96,86,53.2
20251128,8,3,3225,39,35,28.18
20251128,10,4,4438,142,142,0.0
20251128,11,4,3250,104,104,0.0
20251128,13,5,81,81,81,0.0
20251128,14,5,43,43,43,0.0
20251128,16,6,737,28,28,6.5
20251128,19,7,15,15,15,13.54
20251128,20,7,18,18,18,0.0
20251129,1,1,610,27,24,62.41
20251129,2,1,271,12,11,36.08
20251129,3,1,369,16,14,31.14
20251129,4,2,531,4,4,34.36
20251129,7,3,5302,65,57,36.4
20251129,8,3,2090,26,24,21.92
20251129,10,4,2375,76,76,0.0
20251129,11,4,2344,75,75,0.0
20251129,13,5,60,60,60,0.0
20251129,14,5,33,33,33,0.0
20251129,16,6,526,20,20,6.5
20251129,19,7,13,13,13,10.35
20251129,20,7,10,10,10,0.0
20251130,1,1,724,31,29,82.72
20251130,2,1,227,9,8,25.9
20251130,3,1,389,16,14,31.64
20251130,4,2,963,6,5,38.32
20251130,7,3,6880,74,67,49.56
20251130,8,3,2753,30,27,24.18
20251130,10,4,2438,78,78,0.0
20251130,11,4,2406,77,77,0.0
20251130,13,5,71,71,71,0.0
20251130,14,5,39,39,39,0.0
20251130,16,6,605,23,23,6.5
20251130,19,7,18,18,18,12.07
20251130,20,7,7,7,7,0.0
20251201,1,1,728,36,32,83.53
20251201,2,1,344,16,14,45.65
20251201,3,1,534,22,21,45.29
20251201,4,2,1054,7,6,53.81
20251201,5,2,768,5,5,33.31
20251201,7,3,8711,98,85,58.52
20251201,8,3,3486,43,38,29.37
20251201,10,4,3938,126,126,0.0
20251201,11,4,4094,131,131,0.0
20251201,13,5,104,104,104,0.0
20251201,14,5,35,35,35,0.0
20251201,15,5,23,23,23,0.0
20251201,16,6,737,28,28,6.5
20251201,17,6,526,20,20,6.5
20251201,19,7,21,21,21,16.26
20251201,20,7,10,10,10,0.0
20251202,1,1,786,35,31,85.29
20251202,2,1,364,16,14,47.18
20251202,3,1,393,19,17,42.55
20251202,4,2,839,6,5,47.71
20251202,5,2,669,5,5,35.71
20251202,7,3,8766,99,89,58.84
20251202,8,3,2333,29,26,22.56
20251202,10,4,4031,129,129,0.0
20251202,11,4,4125,132,132,0.0
20251202,13,5,101,101,101,0.0
20251202,14,5,54,54,54,0.0
20251202,15,5,30,30,30,0.0
20251202,16,6,684,26,26,6.5
20251202,17,6,658,25,25,6.5
20251202,19,7,15,15,15,14.68
20251202,20,7,13,13,13,0.0
20251203,1,1,991,39,35,84.57
20251203,2,1,304,16,15,48.48
20251203,3,1,438,21,19,46.07
20251203,4,2,1411,9,8,67.47
20251203,5,2,676,5,5,36.15
20251203,7,3,9940,115,102,63.47
20251203,8,3,2698,33,30,26.31
20251203,10,4,3750,120,120,0.0
20251203,11,4,3844,123,123,0.0
20251203,13,5,100,100,100,0.0
20251203,14,5,50,50,50,0.0
20251203,15,5,23,23,23,0.0
20251203,16,6,868,33,33,6.5
20251203,17,6,605,23,23,6.5
20251203,19,7,17,17,17,12.68
20251203,20,7,10,10,10,0.0
20251204,1,1,881,39,34,83.25
20251204,2,1,310,14,13,45.21
20251204,3,1,592,27,24,54.72
20251204,4,2,1039,8,7,54.85
20251204,5,2,713,5,4,40.07
20251204,7,3,8101,100,90,60.2
20251204,8,3,3277,44,39,35.28
20251204,10,4,4000,128,128,0.0
20251204,11,4,4031,129,129,0.0
20251204,13,5,86,86,86,0.0
20251204,14,5,49,49,49,0.0
20251204,15,5,34,34,34,0.0
20251204,16,6,842,32,32,6.5
20251204,17,6,632,24,24,6.5
20251204,19,7,18,18,18,16.18
20251204,20,7,8,8,8,0.0
20251205,1,1,927,41,38,84.22
20251205,2,1,405,17,15,46.81
20251205,3,1,447,21,19,43.74
20251205,4,2,1007,7,6,60.06
20251205,5,2,776,5,4,32.24
20251205,7,3,7671,94,83,55.11
20251205,8,3,3918,46,42,33.13
20251205,10,4,4000,128,128,0.0
20251205,11,4,3938,126,126,0.0
20251205,13,5,88,88,88,0.0
20251205,14,5,45,45,45,0.0
20251205,15,5,27,27,27,0.0
20251205,16,6,921,35,35,6.5
20251205,17,6,553,21,21,6.5
20251205,19,7,14,14,14,17.71
20251205,20,7,12,12,12,0.0
20251206,1,1,649,24,22,55.23
20251206,2,1,210,10,9,30.79
20251206,3,1,402,17,16,33.42
20251206,4,2,900,7,6,44.69
20251206,5,2,488,3,3,21.91
20251206,7,3,5920,70,62,39.62
20251206,8,3,2144,26,23,17.87
20251206,10,4,2750,88,88,0.0
20251206,11,4,2500,80,80,0.0
20251206,13,5,74,74,74,0.0
20251206,14,5,25,25,25,0.0
20251206,15,5,12,12,12,0.0
20251206,16,6,474,18,18,6.5
20251206,17,6,395,15,15,6.5
20251206,19,7,11,11,11,9.82
20251206,20,7,8,8,8,0.0
20251207,1,1,675,28,26,60.0
20251207,2,1,200,9,8,28.06
20251207,3,1,257,12,11,27.53
20251207,4,2,856,6,5,46.92
20251207,5,2,603,4,4,25.58
20251207,7,3,5999,67,59,39.89
20251207,8,3,2108,22,20,17.3
20251207,10,4,2938,94,94,0.0
20251207,11,4,2344,75,75,0.0
20251207,13,5,61,61,61,0.0
20251207,14,5,30,30,30,0.0
20251207,15,5,20,20,20,0.0
20251207,16,6,553,21,21,6.5
20251207,17,6,553,21,21,6.5
20251207,19,7,14,14,14,10.7
20251207,20,7,6,6,6,0.0
20251208,1,1,872,40,37,91.75
20251208,2,1,301,13,12,42.49
20251208,3,1,564,25,22,48.2
20251208,4,2,885,6,5,48.49
20251208,5,2,981,7,6,44.86
20251208,7,3,5841,78,70,45.03
20251208,8,3,2603,36,32,28.63
20251208,10,4,3875,124,124,0.0
20251208,11,4,3938,126,126,0.0
20251208,13,5,96,96,96,0.0
20251208,14,5,51,51,51,0.0
20251208,15,5,35,35,35,0.0
20251208,16,6,684,26,26,6.5
20251208,17,6,579,22,22,6.5
20251208,19,7,18,18,18,14.82
20251208,20,7,15,15,15,0.0
20251209,1,1,713,31,29,71.94
20251209,2,1,319,15,14,48.15
20251209,3,1,349,16,15,33.78
20251209,4,2,818,6,5,52.12
20251209,5,2,714,5,5,35.31
20251209,7,3,9225,116,108,67.44
20251209,8,3,3195,35,31,25.19
20251209,10,4,3750,120,120,0.0
20251209,11,4,3281,105,105,0.0
20251209,13,5,88,88,88,0.0
20251209,14,5,45,45,45,0.0
20251209,15,5,35,35,35,0.0
20251209,16,6,921,35,35,6.5
20251209,17,6,658,25,25,6.5
20251209,19,7,15,15,15,14.13
20251209,20,7,14,14,14,0.0
20251210,1,1,824,38,36,81.38
20251210,2,1,314,14,13,46.94
20251210,3,1,386,16,15,35.8
20251210,4,2,1124,8,7,52.92
20251210,5,2,1031,7,6,42.27
20251210,7,3,9337,102,91,65.68
20251210,8,3,4056,48,44,34.54
20251210,10,4,4438,142,142,0.0
20251210,11,4,3344,107,107,0.0
20251210,13,5,97,97,97,0.0
20251210,14,5,43,43,43,0.0
20251210,15,5,22,22,22,0.0
20251210,16,6,763,29,29,6.5
20251210,17,6,737,28,28,6.5
20251210,19,7,14,14,14,14.5
20251210,20,7,15,15,15,0.0
20251211,1,1,915,40,37,93.99
20251211,2,1,439,18,16,60.35
20251211,3,1,389,18,16,37.44
20251211,4,2,1072,7,6,59.11
20251211,5,2,846,7,6,45.1
20251211,7,3,7250,75,66,48.81
20251211,8,3,2871,36,32,28.38
20251211,10,4,4656,149,149,0.0
20251211,11,4,3562,114,114,0.0
20251211,13,5,101,101,101,0.0
20251211,14,5,47,47,47,0.0
20251211,15,5,22,22,22,0.0
20251211,16,6,789,30,30,6.5
20251211,17,6,605,23,23,6.5
20251211,19,7,23,23,23,14.15
20251211,20,7,16,16,16,0.0
20251212,1,1,973,44,41,105.55
20251212,2,1,284,14,12,40.12
20251212,3,1,405,20,19,41.81
20251212,4,2,1355,9,8,67.95
20251212,5,2,718,5,5,33.13
20251212,7,3,9702,109,101,60.72
20251212,8,3,3311,41,38,27.2
20251212,10,4,3875,124,124,0.0
20251212,11,4,3156,101,101,0.0
20251212,13,5,112,112,112,0.0
20251212,14,5,41,41,41,0.0
20251212,15,5,34,34,34,0.0
20251212,16,6,711,27,27,6.5
20251212,17,6,579,22,22,6.5
20251212,19,7,21,21,21,15.43
20251212,20,7,10,10,10,0.0
20251213,1,1,941,41,36,82.72
20251213,2,1,234,10,9,30.75
20251213,3,1,282,14,13,31.5
20251213,4,2,556,4,3,28.72
20251213,5,2,705,4,3,27.75
20251213,7,3,6390,76,70,43.98
20251213,8,3,2584,33,29,24.16
20251213,10,4,2531,81,81,0.0
20251213,11,4,2219,71,71,0.0
20251213,13,5,77,77,77,0.0
20251213,14,5,41,41,41,0.0
20251213,15,5,22,22,22,0.0
20251213,16,6,868,33,33,6.5
20251213,17,6,421,16,16,6.5
20251213,19,7,12,12,12,11.92
20251213,20,7,10,10,10,0.0
20251214,1,1,610,27,24,64.05
20251214,2,1,204,10,9,33.82
20251214,3,1,400,16,14,30.43
20251214,4,2,895,6,5,40.79
20251214,5,2,574,4,4,30.02
20251214,7,3,5252,63,58,37.43
20251214,8,3,1847,25,23,20.73
20251214,10,4,2875,92,92,0.0
20251214,11,4,2719,87,87,0.0
20251214,13,5,83,83,83,0.0
20251214,14,5,27,27,27,0.0
20251214,15,5,25,25,25,0.0
20251214,16,6,737,28,28,6.5
20251214,17,6,421,16,16,6.5
20251214,19,7,17,17,17,11.7
20251214,20,7,6,6,6,0.0
20251215,1,1,740,35,30,77.78
20251215,2,1,296,14,12,44.33
20251215,3,1,471,23,21,48.48
20251215,4,2,1154,8,7,58.38
20251215,5,2,848,6,6,38.94
20251215,7,3,6733,91,81,54.61
20251215,8,3,3101,39,35,30.83
20251215,10,4,3562,114,114,0.0
20251215,11,4,3844,123,123,0.0
20251215,13,5,95,95,95,0.0
20251215,14,5,59,59,59,0.0
20251215,15,5,25,25,25,0.0
20251215,16,6,868,33,33,6.5
20251215,17,6,500,19,19,6.5
20251215,19,7,8,8,8,14.86
20251215,20,7,17,17,17,0.0
20251216,1,1,667,29,27,70.72
20251216,2,1,359,16,15,51.72
20251216,3,1,459,19,18,41.33
20251216,4,2,1333,8,7,58.16
20251216,5,2,695,5,4,33.97
20251216,7,3,8502,110,100,66.59
20251216,8,3,3188,33,30,26.97
20251216,10,4,3719,119,119,0.0
20251216,11,4,3875,124,124,0.0
20251216,13,5,100,100,100,0.0
20251216,14,5,46,46,46,0.0
20251216,15,5,33,33,33,0.0
20251216,16,6,868,33,33,6.5
20251216,17,6,737,28,28,6.5
20251216,19,7,20,20,20,15.74
20251216,20,7,12,12,12,0.0
20251217,1,1,946,42,36,97.35
20251217,2,1,197,10,9,34.63
20251217,3,1,285,14,12,32.74
20251217,4,2,1020,8,7,54.33
20251217,5,2,640,4,4,25.97
20251217,7,3,7262,94,85,48.45
20251217,8,3,3129,42,39,32.54
20251217,10,4,4000,128,128,0.0
20251217,11,4,4531,145,145,0.0
20251217,13,5,95,95,95,0.0
20251217,14,5,55,55,55,0.0
20251217,15,5,20,20,20,0.0
20251217,16,6,842,32,32,6.5
20251217,17,6,737,28,28,6.5
20251217,19,7,11,11,11,16.96
20251217,20,7,9,9,9,0.0
20251218,1,1,789,38,34,87.55
20251218,2,1,366,16,14,45.69
20251218,3,1,448,20,18,45.69
20251218,4,2,1724,12,11,81.91
20251218,5,2,848,6,5,36.81
20251218,7,3,7772,85,79,51.71
20251218,8,3,3222,38,35,29.28
20251218,10,4,4094,131,131,0.0
20251218,11,4,3875,124,124,0.0
20251218,13,5,87,87,87,0.0
20251218,14,5,62,62,62,0.0
20251218,15,5,28,28,28,0.0
20251218,16,6,947,36,36,6.5
20251218,17,6,553,21,21,6.5
20251218,19,7,19,19,19,16.23
20251218,20,7,4,4,4,0.0
20251219,1,1,995,42,37,93.34
20251219,2,1,379,19,17,56.04
20251219,3,1,385,18,17,35.43
20251219,4,2,926,6,5,49.14
20251219,5,2,687,5,4,35.85
20251219,7,3,7288,93,81,59.28
20251219,8,3,3704,41,37,32.81
20251219,10,4,4094,131,131,0.0
20251219,11,4,3844,123,123,0.0
20251219,13,5,108,108,108,0.0
20251219,14,5,40,40,40,0.0
20251219,15,5,27,27,27,0.0
20251219,16,6,711,27,27,6.5
20251219,17,6,553,21,21,6.5
20251219,19,7,16,16,16,12.99
20251219,20,7,12,12,12,0.0
20251220,1,1,675,26,23,61.51
20251220,2,1,218,10,9,29.95
20251220,3,1,376,17,16,34.55
20251220,4,2,767,6,5,40.14
20251220,5,2,573,4,4,26.06
20251220,7,3,6213,78,68,43.39
20251220,8,3,2927,33,31,23.62
20251220,10,4,2375,76,76,0.0
20251220,11,4,2219,71,71,0.0
20251220,13,5,75,75,75,0.0
20251220,14,5,29,29,29,0.0
20251220,15,5,12,12,12,0.0
20251220,16,6,579,22,22,6.5
20251220,17,6,500,19,19,6.5
20251220,19,7,15,15,15,10.07
20251220,20,7,6,6,6,0.0
20251221,1,1,685,30,27,67.84
20251221,2,1,254,11,10,35.29
20251221,3,1,467,19,18,37.37
20251221,4,2,677,5,4,36.75
20251221,5,2,581,4,3,24.97
20251221,7,3,6257,81,73,42.59
20251221,8,3,3191,40,35,27.4
20251221,10,4,3000,96,96,0.0
20251221,11,4,2156,69,69,0.0
20251221,13,5,69,69,69,0.0
20251221,14,5,26,26,26,0.0
20251221,15,5,20,20,20,0.0
20251221,16,6,737,28,28,6.5
20251221,17,6,421,16,16,6.5
20251221,19,7,8,8,8,11.7
20251221,20,7,15,15,15,0.0
20251222,1,1,487,24,22,52.35
20251222,2,1,219,9,8,28.34
20251222,3,1,213,10,9,21.49
20251222,4,2,420,3,3,24.83
20251222,5,2,295,2,2,15.8
20251222,7,3,3906,51,44,31.01
20251222,8,3,2164,25,23,16.78
20251222,10,4,2094,67,67,0.0
20251222,11,4,2094,67,67,0.0
20251222,13,5,58,58,58,0.0
20251222,14,5,22,22,22,0.0
20251222,15,5,23,23,23,0.0
20251222,16,6,447,17,17,6.5
20251222,17,6,289,11,11,6.5
20251222,19,7,9,9,9,8.76
20251222,20,7,11,11,11,0.0
20251223,1,1,614,26,24,58.53
20251223,2,1,183,9,8,26.94
20251223,3,1,251,12,11,26.94
20251223,4,2,543,4,4,33.55
20251223,5,2,411,3,3,20.77
20251223,7,3,5202,62,58,39.29
20251223,8,3,2194,26,24,20.13
20251223,10,4,2281,73,73,0.0
20251223,11,4,1906,61,61,0.0
20251223,13,5,53,53,53,0.0
20251223,14,5,22,22,22,0.0
20251223,15,5,19,19,19,0.0
20251223,16,6,447,17,17,6.5
20251223,17,6,368,14,14,6.5
20251223,19,7,15,15,15,9.2
20251223,20,7,6,6,6,0.0
20251224,1,1,476,21,19,45.97
20251224,2,1,228,9,8,25.42
20251224,3,1,212,10,9,20.45
20251224,4,2,605,4,4,29.18
20251224,5,2,614,4,3,24.16
20251224,7,3,4344,53,50,32.62
20251224,8,3,1693,25,23,18.41
20251224,10,4,1781,57,57,0.0
20251224,11,4,2188,70,70,0.0
20251224,13,5,52,52,52,0.0
20251224,14,5,25,25,25,0.0
20251224,15,5,17,17,17,0.0
20251224,16,6,368,14,14,6.5
20251224,17,6,632,24,24,6.5
20251224,19,7,13,13,13,7.56
20251224,20,7,7,7,7,0.0
20251225,1,1,390,19,18,43.48
20251225,2,1,158,7,6,23.57
20251225,3,1,220,11,10,21.26
20251225,4,2,733,5,5,33.66
20251225,5,2,421,3,3,19.03
20251225,7,3,4594,62,58,34.62
20251225,8,3,1392,18,17,14.51
20251225,10,4,2406,77,77,0.0
20251225,11,4,2125,68,68,0.0
20251225,13,5,51,51,51,0.0
20251225,14,5,33,33,33,0.0
20251225,15,5,11,11,11,0.0
20251225,16,6,447,17,17,6.5
20251225,17,6,316,12,12,6.5
20251225,19,7,8,8,8,7.79
20251225,20,7,5,5,5,0.0
20251226,1,1,532,27,24,59.53
20251226,2,1,194,8,7,24.75
20251226,3,1,274,13,12,26.21
20251226,4,2,960,6,5,39.68
20251226,5,2,253,2,2,18.65
20251226,7,3,4427,60,53,35.87
20251226,8,3,1518,19,17,13.55
20251226,10,4,2531,81,81,0.0
20251226,11,4,2000,64,64,0.0
20251226,13,5,65,65,65,0.0
20251226,14,5,35,35,35,0.0
20251226,15,5,10,10,10,0.0
20251226,16,6,474,18,18,6.5
20251226,17,6,211,8,8,6.5
20251226,19,7,9,9,9,8.74
20251226,20,7,7,7,7,0.0
20251227,1,1,416,18,16,40.04
20251227,2,1,96,5,5,13.91
20251227,3,1,165,7,6,12.94
20251227,4,2,266,2,2,19.05
20251227,5,2,277,2,2,14.65
20251227,7,3,4432,50,45,28.13
20251227,8,3,1570,19,17,13.24
20251227,10,4,1812,58,58,0.0
20251227,11,4,1812,58,58,0.0
20251227,13,5,42,42,42,0.0
20251227,14,5,20,20,20,0.0
20251227,15,5,15,15,15,0.0
20251227,16,6,316,12,12,6.5
20251227,17,6,316,12,12,6.5
20251227,19,7,9,9,9,5.72
20251227,20,7,3,3,3,0.0
20251228,1,1,369,17,15,37.13
20251228,2,1,166,7,7,20.58
20251228,3,1,200,8,7,17.43
20251228,4,2,498,3,3,25.71
20251228,5,2,288,2,2,13.62
20251228,7,3,3382,38,35,23.11
20251228,8,3,1359,18,16,13.95
20251228,10,4,1500,48,48,0.0
20251228,11,4,1594,51,51,0.0
20251228,13,5,36,36,36,0.0
20251228,14,5,15,15,15,0.0
20251228,15,5,4,4,4,0.0
20251228,16,6,474,18,18,6.5
20251228,17,6,237,9,9,6.5
20251228,19,7,10,10,10,6.03
20251228,20,7,4,4,4,0.0
20251229,1,1,409,20,18,46.51
20251229,2,1,213,9,8,27.63
20251229,3,1,293,13,12,27.31
20251229,4,2,563,4,4,27.9
20251229,5,2,532,4,4,24.22
20251229,7,3,4548,56,50,32.56
20251229,8,3,2043,27,24,20.5
20251229,10,4,2219,71,71,0.0
20251229,11,4,2750,88,88,0.0
20251229,13,5,61,61,61,0.0
20251229,14,5,24,24,24,0.0
20251229,15,5,13,13,13,0.0
20251229,16,6,342,13,13,6.5
20251229,17,6,184,7,7,6.5
20251229,19,7,10,10,10,6.85
20251229,20,7,9,9,9,0.0
20251230,1,1,495,23,21,53.48
20251230,2,1,210,10,9,26.81
20251230,3,1,277,11,10,23.18
20251230,4,2,831,5,4,33.89
20251230,5,2,585,4,3,24.11
20251230,7,3,4445,49,43,29.85
20251230,8,3,1738,21,19,17.34
20251230,10,4,1906,61,61,0.0
20251230,11,4,2188,70,70,0.0
20251230,13,5,62,62,62,0.0
20251230,14,5,28,28,28,0.0
20251230,15,5,19,19,19,0.0
20251230,16,6,447,17,17,6.5
20251230,17,6,421,16,16,6.5
20251230,19,7,8,8,8,7.75
20251230,20,7,9,9,9,0.0
20251231,1,1,547,23,22,52.68
20251231,2,1,206,8,7,24.2
20251231,3,1,202,9,8,21.3
20251231,4,2,666,5,5,34.65
20251231,5,2,437,3,3,20.9
20251231,7,3,4185,55,48,32.96
20251231,8,3,1787,24,21,18.34
20251231,10,4,1812,58,58,0.0
20251231,11,4,1438,46,46,0.0
20251231,13,5,56,56,56,0.0
20251231,14,5,40,40,40,0.0
20251231,15,5,12,12,12,0.0
20251231,16,6,553,21,21,6.5
20251231,17,6,368,14,14,6.5
20251231,19,7,14,14,14,7.76
20251231,20,7,7,7,7,0.0
20260101,1,1,406,21,18,49.17
20260101,2,1,177,8,7,25.45
20260101,3,1,264,13,11,29.68
20260101,4,2,515,4,4,29.76
20260101,5,2,390,3,3,19.01
20260101,7,3,4681,59,54,32.4
20260101,8,3,2111,24,21,17.62
20260101,10,4,2312,74,74,0.0
20260101,11,4,2344,75,75,0.0
20260101,13,5,61,61,61,0.0
20260101,14,5,32,32,32,0.0
20260101,15,5,11,11,11,0.0
20260101,16,6,421,16,16,6.5
20260101,17,6,342,13,13,6.5
20260101,19,7,8,8,8,8.99
20260101,20,7,8,8,8,0.0
20260102,1,1,429,22,19,48.51
20260102,2,1,215,10,9,28.67
20260102,3,1,207,9,8,19.56
20260102,4,2,561,4,4,33.95
20260102,5,2,420,3,3,18.75
20260102,7,3,4155,49,42,31.92
20260102,8,3,2267,23,20,16.43
20260102,10,4,2344,75,75,0.0
20260102,11,4,2625,84,84,0.0
20260102,13,5,55,55,55,0.0
20260102,14,5,26,26,26,0.0
20260102,15,5,11,11,11,0.0
20260102,16,6,447,17,17,6.5
20260102,17,6,474,18,18,6.5
20260102,19,7,13,13,13,8.43
20260102,20,7,9,9,9,0.0
20260103,1,1,316,14,13,32.86
20260103,2,1,126,6,5,18.42
20260103,3,1,257,10,9,19.58
20260103,4,2,422,3,3,21.66
20260103,5,2,273,2,2,14.9
20260103,7,3,4602,47,41,28.16
20260103,8,3,1355,15,13,10.67
20260103,10,4,1406,45,45,0.0
20260103,11,4,1344,43,43,0.0
20260103,13,5,38,38,38,0.0
20260103,14,5,18,18,18,0.0
20260103,15,5,7,7,7,0.0
20260103,16,6,105,4,4,6.5
20260103,17,6,79,3,3,6.5
20260103,19,7,10,10,10,6.17
20260103,20,7,4,4,4,0.0
20260104,1,1,565,28,26,66.41
20260104,3,1,431,17,15,32.78
20260104,4,2,860,6,5,41.05
20260104,5,2,399,3,3,23.17
20260104,7,3,5606,72,67,45.33
20260104,8,3,2309,28,26,22.04
20260104,10,4,3375,108,108,0.0
20260104,11,4,2469,79,79,0.0
20260104,13,5,63,63,63,0.0
20260104,14,5,43,43,43,0.0
20260104,15,5,20,20,20,0.0
20260104,16,6,500,19,19,6.5
20260104,17,6,316,12,12,6.5
20260104,19,7,14,14,14,10.25
20260104,20,7,8,8,8,0.0
20260105,1,1,759,33,31,81.79
20260105,2,1,309,12,11,36.02
20260105,3,1,547,24,21,51.95
20260105,4,2,922,8,7,60.22
20260105,5,2,807,6,6,40.08
20260105,7,3,9324,104,91,61.7
20260105,8,3,3491,40,36,31.33
20260105,10,4,4375,140,140,0.0
20260105,11,4,3344,107,107,0.0
20260105,13,5,107,107,107,0.0
20260105,14,5,53,53,53,0.0
20260105,15,5,30,30,30,0.0
20260105,16,6,842,32,32,6.5
20260105,17,6,553,21,21,6.5
20260105,19,7,20,20,20,16.87
20260105,20,7,9,9,9,0.0
20260106,1,1,791,33,29,84.01
20260106,2,1,355,14,12,42.9
20260106,3,1,528,22,21,46.34
20260106,4,2,1484,11,10,66.96
20260106,5,2,896,6,6,36.79
20260106,7,3,6596,82,73,48.04
20260106,8,3,3314,40,37,31.18
20260106,10,4,4156,133,133,0.0
20260106,11,4,3469,111,111,0.0
20260106,13,5,107,107,107,0.0
20260106,14,5,44,44,44,0.0
20260106,15,5,30,30,30,0.0
20260106,16,6,868,33,33,6.5
20260106,17,6,632,24,24,6.5
20260106,19,7,17,17,17,12.37
20260106,20,7,11,11,11,0.0
20260107,1,1,882,39,37,100.06
20260107,2,1,399,16,14,50.01
20260107,3,1,373,19,16,41.19
20260107,4,2,1115,8,8,62.38
20260107,5,2,649,5,5,35.56
20260107,7,3,8958,115,105,65.86
20260107,8,3,3160,42,37,30.7
20260107,10,4,4594,147,147,0.0
20260107,11,4,3500,112,112,0.0
20260107,13,5,92,92,92,0.0
20260107,14,5,45,45,45,0.0
20260107,15,5,29,29,29,0.0
20260107,16,6,1289,49,49,6.5
20260107,17,6,711,27,27,6.5
20260107,19,7,10,10,10,16.22
20260107,20,7,10,10,10,0.0
20260108,1,1,900,41,37,98.84
20260108,2,1,372,16,14,49.49
20260108,3,1,499,19,17,40.96
20260108,4,2,1289,8,7,57.2
20260108,5,2,965,6,5,34.28
20260108,7,3,9336,104,90,67.09
20260108,8,3,3539,45,40,36.52
20260108,10,4,4250,136,136,0.0
20260108,11,4,3875,124,124,0.0
20260108,13,5,100,100,100,0.0
20260108,14,5,60,60,60,0.0
20260108,15,5,35,35,35,0.0
20260108,16,6,737,28,28,6.5
20260108,17,6,474,18,18,6.5
20260108,19,7,18,18,18,16.15
20260108,20,7,10,10,10,0.0
20260109,1,1,997,47,43,114.73
20260109,2,1,372,15,14,45.7
20260109,3,1,417,19,17,42.89
20260109,4,2,1177,8,7,63.92
20260109,5,2,734,5,5,38.17
20260109,7,3,6380,79,71,45.86
20260109,8,3,4439,52,46,36.25
20260109,10,4,4594,147,147,0.0
20260109,11,4,2938,94,94,0.0
20260109,13,5,94,94,94,0.0
20260109,14,5,56,56,56,0.0
20260109,15,5,31,31,31,0.0
20260109,16,6,842,32,32,6.5
20260109,17,6,500,19,19,6.5
20260109,19,7,26,26,26,14.88
20260109,20,7,14,14,14,0.0
20260110,1,1,527,25,22,56.25
20260110,2,1,286,12,10,36.87
20260110,3,1,264,11,10,24.79
20260110,4,2,744,5,5,41.53
20260110,5,2,766,5,4,32.73
20260110,7,3,6275,81,73,47.92
20260110,8,3,2690,34,31,25.49
20260110,10,4,2906,93,93,0.0
20260110,11,4,1969,63,63,0.0
20260110,13,5,73,73,73,0.0
20260110,14,5,38,38,38,0.0
20260110,15,5,16,16,16,0.0
20260110,16,6,658,25,25,6.5
20260110,17,6,474,18,18,6.5
20260110,19,7,13,13,13,10.93
20260110,20,7,11,11,11,0.0
20260111,1,1,894,45,39,89.83
20260111,2,1,269,12,11,37.38
20260111,3,1,417,18,16,36.12
20260111,4,2,905,6,5,42.71
20260111,5,2,396,3,3,21.91
20260111,7,3,4619,59,55,35.41
20260111,8,3,3087,36,33,25.93
20260111,10,4,3062,98,98,0.0
20260111,11,4,2562,82,82,0.0
20260111,13,5,66,66,66,0.0
20260111,14,5,34,34,34,0.0
20260111,15,5,20,20,20,0.0
20260111,16,6,395,15,15,6.5
20260111,17,6,658,25,25,6.5
20260111,19,7,18,18,18,10.3
20260111,20,7,8,8,8,0.0
20260112,1,1,961,40,36,93.64
20260112,2,1,348,16,15,49.27
20260112,3,1,496,24,22,51.7
20260112,4,2,1020,8,7,61.09
20260112,5,2,839,6,5,44.07
20260112,7,3,7664,92,86,54.1
20260112,8,3,3640,38,34,31.28
20260112,10,4,4531,145,145,0.0
20260112,11,4,3969,127,127,0.0
20260112,13,5,115,115,115,0.0
20260112,14,5,37,37,37,0.0
20260112,15,5,35,35,35,0.0
20260112,16,6,711,27,27,6.5
20260112,17,6,368,14,14,6.5
20260112,19,7,14,14,14,13.45
20260112,20,7,13,13,13,0.0
20260113,1,1,991,43,37,97.16
20260113,2,1,421,17,16,54.59
20260113,3,1,357,17,16,34.32
20260113,4,2,1079,7,6,53.25
20260113,5,2,693,5,4,34.32
20260113,7,3,9888,111,97,60.77
20260113,8,3,3245,41,35,32.1
20260113,10,4,4812,154,154,0.0
20260113,11,4,3656,117,117,0.0
20260113,13,5,95,95,95,0.0
20260113,14,5,57,57,57,0.0
20260113,15,5,21,21,21,0.0
20260113,16,6,684,26,26,6.5
20260113,17,6,500,19,19,6.5
20260113,19,7,17,17,17,14.52
20260113,20,7,11,11,11,0.0
20260114,1,1,1122,49,45,101.0
20260114,2,1,353,19,17,55.42
20260114,3,1,563,23,21,50.19
20260114,4,2,1176,8,7,61.29
20260114,5,2,1233,7,6,49.91
20260114,7,3,8355,101,94,54.15
20260114,8,3,4547,52,46,36.64
20260114,10,4,4125,132,132,0.0
20260114,11,4,3625,116,116,0.0
20260114,13,5,102,102,102,0.0
20260114,14,5,45,45,45,0.0
20260114,15,5,27,27,27,0.0
20260114,16,6,974,37,37,6.5
20260114,17,6,632,24,24,6.5
20260114,19,7,17,17,17,14.0
20260114,20,7,13,13,13,0.0
20260115,1,1,699,30,27,75.87
20260115,2,1,481,18,16,55.63
20260115,3,1,523,22,19,47.07
20260115,4,2,841,6,5,50.5
20260115,5,2,675,5,5,34.88
20260115,6,2,672,5,5,31.03
20260115,7,3,7612,92,82,58.36
20260115,8,3,3430,40,37,31.59
20260115,9,3,1587,20,18,17.39
20260115,10,4,4156,133,133,0.0
20260115,11,4,4156,133,133,0.0
20260115,13,5,107,107,107,0.0
20260115,14,5,60,60,60,0.0
20260115,15,5,20,20,20,0.0
20260115,16,6,816,31,31,6.5
20260115,17,6,711,27,27,6.5
20260115,19,7,18,18,18,17.65
20260115,20,7,10,10,10,0.0
20260116,1,1,910,39,35,91.67
20260116,2,1,335,16,15,52.39
20260116,3,1,524,26,23,50.08
20260116,4,2,1174,8,7,58.75
20260116,5,2,533,4,4,32.59
20260116,6,2,702,5,4,32.37
20260116,7,3,7746,102,95,62.98
20260116,8,3,3782,45,39,33.39
20260116,9,3,2089,23,20,19.58
20260116,10,4,4250,136,136,0.0
20260116,11,4,3750,120,120,0.0
20260116,13,5,109,109,109,0.0
20260116,14,5,50,50,50,0.0
20260116,15,5,28,28,28,0.0
20260116,16,6,868,33,33,6.5
20260116,17,6,684,26,26,6.5
20260116,19,7,13,13,13,15.96
20260116,20,7,10,10,10,0.0
20260117,1,1,543,24,22,55.94
20260117,2,1,270,12,11,35.18
20260117,3,1,327,16,14,32.17
20260117,4,2,527,4,4,31.33
20260117,5,2,624,4,4,27.87
20260117,6,2,489,3,3,21.43
20260117,7,3,6102,73,63,44.87
20260117,8,3,2060,26,24,20.03
20260117,9,3,1298,16,14,14.4
20260117,10,4,2812,90,90,0.0
20260117,11,4,2438,78,78,0.0
20260117,13,5,71,71,71,0.0
20260117,14,5,39,39,39,0.0
20260117,15,5,18,18,18,0.0
20260117,16,6,658,25,25,6.5
20260117,17,6,447,17,17,6.5
20260117,19,7,10,10,10,10.88
20260117,20,7,7,7,7,0.0
20260118,1,1,750,31,28,63.99
20260118,2,1,206,10,9,31.65
20260118,3,1,360,17,16,33.75
20260118,4,2,756,6,5,44.95
20260118,5,2,578,4,4,27.5
20260118,6,2,648,4,4,23.41
20260118,7,3,5734,76,68,45.97
20260118,8,3,2783,34,30,26.25
20260118,9,3,1645,21,18,17.69
20260118,10,4,3094,99,99,0.0
20260118,11,4,2781,89,89,0.0
20260118,13,5,68,68,68,0.0
20260118,14,5,35,35,35,0.0
20260118,15,5,29,29,29,0.0
20260118,16,6,816,31,31,6.5
20260118,17,6,553,21,21,6.5
20260118,19,7,13,13,13,12.59
20260118,20,7,10,10,10,0.0
20260119,1,1,820,35,31,80.74
20260119,2,1,507,21,19,63.22
20260119,3,1,442,23,21,48.19
20260119,4,2,1046,8,7,62.77
20260119,5,2,777,6,5,36.67
20260119,6,2,1027,7,6,37.09
20260119,7,3,8072,101,92,63.31
20260119,8,3,3735,44,38,32.47
20260119,9,3,1521,20,18,20.8
20260119,10,4,4125,132,132,0.0
20260119,11,4,4062,130,130,0.0
20260119,13,5,103,103,103,0.0
20260119,14,5,49,49,49,0.0
20260119,15,5,24,24,24,0.0
20260119,16,6,1158,44,44,6.5
20260119,17,6,816,31,31,6.5
20260119,19,7,11,11,11,18.95
20260119,20,7,14,14,14,0.0
20260120,1,1,1066,48,42,97.11
20260120,2,1,371,15,13,44.93
20260120,3,1,508,22,20,45.13
20260120,4,2,903,7,6,46.16
20260120,5,2,694,5,4,35.22
20260120,6,2,714,5,5,33.82
20260120,7,3,9945,107,93,65.16
20260120,8,3,3087,41,37,32.81
20260120,9,3,2290,25,23,21.27
20260120,10,4,4125,132,132,0.0
20260120,11,4,3438,110,110,0.0
20260120,13,5,114,114,114,0.0
20260120,14,5,54,54,54,0.0
20260120,15,5,30,30,30,0.0
20260120,16,6,895,34,34,6.5
20260120,17,6,553,21,21,6.5
20260120,19,7,9,9,9,14.54
20260120,20,7,15,15,15,0.0
20260121,1,1,970,46,43,111.02
20260121,2,1,369,15,13,50.08
20260121,3,1,479,22,20,48.52
20260121,4,2,1349,9,8,63.3
20260121,5,2,845,6,6,41.15
20260121,6,2,683,5,5,29.8
20260121,7,3,7604,89,79,54.69
20260121,8,3,3304,41,37,29.92
20260121,9,3,1716,22,19,19.32
20260121,10,4,4062,130,130,0.0
20260121,11,4,3906,125,125,0.0
20260121,13,5,105,105,105,0.0
20260121,14,5,48,48,48,0.0
20260121,15,5,27,27,27,0.0
20260121,16,6,579,22,22,6.5
20260121,17,6,789,30,30,6.5
20260121,19,7,21,21,21,17.56
20260121,20,7,19,19,19,0.0
20260122,1,1,928,42,37,97.49
20260122,2,1,292,14,12,41.95
20260122,3,1,547,25,22,51.01
20260122,4,2,1135,8,7,48.97
20260122,5,2,618,4,4,28.8
20260122,6,2,888,6,5,36.07
20260122,7,3,7296,96,90,52.1
20260122,8,3,3029,37,33,28.56
20260122,9,3,2135,24,21,22.72
20260122,10,4,4531,145,145,0.0
20260122,11,4,3281,105,105,0.0
20260122,13,5,87,87,87,0.0
20260122,14,5,50,50,50,0.0
20260122,15,5,29,29,29,0.0
20260122,16,6,842,32,32,6.5
20260122,17,6,895,34,34,6.5
20260122,19,7,16,16,16,14.66
20260122,20,7,11,11,11,0.0
20260123,1,1,880,35,31,84.41
20260123,2,1,353,17,15,46.63
20260123,3,1,389,20,18,44.79
20260123,4,2,1264,8,7,58.55
20260123,5,2,728,5,5,33.73
20260123,6,2,675,5,5,32.68
20260123,7,3,8277,94,83,60.89
20260123,8,3,3118,41,38,31.97
20260123,9,3,1824,23,20,19.92
20260123,10,4,4344,139,139,0.0
20260123,11,4,3969,127,127,0.0
20260123,13,5,101,101,101,0.0
20260123,14,5,42,42,42,0.0
20260123,15,5,30,30,30,0.0
20260123,16,6,1105,42,42,6.5
20260123,17,6,447,17,17,6.5
20260123,19,7,21,21,21,14.82
20260123,20,7,16,16,16,0.0
20260124,1,1,650,32,29,73.42
20260124,2,1,269,13,12,35.64
20260124,3,1,378,15,13,36.21
20260124,4,2,646,5,5,37.05
20260124,5,2,492,4,4,28.68
20260124,6,2,664,4,3,25.97
20260124,7,3,7456,89,83,48.69
20260124,8,3,2274,29,26,21.85
20260124,9,3,1856,21,19,18.23
20260124,10,4,2875,92,92,0.0
20260124,11,4,3062,98,98,0.0
20260124,13,5,69,69,69,0.0
20260124,14,5,42,42,42,0.0
20260124,15,5,23,23,23,0.0
20260124,16,6,605,23,23,6.5
20260124,17,6,605,23,23,6.5
20260124,19,7,16,16,16,12.45
20260124,20,7,14,14,14,0.0
20260125,1,1,581,27,25,58.96
20260125,2,1,205,10,9,33.97
20260125,3,1,368,14,12,29.87
20260125,4,2,1049,7,6,42.26
20260125,5,2,388,3,3,25.05
20260125,6,2,457,3,3,20.18
20260125,7,3,4980,69,60,44.27
20260125,8,3,2357,28,24,21.39
20260125,9,3,1575,20,18,17.67
20260125,10,4,2906,93,93,0.0
20260125,11,4,2562,82,82,0.0
20260125,13,5,73,73,73,0.0
20260125,14,5,47,47,47,0.0
20260125,15,5,25,25,25,0.0
20260125,16,6,579,22,22,6.5
20260125,17,6,263,10,10,6.5
20260125,19,7,11,11,11,11.57
20260125,20,7,7,7,7,0.0
20260126,1,1,1208,52,45,121.52
20260126,2,1,345,18,17,52.24
20260126,3,1,665,26,24,48.71
20260126,4,2,797,6,5,51.05
20260126,5,2,798,6,5,38.1
20260126,6,2,935,7,6,41.53
20260126,7,3,7938,104,93,58.52
20260126,8,3,4586,56,49,39.74
20260126,9,3,2340,24,21,21.99
20260126,10,4,4375,140,140,0.0
20260126,11,4,3688,118,118,0.0
20260126,13,5,97,97,97,0.0
20260126,14,5,39,39,39,0.0
20260126,15,5,25,25,25,0.0
20260126,16,6,842,32,32,6.5
20260126,17,6,816,31,31,6.5
20260126,19,7,17,17,17,12.49
20260126,20,7,10,10,10,0.0
20260127,1,1,800,40,35,96.05
20260127,2,1,350,16,14,50.48
20260127,3,1,374,15,14,34.85
20260127,4,2,947,6,6,50.05
20260127,5,2,800,6,5,46.16
20260127,6,2,1073,6,5,35.52
20260127,7,3,10714,124,116,74.87
20260127,8,3,2638,37,34,30.91
20260127,9,3,1713,21,19,19.53
20260127,10,4,3344,107,107,0.0
20260127,11,4,3844,123,123,0.0
20260127,13,5,117,117,117,0.0
20260127,14,5,53,53,53,0.0
20260127,15,5,21,21,21,0.0
20260127,16,6,684,26,26,6.5
20260127,17,6,500,19,19,6.5
20260127,19,7,17,17,17,14.66
20260127,20,7,11,11,11,0.0
20260128,1,1,1037,45,42,104.24
20260128,2,1,332,13,12,39.72
20260128,3,1,300,13,12,28.19
20260128,4,2,1021,8,7,55.75
20260128,5,2,792,6,5,41.61
20260128,6,2,735,5,4,28.65
20260128,7,3,7961,101,93,61.81
20260128,8,3,2935,39,36,31.29
20260128,9,3,2429,27,24,23.32
20260128,10,4,3875,124,124,0.0
20260128,11,4,4281,137,137,0.0
20260128,13,5,74,74,74,0.0
20260128,14,5,47,47,47,0.0
20260128,15,5,24,24,24,0.0
20260128,16,6,974,37,37,6.5
20260128,17,6,895,34,34,6.5
20260128,19,7,18,18,18,17.62
20260128,20,7,18,18,18,0.0
20260129,1,1,944,43,40,105.41
20260129,2,1,291,14,12,46.74
20260129,3,1,454,18,16,39.18
20260129,4,2,838,6,5,47.52
20260129,5,2,982,7,6,46.36
20260129,6,2,756,6,5,36.61
20260129,7,3,6500,85,73,53.6
20260129,8,3,3043,37,32,30.08
20260129,9,3,1901,22,20,20.04
20260129,10,4,3969,127,127,0.0
20260129,11,4,3719,119,119,0.0
20260129,13,5,95,95,95,0.0
20260129,14,5,58,58,58,0.0
20260129,15,5,30,30,30,0.0
20260129,16,6,842,32,32,6.5
20260129,17,6,711,27,27,6.5
20260129,19,7,14,14,14,16.29
20260129,20,7,14,14,14,0.0
20260130,1,1,757,35,31,91.29
20260130,2,1,347,17,16,48.77
20260130,3,1,417,17,15,37.39
20260130,4,2,1176,9,8,61.32
20260130,5,2,710,5,4,36.88
20260130,6,2,599,4,4,24.52
20260130,7,3,8147,100,90,62.8
20260130,8,3,2673,36,31,29.16
20260130,9,3,2003,28,24,24.61
20260130,10,4,4062,130,130,0.0
20260130,11,4,4062,130,130,0.0
20260130,13,5,92,92,92,0.0
20260130,14,5,56,56,56,0.0
20260130,15,5,31,31,31,0.0
20260130,16,6,895,34,34,6.5
20260130,17,6,553,21,21,6.5
20260130,19,7,10,10,10,14.26
20260130,20,7,7,7,7,0.0
20260131,1,1,902,36,32,68.72
20260131,2,1,205,10,9,32.99
20260131,3,1,363,15,13,33.51
20260131,4,2,821,5,4,36.4
20260131,5,2,596,4,4,26.79
20260131,6,2,637,4,4,22.36
20260131,7,3,6953,91,81,45.79
20260131,8,3,2477,31,28,25.35
20260131,9,3,1374,16,14,14.22
20260131,10,4,3094,99,99,0.0
20260131,11,4,2906,93,93,0.0
20260131,13,5,59,59,59,0.0
20260131,14,5,28,28,28,0.0
20260131,15,5,15,15,15,0.0
20260131,16,6,763,29,29,6.5
20260131,17,6,500,19,19,6.5
20260131,19,7,12,12,12,14.48
20260131,20,7,5,5,5,0.0
20260201,1,1,796,33,29,73.07
20260201,2,1,274,12,11,34.71
20260201,3,1,334,15,14,31.84
20260201,4,2,1062,7,6,49.69
20260201,5,2,422,3,3,23.08
20260201,6,2,618,4,4,22.39
20260201,7,3,5212,61,54,37.4
20260201,8,3,2849,40,37,27.33
20260201,9,3,1516,20,18,16.94
20260201,10,4,2812,90,90,0.0
20260201,11,4,3125,100,100,0.0
20260201,12,4,1156,37,37,0.0
20260201,13,5,75,75,75,0.0
20260201,14,5,32,32,32,0.0
20260201,15,5,12,12,12,0.0
20260201,16,6,526,20,20,6.5
20260201,17,6,474,18,18,6.5
20260201,18,6,211,8,8,6.5
20260201,19,7,10,10,10,12.46
20260201,20,7,13,13,13,0.0
20260202,1,1,689,32,29,79.38
20260202,2,1,352,15,14,45.36
20260202,3,1,480,20,19,42.39
20260202,4,2,1335,9,8,69.88
20260202,5,2,964,7,6,41.73
20260202,6,2,733,5,4,32.56
20260202,7,3,6043,85,78,54.99
20260202,8,3,3473,49,45,35.34
20260202,9,3,2206,25,22,20.99
20260202,10,4,3875,124,124,0.0
20260202,11,4,4156,133,133,0.0
20260202,12,4,1625,52,52,0.0
20260202,13,5,101,101,101,0.0
20260202,14,5,43,43,43,0.0
20260202,15,5,25,25,25,0.0
20260202,16,6,816,31,31,6.5
20260202,17,6,579,22,22,6.5
20260202,18,6,447,17,17,6.5
20260202,19,7,14,14,14,13.25
20260202,20,7,12,12,12,0.0
20260203,1,1,749,33,30,79.32
20260203,2,1,310,15,14,48.5
20260203,3,1,499,21,19,48.71
20260203,4,2,1260,9,8,62.66
20260203,5,2,1004,6,6,37.95
20260203,6,2,716,4,4,26.12
20260203,7,3,7790,92,86,59.63
20260203,8,3,4006,45,42,34.46
20260203,9,3,2521,30,26,25.41
20260203,10,4,3719,119,119,0.0
20260203,11,4,3844,123,123,0.0
20260203,12,4,1625,52,52,0.0
20260203,13,5,94,94,94,0.0
20260203,14,5,60,60,60,0.0
20260203,15,5,21,21,21,0.0
20260203,16,6,684,26,26,6.5
20260203,17,6,737,28,28,6.5
20260203,18,6,579,22,22,6.5
20260203,19,7,20,20,20,13.91
20260203,20,7,10,10,10,0.0
20260204,1,1,880,40,35,88.88
20260204,2,1,334,15,14,43.3
20260204,3,1,504,23,20,44.87
20260204,4,2,1104,7,7,50.0
20260204,5,2,869,6,5,37.03
20260204,6,2,868,6,5,33.27
20260204,7,3,6936,87,77,52.9
20260204,8,3,4618,53,46,37.25
20260204,9,3,1943,23,20,21.58
20260204,10,4,3938,126,126,0.0
20260204,11,4,3906,125,125,0.0
20260204,12,4,1469,47,47,0.0
20260204,13,5,124,124,124,0.0
20260204,14,5,53,53,53,0.0
20260204,15,5,31,31,31,0.0
20260204,16,6,632,24,24,6.5
20260204,17,6,921,35,35,6.5
20260204,18,6,684,26,26,6.5
20260204,19,7,17,17,17,15.54
20260204,20,7,9,9,9,0.0
20260205,1,1,776,34,31,78.71
20260205,2,1,388,17,15,53.88
20260205,3,1,474,23,20,53.46
20260205,4,2,1299,9,8,69.18
20260205,5,2,772,6,5,40.67
20260205,6,2,625,5,5,32.81
20260205,7,3,10681,113,105,68.06
20260205,8,3,3761,40,36,31.14
20260205,9,3,1810,23,21,21.74
20260205,10,4,3625,116,116,0.0
20260205,11,4,3938,126,126,0.0
20260205,12,4,1375,44,44,0.0
20260205,13,5,99,99,99,0.0
20260205,14,5,62,62,62,0.0
20260205,15,5,35,35,35,0.0
20260205,16,6,763,29,29,6.5
20260205,17,6,816,31,31,6.5
20260205,18,6,447,17,17,6.5
20260205,19,7,18,18,18,15.33
20260205,20,7,9,9,9,0.0
20260206,1,1,1061,53,48,115.49
20260206,2,1,377,15,14,43.69
20260206,3,1,466,21,20,43.56
20260206,4,2,1246,10,9,71.75
20260206,5,2,801,6,5,40.75
20260206,6,2,1185,7,6,41.27
20260206,7,3,9954,120,104,66.4
20260206,8,3,3807,46,41,37.16
20260206,9,3,2912,33,30,27.29
20260206,10,4,4219,135,135,0.0
20260206,11,4,3469,111,111,0.0
20260206,12,4,1438,46,46,0.0
20260206,13,5,99,99,99,0.0
20260206,14,5,37,37,37,0.0
20260206,15,5,19,19,19,0.0
20260206,16,6,947,36,36,6.5
20260206,17,6,921,35,35,6.5
20260206,18,6,395,15,15,6.5
20260206,19,7,24,24,24,16.05
20260206,20,7,11,11,11,0.0
20260207,1,1,880,36,31,78.01
20260207,2,1,256,12,11,33.39
20260207,3,1,357,17,16,36.97
20260207,4,2,588,4,4,32.48
20260207,5,2,432,3,3,23.54
20260207,6,2,602,4,4,24.78
20260207,7,3,5950,76,66,45.32
20260207,8,3,2798,32,29,25.23
20260207,9,3,1466,18,16,17.43
20260207,10,4,3438,110,110,0.0
20260207,11,4,2844,91,91,0.0
20260207,12,4,1094,35,35,0.0
20260207,13,5,73,73,73,0.0
20260207,14,5,34,34,34,0.0
20260207,15,5,23,23,23,0.0
20260207,16,6,421,16,16,6.5
20260207,17,6,737,28,28,6.5
20260207,18,6,316,12,12,6.5
20260207,19,7,14,14,14,11.13
20260207,20,7,15,15,15,0.0
20260208,1,1,674,29,26,70.83
20260208,2,1,296,12,11,37.28
20260208,3,1,360,16,14,35.15
20260208,4,2,712,5,5,35.9
20260208,5,2,510,4,4,27.16
20260208,6,2,521,4,3,26.74
20260208,7,3,7185,83,72,50.0
20260208,8,3,2903,37,34,26.84
20260208,9,3,1604,20,19,18.74
20260208,10,4,2469,79,79,0.0
20260208,11,4,2781,89,89,0.0
20260208,12,4,1188,38,38,0.0
20260208,13,5,84,84,84,0.0
20260208,14,5,43,43,43,0.0
20260208,15,5,21,21,21,0.0
20260208,16,6,632,24,24,6.5
20260208,17,6,605,23,23,6.5
20260208,18,6,289,11,11,6.5
20260208,19,7,20,20,20,10.57
20260208,20,7,9,9,9,0.0
20260209,1,1,1074,48,43,97.35
20260209,2,1,401,17,16,49.6
20260209,3,1,452,20,17,44.08
20260209,4,2,1409,9,8,61.82
20260209,5,2,945,6,5,37.18
20260209,6,2,802,5,4,34.45
20260209,7,3,8711,95,89,60.22
20260209,8,3,3385,44,39,35.53
20260209,9,3,2199,26,23,24.5
20260209,10,4,4281,137,137,0.0
20260209,11,4,3188,102,102,0.0
20260209,12,4,1094,35,35,0.0
20260209,13,5,120,120,120,0.0
20260209,14,5,57,57,57,0.0
20260209,15,5,28,28,28,0.0
20260209,16,6,763,29,29,6.5
20260209,17,6,553,21,21,6.5
20260209,18,6,316,12,12,6.5
20260209,19,7,15,15,15,16.37
20260209,20,7,12,12,12,0.0
20260210,1,1,974,40,37,90.29
20260210,2,1,401,16,15,48.19
20260210,3,1,656,26,24,48.19
20260210,4,2,1197,8,7,62.11
20260210,5,2,682,5,5,34.88
20260210,6,2,856,6,5,37.16
20260210,7,3,6981,94,84,58.1
20260210,8,3,3958,52,49,37.3
20260210,9,3,1865,23,20,19.44
20260210,10,4,4094,131,131,0.0
20260210,11,4,3875,124,124,0.0
20260210,12,4,1375,44,44,0.0
20260210,13,5,120,120,120,0.0
20260210,14,5,46,46,46,0.0
20260210,15,5,30,30,30,0.0
20260210,16,6,763,29,29,6.5
20260210,17,6,816,31,31,6.5
20260210,18,6,316,12,12,6.5
20260210,19,7,14,14,14,20.23
20260210,20,7,11,11,11,0.0
20260211,1,1,1094,49,45,104.72
20260211,2,1,380,20,19,59.07
20260211,3,1,420,18,17,40.35
20260211,4,2,1172,8,7,55.0
20260211,5,2,823,6,6,39.65
20260211,6,2,862,5,5,37.19
20260211,7,3,7816,100,89,59.16
20260211,8,3,4052,47,41,30.44
20260211,9,3,2326,28,25,24.5
20260211,10,4,3812,122,122,0.0
20260211,11,4,4406,141,141,0.0
20260211,12,4,2000,64,64,0.0
20260211,13,5,107,107,107,0.0
20260211,14,5,56,56,56,0.0
20260211,15,5,29,29,29,0.0
20260211,16,6,711,27,27,6.5
20260211,17,6,763,29,29,6.5
20260211,18,6,447,17,17,6.5
20260211,19,7,13,13,13,16.89
20260211,20,7,16,16,16,0.0
20260212,1,1,991,43,38,101.05
20260212,2,1,374,16,15,49.86
20260212,3,1,531,23,21,45.37
20260212,4,2,1161,7,6,51.96
20260212,5,2,898,7,6,42.95
20260212,6,2,682,5,4,34.81
20260212,7,3,7657,91,80,55.15
20260212,8,3,4122,53,48,36.72
20260212,9,3,1764,22,19,21.57
20260212,10,4,3969,127,127,0.0
20260212,11,4,3062,98,98,0.0
20260212,12,4,1312,42,42,0.0
20260212,13,5,120,120,120,0.0
20260212,14,5,54,54,54,0.0
20260212,15,5,26,26,26,0.0
20260212,16,6,842,32,32,6.5
20260212,17,6,737,28,28,6.5
20260212,18,6,263,10,10,6.5
20260212,19,7,18,18,18,14.26
20260212,20,7,14,14,14,0.0
20260213,1,1,961,41,39,92.78
20260213,2,1,323,15,13,48.87
20260213,3,1,503,24,21,46.79
20260213,4,2,1496,11,10,71.11
20260213,5,2,801,6,5,41.2
20260213,6,2,733,5,4,33.23
20260213,7,3,8103,102,95,62.0
20260213,8,3,4071,53,47,39.04
20260213,9,3,1768,22,19,19.08
20260213,10,4,3656,117,117,0.0
20260213,11,4,3812,122,122,0.0
20260213,12,4,1312,42,42,0.0
20260213,13,5,101,101,101,0.0
20260213,14,5,43,43,43,0.0
20260213,15,5,22,22,22,0.0
20260213,16,6,947,36,36,6.5
20260213,17,6,737,28,28,6.5
20260213,18,6,447,17,17,6.5
20260213,19,7,18,18,18,16.53
20260213,20,7,17,17,17,0.0
20260214,1,1,823,35,31,80.12
20260214,2,1,218,11,10,35.15
20260214,3,1,264,11,10,21.55
20260214,4,2,719,5,4,37.9
20260214,5,2,583,4,4,27.65
20260214,6,2,438,3,3,20.44
20260214,7,3,6567,75,65,45.42
20260214,8,3,3580,43,37,28.88
20260214,9,3,1574,18,17,17.58
20260214,10,4,3562,114,114,0.0
20260214,11,4,3125,100,100,0.0
20260214,12,4,1125,36,36,0.0
20260214,13,5,68,68,68,0.0
20260214,14,5,43,43,43,0.0
20260214,15,5,22,22,22,0.0
20260214,16,6,632,24,24,6.5
20260214,17,6,316,12,12,6.5
20260214,18,6,158,6,6,6.5
20260214,19,7,12,12,12,11.82
20260214,20,7,11,11,11,0.0
20260215,1,1,546,26,23,63.84
20260215,2,1,256,11,10,33.75
20260215,3,1,296,14,13,32.59
20260215,4,2,987,7,6,48.2
20260215,5,2,694,4,4,28.36
20260215,6,2,540,4,4,26.17
20260215,7,3,6804,78,69,48.91
20260215,8,3,2172,26,23,20.66
20260215,9,3,1544,16,14,14.91
20260215,10,4,2594,83,83,0.0
20260215,11,4,3344,107,107,0.0
20260215,12,4,1219,39,39,0.0
20260215,13,5,83,83,83,0.0
20260215,14,5,37,37,37,0.0
20260215,15,5,14,14,14,0.0
20260215,16,6,763,29,29,6.5
20260215,17,6,579,22,22,6.5
20260215,18,6,342,13,13,6.5
20260215,19,7,8,8,8,11.93
20260215,20,7,12,12,12,0.0
20260215,21,7,5,5,5,0.0
20260216,1,1,1024,44,40,107.88
20260216,2,1,362,16,15,45.09
20260216,3,1,457,18,17,38.97
20260216,4,2,1006,7,6,55.29
20260216,5,2,748,5,5,33.83
20260216,6,2,913,6,5,34.72
20260216,7,3,6416,76,67,51.06
20260216,8,3,3052,39,37,28.72
20260216,9,3,2075,27,25,22.07
20260216,10,4,4188,134,134,0.0
20260216,11,4,3469,111,111,0.0
20260216,12,4,1562,50,50,0.0
20260216,13,5,105,105,105,0.0
20260216,14,5,47,47,47,0.0
20260216,15,5,35,35,35,0.0
20260216,16,6,658,25,25,6.5
20260216,17,6,579,22,22,6.5
20260216,18,6,342,13,13,6.5
20260216,19,7,16,16,16,14.98
20260216,20,7,15,15,15,0.0
20260216,21,7,10,10,10,0.0
20260217,1,1,792,37,33,103.6
20260217,2,1,280,14,12,43.27
20260217,3,1,486,21,19,47.57
20260217,4,2,1115,7,6,58.36
20260217,5,2,1005,7,6,43.67
20260217,6,2,893,6,5,36.24
20260217,7,3,7737,93,85,58.67
20260217,8,3,2701,34,31,28.7
20260217,9,3,1811,23,20,21.03
20260217,10,4,4188,134,134,0.0
20260217,11,4,3781,121,121,0.0
20260217,12,4,1562,50,50,0.0
20260217,13,5,105,105,105,0.0
20260217,14,5,43,43,43,0.0
20260217,15,5,24,24,24,0.0
20260217,16,6,895,34,34,6.5
20260217,17,6,500,19,19,6.5
20260217,18,6,184,7,7,6.5
20260217,19,7,18,18,18,14.5
20260217,20,7,10,10,10,0.0
20260217,21,7,10,10,10,0.0
20260218,1,1,680,32,28,80.59
20260218,2,1,431,20,19,53.46
20260218,3,1,473,21,18,45.4
20260218,4,2,822,6,5,49.14
20260218,5,2,932,6,5,40.8
20260218,6,2,630,5,5,30.89
20260218,7,3,7468,92,83,61.29
20260218,8,3,3157,38,33,28.5
20260218,9,3,2337,29,26,22.72
20260218,10,4,3906,125,125,0.0
20260218,11,4,3656,117,117,0.0
20260218,12,4,1500,48,48,0.0
20260218,13,5,105,105,105,0.0
20260218,14,5,63,63,63,0.0
20260218,15,5,35,35,35,0.0
20260218,16,6,1079,41,41,6.5
20260218,17,6,842,32,32,6.5
20260218,18,6,368,14,14,6.5
20260218,19,7,16,16,16,12.78
20260218,20,7,13,13,13,0.0
20260218,21,7,9,9,9,0.0
20260219,1,1,946,42,38,99.6
20260219,2,1,433,18,16,53.47
20260219,3,1,603,22,19,45.0
20260219,4,2,1120,8,7,60.69
20260219,5,2,1108,8,7,48.74
20260219,6,2,646,5,4,30.62
20260219,7,3,9123,107,98,64.23
20260219,8,3,3984,46,40,34.78
20260219,9,3,1605,20,18,17.93
20260219,10,4,3562,114,114,0.0
20260219,11,4,4312,138,138,0.0
20260219,12,4,1562,50,50,0.0
20260219,13,5,106,106,106,0.0
20260219,14,5,54,54,54,0.0
20260219,15,5,29,29,29,0.0
20260219,16,6,974,37,37,6.5
20260219,17,6,789,30,30,6.5
20260219,18,6,421,16,16,6.5
20260219,19,7,17,17,17,14.98
20260219,20,7,11,11,11,0.0
20260219,21,7,9,9,9,1334.79
20260220,1,1,815,40,36,89.55
20260220,2,1,416,18,16,52.78
20260220,3,1,477,21,18,43.3
20260220,4,2,1301,9,8,67.81
20260220,5,2,936,6,5,39.17
20260220,6,2,1264,8,7,45.59
20260220,7,3,8816,98,90,62.15
20260220,8,3,4057,47,41,34.19
20260220,9,3,2253,24,22,22.15
20260220,10,4,4500,144,144,0.0
20260220,11,4,3844,123,123,0.0
20260220,12,4,1562,50,50,0.0
20260220,13,5,117,117,117,0.0
20260220,14,5,56,56,56,0.0
20260220,15,5,35,35,35,0.0
20260220,16,6,1053,40,40,6.5
20260220,17,6,684,26,26,6.5
20260220,18,6,421,16,16,6.5
20260220,19,7,17,17,17,17.13
20260220,20,7,15,15,15,0.0
20260220,21,7,10,10,10,0.0
20260221,1,1,728,32,28,78.16
20260221,2,1,271,11,10,32.78
20260221,3,1,293,14,13,30.9
20260221,4,2,767,6,5,46.45
20260221,5,2,702,5,5,32.7
20260221,6,2,517,4,4,25.35
20260221,7,3,6931,80,74,43.77
20260221,8,3,3410,39,37,23.73
20260221,9,3,1227,15,13,14.66
20260221,10,4,2938,94,94,0.0
20260221,11,4,2781,89,89,0.0
20260221,12,4,1000,32,32,0.0
20260221,13,5,77,77,77,0.0
20260221,14,5,39,39,39,0.0
20260221,15,5,21,21,21,0.0
20260221,16,6,842,32,32,6.5
20260221,17,6,526,20,20,6.5
20260221,18,6,421,16,16,6.5
20260221,19,7,12,12,12,12.35
20260221,20,7,10,10,10,0.0
20260221,21,7,5,5,5,0.0
20260222,1,1,641,31,27,75.62
20260222,2,1,301,13,12,34.18
20260222,3,1,466,22,20,39.65
20260222,4,2,597,4,4,32.3
20260222,5,2,444,3,3,24.52
20260222,6,2,408,3,3,22.1
20260222,7,3,5851,70,61,44.44
20260222,8,3,2663,28,26,21.89
20260222,9,3,1605,21,19,19.0
20260222,10,4,3062,98,98,0.0
20260222,11,4,2938,94,94,0.0
20260222,12,4,1000,32,32,0.0
20260222,13,5,81,81,81,0.0
20260222,14,5,35,35,35,0.0
20260222,15,5,16,16,16,0.0
20260222,16,6,816,31,31,6.5
20260222,17,6,500,19,19,6.5
20260222,18,6,237,9,9,6.5
20260222,19,7,19,19,19,9.89
20260222,20,7,13,13,13,0.0
20260222,21,7,14,14,14,0.0
20260223,1,1,831,38,33,88.38
20260223,2,1,340,17,15,50.51
20260223,3,1,545,21,18,41.0
20260223,4,2,1302,9,8,67.66
20260223,5,2,814,6,6,38.23
20260223,6,2,691,5,5,31.02
20260223,7,3,7855,93,84,57.22
20260223,8,3,5225,58,54,41.22
20260223,9,3,1914,24,21,22.76
20260223,10,4,4000,128,128,0.0
20260223,11,4,4031,129,129,0.0
20260223,12,4,1844,59,59,0.0
20260223,13,5,84,84,84,0.0
20260223,14,5,48,48,48,0.0
20260223,15,5,30,30,30,0.0
20260223,16,6,789,30,30,6.5
20260223,17,6,737,28,28,6.5
20260223,18,6,447,17,17,6.5
20260223,19,7,18,18,18,15.0
20260223,20,7,13,13,13,0.0
20260223,21,7,4,4,4,0.0
20260224,1,1,861,38,33,85.5
20260224,2,1,322,14,13,43.67
20260224,3,1,579,26,23,53.07
20260224,4,2,1591,11,10,70.85
20260224,5,2,735,5,5,36.15
20260224,6,2,900,6,5,36.61
20260224,7,3,9154,117,104,61.31
20260224,8,3,2867,42,36,32.17
20260224,9,3,2629,30,26,24.59
20260224,10,4,3906,125,125,0.0
20260224,11,4,3531,113,113,0.0
20260224,12,4,1938,62,62,0.0
20260224,13,5,114,114,114,0.0
20260224,14,5,41,41,41,0.0
20260224,15,5,28,28,28,0.0
20260224,16,6,895,34,34,6.5
20260224,17,6,763,29,29,6.5
20260224,18,6,395,15,15,6.5
20260224,19,7,19,19,19,15.75
20260224,20,7,15,15,15,0.0
20260224,21,7,6,6,6,0.0
20260225,1,1,986,44,38,108.73
20260225,2,1,434,19,18,56.09
20260225,3,1,410,19,17,40.56
20260225,4,2,925,7,6,54.57
20260225,5,2,867,6,5,39.47
20260225,6,2,985,7,6,37.1
20260225,7,3,9887,116,107,68.46
20260225,8,3,2675,35,30,30.48
20260225,9,3,2329,27,25,24.26
20260225,10,4,3688,118,118,0.0
20260225,11,4,3969,127,127,0.0
20260225,12,4,1812,58,58,0.0
20260225,13,5,119,119,119,0.0
20260225,14,5,50,50,50,0.0
20260225,15,5,33,33,33,0.0
20260225,16,6,1184,45,45,6.5
20260225,17,6,474,18,18,6.5
20260225,18,6,421,16,16,6.5
20260225,19,7,17,17,17,18.26
20260225,20,7,12,12,12,0.0
20260225,21,7,7,7,7,0.0
20260226,1,1,931,39,35,93.8
20260226,2,1,345,16,15,51.29
20260226,3,1,453,19,16,38.56
20260226,4,2,983,7,6,56.35
20260226,5,2,763,5,4,36.28
20260226,6,2,788,6,5,35.69
20260226,7,3,9642,103,95,67.64
20260226,8,3,2916,36,31,29.63
20260226,9,3,1870,21,19,19.66
20260226,10,4,4500,144,144,0.0
20260226,11,4,3812,122,122,0.0
20260226,12,4,1438,46,46,0.0
20260226,13,5,100,100,100,0.0
20260226,14,5,46,46,46,0.0
20260226,15,5,24,24,24,0.0
20260226,16,6,1000,38,38,6.5
20260226,17,6,658,25,25,6.5
20260226,18,6,500,19,19,6.5
20260226,19,7,19,19,19,17.27
20260226,20,7,17,17,17,0.0
20260226,21,7,11,11,11,0.0
20260227,1,1,783,35,33,84.17
20260227,2,1,447,19,17,51.19
20260227,3,1,616,24,21,51.81
20260227,4,2,1218,9,8,72.93
20260227,5,2,710,5,5,36.6
20260227,6,2,785,6,6,31.97
20260227,7,3,10466,137,122,70.2
20260227,8,3,4649,50,43,37.65
20260227,9,3,2352,28,25,25.98
20260227,10,4,4250,136,136,0.0
20260227,11,4,3406,109,109,0.0
20260227,12,4,1625,52,52,0.0
20260227,13,5,121,121,121,0.0
20260227,14,5,44,44,44,0.0
20260227,15,5,28,28,28,0.0
20260227,16,6,947,36,36,6.5
20260227,17,6,658,25,25,6.5
20260227,18,6,368,14,14,6.5
20260227,19,7,20,20,20,17.11
20260227,20,7,10,10,10,0.0
20260227,21,7,12,12,12,0.0
20260228,1,1,637,30,26,65.29
20260228,2,1,303,14,13,40.04
20260228,3,1,272,13,12,29.51
20260228,4,2,891,6,6,50.44
20260228,5,2,560,4,4,30.47
20260228,6,2,533,3,3,19.77
20260228,7,3,7711,85,76,49.81
20260228,8,3,3582,39,34,26.88
20260228,9,3,1429,17,16,17.14
20260228,10,4,2688,86,86,0.0
20260228,11,4,3094,99,99,0.0
20260228,12,4,1156,37,37,0.0
20260228,13,5,74,74,74,0.0
20260228,14,5,31,31,31,0.0
20260228,15,5,19,19,19,0.0
20260228,16,6,526,20,20,6.5
20260228,17,6,237,9,9,6.5
20260228,18,6,211,8,8,6.5
20260228,19,7,10,10,10,13.33
20260228,20,7,5,5,5,0.0
20260228,21,7,6,6,6,0.0
20260301,1,1,592,27,23,66.75
20260301,2,1,275,12,11,33.19
20260301,3,1,284,12,10,27.16
20260301,4,2,980,7,6,48.56
20260301,5,2,587,4,4,26.07
20260301,6,2,709,5,5,26.59
20260301,7,3,8739,91,85,51.8
20260301,8,3,2741,35,30,25.42
20260301,9,3,1352,17,15,15.6
20260301,10,4,2969,95,95,0.0
20260301,11,4,2875,92,92,0.0
20260301,12,4,1469,47,47,0.0
20260301,13,5,93,93,93,0.0
20260301,14,5,52,52,52,0.0
20260301,15,5,18,18,18,0.0
20260301,16,6,684,26,26,6.5
20260301,17,6,395,15,15,6.5
20260301,18,6,368,14,14,6.5
20260301,19,7,12,12,12,12.24
20260301,20,7,8,8,8,0.0
20260301,21,7,8,8,8,0.0
20260302,1,1,1209,48,44,117.61
20260302,2,1,237,12,11,41.47
20260302,3,1,470,22,19,43.89
20260302,4,2,1286,9,8,75.02
20260302,5,2,951,6,6,46.17
20260302,6,2,810,6,6,35.73
20260302,7,3,7979,112,102,67.64
20260302,8,3,3851,51,45,39.04
20260302,9,3,1923,20,19,19.77
20260302,10,4,4531,145,145,0.0
20260302,11,4,4188,134,134,0.0
20260302,12,4,1844,59,59,0.0
20260302,13,5,111,111,111,0.0
20260302,14,5,44,44,44,0.0
20260302,15,5,26,26,26,0.0
20260302,16,6,921,35,35,6.5
20260302,17,6,632,24,24,6.5
20260302,18,6,553,21,21,6.5
20260302,19,7,17,17,17,17.77
20260302,20,7,7,7,7,0.0
20260302,21,7,9,9,9,0.0
20260303,1,1,973,47,43,118.85
20260303,2,1,476,22,20,66.65
20260303,3,1,461,20,18,43.98
20260303,4,2,1146,8,7,69.42
20260303,5,2,692,5,5,37.49
20260303,6,2,818,6,6,35.03
20260303,7,3,8805,102,89,63.16
20260303,8,3,4398,56,51,39.67
20260303,9,3,1926,25,23,22.09
20260303,10,4,4375,140,140,0.0
20260303,11,4,3781,121,121,0.0
20260303,12,4,1625,52,52,0.0
20260303,13,5,86,86,86,0.0
20260303,14,5,51,51,51,0.0
20260303,15,5,23,23,23,0.0
20260303,16,6,816,31,31,6.5
20260303,17,6,763,29,29,6.5
20260303,18,6,342,13,13,6.5
20260303,19,7,17,17,17,16.94
20260303,20,7,16,16,16,0.0
20260303,21,7,14,14,14,0.0
20260304,1,1,1222,57,50,128.77
20260304,2,1,405,17,15,45.53
20260304,3,1,546,23,22,46.16
20260304,4,2,1023,8,7,67.53
20260304,5,2,1028,7,6,43.25
20260304,6,2,855,6,6,35.56
20260304,7,3,8983,119,109,71.35
20260304,8,3,3412,42,37,29.15
20260304,9,3,2307,26,23,25.26
20260304,10,4,4562,146,146,0.0
20260304,11,4,4344,139,139,0.0
20260304,12,4,1625,52,52,0.0
20260304,13,5,112,112,112,0.0
20260304,14,5,48,48,48,0.0
20260304,15,5,26,26,26,0.0
20260304,16,6,947,36,36,6.5
20260304,17,6,632,24,24,6.5
20260304,18,6,526,20,20,6.5
20260304,19,7,20,20,20,16.33
20260304,20,7,16,16,16,0.0
20260304,21,7,10,10,10,0.0
20260305,1,1,782,38,36,95.7
20260305,2,1,509,20,19,57.34
20260305,3,1,484,21,18,41.68
20260305,4,2,1186,8,7,60.24
20260305,5,2,1003,7,6,48.48
20260305,6,2,616,4,4,26.34
20260305,7,3,7754,103,90,57.24
20260305,8,3,5053,59,53,44.04
20260305,9,3,2367,30,28,22.74
20260305,10,4,4281,137,137,0.0
20260305,11,4,3781,121,121,0.0
20260305,12,4,1781,57,57,0.0
20260305,13,5,111,111,111,0.0
20260305,14,5,54,54,54,0.0
20260305,15,5,24,24,24,0.0
20260305,16,6,974,37,37,6.5
20260305,17,6,816,31,31,6.5
20260305,18,6,447,17,17,6.5
20260305,19,7,15,15,15,14.2
20260305,20,7,25,25,25,0.0
20260305,21,7,4,4,4,1264.7
20260306,1,1,873,38,34,85.23
20260306,2,1,383,16,14,49.22
20260306,3,1,512,22,21,44.54
20260306,4,2,1689,11,10,74.49
20260306,5,2,853,6,6,39.41
20260306,6,2,687,5,4,31.86
20260306,7,3,8486,102,93,60.27
20260306,8,3,3718,40,36,26.27
20260306,9,3,1622,22,20,22.23
20260306,10,4,4500,144,144,0.0
20260306,11,4,3781,121,121,0.0
20260306,12,4,1688,54,54,0.0
20260306,13,5,99,99,99,0.0
20260306,14,5,45,45,45,0.0
20260306,15,5,33,33,33,0.0
20260306,16,6,947,36,36,6.5
20260306,17,6,474,18,18,6.5
20260306,18,6,553,21,21,6.5
20260306,19,7,19,19,19,16.55
20260306,20,7,15,15,15,0.0
20260306,21,7,5,5,5,0.0
20260307,1,1,692,31,29,73.96
20260307,2,1,312,13,12,39.49
20260307,3,1,469,20,18,37.47
20260307,4,2,1070,7,6,55.96
20260307,5,2,574,4,4,26.64
20260307,6,2,599,5,4,25.21
20260307,7,3,5908,81,74,51.65
20260307,8,3,2650,32,29,24.98
20260307,9,3,1814,20,18,17.25
20260307,10,4,3219,103,103,0.0
20260307,11,4,3094,99,99,0.0
20260307,12,4,875,28,28,0.0
20260307,13,5,76,76,76,0.0
20260307,14,5,45,45,45,0.0
20260307,15,5,19,19,19,0.0
20260307,16,6,605,23,23,6.5
20260307,17,6,289,11,11,6.5
20260307,18,6,474,18,18,6.5
20260307,19,7,9,9,9,12.29
20260307,20,7,10,10,10,0.0
20260307,21,7,9,9,9,0.0
20260308,1,1,714,31,28,70.23
20260308,2,1,325,14,13,42.77
20260308,3,1,385,17,15,32.06
20260308,4,2,830,7,7,48.24
20260308,5,2,506,4,4,29.17
20260308,6,2,523,4,4,26.73
20260308,7,3,7675,79,69,47.9
20260308,8,3,2596,29,25,23.42
20260308,9,3,1460,18,17,17.81
20260308,10,4,3656,117,117,0.0
20260308,11,4,2750,88,88,0.0
20260308,12,4,1469,47,47,0.0
20260308,13,5,75,75,75,0.0
20260308,14,5,46,46,46,0.0
20260308,15,5,15,15,15,0.0
20260308,16,6,553,21,21,6.5
20260308,17,6,474,18,18,6.5
20260308,18,6,132,5,5,6.5
20260308,19,7,10,10,10,11.78
20260308,20,7,7,7,7,0.0
20260308,21,7,8,8,8,0.0
20260309,1,1,899,42,39,113.6
20260309,2,1,269,14,12,46.0
20260309,3,1,372,18,16,37.93
20260309,4,2,1038,7,6,52.23
20260309,5,2,698,5,4,35.9
20260309,6,2,886,6,5,34.84
20260309,7,3,8822,91,81,51.39
20260309,8,3,4095,47,42,33.01
20260309,9,3,2134,25,22,25.73
20260309,10,4,4750,152,152,0.0
20260309,11,4,4219,135,135,0.0
20260309,12,4,1500,48,48,0.0
20260309,13,5,107,107,107,0.0
20260309,14,5,52,52,52,0.0
20260309,15,5,33,33,33,0.0
20260309,16,6,842,32,32,6.5
20260309,17,6,605,23,23,6.5
20260309,18,6,395,15,15,6.5
20260309,19,7,12,12,12,16.13
20260309,20,7,15,15,15,0.0
20260309,21,7,8,8,8,0.0
20260310,1,1,1024,49,43,119.36
20260310,2,1,322,14,12,45.43
20260310,3,1,397,19,17,37.43
20260310,4,2,1185,9,8,69.38
20260310,5,2,787,5,5,39.29
20260310,6,2,1074,7,6,36.64
20260310,7,3,9026,106,98,64.06
20260310,8,3,5181,60,56,43.58
20260310,9,3,2565,29,26,26.69
20260310,10,4,3688,118,118,0.0
20260310,11,4,4031,129,129,0.0
20260310,12,4,1719,55,55,0.0
20260310,13,5,106,106,106,0.0
20260310,14,5,57,57,57,0.0
20260310,15,5,32,32,32,0.0
20260310,16,6,737,28,28,6.5
20260310,17,6,842,32,32,6.5
20260310,18,6,263,10,10,6.5
20260310,19,7,19,19,19,16.58
20260310,20,7,21,21,21,0.0
20260310,21,7,10,10,10,0.0
20260311,1,1,813,42,39,97.86
20260311,2,1,406,17,15,48.36
20260311,3,1,603,23,21,47.93
20260311,4,2,1167,8,7,60.77
20260311,5,2,732,5,4,38.33
20260311,6,2,899,6,6,35.59
20260311,7,3,8710,95,88,59.9
20260311,8,3,3785,41,37,29.47
20260311,9,3,2288,30,27,24.27
20260311,10,4,3875,124,124,0.0
20260311,11,4,3938,126,126,0.0
20260311,12,4,1531,49,49,0.0
20260311,13,5,129,129,129,0.0
20260311,14,5,49,49,49,0.0
20260311,15,5,33,33,33,0.0
20260311,16,6,842,32,32,6.5
20260311,17,6,658,25,25,6.5
20260311,18,6,474,18,18,6.5
20260311,19,7,12,12,12,15.14
20260311,20,7,11,11,11,0.0
20260311,21,7,5,5,5,0.0
20260312,1,1,948,42,37,102.35
20260312,2,1,386,17,15,45.46
20260312,3,1,564,25,22,53.12
20260312,4,2,1215,9,8,62.91
20260312,5,2,1025,7,6,42.83
20260312,6,2,702,5,4,28.91
20260312,7,3,10443,124,113,75.0
20260312,8,3,4257,50,46,37.19
20260312,9,3,2434,30,28,25.07
20260312,10,4,5250,168,168,0.0
20260312,11,4,4781,153,153,0.0
20260312,12,4,1500,48,48,0.0
20260312,13,5,115,115,115,0.0
20260312,14,5,43,43,43,0.0
20260312,15,5,30,30,30,0.0
20260312,16,6,1158,44,44,6.5
20260312,17,6,632,24,24,6.5
20260312,18,6,579,22,22,6.5
20260312,19,7,18,18,18,19.46
20260312,20,7,21,21,21,0.0
20260312,21,7,12,12,12,0.0
20260313,1,1,1079,44,41,107.84
20260313,2,1,513,24,22,61.9
20260313,3,1,434,21,19,45.48
20260313,4,2,1176,8,7,56.87
20260313,5,2,844,7,6,48.51
20260313,6,2,775,5,5,34.2
20260313,7,3,9077,105,96,63.87
20260313,8,3,4427,51,46,39.84
20260313,9,3,1922,22,21,20.79
20260313,10,4,4094,131,131,0.0
20260313,11,4,3656,117,117,0.0
20260313,12,4,1188,38,38,0.0
20260313,13,5,98,98,98,0.0
20260313,14,5,59,59,59,0.0
20260313,15,5,31,31,31,0.0
20260313,16,6,737,28,28,6.5
20260313,17,6,500,19,19,6.5
20260313,18,6,447,17,17,6.5
20260313,19,7,12,12,12,15.88
20260313,20,7,10,10,10,0.0
20260313,21,7,15,15,15,0.0
20260314,1,1,610,28,25,70.25
20260314,2,1,258,12,11,37.77
20260314,3,1,312,14,13,31.42
20260314,4,2,914,6,5,46.12
20260314,5,2,726,5,5,31.55
20260314,6,2,462,3,3,18.37
20260314,7,3,6989,85,75,53.79
20260314,8,3,2057,27,23,19.29
20260314,9,3,1992,20,18,17.49
20260314,10,4,3219,103,103,0.0
20260314,11,4,2906,93,93,0.0
20260314,12,4,969,31,31,0.0
20260314,13,5,81,81,81,0.0
20260314,14,5,39,39,39,0.0
20260314,15,5,12,12,12,0.0
20260314,16,6,605,23,23,6.5
20260314,17,6,395,15,15,6.5
20260314,18,6,263,10,10,6.5
20260314,19,7,10,10,10,9.2
20260314,20,7,11,11,11,0.0
20260314,21,7,7,7,7,0.0
20260315,1,1,750,38,35,81.3
20260315,2,1,275,13,12,40.04
20260315,3,1,311,13,12,26.04
20260315,4,2,1048,7,6,50.27
20260315,5,2,596,4,3,26.6
20260315,6,2,603,4,4,24.55
20260315,7,3,5546,68,61,42.04
20260315,8,3,2696,30,26,23.5
20260315,9,3,1619,20,17,18.74
20260315,10,4,3031,97,97,0.0
20260315,11,4,3156,101,101,0.0
20260315,12,4,1062,34,34,0.0
20260315,13,5,60,60,60,0.0
20260315,14,5,38,38,38,0.0
20260315,15,5,19,19,19,0.0
20260315,16,6,579,22,22,6.5
20260315,17,6,447,17,17,6.5
20260315,18,6,237,9,9,6.5
20260315,19,7,12,12,12,11.99
20260315,20,7,7,7,7,0.0
20260315,21,7,13,13,13,0.0
20260316,1,1,920,40,36,96.27
20260316,2,1,386,16,14,46.7
20260316,3,1,449,21,19,44.52
20260316,4,2,1250,9,8,68.13
20260316,5,2,974,7,6,49.68
20260316,6,2,887,6,5,36.28
20260316,7,3,9710,111,96,58.48
20260316,8,3,3861,52,46,38.32
20260316,9,3,1791,24,22,21.49
20260316,10,4,4500,144,144,0.0
20260316,11,4,3469,111,111,0.0
20260316,12,4,1469,47,47,0.0
20260316,13,5,95,95,95,0.0
20260316,14,5,40,40,40,0.0
20260316,15,5,29,29,29,0.0
20260316,16,6,1079,41,41,6.5
20260316,17,6,711,27,27,6.5
20260316,18,6,474,18,18,6.5
20260316,19,7,29,29,29,17.25
20260316,20,7,7,7,7,0.0
20260316,21,7,9,9,9,0.0
20260317,1,1,718,34,31,84.52
20260317,2,1,368,16,14,46.81
20260317,3,1,355,19,17,42.72
20260317,4,2,2017,13,12,80.04
20260317,5,2,1360,8,7,51.65
20260317,6,2,909,6,5,33.87
20260317,7,3,8899,103,93,60.78
20260317,8,3,3308,39,36,30.07
20260317,9,3,2206,26,24,22.61
20260317,10,4,4062,130,130,0.0
20260317,11,4,3656,117,117,0.0
20260317,12,4,1781,57,57,0.0
20260317,13,5,106,106,106,0.0
20260317,14,5,36,36,36,0.0
20260317,15,5,38,38,38,0.0
20260317,16,6,763,29,29,6.5
20260317,17,6,632,24,24,6.5
20260317,18,6,553,21,21,6.5
20260317,19,7,18,18,18,15.06
20260317,20,7,14,14,14,0.0
20260317,21,7,9,9,9,0.0
20260318,1,1,883,41,37,93.31
20260318,2,1,381,16,15,46.15
20260318,3,1,521,21,19,45.9
20260318,4,2,1163,8,7,61.65
20260318,5,2,858,6,6,40.35
20260318,6,2,764,6,5,37.54
20260318,7,3,8357,99,91,62.05
20260318,8,3,4464,55,49,39.22
20260318,9,3,2581,32,28,25.81
20260318,10,4,4375,140,140,0.0
20260318,11,4,3812,122,122,0.0
20260318,12,4,1500,48,48,0.0
20260318,13,5,120,120,120,0.0
20260318,14,5,50,50,50,0.0
20260318,15,5,19,19,19,0.0
20260318,16,6,974,37,37,6.5
20260318,17,6,868,33,33,6.5
20260318,18,6,368,14,14,6.5
20260318,19,7,21,21,21,17.86
20260318,20,7,11,11,11,0.0
20260318,21,7,10,10,10,0.0
20260319,1,1,902,41,36,98.74
20260319,2,1,358,17,15,54.09
20260319,3,1,500,20,18,43.74
20260319,5,2,1177,7,6,44.59
20260319,6,2,715,5,4,31.53
20260319,7,3,9985,125,113,80.76
20260319,8,3,4162,49,45,32.87
20260319,9,3,1907,23,20,21.41
20260319,10,4,4062,130,130,0.0
20260319,11,4,4344,139,139,0.0
20260319,12,4,1281,41,41,0.0
20260319,13,5,100,100,100,0.0
20260319,14,5,67,67,67,0.0
20260319,15,5,22,22,22,0.0
20260319,16,6,1158,44,44,6.5
20260319,17,6,737,28,28,6.5
20260319,18,6,263,10,10,6.5
20260319,19,7,23,23,23,16.11
20260319,20,7,15,15,15,0.0
20260319,21,7,10,10,10,1579.45
20260320,1,1,805,37,35,89.51
20260320,2,1,449,18,17,54.12
20260320,3,1,506,22,20,42.59
20260320,4,2,1157,9,8,61.69
20260320,5,2,922,7,6,46.82
20260320,6,2,765,6,5,34.41
20260320,7,3,9187,96,88,59.19
20260320,8,3,3234,42,39,32.06
20260320,9,3,2791,28,26,24.66
20260320,10,4,4438,142,142,0.0
20260320,11,4,4094,131,131,0.0
20260320,12,4,1688,54,54,0.0
20260320,13,5,90,90,90,0.0
20260320,14,5,63,63,63,0.0
20260320,15,5,31,31,31,0.0
20260320,16,6,895,34,34,6.5
20260320,17,6,711,27,27,6.5
20260320,18,6,342,13,13,6.5
20260320,19,7,25,25,25,17.13
20260320,20,7,11,11,11,0.0
20260320,21,7,15,15,15,0.0
20260321,1,1,720,31,27,70.45
20260321,2,1,224,9,8,27.96
20260321,3,1,356,15,13,30.84
20260321,4,2,663,5,4,42.8
20260321,5,2,619,4,4,29.05
20260321,6,2,530,4,4,25.49
20260321,7,3,7945,95,83,53.25
20260321,8,3,3516,42,37,28.02
20260321,9,3,1301,17,15,15.38
20260321,10,4,2906,93,93,0.0
20260321,11,4,2656,85,85,0.0
20260321,12,4,875,28,28,0.0
20260321,13,5,71,71,71,0.0
20260321,14,5,33,33,33,0.0
20260321,15,5,25,25,25,0.0
20260321,16,6,763,29,29,6.5
20260321,17,6,842,32,32,6.5
20260321,18,6,368,14,14,6.5
20260321,19,7,10,10,10,11.79
20260321,20,7,8,8,8,0.0
20260321,21,7,7,7,7,0.0
20260322,1,1,519,26,23,63.17
20260322,2,1,262,11,10,36.9
20260322,3,1,408,17,15,38.4
20260322,4,2,991,7,6,53.73
20260322,5,2,539,4,4,30.08
20260322,6,2,547,4,4,26.36
20260322,7,3,8173,88,79,52.51
20260322,8,3,2511,31,27,23.84
20260322,9,3,1659,20,19,17.44
20260322,10,4,3312,106,106,0.0
20260322,11,4,3281,105,105,0.0
20260322,12,4,1344,43,43,0.0
20260322,13,5,72,72,72,0.0
20260322,14,5,25,25,25,0.0
20260322,15,5,20,20,20,0.0
20260322,16,6,658,25,25,6.5
20260322,17,6,579,22,22,6.5
20260322,18,6,447,17,17,6.5
20260322,19,7,9,9,9,11.0
20260322,20,7,9,9,9,0.0
20260322,21,7,7,7,7,0.0
20260323,1,1,870,43,40,104.63
20260323,2,1,286,14,13,45.53
20260323,3,1,360,17,15,39.69
20260323,4,2,1486,10,9,74.1
20260323,5,2,872,6,5,37.79
20260323,6,2,647,5,5,30.71
20260323,7,3,9553,102,88,54.27
20260323,8,3,3474,43,39,33.24
20260323,9,3,2561,24,21,22.98
20260323,10,4,4281,137,137,0.0
20260323,11,4,4500,144,144,0.0
20260323,12,4,1312,42,42,0.0
20260323,13,5,108,108,108,0.0
20260323,14,5,65,65,65,0.0
20260323,15,5,24,24,24,0.0
20260323,16,6,816,31,31,6.5
20260323,17,6,842,32,32,6.5
20260323,18,6,263,10,10,6.5
20260323,19,7,20,20,20,13.76
20260323,20,7,6,6,6,0.0
20260323,21,7,19,19,19,0.0
20260324,1,1,867,43,37,100.62
20260324,2,1,407,18,17,54.66
20260324,3,1,469,19,16,42.77
20260324,4,2,1451,9,8,67.81
20260324,5,2,636,5,4,39.21
20260324,6,2,869,6,6,35.33
20260324,7,3,12890,123,112,69.01
20260324,8,3,4823,53,50,39.38
20260324,9,3,2525,29,27,25.75
20260324,10,4,4156,133,133,0.0
20260324,11,4,3438,110,110,0.0
20260324,12,4,1719,55,55,0.0
20260324,13,5,117,117,117,0.0
20260324,14,5,62,62,62,0.0
20260324,15,5,29,29,29,0.0
20260324,16,6,868,33,33,6.5
20260324,17,6,868,33,33,6.5
20260324,18,6,368,14,14,6.5
20260324,19,7,21,21,21,15.73
20260324,21,7,7,7,7,0.0
20260325,1,1,858,41,36,91.39
20260325,2,1,428,18,17,50.29
20260325,3,1,592,28,24,57.68
20260325,4,2,1473,10,9,60.6
20260325,5,2,809,6,6,36.52
20260325,6,2,781,5,4,32.57
20260325,7,3,8072,105,95,64.52
20260325,8,3,3936,47,42,36.49
20260325,9,3,1978,23,20,17.6
20260325,10,4,4406,141,141,0.0
20260325,11,4,3906,125,125,0.0
20260325,12,4,1438,46,46,0.0
20260325,13,5,112,112,112,0.0
20260325,14,5,46,46,46,0.0
20260325,15,5,32,32,32,0.0
20260325,16,6,737,28,28,6.5
20260325,17,6,737,28,28,6.5
20260325,18,6,526,20,20,6.5
20260325,19,7,14,14,14,15.17
20260325,20,7,11,11,11,0.0
20260325,21,7,13,13,13,0.0
20260326,1,1,822,39,35,85.12
20260326,2,1,340,17,16,50.31
20260326,3,1,513,21,20,42.43
20260326,4,2,1072,7,6,53.12
20260326,5,2,743,6,5,41.63
20260326,6,2,788,5,5,33.93
20260326,7,3,9509,118,106,61.98
20260326,8,3,3732,39,35,31.99
20260326,9,3,2280,29,27,26.59
20260326,10,4,3969,127,127,0.0
20260326,11,4,4000,128,128,0.0
20260326,12,4,1750,56,56,0.0
20260326,13,5,119,119,119,0.0
20260326,14,5,71,71,71,0.0
20260326,15,5,27,27,27,0.0
20260326,16,6,763,29,29,6.5
20260326,17,6,605,23,23,6.5
20260326,18,6,395,15,15,6.5
20260326,19,7,17,17,17,17.66
20260326,20,7,11,11,11,0.0
20260326,21,7,13,13,13,0.0
20260327,1,1,820,40,35,102.18
20260327,2,1,514,22,20,63.32
20260327,3,1,506,23,20,49.68
20260327,4,2,1118,9,8,70.95
20260327,5,2,802,5,5,40.69
20260327,6,2,953,7,6,38.82
20260327,7,3,9012,116,101,67.17
20260327,8,3,3772,44,39,31.25
20260327,9,3,2071,25,22,23.55
20260327,10,4,4000,128,128,0.0
20260327,11,4,3906,125,125,0.0
20260327,12,4,1312,42,42,0.0
20260327,13,5,127,127,127,0.0
20260327,14,5,46,46,46,0.0
20260327,15,5,27,27,27,0.0
20260327,16,6,1026,39,39,6.5
20260327,17,6,658,25,25,6.5
20260327,18,6,421,16,16,6.5
20260327,19,7,14,14,14,18.4
20260327,20,7,13,13,13,0.0
20260327,21,7,6,6,6,0.0
20260328,1,1,556,29,26,68.34
20260328,2,1,235,12,11,40.72
20260328,3,1,563,21,18,39.74
20260328,4,2,807,6,5,46.38
20260328,5,2,601,4,4,32.08
20260328,6,2,561,4,4,25.26
20260328,7,3,6307,71,66,46.05
20260328,8,3,2981,34,31,25.78
20260328,9,3,1624,20,19,18.54
20260328,10,4,3375,108,108,0.0
20260328,11,4,3281,105,105,0.0
20260328,12,4,1250,40,40,0.0
20260328,13,5,85,85,85,0.0
20260328,14,5,52,52,52,0.0
20260328,15,5,21,21,21,0.0
20260328,16,6,526,20,20,6.5
20260328,17,6,368,14,14,6.5
20260328,18,6,316,12,12,6.5
20260328,19,7,13,13,13,12.64
20260328,20,7,10,10,10,0.0
20260328,21,7,6,6,6,0.0
20260329,1,1,852,34,31,69.34
20260329,2,1,237,12,11,39.9
20260329,3,1,341,15,13,31.8
20260329,4,2,1097,8,7,56.97
20260329,5,2,601,4,4,28.21
20260329,6,2,382,3,3,21.36
20260329,7,3,5583,80,73,47.73
20260329,8,3,3056,34,31,27.5
20260329,9,3,1348,15,14,14.23
20260329,10,4,2750,88,88,0.0
20260329,11,4,2750,88,88,0.0
20260329,12,4,1281,41,41,0.0
20260329,13,5,84,84,84,0.0
20260329,14,5,43,43,43,0.0
20260329,15,5,18,18,18,0.0
20260329,16,6,579,22,22,6.5
20260329,17,6,500,19,19,6.5
20260329,18,6,421,16,16,6.5
20260329,19,7,11,11,11,13.03
20260329,20,7,9,9,9,0.0
20260329,21,7,10,10,10,0.0
20260330,1,1,1100,45,39,104.23
20260330,2,1,468,21,19,59.36
20260330,3,1,500,22,19,47.28
20260330,4,2,1340,9,8,70.43
20260330,5,2,920,7,6,46.18
20260330,6,2,847,6,6,33.66
20260330,7,3,10627,118,109,72.91
20260330,8,3,4841,54,49,39.45
20260330,9,3,2705,27,25,25.0
20260330,10,4,4219,135,135,0.0
20260330,11,4,4062,130,130,0.0
20260330,12,4,1656,53,53,0.0
20260330,13,5,108,108,108,0.0
20260330,14,5,49,49,49,0.0
20260330,15,5,27,27,27,0.0
20260330,16,6,763,29,29,6.5
20260330,17,6,500,19,19,6.5
20260330,18,6,316,12,12,6.5
20260330,19,7,21,21,21,15.96
20260330,20,7,17,17,17,0.0
20260330,21,7,9,9,9,0.0
20260331,1,1,731,33,29,78.24
20260331,2,1,495,19,17,57.08
20260331,3,1,487,24,21,51.07
20260331,4,2,1318,9,8,69.21
20260331,5,2,720,5,4,39.22
20260331,6,2,740,5,4,34.16
20260331,7,3,7699,105,97,65.3
20260331,8,3,3562,43,40,31.22
20260331,9,3,3068,34,31,32.64
20260331,10,4,3906,125,125,0.0
20260331,11,4,4156,133,133,0.0
20260331,12,4,1750,56,56,0.0
20260331,13,5,103,103,103,0.0
20260331,14,5,58,58,58,0.0
20260331,15,5,30,30,30,0.0
20260331,16,6,711,27,27,6.5
20260331,17,6,605,23,23,6.5
20260331,18,6,553,21,21,6.5
20260331,19,7,25,25,25,14.5
20260331,20,7,13,13,13,0.0
20260331,21,7,9,9,9,0.0
20260401,1,1,768,36,31,85.27
20260401,2,1,328,15,13,52.66
20260401,3,1,607,28,25,52.15
20260401,4,2,1219,9,8,68.41
20260401,5,2,855,6,5,41.26
20260401,6,2,911,7,6,39.88
20260401,7,3,8850,105,91,66.66
20260401,8,3,4911,49,44,37.02
20260401,9,3,2553,30,26,27.87
20260401,10,4,4000,128,128,0.0
20260401,11,4,3969,127,127,0.0
20260401,12,4,1438,46,46,0.0
20260401,13,5,121,121,121,0.0
20260401,14,5,48,48,48,0.0
20260401,15,5,24,24,24,0.0
20260401,16,6,974,37,37,6.5
20260401,17,6,632,24,24,6.5
20260401,18,6,421,16,16,6.5
20260401,19,7,25,25,25,17.37
20260401,20,7,14,14,14,0.0
20260401,21,7,8,8,8,0.0
20260402,1,1,896,43,39,100.46
20260402,2,1,359,15,14,42.23
20260402,3,1,401,19,17,44.09
20260402,4,2,1099,8,8,58.88
20260402,5,2,757,6,5,42.77
20260402,6,2,706,5,5,32.07
20260402,7,3,9835,99,89,56.02
20260402,8,3,2716,35,31,28.2
20260402,9,3,1781,21,20,20.07
20260402,10,4,4219,135,135,0.0
20260402,11,4,3750,120,120,0.0
20260402,12,4,1719,55,55,0.0
20260402,13,5,108,108,108,0.0
20260402,14,5,34,34,34,0.0
20260402,15,5,25,25,25,0.0
20260402,16,6,684,26,26,6.5
20260402,17,6,868,33,33,6.5
20260402,18,6,474,18,18,6.5
20260402,19,7,19,19,19,15.66
20260402,20,7,18,18,18,0.0
20260402,21,7,6,6,6,0.0
20260403,1,1,970,43,38,94.66
20260403,2,1,501,18,17,55.55
20260403,3,1,485,22,20,48.25
20260403,4,2,1649,11,10,82.69
20260403,5,2,711,5,5,36.81
20260403,6,2,699,5,5,33.69
20260403,7,3,7809,106,94,63.03
20260403,8,3,4624,50,44,40.7
20260403,9,3,1992,25,22,23.73
20260403,10,4,4219,135,135,0.0
20260403,11,4,3750,120,120,0.0
20260403,12,4,1844,59,59,0.0
20260403,13,5,114,114,114,0.0
20260403,14,5,55,55,55,0.0
20260403,15,5,35,35,35,0.0
20260403,16,6,684,26,26,6.5
20260403,17,6,763,29,29,6.5
20260403,18,6,579,22,22,6.5
20260403,19,7,20,20,20,17.4
20260403,20,7,8,8,8,0.0
20260403,21,7,11,11,11,0.0
20260404,1,1,655,30,28,75.11
20260404,2,1,240,11,9,35.35
20260404,3,1,291,13,12,27.65
20260404,4,2,993,6,5,44.35
20260404,5,2,557,4,4,27.18
20260404,6,2,709,5,5,29.42
20260404,7,3,7635,87,78,52.41
20260404,8,3,3089,39,36,28.96
20260404,9,3,1479,19,17,17.47
20260404,10,4,3031,97,97,0.0
20260404,11,4,2844,91,91,0.0
20260404,12,4,1250,40,40,0.0
20260404,13,5,82,82,82,0.0
20260404,14,5,28,28,28,0.0
20260404,15,5,21,21,21,0.0
20260404,16,6,526,20,20,6.5
20260404,17,6,368,14,14,6.5
20260404,18,6,395,15,15,6.5
20260404,19,7,11,11,11,10.85
20260404,20,7,8,8,8,0.0
20260404,21,7,11,11,11,0.0
20260405,1,1,741,35,31,77.48
20260405,2,1,269,12,10,35.34
20260405,3,1,322,16,14,34.84
20260405,4,2,1000,7,6,49.68
20260405,5,2,644,4,4,25.34
20260405,6,2,591,4,4,26.66
20260405,7,3,6769,79,73,50.33
20260405,8,3,2898,30,27,22.38
20260405,9,3,1696,21,19,18.31
20260405,10,4,3594,115,115,0.0
20260405,11,4,2969,95,95,0.0
20260405,12,4,1281,41,41,0.0
20260405,13,5,80,80,80,0.0
20260405,14,5,36,36,36,0.0
20260405,15,5,18,18,18,0.0
20260405,16,6,395,15,15,6.5
20260405,17,6,500,19,19,6.5
20260405,18,6,447,17,17,6.5
20260405,19,7,13,13,13,9.6
20260405,20,7,9,9,9,0.0
20260405,21,7,5,5,5,1399.47
20260406,1,1,948,48,43,122.0
20260406,2,1,362,17,15,50.12
20260406,3,1,396,17,15,40.38
20260406,4,2,1408,11,10,76.17
20260406,5,2,1049,7,6,45.04
20260406,6,2,722,5,5,29.53
20260406,7,3,8542,102,90,59.36
20260406,8,3,3560,49,44,39.77
20260406,9,3,1817,22,20,19.48
20260406,10,4,4812,154,154,0.0
20260406,11,4,3781,121,121,0.0
20260406,12,4,1562,50,50,0.0
20260406,13,5,105,105,105,0.0
20260406,14,5,44,44,44,0.0
20260406,15,5,34,34,34,0.0
20260406,16,6,1079,41,41,6.5
20260406,17,6,816,31,31,6.5
20260406,18,6,395,15,15,6.5
20260406,19,7,25,25,25,18.81
20260406,20,7,15,15,15,0.0
20260406,21,7,9,9,9,0.0
20260407,1,1,1224,51,46,117.02
20260407,2,1,341,15,13,46.13
20260407,3,1,562,26,24,56.87
20260407,4,2,1177,8,7,66.21
20260407,5,2,959,7,6,47.04
20260407,6,2,905,6,6,35.9
20260407,7,3,8709,106,93,66.24
20260407,8,3,4386,50,45,32.73
20260407,9,3,1456,19,17,19.91
20260407,10,4,4875,156,156,0.0
20260407,11,4,3781,121,121,0.0
20260407,12,4,1844,59,59,0.0
20260407,13,5,99,99,99,0.0
20260407,14,5,51,51,51,0.0
20260407,15,5,30,30,30,0.0
20260407,16,6,842,32,32,6.5
20260407,17,6,895,34,34,6.5
20260407,18,6,500,19,19,6.5
20260407,19,7,21,21,21,15.83
20260407,20,7,13,13,13,0.0
20260407,21,7,11,11,11,0.0
20260408,1,1,1088,46,42,107.8
20260408,2,1,477,21,18,63.04
20260408,3,1,584,26,24,53.29
20260408,4,2,1301,9,8,69.63
20260408,5,2,1052,7,6,41.48
20260408,6,2,646,5,4,35.8
20260408,7,3,9232,102,96,60.32
20260408,8,3,4579,52,45,39.29
20260408,9,3,2199,23,20,20.86
20260408,10,4,4312,138,138,0.0
20260408,11,4,4188,134,134,0.0
20260408,12,4,1844,59,59,0.0
20260408,13,5,114,114,114,0.0
20260408,14,5,53,53,53,0.0
20260408,15,5,25,25,25,0.0
20260408,16,6,947,36,36,6.5
20260408,17,6,789,30,30,6.5
20260408,18,6,632,24,24,6.5
20260408,19,7,24,24,24,17.98
20260408,20,7,13,13,13,0.0
20260408,21,7,8,8,8,0.0
20260409,1,1,760,33,29,74.82
20260409,2,1,498,24,22,65.88
20260409,3,1,490,24,22,49.82
20260409,4,2,1196,8,7,60.97
20260409,5,2,890,6,5,38.7
20260409,6,2,783,5,4,34.4
20260409,7,3,7154,89,82,59.2
20260409,8,3,3365,42,37,30.05
20260409,9,3,2418,30,26,25.52
20260409,10,4,5156,165,165,0.0
20260409,11,4,3688,118,118,0.0
20260409,12,4,1812,58,58,0.0
20260409,13,5,98,98,98,0.0
20260409,14,5,53,53,53,0.0
20260409,15,5,34,34,34,0.0
20260409,16,6,1053,40,40,6.5
20260409,17,6,763,29,29,6.5
20260409,18,6,658,25,25,6.5
20260409,19,7,16,16,16,16.82
20260409,20,7,16,16,16,0.0
20260409,21,7,16,16,16,0.0
20260410,1,1,1234,53,47,115.79
20260410,2,1,400,19,16,57.82
20260410,3,1,377,19,17,44.18
20260410,4,2,1299,8,7,63.52
20260410,5,2,985,7,6,48.8
20260410,6,2,801,6,5,36.36
20260410,7,3,7631,104,92,65.23
20260410,8,3,4010,49,43,35.71
20260410,9,3,1740,21,19,18.74
20260410,10,4,4281,137,137,0.0
20260410,11,4,4062,130,130,0.0
20260410,12,4,1906,61,61,0.0
20260410,13,5,117,117,117,0.0
20260410,14,5,52,52,52,0.0
20260410,15,5,25,25,25,0.0
20260410,16,6,921,35,35,6.5
20260410,17,6,947,36,36,6.5
20260410,18,6,474,18,18,6.5
20260410,19,7,18,18,18,16.33
20260410,20,7,12,12,12,0.0
20260410,21,7,10,10,10,0.0
20260411,1,1,689,35,32,78.29
20260411,2,1,356,14,12,39.8
20260411,3,1,365,15,13,31.82
20260411,4,2,672,5,4,38.7
20260411,5,2,529,4,4,29.02
20260411,6,2,626,4,4,29.16
20260411,7,3,4772,60,54,35.51
20260411,8,3,2121,27,24,21.17
20260411,9,3,1501,17,16,15.45
20260411,10,4,2656,85,85,0.0
20260411,11,4,2750,88,88,0.0
20260411,12,4,969,31,31,0.0
20260411,13,5,90,90,90,0.0
20260411,14,5,41,41,41,0.0
20260411,15,5,18,18,18,0.0
20260411,16,6,500,19,19,6.5
20260411,17,6,605,23,23,6.5
20260411,18,6,289,11,11,6.5
20260411,19,7,14,14,14,12.49
20260411,20,7,7,7,7,0.0
20260411,21,7,6,6,6,0.0
20260412,1,1,757,34,30,77.64
20260412,2,1,309,14,13,40.22
20260412,3,1,359,17,15,34.53
20260412,4,2,1086,7,6,53.89
20260412,5,2,735,5,5,30.67
20260412,6,2,768,5,4,26.33
20260412,7,3,5408,70,61,44.89
20260412,8,3,3412,41,39,32.67
20260412,9,3,1860,22,19,18.57
20260412,10,4,3188,102,102,0.0
20260412,11,4,3156,101,101,0.0
20260412,12,4,875,28,28,0.0
20260412,13,5,84,84,84,0.0
20260412,14,5,49,49,49,0.0
20260412,15,5,22,22,22,0.0
20260412,16,6,632,24,24,6.5
20260412,17,6,553,21,21,6.5
20260412,18,6,421,16,16,6.5
20260412,19,7,12,12,12,13.19
20260412,20,7,16,16,16,0.0
20260412,21,7,6,6,6,0.0
20260413,1,1,939,45,42,104.9
20260413,2,1,416,18,17,54.61
20260413,3,1,444,22,19,46.1
20260413,4,2,1066,7,6,52.32
20260413,5,2,868,6,5,44.08
20260413,6,2,1150,8,7,42.36
20260413,7,3,8092,104,91,64.83
20260413,8,3,3551,43,39,33.27
20260413,9,3,2401,32,30,29.37
20260413,10,4,4688,150,150,0.0
20260413,11,4,4312,138,138,0.0
20260413,12,4,1750,56,56,0.0
20260413,13,5,124,124,124,0.0
20260413,14,5,55,55,55,0.0
20260413,15,5,28,28,28,0.0
20260413,16,6,605,23,23,6.5
20260413,17,6,605,23,23,6.5
20260413,18,6,342,13,13,6.5
20260413,19,7,20,20,20,16.75
20260413,20,7,18,18,18,0.0
20260413,21,7,16,16,16,0.0
20260414,1,1,989,43,38,97.85
20260414,2,1,528,23,21,65.06
20260414,3,1,640,25,23,51.46
20260414,4,2,1251,9,8,70.54
20260414,5,2,745,5,4,35.23
20260414,6,2,727,5,5,33.76
20260414,7,3,7623,96,83,58.5
20260414,8,3,2609,36,34,28.23
20260414,9,3,2604,28,26,23.53
20260414,10,4,4719,151,151,0.0
20260414,11,4,4656,149,149,0.0
20260414,12,4,2188,70,70,0.0
20260414,13,5,126,126,126,0.0
20260414,14,5,59,59,59,0.0
20260414,15,5,25,25,25,0.0
20260414,16,6,974,37,37,6.5
20260414,17,6,842,32,32,6.5
20260414,18,6,395,15,15,6.5
20260414,19,7,13,13,13,15.82
20260414,20,7,12,12,12,0.0
20260414,21,7,20,20,20,0.0
20260415,1,1,1157,47,41,118.96
20260415,2,1,425,16,14,48.62
20260415,3,1,435,21,18,48.66
20260415,4,2,1294,9,8,70.54
20260415,5,2,860,6,5,40.09
20260415,6,2,886,6,5,36.11
20260415,7,3,7985,108,97,65.56
20260415,8,3,6277,67,62,43.89
20260415,9,3,2635,30,28,27.44
20260415,10,4,4406,141,141,0.0
20260415,11,4,3688,118,118,0.0
20260415,12,4,2438,78,78,0.0
20260415,13,5,102,102,102,0.0
20260415,14,5,52,52,52,0.0
20260415,15,5,32,32,32,0.0
20260415,16,6,921,35,35,6.5
20260415,17,6,500,19,19,6.5
20260415,18,6,342,13,13,6.5
20260415,19,7,22,22,22,14.05
20260415,20,7,15,15,15,0.0
20260415,21,7,7,7,7,0.0
20260416,1,1,800,37,33,88.82
20260416,2,1,409,17,15,49.59
20260416,3,1,469,21,19,44.7
20260416,4,2,1293,9,8,59.89
20260416,5,2,680,5,5,39.3
20260416,6,2,985,7,6,38.96
20260416,7,3,10678,124,108,71.57
20260416,8,3,4107,50,44,34.17
20260416,9,3,2463,27,23,24.4
20260416,10,4,4750,152,152,0.0
20260416,11,4,3688,118,118,0.0
20260416,12,4,1719,55,55,0.0
20260416,13,5,99,99,99,0.0
20260416,14,5,55,55,55,0.0
20260416,15,5,29,29,29,0.0
20260416,16,6,1000,38,38,6.5
20260416,17,6,868,33,33,6.5
20260416,18,6,421,16,16,6.5
20260416,19,7,12,12,12,20.19
20260416,20,7,17,17,17,0.0
20260416,21,7,14,14,14,0.0
20260417,1,1,1078,51,46,114.47
20260417,2,1,352,15,14,39.85
20260417,3,1,529,22,20,49.58
20260417,4,2,969,7,6,55.01
20260417,5,2,704,5,5,40.46
20260417,6,2,894,6,5,37.07
20260417,7,3,11547,116,108,64.07
20260417,8,3,3729,49,46,39.5
20260417,9,3,2023,26,23,23.11
20260417,10,4,4094,131,131,0.0
20260417,11,4,3750,120,120,0.0
20260417,12,4,1312,42,42,0.0
20260417,13,5,122,122,122,0.0
20260417,14,5,51,51,51,0.0
20260417,15,5,36,36,36,0.0
20260417,16,6,711,27,27,6.5
20260417,17,6,842,32,32,6.5
20260417,18,6,368,14,14,6.5
20260417,19,7,25,25,25,15.92
20260417,20,7,11,11,11,0.0
20260417,21,7,9,9,9,0.0
20260418,1,1,742,29,27,72.47
20260418,2,1,241,12,11,41.7
20260418,3,1,387,16,14,36.03
20260418,4,2,837,6,5,46.1
20260418,5,2,771,5,4,31.21
20260418,6,2,562,4,4,22.52
20260418,7,3,4704,63,54,38.95
20260418,8,3,2001,28,26,24.68
20260418,9,3,1516,20,18,16.14
20260418,10,4,3281,105,105,0.0
20260418,11,4,3594,115,115,0.0
20260418,12,4,1000,32,32,0.0
20260418,13,5,80,80,80,0.0
20260418,14,5,36,36,36,0.0
20260418,15,5,25,25,25,0.0
20260418,16,6,526,20,20,6.5
20260418,17,6,632,24,24,6.5
20260418,18,6,263,10,10,6.5
20260418,19,7,18,18,18,11.63
20260418,20,7,11,11,11,0.0
20260418,21,7,7,7,7,0.0
20260419,1,1,727,35,31,77.36
20260419,2,1,290,13,12,39.62
20260419,3,1,394,16,14,31.6
20260419,4,2,636,5,5,39.94
20260419,5,2,754,5,5,33.54
20260419,6,2,642,4,3,23.54
20260419,7,3,5676,76,68,46.36
20260419,8,3,2863,35,31,26.8
20260419,9,3,1657,18,16,16.65
20260419,10,4,3062,98,98,0.0
20260419,11,4,3156,101,101,0.0
20260419,12,4,1344,43,43,0.0
20260419,13,5,79,79,79,0.0
20260419,14,5,43,43,43,0.0
20260419,15,5,32,32,32,0.0
20260419,16,6,763,29,29,6.5
20260419,17,6,421,16,16,6.5
20260419,18,6,395,15,15,6.5
20260419,19,7,19,19,19,11.28
20260419,20,7,10,10,10,0.0
20260419,21,7,7,7,7,1126.33
20260420,1,1,786,35,30,80.94
20260420,2,1,421,19,17,58.66
20260420,3,1,496,23,20,47.88
20260420,4,2,1127,7,6,53.59
20260420,5,2,647,5,5,40.33
20260420,6,2,700,5,5,33.09
20260420,7,3,9532,109,95,63.57
20260420,8,3,4154,44,39,34.66
20260420,9,3,2062,28,25,24.9
20260420,10,4,4344,139,139,0.0
20260420,11,4,4469,143,143,0.0
20260420,12,4,1719,55,55,0.0
20260420,13,5,126,126,126,0.0
20260420,14,5,54,54,54,0.0
20260420,15,5,29,29,29,0.0
20260420,16,6,842,32,32,6.5
20260420,17,6,553,21,21,6.5
20260420,18,6,342,13,13,6.5
20260420,19,7,18,18,18,18.58
20260420,20,7,9,9,9,0.0
20260420,21,7,16,16,16,0.0
20260421,1,1,857,44,40,119.32
20260421,2,1,390,18,16,60.21
20260421,3,1,470,20,18,44.1
20260421,4,2,1148,8,7,58.11
20260421,5,2,786,6,5,45.05
20260421,6,2,900,6,5,41.18
20260421,7,3,8737,111,101,62.17
20260421,8,3,3088,43,38,31.6
20260421,9,3,2092,25,23,22.48
20260421,10,4,5031,161,161,0.0
20260421,11,4,4156,133,133,0.0
20260421,12,4,1500,48,48,0.0
20260421,13,5,116,116,116,0.0
20260421,14,5,62,62,62,0.0
20260421,15,5,37,37,37,0.0
20260421,16,6,711,27,27,6.5
20260421,17,6,658,25,25,6.5
20260421,18,6,500,19,19,6.5
20260421,19,7,20,20,20,19.92
20260421,20,7,13,13,13,0.0
20260421,21,7,11,11,11,0.0
20260422,1,1,964,40,36,96.98
20260422,2,1,302,13,12,42.13
20260422,3,1,494,21,19,46.5
20260422,4,2,1357,9,8,65.7
20260422,5,2,517,4,4,30.73
20260422,6,2,702,5,5,32.65
20260422,7,3,9413,119,103,71.53
20260422,8,3,3796,46,42,35.77
20260422,9,3,2305,29,27,23.86
20260422,10,4,4969,159,159,0.0
20260422,11,4,3406,109,109,0.0
20260422,12,4,1406,45,45,0.0
20260422,13,5,109,109,109,0.0
20260422,14,5,49,49,49,0.0
20260422,15,5,26,26,26,0.0
20260422,16,6,1053,40,40,6.5
20260422,17,6,632,24,24,6.5
20260422,18,6,526,20,20,6.5
20260422,19,7,21,21,21,18.11
20260422,20,7,10,10,10,0.0
20260422,21,7,10,10,10,0.0
20260423,1,1,1070,44,38,100.68
20260423,2,1,309,13,12,41.47
20260423,3,1,450,20,17,47.89
20260423,4,2,1327,9,8,66.93
20260423,5,2,736,5,5,37.94
20260423,6,2,689,5,5,35.14
20260423,7,3,8323,121,107,67.25
20260423,8,3,3259,44,41,33.12
20260423,9,3,2332,28,25,25.0
20260423,10,4,4125,132,132,0.0
20260423,11,4,3250,104,104,0.0
20260423,12,4,1938,62,62,0.0
20260423,13,5,112,112,112,0.0
20260423,14,5,44,44,44,0.0
20260423,15,5,27,27,27,0.0
20260423,16,6,921,35,35,6.5
20260423,17,6,579,22,22,6.5
20260423,18,6,342,13,13,6.5
20260423,19,7,17,17,17,14.98
20260423,20,7,9,9,9,0.0
20260423,21,7,21,21,21,0.0
20260424,1,1,915,41,35,90.3
20260424,2,1,352,16,15,50.66
20260424,3,1,457,19,17,38.7
20260424,4,2,1546,9,8,66.76
20260424,5,2,1164,8,7,48.76
20260424,6,2,972,6,6,33.51
20260424,7,3,9167,118,110,72.56
20260424,8,3,3536,47,44,36.55
20260424,9,3,2167,27,24,24.8
20260424,10,4,5281,169,169,0.0
20260424,11,4,3719,119,119,0.0
20260424,12,4,1938,62,62,0.0
20260424,13,5,109,109,109,0.0
20260424,14,5,55,55,55,0.0
20260424,15,5,30,30,30,0.0
20260424,16,6,895,34,34,6.5
20260424,17,6,842,32,32,6.5
20260424,18,6,316,12,12,6.5
20260424,19,7,26,26,26,16.07
20260424,20,7,18,18,18,0.0
20260424,21,7,5,5,5,0.0
20260425,1,1,382,21,19,46.81
20260425,2,1,229,12,11,34.76
20260425,3,1,371,15,13,34.44
20260425,4,2,726,5,4,37.64
20260425,5,2,737,5,4,35.13
20260425,6,2,614,4,4,29.77
20260425,7,3,6817,76,71,39.88
20260425,8,3,3082,35,32,28.84
20260425,9,3,1780,21,19,19.78
20260425,10,4,3219,103,103,0.0
20260425,11,4,3406,109,109,0.0
20260425,12,4,1250,40,40,0.0
20260425,13,5,74,74,74,0.0
20260425,14,5,51,51,51,0.0
20260425,15,5,13,13,13,0.0
20260425,16,6,737,28,28,6.5
20260425,17,6,421,16,16,6.5
20260425,18,6,553,21,21,6.5
20260425,19,7,19,19,19,13.6
20260425,20,7,13,13,13,0.0
20260425,21,7,7,7,7,0.0
20260426,1,1,836,36,32,80.82
20260426,2,1,362,15,13,44.28
20260426,3,1,341,15,14,26.61
20260426,4,2,1099,8,7,59.25
20260426,5,2,517,4,4,28.89
20260426,6,2,686,5,4,28.03
20260426,7,3,5613,67,60,41.73
20260426,8,3,2369,26,23,17.83
20260426,9,3,1607,20,18,19.59
20260426,10,4,3812,122,122,0.0
20260426,11,4,2094,67,67,0.0
20260426,12,4,1250,40,40,0.0
20260426,13,5,79,79,79,0.0
20260426,14,5,35,35,35,0.0
20260426,15,5,16,16,16,0.0
20260426,16,6,895,34,34,6.5
20260426,17,6,684,26,26,6.5
20260426,18,6,263,10,10,6.5
20260426,19,7,13,13,13,13.48
20260426,20,7,8,8,8,0.0
20260426,21,7,8,8,8,0.0
20260427,1,1,940,40,35,97.33
20260427,2,1,447,20,18,61.32
20260427,3,1,486,26,22,51.78
20260427,4,2,1272,9,8,77.82
20260427,5,2,836,6,5,44.07
20260427,6,2,584,4,4,26.88
20260427,7,3,9629,116,104,68.24
20260427,8,3,5035,53,49,41.21
20260427,9,3,1954,26,24,22.15
20260427,10,4,5188,166,166,0.0
20260427,11,4,4344,139,139,0.0
20260427,12,4,1844,59,59,0.0
20260427,13,5,116,116,116,0.0
20260427,14,5,66,66,66,0.0
20260427,15,5,34,34,34,0.0
20260427,16,6,763,29,29,6.5
20260427,17,6,605,23,23,6.5
20260427,18,6,605,23,23,6.5
20260427,19,7,17,17,17,19.57
20260427,20,7,7,7,7,0.0
20260427,21,7,12,12,12,0.0
20260428,1,1,1070,49,44,124.61
20260428,2,1,413,19,17,59.46
20260428,3,1,522,24,22,51.88
20260428,4,2,1019,7,6,55.88
20260428,5,2,975,7,7,43.47
20260428,6,2,725,5,5,27.74
20260428,7,3,9025,108,99,65.22
20260428,8,3,3014,41,36,28.57
20260428,9,3,2030,26,23,22.97
20260428,10,4,4438,142,142,0.0
20260428,11,4,4250,136,136,0.0
20260428,12,4,1781,57,57,0.0
20260428,13,5,110,110,110,0.0
20260428,14,5,54,54,54,0.0
20260428,15,5,40,40,40,0.0
20260428,16,6,974,37,37,6.5
20260428,17,6,789,30,30,6.5
20260428,18,6,474,18,18,6.5
20260428,19,7,21,21,21,17.2
20260428,20,7,9,9,9,0.0
20260428,21,7,9,9,9,0.0
20260429,1,1,940,39,36,93.27
20260429,2,1,394,16,15,56.73
20260429,3,1,478,21,18,46.35
20260429,4,2,1340,10,9,69.42
20260429,5,2,918,6,5,44.83
20260429,6,2,884,6,6,36.77
20260429,7,3,11356,135,125,75.45
20260429,8,3,5722,67,61,44.17
20260429,9,3,2485,28,26,25.71
20260429,10,4,5000,160,160,0.0
20260429,11,4,4062,130,130,0.0
20260429,12,4,1562,50,50,0.0
20260429,13,5,107,107,107,0.0
20260429,14,5,44,44,44,0.0
20260429,15,5,25,25,25,0.0
20260429,16,6,1053,40,40,6.5
20260429,17,6,842,32,32,6.5
20260429,18,6,395,15,15,6.5
20260429,19,7,23,23,23,19.03
20260429,20,7,18,18,18,0.0
20260429,21,7,12,12,12,0.0
20260430,1,1,1021,43,37,97.9
20260430,2,1,351,17,15,56.38
20260430,3,1,493,22,19,45.44
20260430,4,2,1739,11,10,83.97
20260430,5,2,742,5,5,33.13
20260430,6,2,764,6,5,41.62
20260430,7,3,6552,87,75,52.3
20260430,8,3,3599,50,43,39.73
20260430,9,3,1997,26,23,22.73
20260430,10,4,4438,142,142,0.0
20260430,11,4,4281,137,137,0.0
20260430,12,4,2375,76,76,0.0
20260430,13,5,103,103,103,0.0
20260430,14,5,55,55,55,0.0
20260430,15,5,35,35,35,0.0
20260430,16,6,1184,45,45,6.5
20260430,17,6,868,33,33,6.5
20260430,18,6,526,20,20,6.5
20260430,19,7,18,18,18,14.98
20260430,20,7,18,18,18,0.0
20260430,21,7,9,9,9,0.0
20260501,1,1,852,42,37,95.9
20260501,2,1,334,14,12,46.15
20260501,3,1,514,22,19,46.62
20260501,4,2,1541,10,9,72.7
20260501,5,2,907,6,6,41.77
20260501,6,2,858,6,5,35.69
20260501,7,3,6244,83,76,42.95
20260501,8,3,3802,52,48,40.09
20260501,9,3,1499,20,18,19.77
20260501,10,4,4312,138,138,0.0
20260501,11,4,4344,139,139,0.0
20260501,12,4,1375,44,44,0.0
20260501,13,5,128,128,128,0.0
20260501,14,5,56,56,56,0.0
20260501,15,5,24,24,24,0.0
20260501,16,6,895,34,34,6.5
20260501,17,6,632,24,24,6.5
20260501,18,6,474,18,18,6.5
20260501,19,7,12,12,12,14.26
20260501,20,7,11,11,11,0.0
20260501,21,7,11,11,11,0.0
20260502,1,1,772,37,32,82.98
20260502,2,1,195,9,8,27.31
20260502,3,1,412,17,15,36.93
20260502,4,2,1014,7,6,50.79
20260502,5,2,661,5,5,36.27
20260502,6,2,533,4,3,22.94
20260502,7,3,7098,83,73,46.85
20260502,8,3,3392,36,31,28.32
20260502,9,3,1471,18,17,15.43
20260502,10,4,3688,118,118,0.0
20260502,11,4,3031,97,97,0.0
20260502,12,4,1125,36,36,0.0
20260502,13,5,70,70,70,0.0
20260502,14,5,45,45,45,0.0
20260502,15,5,21,21,21,0.0
20260502,16,6,789,30,30,6.5
20260502,17,6,658,25,25,6.5
20260502,18,6,316,12,12,6.5
20260502,19,7,19,19,19,10.44
20260502,20,7,6,6,6,0.0
20260502,21,7,14,14,14,0.0
20260503,1,1,693,33,29,69.97
20260503,2,1,270,13,12,40.56
20260503,3,1,421,17,16,34.51
20260503,4,2,826,6,6,46.67
20260503,5,2,607,4,4,27.52
20260503,6,2,544,4,4,24.4
20260503,7,3,6411,78,71,50.35
20260503,8,3,2750,35,31,23.92
20260503,9,3,1423,17,16,15.55
20260503,10,4,3719,119,119,0.0
20260503,11,4,3031,97,97,0.0
20260503,12,4,1375,44,44,0.0
20260503,13,5,92,92,92,0.0
20260503,14,5,31,31,31,0.0
20260503,15,5,29,29,29,0.0
20260503,16,6,974,37,37,6.5
20260503,17,6,368,14,14,6.5
20260503,18,6,447,17,17,6.5
20260503,19,7,10,10,10,12.48
20260503,20,7,11,11,11,0.0
20260503,21,7,8,8,8,0.0
20260504,1,1,1054,51,47,110.51
20260504,2,1,435,17,16,53.31
20260504,3,1,551,24,21,52.84
20260504,4,2,1146,8,7,66.12
20260504,5,2,772,6,6,39.88
20260504,6,2,663,5,5,30.35
20260504,7,3,10621,125,116,70.63
20260504,8,3,3663,44,41,33.83
20260504,9,3,2185,27,25,24.9
20260504,10,4,4031,129,129,0.0
20260504,11,4,4281,137,137,0.0
20260504,12,4,1719,55,55,0.0
20260504,13,5,125,125,125,0.0
20260504,14,5,62,62,62,0.0
20260504,15,5,31,31,31,0.0
20260504,16,6,1026,39,39,6.5
20260504,17,6,763,29,29,6.5
20260504,18,6,658,25,25,6.5
20260504,19,7,19,19,19,18.51
20260504,20,7,18,18,18,0.0
20260504,21,7,10,10,10,0.0
20260505,1,1,925,44,38,106.81
20260505,2,1,357,17,15,53.78
20260505,3,1,536,23,21,44.4
20260505,4,2,1292,10,9,68.39
20260505,5,2,739,5,4,34.54
20260505,6,2,947,6,5,34.68
20260505,7,3,10310,115,101,65.45
20260505,8,3,4624,53,46,36.29
20260505,9,3,2426,28,24,23.26
20260505,10,4,4375,140,140,0.0
20260505,11,4,4344,139,139,0.0
20260505,12,4,1969,63,63,0.0
20260505,13,5,109,109,109,0.0
20260505,14,5,52,52,52,0.0
20260505,15,5,31,31,31,0.0
20260505,16,6,816,31,31,6.5
20260505,17,6,868,33,33,6.5
20260505,18,6,421,16,16,6.5
20260505,19,7,22,22,22,18.72
20260505,20,7,21,21,21,0.0
20260505,21,7,10,10,10,1582.77
20260506,1,1,1112,49,46,100.91
20260506,2,1,381,18,16,55.36
20260506,3,1,555,26,23,55.76
20260506,4,2,1336,9,8,67.55
20260506,5,2,845,6,6,39.78
20260506,6,2,965,6,6,36.15
20260506,7,3,11905,134,115,76.88
20260506,8,3,4148,50,44,41.75
20260506,9,3,2088,26,24,23.64
20260506,10,4,4312,138,138,0.0
20260506,11,4,4250,136,136,0.0
20260506,12,4,2031,65,65,0.0
20260506,13,5,116,116,116,0.0
20260506,14,5,59,59,59,0.0
20260506,15,5,28,28,28,0.0
20260506,16,6,1105,42,42,6.5
20260506,17,6,658,25,25,6.5
20260506,18,6,421,16,16,6.5
20260506,19,7,18,18,18,17.62
20260506,20,7,14,14,14,0.0
20260506,21,7,14,14,14,0.0
20260507,1,1,995,43,38,98.15
20260507,2,1,354,16,14,49.31
20260507,3,1,384,19,18,41.66
20260507,4,2,1192,8,7,57.09
20260507,5,2,1032,6,6,37.69
20260507,6,2,822,6,5,33.14
20260507,7,3,9794,121,110,74.62
20260507,8,3,4042,54,49,41.05
20260507,9,3,2118,28,25,24.72
20260507,10,4,4688,150,150,0.0
20260507,11,4,4188,134,134,0.0
20260507,12,4,1625,52,52,0.0
20260507,13,5,125,125,125,0.0
20260507,14,5,51,51,51,0.0
20260507,15,5,34,34,34,0.0
20260507,16,6,1079,41,41,6.5
20260507,17,6,842,32,32,6.5
20260507,18,6,737,28,28,6.5
20260507,19,7,23,23,23,15.45
20260507,20,7,24,24,24,0.0
20260507,21,7,9,9,9,0.0
20260508,1,1,1114,47,40,104.83
20260508,2,1,373,17,15,50.69
20260508,3,1,599,22,21,49.01
20260508,4,2,1469,9,8,67.53
20260508,5,2,1027,7,6,46.29
20260508,6,2,1240,8,7,44.79
20260508,7,3,9912,124,115,78.4
20260508,8,3,4599,47,43,36.87
20260508,9,3,1665,23,21,22.22
20260508,10,4,4312,138,138,0.0
20260508,11,4,4750,152,152,0.0
20260508,12,4,2000,64,64,0.0
20260508,13,5,107,107,107,0.0
20260508,14,5,50,50,50,0.0
20260508,15,5,21,21,21,0.0
20260508,16,6,921,35,35,6.5
20260508,17,6,842,32,32,6.5
20260508,18,6,474,18,18,6.5
20260508,19,7,30,30,30,21.45
20260508,20,7,12,12,12,0.0
20260508,21,7,12,12,12,0.0
20260509,1,1,655,32,29,72.39
20260509,2,1,365,15,13,40.73
20260509,3,1,306,14,12,33.59
20260509,4,2,697,5,5,41.34
20260509,5,2,713,5,5,30.53
20260509,6,2,773,5,5,27.77
20260509,7,3,10130,127,109,66.3
20260509,8,3,3280,38,33,26.2
20260509,9,3,1175,14,13,13.79
20260509,10,4,3656,117,117,0.0
20260509,11,4,2969,95,95,0.0
20260509,12,4,1312,42,42,0.0
20260509,13,5,100,100,100,0.0
20260509,14,5,47,47,47,0.0
20260509,15,5,21,21,21,0.0
20260509,16,6,789,30,30,6.5
20260509,17,6,553,21,21,6.5
20260509,18,6,368,14,14,6.5
20260509,19,7,15,15,15,13.88
20260509,20,7,9,9,9,0.0
20260509,21,7,7,7,7,0.0
20260510,1,1,824,38,34,84.55
20260510,2,1,316,14,13,42.57
20260510,3,1,367,18,16,36.1
20260510,4,2,999,6,5,49.31
20260510,5,2,608,4,4,29.74
20260510,6,2,661,4,4,26.63
20260510,7,3,5095,66,59,38.25
20260510,8,3,3646,40,37,31.61
20260510,9,3,1330,16,14,15.26
20260510,10,4,3188,102,102,0.0
20260510,11,4,3375,108,108,0.0
20260510,12,4,969,31,31,0.0
20260510,13,5,85,85,85,0.0
20260510,14,5,40,40,40,0.0
20260510,15,5,14,14,14,0.0
20260510,16,6,684,26,26,6.5
20260510,17,6,553,21,21,6.5
20260510,18,6,211,8,8,6.5
20260510,19,7,7,7,7,10.79
20260510,20,7,7,7,7,0.0
20260510,21,7,14,14,14,0.0
20260511,1,1,950,46,42,109.74
20260511,2,1,496,19,17,56.18
20260511,3,1,432,21,20,46.72
20260511,4,2,1237,9,8,68.4
20260511,5,2,1005,6,5,43.13
20260511,6,2,783,6,5,37.97
20260511,7,3,10466,123,109,71.52
20260511,8,3,3349,43,39,37.59
20260511,9,3,1814,22,19,21.1
20260511,10,4,4500,144,144,0.0
20260511,11,4,4344,139,139,0.0
20260511,12,4,2188,70,70,0.0
20260511,13,5,132,132,132,0.0
20260511,14,5,50,50,50,0.0
20260511,15,5,31,31,31,0.0
20260511,16,6,1184,45,45,6.5
20260511,17,6,526,20,20,6.5
20260511,18,6,421,16,16,6.5
20260511,19,7,15,15,15,19.19
20260511,20,7,8,8,8,0.0
20260511,21,7,6,6,6,0.0
20260512,1,1,917,43,39,100.73
20260512,2,1,482,24,22,70.18
20260512,3,1,421,21,19,42.65
20260512,4,2,1138,8,7,61.4
20260512,5,2,823,6,5,39.27
20260512,6,2,998,7,6,41.48
20260512,7,3,12089,138,120,71.05
20260512,8,3,5442,57,53,39.43
20260512,9,3,2342,31,29,28.17
20260512,10,4,4688,150,150,0.0
20260512,11,4,3875,124,124,0.0
20260512,12,4,1625,52,52,0.0
20260512,13,5,120,120,120,0.0
20260512,14,5,61,61,61,0.0
20260512,15,5,38,38,38,0.0
20260512,16,6,947,36,36,6.5
20260512,17,6,684,26,26,6.5
20260512,18,6,368,14,14,6.5
20260512,19,7,18,18,18,18.52
20260512,20,7,15,15,15,0.0
20260512,21,7,8,8,8,0.0
20260513,1,1,988,44,40,102.71
20260513,2,1,408,19,17,64.29
20260513,3,1,331,16,15,38.26
20260513,4,2,1572,11,10,83.33
20260513,5,2,1008,7,6,46.44
20260513,6,2,908,6,5,38.85
20260513,7,3,10156,113,98,62.27
20260513,8,3,4006,50,44,41.27
20260513,9,3,1970,22,20,20.68
20260513,10,4,4625,148,148,0.0
20260513,11,4,4250,136,136,0.0
20260513,12,4,1750,56,56,0.0
20260513,13,5,122,122,122,0.0
20260513,14,5,67,67,67,0.0
20260513,15,5,28,28,28,0.0
20260513,16,6,1079,41,41,6.5
20260513,17,6,895,34,34,6.5
20260513,18,6,526,20,20,6.5
20260513,19,7,24,24,24,17.12
20260513,20,7,17,17,17,0.0
20260513,21,7,11,11,11,0.0
20260514,1,1,1023,49,44,117.06
20260514,2,1,557,23,20,68.13
20260514,3,1,555,25,23,54.42
20260514,4,2,1380,9,8,67.69
20260514,5,2,922,6,6,38.74
20260514,6,2,672,5,5,29.54
20260514,7,3,11775,133,122,74.54
20260514,8,3,3396,37,34,30.7
20260514,9,3,2361,30,27,27.9
20260514,10,4,4719,151,151,0.0
20260514,11,4,4219,135,135,0.0
20260514,12,4,1781,57,57,0.0
20260514,13,5,114,114,114,0.0
20260514,14,5,61,61,61,0.0
20260514,15,5,31,31,31,0.0
20260514,16,6,1026,39,39,6.5
20260514,17,6,579,22,22,6.5
20260514,18,6,526,20,20,6.5
20260514,19,7,13,13,13,16.07
20260514,20,7,8,8,8,0.0
20260514,21,7,7,7,7,0.0
20260515,1,1,1091,53,48,123.68
20260515,2,1,402,18,16,53.42
20260515,3,1,576,24,21,45.71
20260515,4,2,948,7,6,45.39
20260515,5,2,864,7,6,43.92
20260515,6,2,895,6,6,35.82
20260515,7,3,9331,106,92,60.84
20260515,8,3,4177,51,45,35.86
20260515,9,3,1832,24,22,23.56
20260515,10,4,4938,158,158,0.0
20260515,11,4,4156,133,133,0.0
20260515,12,4,1938,62,62,0.0
20260515,13,5,120,120,120,0.0
20260515,14,5,46,46,46,0.0
20260515,15,5,30,30,30,0.0
20260515,16,6,947,36,36,6.5
20260515,17,6,474,18,18,6.5
20260515,18,6,421,16,16,6.5
20260515,19,7,13,13,13,16.83
20260515,20,7,18,18,18,0.0
20260515,21,7,13,13,13,0.0
20260516,1,1,897,38,35,90.17
20260516,2,1,285,12,10,36.56
20260516,3,1,357,16,14,34.35
20260516,4,2,907,7,6,47.83
20260516,5,2,739,5,5,32.01
20260516,6,2,587,4,4,24.3
20260516,7,3,6868,94,83,54.65
20260516,8,3,2632,36,32,28.36
20260516,9,3,1904,22,20,17.9
20260516,10,4,3531,113,113,0.0
20260516,11,4,2375,76,76,0.0
20260516,12,4,1125,36,36,0.0
20260516,13,5,70,70,70,0.0
20260516,14,5,36,36,36,0.0
20260516,15,5,16,16,16,0.0
20260516,16,6,1000,38,38,6.5
20260516,17,6,500,19,19,6.5
20260516,18,6,237,9,9,6.5
20260516,19,7,20,20,20,13.76
20260516,20,7,8,8,8,0.0
20260516,21,7,14,14,14,0.0
20260517,1,1,758,33,30,75.15
20260517,2,1,226,12,11,36.89
20260517,3,1,447,21,19,45.43
20260517,4,2,1198,8,7,56.69
20260517,5,2,678,5,5,30.7
20260517,6,2,685,5,5,29.7
20260517,7,3,5276,68,59,40.17
20260517,8,3,2596,32,28,25.63
20260517,9,3,2069,26,24,20.73
20260517,10,4,3281,105,105,0.0
20260517,11,4,2469,79,79,0.0
20260517,12,4,1156,37,37,0.0
20260517,13,5,68,68,68,0.0
20260517,14,5,38,38,38,0.0
20260517,15,5,19,19,19,0.0
20260517,16,6,711,27,27,6.5
20260517,17,6,421,16,16,6.5
20260517,18,6,447,17,17,6.5
20260517,19,7,13,13,13,10.15
20260517,20,7,11,11,11,0.0
20260517,21,7,12,12,12,0.0
20260518,1,1,1215,52,48,108.0
20260518,2,1,354,19,17,57.49
20260518,3,1,495,21,19,45.03
20260518,4,2,1155,8,7,55.61
20260518,5,2,780,5,4,35.07
20260518,6,2,799,6,5,38.36
20260518,7,3,8449,100,86,58.11
20260518,8,3,4253,49,44,39.52
20260518,9,3,2135,27,25,23.97
20260518,10,4,4406,141,141,0.0
20260518,11,4,4125,132,132,0.0
20260518,12,4,1469,47,47,0.0
20260518,13,5,131,131,131,0.0
20260518,14,5,45,45,45,0.0
20260518,15,5,24,24,24,0.0
20260518,16,6,1053,40,40,6.5
20260518,17,6,816,31,31,6.5
20260518,18,6,553,21,21,6.5
20260518,19,7,20,20,20,16.98
20260518,20,7,12,12,12,0.0
20260518,21,7,10,10,10,0.0
20260519,1,1,872,42,37,88.87
20260519,2,1,335,16,14,49.76
20260519,3,1,397,19,17,44.13
20260519,4,2,1588,11,10,86.35
20260519,5,2,1025,7,6,46.66
20260519,6,2,816,6,5,34.7
20260519,7,3,9908,110,99,69.18
20260519,8,3,3769,47,41,32.82
20260519,9,3,2224,27,25,23.29
20260519,10,4,4875,156,156,0.0
20260519,11,4,3312,106,106,0.0
20260519,12,4,1375,44,44,0.0
20260519,13,5,119,119,119,0.0
20260519,14,5,65,65,65,0.0
20260519,15,5,27,27,27,0.0
20260519,16,6,974,37,37,6.5
20260519,17,6,1184,45,45,6.5
20260519,18,6,421,16,16,6.5
20260519,19,7,16,16,16,17.8
20260519,20,7,14,14,14,0.0
20260519,21,7,7,7,7,1562.45
20260520,1,1,811,42,39,94.94
20260520,2,1,342,16,14,53.47
20260520,3,1,592,23,20,49.64
20260520,4,2,1464,10,9,70.49
20260520,5,2,903,6,5,38.6
20260520,6,2,1039,8,7,40.15
20260520,7,3,11219,121,111,73.34
20260520,8,3,4126,47,41,37.18
20260520,9,3,2518,29,27,26.38
20260520,10,4,4656,149,149,0.0
20260520,11,4,4625,148,148,0.0
20260520,12,4,1844,59,59,0.0
20260520,13,5,112,112,112,0.0
20260520,14,5,51,51,51,0.0
20260520,15,5,30,30,30,0.0
20260520,16,6,763,29,29,6.5
20260520,17,6,474,18,18,6.5
20260520,18,6,605,23,23,6.5
20260520,19,7,22,22,22,16.41
20260520,20,7,18,18,18,0.0
20260520,21,7,9,9,9,0.0
20260521,1,1,1009,49,45,119.06
20260521,2,1,484,19,17,56.22
20260521,3,1,499,22,20,45.53
20260521,4,2,1121,8,7,68.09
20260521,5,2,753,6,5,44.75
20260521,6,2,882,6,6,35.12
20260521,7,3,10207,118,107,70.73
20260521,8,3,4377,50,47,36.31
20260521,9,3,2029,26,23,22.62
20260521,10,4,4594,147,147,0.0
20260521,11,4,3719,119,119,0.0
20260521,12,4,1531,49,49,0.0
20260521,13,5,128,128,128,0.0
20260521,14,5,68,68,68,0.0
20260521,15,5,25,25,25,0.0
20260521,16,6,1211,46,46,6.5
20260521,17,6,579,22,22,6.5
20260521,18,6,474,18,18,6.5
20260521,19,7,23,23,23,16.22
20260521,20,7,22,22,22,0.0
20260521,21,7,7,7,7,0.0
20260522,1,1,970,48,44,106.57
20260522,2,1,437,19,17,50.42
20260522,3,1,516,21,19,46.53
20260522,4,2,1055,8,7,65.15
20260522,5,2,1284,8,7,51.96
20260522,6,2,630,5,5,31.33
20260522,7,3,8946,106,95,60.23
20260522,8,3,3605,44,41,35.83
20260522,9,3,1744,23,21,19.87
20260522,10,4,4625,148,148,0.0
20260522,11,4,4781,153,153,0.0
20260522,12,4,1812,58,58,0.0
20260522,13,5,115,115,115,0.0
20260522,14,5,51,51,51,0.0
20260522,15,5,27,27,27,0.0
20260522,16,6,1316,50,50,6.5
20260522,17,6,368,14,14,6.5
20260522,18,6,447,17,17,6.5
20260522,19,7,16,16,16,15.81
20260522,20,7,16,16,16,0.0
20260522,21,7,8,8,8,0.0
20260523,1,1,703,29,26,65.68
20260523,2,1,312,13,11,37.81
20260523,3,1,408,20,18,45.26
20260523,4,2,847,6,6,44.4
20260523,5,2,640,5,4,28.51
20260523,6,2,412,3,3,20.62
20260523,7,3,7923,98,87,55.02
20260523,8,3,2362,29,27,24.26
20260523,9,3,1489,19,17,17.07
20260523,10,4,3500,112,112,0.0
20260523,11,4,2812,90,90,0.0
20260523,12,4,1344,43,43,0.0
20260523,13,5,94,94,94,0.0
20260523,14,5,51,51,51,0.0
20260523,15,5,23,23,23,0.0
20260523,16,6,737,28,28,6.5
20260523,17,6,632,24,24,6.5
20260523,18,6,263,10,10,6.5
20260523,19,7,12,12,12,11.06
20260523,20,7,13,13,13,0.0
20260523,21,7,10,10,10,0.0
20260524,1,1,885,38,35,87.74
20260524,2,1,368,15,13,46.45
20260524,3,1,321,15,13,33.03
20260524,4,2,1177,8,7,57.5
20260524,5,2,610,5,4,34.03
20260524,6,2,790,5,4,31.05
20260524,7,3,5495,67,60,40.38
20260524,8,3,3684,44,39,30.63
20260524,9,3,1681,18,16,16.09
20260524,10,4,3156,101,101,0.0
20260524,11,4,3281,105,105,0.0
20260524,12,4,1344,43,43,0.0
20260524,13,5,85,85,85,0.0
20260524,14,5,45,45,45,0.0
20260524,15,5,20,20,20,0.0
20260524,16,6,500,19,19,6.5
20260524,17,6,421,16,16,6.5
20260524,18,6,316,12,12,6.5
20260524,19,7,15,15,15,14.2
20260524,20,7,13,13,13,0.0
20260524,21,7,7,7,7,0.0
20260525,1,1,699,34,29,79.11
20260525,2,1,464,18,17,57.48
20260525,3,1,507,22,20,48.15
20260525,4,2,1188,7,6,55.46
20260525,5,2,960,7,7,44.17
20260525,6,2,1183,8,7,39.16
20260525,7,3,10669,124,110,71.94
20260525,8,3,5080,64,57,42.66
20260525,9,3,2180,27,25,26.32
20260525,10,4,5000,160,160,0.0
20260525,11,4,3875,124,124,0.0
20260525,12,4,1656,53,53,0.0
20260525,13,5,111,111,111,0.0
20260525,14,5,52,52,52,0.0
20260525,15,5,29,29,29,0.0
20260525,16,6,1184,45,45,6.5
20260525,17,6,711,27,27,6.5
20260525,18,6,500,19,19,6.5
20260525,19,7,28,28,28,16.27
20260525,20,7,18,18,18,0.0
20260525,21,7,11,11,11,0.0
20260526,1,1,802,42,38,94.02
20260526,2,1,392,19,17,54.33
20260526,3,1,541,26,24,52.52
20260526,4,2,1461,10,9,70.92
20260526,5,2,828,6,5,46.99
20260526,6,2,859,6,6,37.47
20260526,7,3,9795,120,111,67.81
20260526,8,3,3405,47,44,37.84
20260526,9,3,2458,29,27,27.51
20260526,10,4,4156,133,133,0.0
20260526,11,4,4312,138,138,0.0
20260526,12,4,1688,54,54,0.0
20260526,13,5,126,126,126,0.0
20260526,14,5,62,62,62,0.0
20260526,15,5,29,29,29,0.0
20260526,16,6,1184,45,45,6.5
20260526,17,6,658,25,25,6.5
20260526,18,6,632,24,24,6.5
20260526,19,7,29,29,29,19.7
20260526,20,7,13,13,13,0.0
20260526,21,7,10,10,10,0.0
20260527,1,1,820,37,32,82.38
20260527,2,1,515,22,19,72.68
20260527,3,1,418,19,17,41.22
20260527,4,2,1248,8,7,59.83
20260527,5,2,1143,7,6,45.58
20260527,6,2,950,8,7,47.88
20260527,7,3,8448,111,101,69.59
20260527,8,3,4178,50,44,35.4
20260527,9,3,2676,30,28,25.56
20260527,10,4,4906,157,157,0.0
20260527,11,4,4406,141,141,0.0
20260527,12,4,1781,57,57,0.0
20260527,13,5,125,125,125,0.0
20260527,14,5,57,57,57,0.0
20260527,15,5,35,35,35,0.0
20260527,16,6,789,30,30,6.5
20260527,17,6,711,27,27,6.5
20260527,18,6,526,20,20,6.5
20260527,19,7,24,24,24,20.02
20260527,20,7,14,14,14,0.0
20260527,21,7,9,9,9,0.0
20260528,1,1,1265,50,46,126.23
20260528,2,1,352,17,16,48.81
20260528,3,1,575,21,18,45.59
20260528,4,2,1140,8,7,59.92
20260528,5,2,986,7,7,46.74
20260528,6,2,1049,6,5,37.98
20260528,7,3,9754,113,98,63.97
20260528,8,3,3745,47,43,34.42
20260528,9,3,2051,25,22,25.54
20260528,10,4,4406,141,141,0.0
20260528,11,4,4188,134,134,0.0
20260528,12,4,1656,53,53,0.0
20260528,13,5,127,127,127,0.0
20260528,14,5,67,67,67,0.0
20260528,15,5,39,39,39,0.0
20260528,16,6,868,33,33,6.5
20260528,17,6,842,32,32,6.5
20260528,18,6,500,19,19,6.5
20260528,19,7,22,22,22,21.45
20260528,20,7,10,10,10,0.0
20260528,21,7,9,9,9,0.0
20260529,1,1,1103,52,46,121.83
20260529,2,1,432,20,17,64.08
20260529,3,1,546,22,20,49.97
20260529,4,2,1270,9,8,63.03
20260529,5,2,891,6,6,37.68
20260529,6,2,953,6,5,34.42
20260529,7,3,8859,93,85,57.33
20260529,8,3,5080,62,56,46.5
20260529,9,3,2573,30,27,23.46
20260529,10,4,4875,156,156,0.0
20260529,11,4,3406,109,109,0.0
20260529,12,4,1781,57,57,0.0
20260529,13,5,122,122,122,0.0
20260529,14,5,54,54,54,0.0
20260529,15,5,33,33,33,0.0
20260529,16,6,1000,38,38,6.5
20260529,17,6,658,25,25,6.5
20260529,18,6,395,15,15,6.5
20260529,19,7,14,14,14,16.89
20260529,20,7,19,19,19,0.0
20260529,21,7,6,6,6,0.0
20260530,1,1,950,40,36,85.95
20260530,2,1,331,14,13,36.92
20260530,3,1,414,17,16,34.99
20260530,4,2,989,7,6,45.74
20260530,5,2,557,4,4,30.18
20260530,6,2,797,5,4,32.5
20260530,7,3,6665,83,72,50.19
20260530,8,3,3462,39,34,30.93
20260530,9,3,1663,17,16,17.7
20260530,10,4,2812,90,90,0.0
20260530,11,4,2688,86,86,0.0
20260530,12,4,1438,46,46,0.0
20260530,13,5,88,88,88,0.0
20260530,14,5,47,47,47,0.0
20260530,15,5,23,23,23,0.0
20260530,16,6,789,30,30,6.5
20260530,17,6,579,22,22,6.5
20260530,18,6,289,11,11,6.5
20260530,19,7,20,20,20,14.28
20260530,20,7,9,9,9,0.0
20260530,21,7,14,14,14,0.0
20260531,1,1,677,32,28,71.33
20260531,2,1,284,12,11,36.75
20260531,3,1,337,17,15,36.73
20260531,4,2,879,6,5,43.8
20260531,5,2,561,4,4,27.03
20260531,6,2,649,5,4,27.08
20260531,7,3,7030,84,78,45.82
20260531,8,3,2887,38,34,27.42
20260531,9,3,1486,18,16,17.34
20260531,10,4,3438,110,110,0.0
20260531,11,4,3125,100,100,0.0
20260531,12,4,1625,52,52,0.0
20260531,13,5,102,102,102,0.0
20260531,14,5,33,33,33,0.0
20260531,15,5,22,22,22,0.0
20260531,16,6,763,29,29,6.5
20260531,17,6,526,20,20,6.5
20260531,18,6,184,7,7,6.5
20260531,19,7,17,17,17,12.47
20260531,20,7,14,14,14,0.0
20260531,21,7,6,6,6,0.0
20260601,1,1,861,36,32,81.06
20260601,2,1,431,18,17,54.06
20260601,3,1,598,28,25,53.7
20260601,4,2,1251,9,8,69.29
20260601,5,2,757,5,5,37.7
20260601,6,2,855,6,6,34.59
20260601,7,3,9270,110,103,67.67
20260601,8,3,4827,60,53,44.39
20260601,9,3,2647,34,30,30.05
20260601,10,4,5156,165,165,0.0
20260601,11,4,4281,137,137,0.0
20260601,12,4,1906,61,61,0.0
20260601,13,5,140,140,140,0.0
20260601,14,5,55,55,55,0.0
20260601,15,5,29,29,29,0.0
20260601,16,6,1000,38,38,6.5
20260601,17,6,658,25,25,6.5
20260601,18,6,632,24,24,6.5
20260601,19,7,22,22,22,16.02
20260601,20,7,10,10,10,0.0
20260601,21,7,15,15,15,0.0
20260602,1,1,901,43,38,102.23
20260602,2,1,495,21,19,57.99
20260602,3,1,571,25,22,54.3
20260602,4,2,955,8,7,63.64
20260602,5,2,783,5,4,35.64
20260602,6,2,1066,7,6,42.3
20260602,7,3,11646,141,130,71.48
20260602,8,3,4361,50,44,40.17
20260602,9,3,1691,20,18,18.5
20260602,10,4,5188,166,166,0.0
20260602,11,4,4719,151,151,0.0
20260602,12,4,1719,55,55,0.0
20260602,13,5,112,112,112,0.0
20260602,14,5,55,55,55,0.0
20260602,15,5,26,26,26,0.0
20260602,16,6,1105,42,42,6.5
20260602,17,6,526,20,20,6.5
20260602,18,6,395,15,15,6.5
20260602,19,7,23,23,23,15.96
20260602,20,7,13,13,13,0.0
20260602,21,7,14,14,14,0.0
20260603,1,1,769,40,35,94.4
20260603,2,1,377,17,16,55.58
20260603,3,1,668,25,23,52.52
20260603,4,2,1465,10,9,75.58
20260603,5,2,805,6,5,40.74
20260603,6,2,890,7,7,41.0
20260603,7,3,8145,98,92,60.4
20260603,8,3,5036,56,50,36.55
20260603,9,3,1947,22,19,19.37
20260603,10,4,4625,148,148,0.0
20260603,11,4,4250,136,136,0.0
20260603,12,4,1594,51,51,0.0
20260603,13,5,113,113,113,0.0
20260603,14,5,68,68,68,0.0
20260603,15,5,30,30,30,0.0
20260603,16,6,1053,40,40,6.5
20260603,17,6,553,21,21,6.5
20260603,18,6,737,28,28,6.5
20260603,19,7,20,20,20,16.23
20260603,20,7,10,10,10,0.0
20260603,21,7,8,8,8,0.0
20260604,1,1,832,41,38,94.91
20260604,2,1,574,22,20,64.78
20260604,3,1,439,19,18,40.93
20260604,4,2,1193,8,7,60.82
20260604,5,2,1054,6,6,40.69
20260604,6,2,1078,7,6,41.76
20260604,7,3,9977,119,105,78.94
20260604,8,3,6646,62,57,42.98
20260604,9,3,2070,24,22,21.31
20260604,10,4,5062,162,162,0.0
20260604,11,4,4188,134,134,0.0
20260604,12,4,1406,45,45,0.0
20260604,13,5,103,103,103,0.0
20260604,14,5,55,55,55,0.0
20260604,15,5,35,35,35,0.0
20260604,16,6,1026,39,39,6.5
20260604,17,6,526,20,20,6.5
20260604,18,6,474,18,18,6.5
20260604,19,7,15,15,15,18.67
20260604,20,7,14,14,14,0.0
20260604,21,7,10,10,10,0.0
20260605,1,1,1034,53,46,119.62
20260605,2,1,338,16,15,52.21
20260605,3,1,642,27,25,54.7
20260605,4,2,962,7,6,59.24
20260605,5,2,859,6,5,41.86
20260605,6,2,699,5,5,33.44
20260605,7,3,9376,105,96,57.95
20260605,8,3,3947,52,46,37.09
20260605,9,3,3237,35,32,28.45
20260605,10,4,4688,150,150,0.0
20260605,11,4,4750,152,152,0.0
20260605,12,4,1750,56,56,0.0
20260605,13,5,132,132,132,0.0
20260605,14,5,65,65,65,0.0
20260605,15,5,35,35,35,0.0
20260605,16,6,816,31,31,6.5
20260605,17,6,447,17,17,6.5
20260605,18,6,421,16,16,6.5
20260605,19,7,20,20,20,14.91
20260605,20,7,24,24,24,0.0
20260605,21,7,18,18,18,1167.3
20260606,1,1,649,32,29,77.93
20260606,2,1,313,15,13,43.86
20260606,3,1,427,18,16,39.82
20260606,4,2,872,6,5,50.59
20260606,5,2,784,5,4,31.85
20260606,6,2,766,5,5,28.58
20260606,7,3,6152,76,67,46.93
20260606,8,3,3172,40,36,31.16
20260606,9,3,1315,16,15,14.42
20260606,10,4,3250,104,104,0.0
20260606,11,4,3469,111,111,0.0
20260606,12,4,1281,41,41,0.0
20260606,13,5,76,76,76,0.0
20260606,14,5,27,27,27,0.0
20260606,15,5,24,24,24,0.0
20260606,16,6,763,29,29,6.5
20260606,17,6,500,19,19,6.5
20260606,18,6,395,15,15,6.5
20260606,19,7,12,12,12,11.64
20260606,20,7,11,11,11,0.0
20260606,21,7,8,8,8,0.0
20260607,1,1,765,32,30,73.06
20260607,2,1,266,13,12,40.31
20260607,3,1,515,21,18,38.98
20260607,4,2,1108,8,7,61.73
20260607,5,2,617,4,4,32.4
20260607,6,2,400,3,3,23.15
20260607,7,3,8048,95,88,51.02
20260607,8,3,4226,41,37,28.96
20260607,9,3,1771,19,17,17.53
20260607,10,4,3750,120,120,0.0
20260607,11,4,3281,105,105,0.0
20260607,12,4,1438,46,46,0.0
20260607,13,5,79,79,79,0.0
20260607,14,5,30,30,30,0.0
20260607,15,5,26,26,26,0.0
20260607,16,6,816,31,31,6.5
20260607,17,6,500,19,19,6.5
20260607,18,6,526,20,20,6.5
20260607,19,7,15,15,15,14.03
20260607,20,7,5,5,5,0.0
20260607,21,7,6,6,6,0.0
20260608,1,1,886,45,39,93.94
20260608,2,1,479,22,21,61.1
20260608,3,1,580,26,23,53.38
20260608,4,2,1206,9,8,73.96
20260608,5,2,773,5,5,35.38
20260608,6,2,691,5,5,32.58
20260608,7,3,9416,111,98,61.94
20260608,8,3,4818,61,53,39.15
20260608,9,3,2428,29,26,25.86
20260608,10,4,4531,145,145,0.0
20260608,11,4,4969,159,159,0.0
20260608,12,4,1312,42,42,0.0
20260608,13,5,95,95,95,0.0
20260608,14,5,60,60,60,0.0
20260608,15,5,34,34,34,0.0
20260608,16,6,895,34,34,6.5
20260608,17,6,737,28,28,6.5
20260608,18,6,211,8,8,6.5
20260608,19,7,26,26,26,23.05
20260608,20,7,17,17,17,0.0
20260608,21,7,15,15,15,0.0
20260609,1,1,769,38,35,88.0
20260609,2,1,452,19,18,53.51
20260609,3,1,494,22,21,51.32
20260609,4,2,1460,9,8,66.9
20260609,5,2,1078,7,6,41.7
20260609,6,2,980,7,6,36.67
20260609,7,3,9160,111,104,64.74
20260609,8,3,4028,50,44,38.21
20260609,9,3,2389,30,26,26.25
20260609,10,4,4750,152,152,0.0
20260609,11,4,4781,153,153,0.0
20260609,12,4,1844,59,59,0.0
20260609,13,5,114,114,114,0.0
20260609,14,5,62,62,62,0.0
20260609,15,5,28,28,28,0.0
20260609,16,6,789,30,30,6.5
20260609,17,6,763,29,29,6.5
20260609,18,6,763,29,29,6.5
20260609,19,7,23,23,23,18.93
20260609,20,7,14,14,14,0.0
20260609,21,7,9,9,9,0.0
20260610,1,1,1188,53,47,110.79
20260610,2,1,346,16,15,51.4
20260610,3,1,526,24,21,48.39
20260610,4,2,1202,9,8,68.27
20260610,5,2,688,5,5,34.16
20260610,6,2,998,7,6,46.04
20260610,7,3,10266,129,113,65.29
20260610,8,3,3479,44,39,34.81
20260610,9,3,2673,36,31,31.93
20260610,10,4,4562,146,146,0.0
20260610,11,4,3938,126,126,0.0
20260610,12,4,1594,51,51,0.0
20260610,13,5,106,106,106,0.0
20260610,14,5,55,55,55,0.0
20260610,15,5,32,32,32,0.0
20260610,16,6,1158,44,44,6.5
20260610,17,6,711,27,27,6.5
20260610,18,6,474,18,18,6.5
20260610,19,7,18,18,18,18.36
20260610,20,7,20,20,20,0.0
20260610,21,7,12,12,12,0.0
20260611,1,1,1036,50,47,109.96
20260611,2,1,377,19,17,57.28
20260611,3,1,587,26,22,54.42
20260611,4,2,1172,8,7,65.92
20260611,5,2,1250,8,7,49.73
20260611,6,2,1006,7,6,40.82
20260611,7,3,7854,107,94,61.9
20260611,8,3,4356,56,48,40.63
20260611,9,3,1945,26,24,24.62
20260611,10,4,4969,159,159,0.0
20260611,11,4,4188,134,134,0.0
20260611,12,4,1938,62,62,0.0
20260611,13,5,118,118,118,0.0
20260611,14,5,67,67,67,0.0
20260611,15,5,34,34,34,0.0
20260611,16,6,816,31,31,6.5
20260611,17,6,763,29,29,6.5
20260611,18,6,395,15,15,6.5
20260611,19,7,16,16,16,17.86
20260611,20,7,15,15,15,0.0
20260611,21,7,8,8,8,0.0
20260612,1,1,983,47,43,100.06
20260612,2,1,376,19,16,56.99
20260612,3,1,595,26,24,50.62
20260612,4,2,1277,9,8,62.23
20260612,5,2,920,7,6,42.2
20260612,6,2,812,6,5,36.86
20260612,7,3,10095,110,102,67.92
20260612,8,3,3990,48,42,40.12
20260612,9,3,2397,28,26,22.84
20260612,10,4,4188,134,134,0.0
20260612,11,4,4531,145,145,0.0
20260612,12,4,1844,59,59,0.0
20260612,13,5,132,132,132,0.0
20260612,14,5,60,60,60,0.0
20260612,15,5,27,27,27,0.0
20260612,16,6,1158,44,44,6.5
20260612,17,6,684,26,26,6.5
20260612,18,6,316,12,12,6.5
20260612,19,7,26,26,26,16.96
20260612,20,7,5,5,5,0.0
20260612,21,7,3,3,3,0.0
20260613,1,1,635,27,25,61.59
20260613,2,1,269,12,11,40.39
20260613,3,1,346,15,13,33.08
20260613,4,2,915,6,5,44.99
20260613,5,2,623,4,4,27.98
20260613,6,2,825,5,4,28.02
20260613,7,3,7293,90,83,51.43
20260613,8,3,2304,29,25,22.85
20260613,9,3,1511,20,17,20.21
20260613,10,4,3188,102,102,0.0
20260613,11,4,3094,99,99,0.0
20260613,12,4,1031,33,33,0.0
20260613,13,5,87,87,87,0.0
20260613,14,5,29,29,29,0.0
20260613,15,5,20,20,20,0.0
20260613,16,6,737,28,28,6.5
20260613,17,6,316,12,12,6.5
20260613,18,6,421,16,16,6.5
20260613,19,7,15,15,15,11.09
20260613,20,7,14,14,14,0.0
20260613,21,7,10,10,10,0.0
20260614,1,1,765,33,29,81.73
20260614,2,1,276,13,12,41.04
20260614,3,1,362,17,16,37.61
20260614,4,2,536,4,4,29.66
20260614,5,2,541,4,4,29.82
20260614,6,2,695,5,4,28.17
20260614,7,3,6980,77,71,48.85
20260614,8,3,3305,36,32,28.95
20260614,9,3,2141,23,21,20.56
20260614,10,4,2812,90,90,0.0
20260614,11,4,3594,115,115,0.0
20260614,12,4,1531,49,49,0.0
20260614,13,5,79,79,79,0.0
20260614,14,5,43,43,43,0.0
20260614,15,5,19,19,19,0.0
20260614,16,6,763,29,29,6.5
20260614,17,6,395,15,15,6.5
20260614,18,6,395,15,15,6.5
20260614,19,7,11,11,11,12.39
20260614,20,7,11,11,11,0.0
20260614,21,7,10,10,10,0.0
20260615,1,1,911,40,36,88.25
20260615,2,1,423,20,18,60.22
20260615,3,1,617,29,26,56.19
20260615,4,2,1224,10,9,77.8
20260615,5,2,825,6,5,45.18
20260615,6,2,808,6,6,38.59
20260615,7,3,9088,107,100,63.37
20260615,8,3,3951,50,46,37.94
20260615,9,3,2064,25,23,22.03
20260615,10,4,4469,143,143,0.0
20260615,11,4,4781,153,153,0.0
20260615,12,4,1562,50,50,0.0
20260615,13,5,123,123,123,0.0
20260615,14,5,56,56,56,0.0
20260615,15,5,36,36,36,0.0
20260615,16,6,895,34,34,6.5
20260615,17,6,553,21,21,6.5
20260615,18,6,368,14,14,6.5
20260615,19,7,12,12,12,15.51
20260615,20,7,11,11,11,0.0
20260615,21,7,8,8,8,0.0
20260616,1,1,1032,44,38,103.7
20260616,2,1,494,21,18,64.22
20260616,3,1,388,19,18,40.35
20260616,4,2,1602,11,10,78.95
20260616,5,2,994,7,6,43.23
20260616,6,2,1199,8,7,45.57
20260616,7,3,11335,131,117,77.91
20260616,8,3,4551,60,54,40.93
20260616,9,3,1910,24,22,22.53
20260616,10,4,5031,161,161,0.0
20260616,11,4,4656,149,149,0.0
20260616,12,4,1969,63,63,0.0
20260616,13,5,112,112,112,0.0
20260616,14,5,58,58,58,0.0
20260616,15,5,33,33,33,0.0
20260616,16,6,1026,39,39,6.5
20260616,17,6,579,22,22,6.5
20260616,18,6,500,19,19,6.5
20260616,19,7,16,16,16,16.16
20260616,20,7,19,19,19,0.0
20260616,21,7,10,10,10,0.0
20260617,1,1,1068,51,45,117.59
20260617,2,1,405,17,15,55.32
20260617,3,1,564,26,23,54.64
20260617,4,2,780,6,5,46.08
20260617,5,2,844,6,6,35.23
20260617,6,2,864,6,6,35.6
20260617,7,3,7375,90,78,55.63
20260617,8,3,4304,44,40,34.28
20260617,9,3,2116,26,24,23.62
20260617,10,4,4438,142,142,0.0
20260617,11,4,4406,141,141,0.0
20260617,12,4,1625,52,52,0.0
20260617,13,5,122,122,122,0.0
20260617,14,5,63,63,63,0.0
20260617,15,5,32,32,32,0.0
20260617,16,6,921,35,35,6.5
20260617,17,6,974,37,37,6.5
20260617,18,6,421,16,16,6.5
20260617,19,7,20,20,20,17.62
20260617,20,7,11,11,11,0.0
20260617,21,7,11,11,11,0.0
20260618,1,1,1087,50,43,113.11
20260618,2,1,462,19,18,58.32
20260618,3,1,430,20,18,44.48
20260618,4,2,1671,11,10,83.28
20260618,5,2,972,7,6,45.33
20260618,6,2,698,6,5,36.83
20260618,7,3,9868,124,114,75.79
20260618,8,3,3069,44,39,32.74
20260618,9,3,2498,31,27,28.35
20260618,10,4,4562,146,146,0.0
20260618,11,4,4656,149,149,0.0
20260618,12,4,1344,43,43,0.0
20260618,13,5,119,119,119,0.0
20260618,14,5,67,67,67,0.0
20260618,15,5,17,17,17,0.0
20260618,16,6,789,30,30,6.5
20260618,17,6,474,18,18,6.5
20260618,18,6,447,17,17,6.5
20260618,19,7,18,18,18,16.48
20260618,20,7,18,18,18,0.0
20260618,21,7,8,8,8,0.0
20260619,1,1,1023,42,39,95.18
20260619,2,1,519,23,22,68.12
20260619,3,1,498,23,20,43.99
20260619,4,2,1087,8,7,59.13
20260619,5,2,942,7,6,45.95
20260619,6,2,956,7,6,41.64
20260619,7,3,9016,122,107,69.53
20260619,8,3,3610,42,38,29.7
20260619,9,3,2354,28,26,26.83
20260619,10,4,5344,171,171,0.0
20260619,11,4,4219,135,135,0.0
20260619,12,4,1781,57,57,0.0
20260619,13,5,115,115,115,0.0
20260619,14,5,65,65,65,0.0
20260619,15,5,27,27,27,0.0
20260619,16,6,816,31,31,6.5
20260619,17,6,921,35,35,6.5
20260619,18,6,158,6,6,6.5
20260619,19,7,25,25,25,18.49
20260619,20,7,15,15,15,0.0
20260619,21,7,19,19,19,1411.97
20260620,1,1,777,36,31,82.73
20260620,2,1,177,9,8,28.62
20260620,3,1,433,19,17,39.76
20260620,4,2,1016,7,6,49.95
20260620,5,2,919,6,6,38.89
20260620,6,2,382,3,3,20.09
20260620,7,3,6885,90,81,50.14
20260620,8,3,3574,37,34,30.37
20260620,9,3,1494,20,17,19.86
20260620,10,4,3156,101,101,0.0
20260620,11,4,3688,118,118,0.0
20260620,12,4,1188,38,38,0.0
20260620,13,5,98,98,98,0.0
20260620,14,5,32,32,32,0.0
20260620,15,5,27,27,27,0.0
20260620,16,6,737,28,28,6.5
20260620,17,6,579,22,22,6.5
20260620,18,6,211,8,8,6.5
20260620,19,7,14,14,14,12.33
20260620,20,7,6,6,6,0.0
20260620,21,7,1,1,1,0.0
20260621,1,1,686,28,26,61.07
20260621,2,1,313,14,13,44.56
20260621,3,1,369,17,16,35.57
20260621,4,2,1055,7,6,54.21
20260621,5,2,1058,5,5,37.19
20260621,6,2,536,4,4,26.2
20260621,7,3,6834,80,71,46.81
20260621,8,3,2120,29,26,21.38
20260621,9,3,1705,21,19,20.63
20260621,10,4,3469,111,111,0.0
20260621,11,4,3125,100,100,0.0
20260621,12,4,1594,51,51,0.0
20260621,13,5,85,85,85,0.0
20260621,14,5,46,46,46,0.0
20260621,15,5,22,22,22,0.0
20260621,16,6,658,25,25,6.5
20260621,17,6,605,23,23,6.5
20260621,18,6,342,13,13,6.5
20260621,19,7,15,15,15,10.57
20260621,20,7,10,10,10,0.0
20260621,21,7,8,8,8,0.0
20260622,1,1,1210,51,47,125.06
20260622,2,1,350,16,14,51.44
20260622,3,1,575,29,25,56.15
20260622,4,2,1214,9,8,71.41
20260622,5,2,997,7,6,46.79
20260622,6,2,743,5,4,29.98
20260622,7,3,11760,136,119,78.67
20260622,8,3,4357,62,57,40.73
20260622,9,3,1928,21,18,18.72
20260622,10,4,4250,136,136,0.0
20260622,11,4,4531,145,145,0.0
20260622,12,4,2125,68,68,0.0
20260622,13,5,126,126,126,0.0
20260622,14,5,63,63,63,0.0
20260622,15,5,31,31,31,0.0
20260622,16,6,1263,48,48,6.5
20260622,17,6,974,37,37,6.5
20260622,18,6,447,17,17,6.5
20260622,19,7,15,15,15,18.18
20260622,20,7,12,12,12,0.0
20260622,21,7,7,7,7,0.0
20260623,1,1,1210,50,46,137.0
20260623,2,1,358,16,14,49.93
20260623,3,1,440,22,20,50.28
20260623,4,2,2112,13,12,92.3
20260623,5,2,1063,7,6,50.66
20260623,6,2,1150,7,6,40.94
20260623,7,3,10559,118,102,64.96
20260623,8,3,5442,54,50,39.81
20260623,9,3,2105,25,22,22.91
20260623,10,4,4312,138,138,0.0
20260623,11,4,3969,127,127,0.0
20260623,12,4,2062,66,66,0.0
20260623,13,5,144,144,144,0.0
20260623,14,5,58,58,58,0.0
20260623,15,5,20,20,20,0.0
20260623,16,6,1000,38,38,6.5
20260623,17,6,737,28,28,6.5
20260623,18,6,500,19,19,6.5
20260623,19,7,22,22,22,15.53
20260623,20,7,9,9,9,0.0
20260623,21,7,10,10,10,0.0
20260624,1,1,1148,50,47,117.37
20260624,2,1,430,18,16,49.51
20260624,3,1,531,23,21,50.94
20260624,4,2,1914,12,11,81.99
20260624,5,2,901,7,7,45.8
20260624,6,2,855,6,6,35.34
20260624,7,3,9780,121,107,73.02
20260624,8,3,4107,51,44,36.17
20260624,9,3,2600,30,27,25.96
20260624,10,4,4938,158,158,0.0
20260624,11,4,4344,139,139,0.0
20260624,12,4,1344,43,43,0.0
20260624,13,5,138,138,138,0.0
20260624,14,5,64,64,64,0.0
20260624,15,5,35,35,35,0.0
20260624,16,6,921,35,35,6.5
20260624,17,6,947,36,36,6.5
20260624,18,6,263,10,10,6.5
20260624,19,7,28,28,28,18.74
20260624,20,7,15,15,15,0.0
20260624,21,7,15,15,15,0.0
20260625,1,1,1017,48,42,106.36
20260625,2,1,397,17,15,56.04
20260625,3,1,487,23,21,49.9
20260625,4,2,1508,10,9,74.02
20260625,5,2,988,7,6,46.64
20260625,6,2,1009,7,6,42.36
20260625,7,3,6709,86,77,53.91
20260625,8,3,4530,49,44,35.73
20260625,9,3,1849,23,20,20.84
20260625,10,4,4656,149,149,0.0
20260625,11,4,4375,140,140,0.0
20260625,12,4,1625,52,52,0.0
20260625,13,5,114,114,114,0.0
20260625,14,5,63,63,63,0.0
20260625,15,5,35,35,35,0.0
20260625,16,6,1237,47,47,6.5
20260625,17,6,553,21,21,6.5
20260625,18,6,763,29,29,6.5
20260625,19,7,28,28,28,18.2
20260625,20,7,19,19,19,0.0
20260625,21,7,11,11,11,0.0
20260626,1,1,1145,56,51,113.83
20260626,2,1,457,24,21,67.62
20260626,3,1,600,24,21,53.81
20260626,4,2,1329,9,8,70.2
20260626,5,2,713,5,4,41.8
20260626,6,2,676,5,5,33.8
20260626,7,3,11423,120,111,71.55
20260626,8,3,6172,64,58,51.73
20260626,9,3,2484,31,27,28.03
20260626,10,4,4531,145,145,0.0
20260626,11,4,4438,142,142,0.0
20260626,12,4,1562,50,50,0.0
20260626,13,5,118,118,118,0.0
20260626,14,5,57,57,57,0.0
20260626,15,5,27,27,27,0.0
20260626,16,6,816,31,31,6.5
20260626,17,6,789,30,30,6.5
20260626,18,6,421,16,16,6.5
20260626,19,7,20,20,20,18.25
20260626,20,7,21,21,21,0.0
20260626,21,7,11,11,11,0.0
20260627,1,1,687,32,28,80.35
20260627,2,1,336,14,12,45.25
20260627,3,1,362,16,14,30.16
20260627,4,2,960,7,6,49.87
20260627,5,2,535,4,4,32.76
20260627,6,2,730,5,4,27.03
20260627,7,3,7731,95,88,52.78
20260627,8,3,2869,35,32,24.64
20260627,9,3,1284,18,16,16.82
20260627,10,4,3562,114,114,0.0
20260627,11,4,2531,81,81,0.0
20260627,12,4,1125,36,36,0.0
20260627,13,5,80,80,80,0.0
20260627,14,5,32,32,32,0.0
20260627,15,5,24,24,24,0.0
20260627,16,6,579,22,22,6.5
20260627,17,6,632,24,24,6.5
20260627,18,6,263,10,10,6.5
20260627,19,7,6,6,6,12.39
20260627,20,7,16,16,16,0.0
20260627,21,7,8,8,8,0.0
20260628,1,1,849,35,31,91.4
20260628,2,1,343,16,15,44.18
20260628,3,1,465,19,17,38.27
20260628,4,2,962,7,6,55.45
20260628,5,2,517,4,4,29.48
20260628,6,2,542,4,4,25.14
20260628,7,3,6628,83,75,50.13
20260628,8,3,3110,36,32,27.66
20260628,9,3,1406,17,16,14.67
20260628,10,4,3219,103,103,0.0
20260628,11,4,3281,105,105,0.0
20260628,12,4,1500,48,48,0.0
20260628,13,5,88,88,88,0.0
20260628,14,5,56,56,56,0.0
20260628,15,5,19,19,19,0.0
20260628,16,6,921,35,35,6.5
20260628,17,6,579,22,22,6.5
20260628,18,6,263,10,10,6.5
20260628,19,7,21,21,21,11.85
20260628,20,7,10,10,10,0.0
20260628,21,7,11,11,11,0.0
20260629,1,1,831,38,33,93.97
20260629,2,1,346,17,15,43.96
20260629,3,1,528,25,23,49.17
20260629,4,2,1213,9,8,72.27
20260629,5,2,947,6,5,43.43
20260629,6,2,1220,8,7,46.65
20260629,7,3,9479,117,102,65.64
20260629,8,3,5929,58,51,45.21
20260629,9,3,2971,36,31,31.48
20260629,10,4,5188,166,166,0.0
20260629,11,4,4688,150,150,0.0
20260629,12,4,1594,51,51,0.0
20260629,13,5,126,126,126,0.0
20260629,14,5,62,62,62,0.0
20260629,15,5,26,26,26,0.0
20260629,16,6,1132,43,43,6.5
20260629,17,6,684,26,26,6.5
20260629,18,6,579,22,22,6.5
20260629,19,7,22,22,22,19.43
20260629,20,7,15,15,15,0.0
20260629,21,7,15,15,15,0.0
20260630,1,1,1327,54,48,129.92
20260630,2,1,363,17,15,50.61
20260630,3,1,551,27,24,57.57
20260630,4,2,1312,9,8,69.58
20260630,5,2,1334,8,7,48.31
20260630,6,2,760,5,4,32.32
20260630,7,3,10548,136,118,83.35
20260630,8,3,3767,49,45,35.12
20260630,9,3,2294,26,23,22.74
20260630,10,4,4875,156,156,0.0
20260630,11,4,4594,147,147,0.0
20260630,12,4,1844,59,59,0.0
20260630,13,5,103,103,103,0.0
20260630,14,5,65,65,65,0.0
20260630,15,5,36,36,36,0.0
20260630,16,6,1105,42,42,6.5
20260630,17,6,842,32,32,6.5
20260630,18,6,447,17,17,6.5
20260630,19,7,20,20,20,17.69
20260630,20,7,20,20,20,0.0
20260630,21,7,10,10,10,0.0
