lead_id,created_date_key,channel_id,campaign_id,region_id,company_size,business_type,lead_score,is_mql,is_sql
1,20251101,1,1,6,1-9,Restaurant,54,1,1
2,20251101,2,4,7,10-49,Café,71,1,1
3,20251101,3,7,1,10-49,Restaurant,6,0,0
4,20251101,3,7,4,1-9,Restaurant,44,0,0
5,20251101,3,8,1,1-9,Snack,53,1,1
6,20251101,3,8,7,1-9,Restaurant,23,0,0
7,20251101,4,10,1,1-9,Bar,47,1,1
8,20251101,4,11,2,1-9,Restaurant,50,1,1
9,20251101,5,14,7,10-49,Restaurant,76,1,1
10,20251101,7,19,3,1-9,Bar,74,1,0
11,20251101,7,20,4,10-49,Snack,89,1,1
12,20251102,1,1,1,1-9,Bar,60,0,0
13,20251102,3,7,2,1-9,Restaurant,18,0,0
14,20251102,3,7,3,1-9,Restaurant,42,0,0
15,20251102,3,8,4,1-9,Restaurant,29,0,0
16,20251102,4,10,5,10-49,Snack,76,1,1
17,20251102,4,10,3,1-9,Hotel,54,1,1
18,20251102,5,13,4,1-9,Restaurant,46,0,0
19,20251102,5,13,7,1-9,Restaurant,43,0,0
20,20251102,6,16,4,1-9,Café,50,0,0
21,20251102,6,16,1,1-9,Snack,69,1,0
22,20251103,1,1,4,10-49,Snack,39,1,1
23,20251103,1,1,5,1-9,Restaurant,65,0,0
24,20251103,2,4,2,10-49,Snack,72,1,0
25,20251103,3,7,3,1-9,Restaurant,21,0,0
26,20251103,3,7,5,10-49,Snack,48,0,0
27,20251103,3,7,1,10-49,Restaurant,16,0,0
28,20251103,3,7,4,10-49,Restaurant,22,0,0
29,20251103,3,7,7,10-49,Restaurant,51,0,0
30,20251103,3,7,7,1-9,Café,25,0,0
31,20251103,3,7,5,1-9,Restaurant,22,0,0
32,20251103,3,7,1,1-9,Restaurant,37,0,0
33,20251103,3,8,2,10-49,Restaurant,44,0,0
34,20251103,4,10,1,10-49,Restaurant,54,0,0
35,20251103,4,10,2,1-9,Restaurant,68,1,1
36,20251103,4,11,1,1-9,Café,63,1,1
37,20251103,4,11,6,10-49,Snack,62,0,0
38,20251103,5,13,3,1-9,Restaurant,72,1,1
39,20251104,2,4,8,10-49,Bar,62,1,1
40,20251104,3,7,1,10-49,Café,40,1,0
41,20251104,3,7,8,1-9,Snack,11,0,0
42,20251104,3,7,5,1-9,Bar,0,0,0
43,20251104,4,10,6,1-9,Restaurant,40,1,0
44,20251104,4,10,5,1-9,Hotel,76,0,0
45,20251104,4,10,7,10-49,Restaurant,77,1,0
46,20251104,4,10,1,1-9,Restaurant,66,1,0
47,20251104,4,10,1,1-9,Bar,57,0,0
48,20251104,4,10,6,10-49,Snack,49,1,0
49,20251104,5,13,2,10-49,Restaurant,82,0,0
50,20251104,5,13,2,1-9,Restaurant,55,1,0
51,20251104,6,16,8,1-9,Restaurant,44,0,0
52,20251104,6,16,2,10-49,Restaurant,63,1,0
53,20251104,6,16,4,10-49,Restaurant,78,0,0
54,20251104,6,16,7,50+,Bar,45,0,0
55,20251104,6,16,1,1-9,Restaurant,55,1,1
56,20251104,7,19,4,1-9,Snack,80,0,0
57,20251104,7,20,1,10-49,Restaurant,62,1,1
58,20251105,1,1,3,1-9,Bar,60,0,0
59,20251105,3,7,2,1-9,Café,22,0,0
60,20251105,3,7,7,1-9,Restaurant,22,0,0
61,20251105,3,8,3,10-49,Café,36,1,1
62,20251105,4,10,8,10-49,Café,64,1,0
63,20251105,4,10,3,1-9,Bar,61,1,0
64,20251105,4,10,3,50+,Restaurant,78,1,1
65,20251105,4,10,7,1-9,Restaurant,58,0,0
66,20251105,4,10,5,1-9,Café,58,1,1
67,20251105,4,11,7,10-49,Bar,45,1,1
68,20251105,4,11,1,1-9,Restaurant,53,0,0
69,20251105,4,11,3,1-9,Snack,57,1,0
70,20251105,4,11,2,10-49,Restaurant,63,1,1
71,20251105,4,11,1,1-9,Restaurant,32,0,0
72,20251105,5,13,5,1-9,Bar,66,0,0
73,20251105,5,14,7,10-49,Bar,69,0,0
74,20251105,5,14,5,50+,Restaurant,90,1,0
75,20251105,6,16,4,10-49,Snack,49,0,0
76,20251105,7,19,1,1-9,Bar,56,1,1
77,20251106,1,2,1,10-49,Bar,43,1,0
78,20251106,2,4,1,1-9,Restaurant,81,1,0
79,20251106,3,7,1,1-9,Snack,8,0,0
80,20251106,3,7,2,1-9,Café,13,0,0
81,20251106,3,7,4,1-9,Restaurant,12,0,0
82,20251106,3,7,6,1-9,Restaurant,34,0,0
83,20251106,3,8,6,1-9,Bar,32,0,0
84,20251106,3,8,6,1-9,Restaurant,33,0,0
85,20251106,3,8,6,1-9,Snack,18,0,0
86,20251106,4,10,4,1-9,Restaurant,58,1,0
87,20251106,4,11,7,1-9,Restaurant,45,0,0
88,20251106,4,11,8,1-9,Snack,34,1,0
89,20251106,4,11,8,10-49,Café,,0,0
90,20251106,5,13,3,10-49,Restaurant,77,1,1
91,20251106,5,13,2,1-9,Bar,63,1,1
92,20251106,5,13,2,1-9,Restaurant,60,1,1
93,20251106,5,14,1,1-9,Restaurant,48,0,0
94,20251107,1,1,6,1-9,Restaurant,37,0,0
95,20251107,3,7,5,50+,Restaurant,30,0,0
96,20251107,3,7,7,50+,Restaurant,44,1,0
97,20251107,3,7,6,1-9,Snack,20,0,0
98,20251107,3,7,2,1-9,Café,24,0,0
99,20251107,3,7,5,1-9,Restaurant,22,0,0
100,20251107,3,7,8,1-9,Snack,0,0,0
101,20251107,3,8,3,1-9,Restaurant,32,0,0
102,20251107,4,10,7,1-9,Bar,60,1,1
103,20251107,5,13,1,10-49,Restaurant,71,1,1
104,20251107,6,16,7,1-9,Snack,61,1,0
105,20251107,6,16,7,50+,Café,47,1,1
106,20251107,7,20,8,1-9,Café,84,1,1
107,20251108,3,7,1,10-49,Restaurant,23,0,0
108,20251108,3,7,6,10-49,Bar,55,1,1
109,20251108,3,7,3,10-49,Snack,36,1,0
110,20251108,3,8,3,1-9,Bar,25,0,0
111,20251108,4,11,2,1-9,Restaurant,17,0,0
112,20251108,4,11,1,10-49,Bar,21,0,0
113,20251108,6,16,7,1-9,Restaurant,69,1,1
114,20251108,7,19,5,1-9,Restaurant,58,0,0
115,20251109,1,1,7,1-9,Snack,40,0,0
116,20251109,3,7,5,1-9,Restaurant,20,0,0
117,20251109,3,7,2,1-9,Restaurant,12,0,0
118,20251109,3,0,3,1-9,Bar,36,1,0
119,20251109,3,7,4,1-9,Restaurant,17,0,0
120,20251109,3,7,1,1-9,Snack,30,0,0
121,20251109,3,7,3,1-9,Restaurant,23,0,0
122,20251109,3,8,7,1-9,Restaurant,35,0,0
123,20251109,3,0,2,1-9,Bar,14,0,0
124,20251109,4,10,8,1-9,Bar,66,1,1
125,20251109,4,11,3,50+,Café,52,1,0
126,20251109,4,11,1,1-9,Snack,31,0,0
127,20251109,5,13,8,1-9,Restaurant,32,0,0
128,20251109,5,14,1,1-9,Café,77,1,0
129,20251109,6,16,1,10-49,Restaurant,53,1,0
130,20251109,6,16,3,10-49,Restaurant,70,0,0
131,20251109,6,16,4,10-49,Restaurant,56,0,0
132,20251109,6,16,7,1-9,Restaurant,46,0,0
133,20251109,7,19,2,10-49,Café,72,1,1
134,20251109,7,19,6,1-9,Restaurant,45,0,0
135,20251109,7,20,5,10-49,Restaurant,83,1,1
136,20251110,1,2,3,1-9,Restaurant,46,0,0
137,20251110,1,2,7,1-9,Restaurant,28,0,0
138,20251110,1,2,5,1-9,Café,51,0,0
139,20251110,3,7,2,10-49,Snack,64,0,0
140,20251110,3,7,4,50+,Snack,28,1,0
141,20251110,3,7,6,10-49,Restaurant,42,0,0
142,20251110,3,7,1,10-49,Bar,47,0,0
143,20251110,3,7,2,10-49,Restaurant,41,0,0
144,20251110,3,8,7,10-49,Bar,46,0,0
145,20251110,3,8,2,1-9,Restaurant,40,1,0
146,20251110,4,10,2,10-49,Restaurant,55,0,0
147,20251110,4,10,4,50+,Restaurant,74,1,0
148,20251110,4,10,2,10-49,Hotel,,0,0
149,20251110,4,10,7,50+,Bar,72,1,0
150,20251110,4,11,2,1-9,Snack,43,1,1
151,20251110,4,11,6,1-9,Snack,33,1,0
152,20251110,5,14,1,50+,Bar,72,1,0
153,20251110,6,16,5,50+,Restaurant,57,1,0
154,20251110,6,16,5,1-9,Hotel,66,1,0
155,20251110,6,16,1,1-9,Hotel,56,0,0
156,20251111,3,7,6,10-49,Café,18,0,0
157,20251111,3,7,2,1-9,Restaurant,12,0,0
158,20251111,3,7,7,1-9,Restaurant,17,0,0
159,20251111,4,11,1,1-9,Restaurant,52,0,0
160,20251111,4,11,1,1-9,Snack,60,1,0
161,20251111,5,13,1,1-9,Restaurant,68,1,1
162,20251111,6,16,6,1-9,Restaurant,44,1,0
163,20251111,6,16,6,1-9,Restaurant,68,1,1
164,20251111,6,16,4,1-9,Bar,35,0,0
165,20251111,6,16,8,10-49,Bar,66,1,1
166,20251111,7,19,4,10-49,Bar,88,1,1
167,20251111,7,19,5,1-9,Bar,86,1,1
168,20251111,7,20,2,1-9,Restaurant,71,1,0
169,20251112,3,7,8,1-9,Bar,29,0,0
170,20251112,3,7,2,10-49,Restaurant,11,0,0
171,20251112,3,7,6,1-9,Snack,30,0,0
172,20251112,3,8,6,50+,Restaurant,63,1,0
173,20251112,3,8,8,10-49,Bar,33,0,0
174,20251112,3,0,2,1-9,Hotel,48,0,0
175,20251112,4,10,2,10-49,Bar,60,1,1
176,20251112,4,10,4,10-49,Hotel,49,1,0
177,20251112,4,10,6,1-9,Restaurant,58,1,0
178,20251112,4,11,4,1-9,Restaurant,,0,0
179,20251112,4,11,3,1-9,Bar,81,1,1
180,20251112,4,11,3,1-9,Café,40,0,0
181,20251112,5,13,2,50+,Restaurant,70,1,0
182,20251112,5,13,1,10-49,Café,73,1,1
183,20251112,5,13,2,1-9,Restaurant,62,1,1
184,20251112,7,19,5,1-9,Café,72,0,0
185,20251112,7,19,3,10-49,Snack,63,1,0
186,20251112,7,19,3,1-9,Bar,74,1,1
187,20251112,7,20,7,1-9,Bar,99,1,0
188,20251112,7,20,2,1-9,Hotel,55,1,1
189,20251112,7,20,4,1-9,Restaurant,55,1,0
190,20251113,1,2,5,10-49,Restaurant,76,1,1
191,20251113,2,4,1,10-49,Restaurant,100,1,0
192,20251113,2,4,1,50+,Restaurant,100,1,1
193,20251113,3,7,4,1-9,Restaurant,23,0,0
194,20251113,3,7,2,1-9,Restaurant,36,1,0
195,20251113,3,8,3,10-49,Restaurant,27,0,0
196,20251113,3,0,6,10-49,Snack,36,1,0
197,20251113,4,10,7,1-9,Snack,67,1,1
198,20251113,4,10,8,10-49,Bar,37,0,0
199,20251113,4,11,1,1-9,Snack,42,0,0
200,20251113,5,13,3,10-49,Restaurant,66,1,1
201,20251113,5,14,8,10-49,Snack,70,1,1
202,20251113,6,16,6,10-49,Snack,71,1,1
203,20251113,6,16,2,1-9,Restaurant,48,0,0
204,20251113,6,16,1,50+,Bar,61,0,0
205,20251113,7,19,4,1-9,Snack,78,1,1
206,20251114,1,1,4,10-49,Bar,71,0,0
207,20251114,2,4,1,10-49,Restaurant,78,1,1
208,20251114,2,4,2,50+,Hotel,81,0,0
209,20251114,3,7,4,10-49,Bar,34,0,0
210,20251114,3,7,4,1-9,Restaurant,18,0,0
211,20251114,3,7,2,1-9,Snack,34,0,0
212,20251114,3,7,7,1-9,Bar,18,0,0
213,20251114,3,7,3,1-9,Café,42,1,0
214,20251114,3,7,6,10-49,Café,28,0,0
215,20251114,3,7,6,1-9,Café,13,0,0
216,20251114,3,7,8,1-9,Café,30,0,0
217,20251114,3,8,1,1-9,Restaurant,54,1,0
218,20251114,4,10,2,10-49,Snack,66,1,1
219,20251114,4,10,8,50+,Restaurant,75,1,0
220,20251114,4,11,2,10-49,Café,41,1,0
221,20251114,4,11,4,1-9,Hotel,29,0,0
222,20251114,4,11,6,10-49,Restaurant,67,1,0
223,20251114,4,11,3,10-49,Snack,36,0,0
224,20251114,4,11,2,1-9,Restaurant,53,1,1
225,20251114,4,11,4,10-49,Bar,54,0,0
226,20251114,5,14,1,10-49,Restaurant,55,0,0
227,20251114,5,14,1,1-9,Bar,52,0,0
228,20251114,5,14,1,1-9,Snack,36,1,0
229,20251114,6,16,5,10-49,Restaurant,44,0,0
230,20251114,6,16,4,1-9,Restaurant,62,1,1
231,20251114,6,16,4,1-9,Restaurant,58,0,0
232,20251114,6,16,1,1-9,Restaurant,76,1,1
233,20251114,7,19,7,10-49,Hotel,64,0,0
234,20251115,1,2,3,10-49,Bar,41,1,0
235,20251115,2,4,4,1-9,Restaurant,69,1,1
236,20251115,2,4,2,50+,Bar,77,0,0
237,20251115,3,7,5,10-49,Bar,15,0,0
238,20251115,3,7,1,1-9,Restaurant,5,0,0
239,20251115,3,8,7,1-9,Restaurant,34,0,0
240,20251115,3,8,4,10-49,Snack,21,0,0
241,20251115,4,10,1,10-49,Restaurant,58,0,0
242,20251115,4,10,6,10-49,Restaurant,59,1,1
243,20251115,4,11,4,10-49,Restaurant,24,0,0
244,20251115,4,11,1,10-49,Bar,54,0,0
245,20251115,4,11,1,1-9,Hotel,64,1,1
246,20251115,5,13,4,10-49,Restaurant,41,1,0
247,20251115,5,13,1,1-9,Café,50,0,0
248,20251115,5,14,1,1-9,Restaurant,53,1,1
249,20251115,6,16,6,1-9,Hotel,61,1,1
250,20251115,7,19,2,10-49,Restaurant,77,1,1
251,20251116,1,1,3,1-9,Bar,50,0,0
252,20251116,1,2,1,10-49,Restaurant,22,0,0
253,20251116,2,4,2,10-49,Snack,77,1,1
254,20251116,3,7,6,10-49,Café,27,0,0
255,20251116,3,7,7,10-49,Café,40,0,0
256,20251116,3,7,3,1-9,Restaurant,43,0,0
257,20251116,3,7,8,10-49,Restaurant,23,0,0
258,20251116,3,7,4,1-9,Bar,16,0,0
259,20251116,3,7,2,10-49,Bar,44,1,0
260,20251116,5,14,3,1-9,Restaurant,55,1,1
261,20251116,5,14,7,10-49,Bar,70,1,1
262,20251116,7,19,8,10-49,Restaurant,,1,0
263,20251117,1,2,1,1-9,Restaurant,27,1,0
264,20251117,1,2,6,1-9,Restaurant,38,0,0
265,20251117,1,2,5,1-9,Restaurant,24,0,0
266,20251117,3,7,1,1-9,Café,1,0,0
267,20251117,3,7,2,1-9,Café,12,0,0
268,20251117,3,7,3,10-49,Bar,31,1,0
269,20251117,3,7,7,1-9,Bar,47,0,0
270,20251117,3,7,2,1-9,Restaurant,39,0,0
271,20251117,4,10,6,10-49,Snack,63,0,0
272,20251117,4,11,5,50+,Café,83,1,1
273,20251117,4,11,1,1-9,Bar,41,0,0
274,20251117,4,11,6,10-49,Bar,59,0,0
275,20251117,4,11,3,50+,Restaurant,64,1,1
276,20251117,5,13,8,1-9,Restaurant,69,1,1
277,20251117,5,13,3,1-9,Snack,77,0,0
278,20251117,5,14,5,1-9,Restaurant,66,1,1
279,20251117,5,14,5,10-49,Snack,57,0,0
280,20251117,6,16,5,10-49,Bar,56,1,0
281,20251117,6,16,6,1-9,Restaurant,64,0,0
282,20251117,7,19,4,1-9,Café,55,1,0
283,20251117,7,19,7,1-9,Restaurant,85,1,1
284,20251117,7,20,5,1-9,Snack,96,1,1
285,20251117,7,20,4,1-9,Bar,56,0,0
286,20251118,1,1,5,50+,Café,56,0,0
287,20251118,1,2,6,10-49,Café,55,1,1
288,20251118,1,2,2,10-49,Restaurant,57,1,0
289,20251118,1,3,1,50+,Restaurant,73,1,0
290,20251118,1,3,2,1-9,Snack,37,1,1
291,20251118,2,4,6,10-49,Restaurant,61,0,0
292,20251118,3,7,2,50+,Café,23,0,0
294,20251118,4,10,4,10-49,Restaurant,52,1,1
295,20251118,4,10,8,1-9,Restaurant,53,1,0
296,20251118,4,10,5,1-9,Hotel,59,0,0
297,20251118,4,10,6,1-9,Restaurant,30,0,0
298,20251118,4,10,2,1-9,Hotel,63,1,0
299,20251118,4,10,4,50+,Restaurant,82,1,1
300,20251118,4,11,3,1-9,Café,52,0,0
301,20251118,5,13,5,10-49,Restaurant,91,1,0
302,20251118,5,13,1,1-9,Restaurant,62,0,0
303,20251118,5,14,3,10-49,Bar,49,0,0
304,20251118,5,14,1,1-9,Restaurant,62,1,1
305,20251118,6,16,1,1-9,Restaurant,39,1,1
306,20251118,7,19,7,10-49,Snack,93,1,1
307,20251119,1,2,2,10-49,Restaurant,46,0,0
308,20251119,2,4,3,50+,Snack,85,1,1
309,20251119,3,7,7,1-9,Café,20,0,0
310,20251119,3,7,3,10-49,Restaurant,28,0,0
311,20251119,3,8,5,10-49,Restaurant,16,0,0
312,20251119,3,8,5,1-9,Hotel,24,0,0
313,20251119,3,8,2,10-49,Restaurant,38,0,0
314,20251119,3,8,1,1-9,Restaurant,47,0,0
315,20251119,3,8,3,1-9,Café,29,0,0
316,20251119,4,10,1,10-49,Bar,64,1,1
317,20251119,4,10,2,10-49,Restaurant,,1,0
318,20251119,4,10,5,1-9,Restaurant,80,1,1
319,20251119,4,11,5,1-9,Restaurant,33,0,0
320,20251119,4,11,1,1-9,Café,63,1,1
321,20251119,4,11,5,1-9,Restaurant,38,0,0
322,20251119,5,13,6,1-9,Bar,39,0,0
323,20251119,5,13,8,1-9,Snack,77,1,0
324,20251119,5,13,3,1-9,Café,60,1,0
325,20251119,5,14,1,1-9,Snack,,1,1
326,20251119,5,14,2,10-49,Restaurant,64,1,0
327,20251119,6,16,5,1-9,Restaurant,65,0,0
328,20251119,7,19,8,10-49,Restaurant,70,1,1
329,20251119,7,20,4,1-9,Restaurant,63,1,1
330,20251120,1,1,1,1-9,Hotel,41,1,1
331,20251120,1,2,2,10-49,Restaurant,44,1,1
332,20251120,3,7,7,10-49,Restaurant,12,0,0
333,20251120,3,7,1,50+,Restaurant,25,0,0
334,20251120,3,7,8,1-9,Hotel,42,0,0
335,20251120,3,7,1,1-9,Restaurant,34,0,0
336,20251120,3,7,2,10-49,Café,44,0,0
337,20251120,3,7,5,10-49,Restaurant,29,0,0
338,20251120,3,7,2,1-9,Restaurant,25,0,0
339,20251120,3,7,2,10-49,Restaurant,31,0,0
340,20251120,4,10,5,1-9,Restaurant,51,1,1
341,20251120,4,10,5,1-9,Restaurant,15,0,0
342,20251120,4,11,6,1-9,Snack,30,0,0
343,20251120,4,11,6,1-9,Hotel,38,1,0
344,20251120,5,13,2,1-9,Snack,56,0,0
345,20251120,5,13,3,10-49,Restaurant,63,1,1
346,20251120,5,13,7,1-9,Restaurant,62,0,0
347,20251120,6,16,1,1-9,Snack,38,0,0
348,20251120,7,19,6,10-49,Bar,67,0,0
349,20251120,7,20,6,1-9,Bar,60,1,1
350,20251121,1,2,1,50+,Restaurant,46,0,0
351,20251121,1,3,1,1-9,Restaurant,54,1,0
352,20251121,1,3,7,10-49,Café,34,0,0
353,20251121,2,4,7,1-9,Restaurant,58,1,1
354,20251121,3,7,5,1-9,Hotel,2,0,0
355,20251121,3,7,5,10-49,Restaurant,24,0,0
356,20251121,3,7,1,1-9,Restaurant,22,0,0
357,20251121,3,7,6,1-9,Restaurant,13,1,0
358,20251121,3,7,1,1-9,Bar,30,0,0
359,20251121,3,7,3,1-9,Hotel,36,0,0
360,20251121,3,7,2,1-9,Bar,49,1,0
361,20251121,3,7,5,1-9,Snack,45,1,0
362,20251121,3,7,1,1-9,Café,21,0,0
363,20251121,3,7,6,10-49,Restaurant,32,0,0
364,20251121,3,7,6,1-9,Restaurant,32,0,0
365,20251121,3,8,1,50+,Bar,59,0,0
366,20251121,4,10,6,1-9,Hotel,41,0,0
367,20251121,4,11,7,50+,Bar,74,0,0
368,20251121,5,13,8,1-9,Bar,65,0,0
369,20251121,5,13,4,1-9,Hotel,29,0,0
370,20251121,5,14,4,50+,Café,80,1,0
371,20251121,7,19,7,10-49,Restaurant,61,0,0
372,20251121,7,19,4,10-49,Restaurant,82,0,0
373,20251122,1,2,6,10-49,Restaurant,69,1,1
374,20251122,1,2,4,1-9,Restaurant,52,0,0
375,20251122,1,3,4,10-49,Snack,49,0,0
376,20251122,1,3,7,50+,Snack,60,1,0
377,20251122,3,7,7,10-49,Bar,18,0,0
378,20251122,3,7,2,10-49,Café,,0,0
379,20251122,4,11,5,10-49,Snack,66,1,0
380,20251122,4,11,5,10-49,Bar,59,0,0
381,20251122,5,13,5,50+,Hotel,72,1,0
382,20251122,5,13,3,10-49,Bar,57,0,0
383,20251122,5,13,1,10-49,Restaurant,65,1,0
384,20251122,5,13,2,1-9,Snack,92,1,1
385,20251122,5,14,6,1-9,Snack,62,1,1
386,20251122,5,14,4,10-49,Restaurant,61,1,0
387,20251122,5,14,7,10-49,Snack,78,0,0
388,20251122,6,16,3,10-49,Snack,54,1,0
389,20251122,7,20,2,50+,Restaurant,59,0,0
390,20251123,3,7,5,1-9,Café,18,0,0
391,20251123,3,7,5,1-9,Restaurant,38,0,0
392,20251123,3,7,1,10-49,Restaurant,55,0,0
393,20251123,3,7,8,1-9,Bar,45,0,0
394,20251123,3,7,7,10-49,Bar,20,0,0
395,20251123,3,8,1,10-49,Snack,31,1,0
396,20251123,4,10,6,50+,Restaurant,,0,0
397,20251123,5,13,1,1-9,Restaurant,57,0,0
398,20251123,5,13,4,10-49,Restaurant,67,0,0
399,20251123,5,13,8,10-49,Snack,72,1,1
400,20251123,5,13,5,50+,Restaurant,79,1,1
401,20251123,5,13,5,10-49,Snack,64,1,1
402,20251123,6,16,3,1-9,Snack,55,0,0
403,20251123,6,16,4,1-9,Snack,72,1,1
404,20251123,6,16,4,1-9,Snack,54,1,1
405,20251123,7,19,2,50+,Restaurant,95,1,1
406,20251124,1,1,1,1-9,Snack,52,0,0
407,20251124,1,1,7,1-9,Restaurant,55,1,0
408,20251124,3,7,7,10-49,Restaurant,21,0,0
409,20251124,3,7,2,1-9,Café,34,0,0
410,20251124,3,7,7,1-9,Snack,48,1,0
411,20251124,4,10,3,50+,Restaurant,96,1,0
412,20251124,4,10,4,10-49,Café,75,1,0
413,20251124,4,11,7,50+,Restaurant,45,1,0
414,20251124,4,11,6,1-9,Snack,35,0,0
415,20251124,4,11,3,1-9,Snack,46,1,1
416,20251124,5,13,6,1-9,Restaurant,62,1,0
417,20251124,5,13,6,1-9,Snack,66,1,1
418,20251124,5,13,2,50+,Bar,71,1,1
419,20251124,5,13,4,10-49,Snack,45,1,0
420,20251124,5,13,3,1-9,Snack,73,1,1
421,20251124,5,14,6,1-9,Restaurant,60,1,0
422,20251124,6,16,7,10-49,Restaurant,61,0,0
423,20251124,6,16,3,1-9,Café,58,1,0
424,20251124,7,20,6,1-9,Restaurant,60,1,1
425,20251125,3,7,2,1-9,Restaurant,38,0,0
426,20251125,3,7,1,10-49,Snack,18,0,0
427,20251125,3,8,3,10-49,Restaurant,37,1,0
428,20251125,3,8,8,1-9,Bar,34,0,0
429,20251125,4,10,3,1-9,Restaurant,56,1,1
430,20251125,4,10,4,1-9,Snack,49,0,0
431,20251125,4,11,5,1-9,Snack,55,0,0
432,20251125,5,13,2,50+,Hotel,37,0,0
433,20251125,5,13,1,50+,Bar,72,1,1
434,20251125,7,19,2,1-9,Restaurant,62,0,0
435,20251126,1,2,7,1-9,Bar,54,0,0
436,20251126,1,3,8,1-9,Restaurant,50,0,0
437,20251126,3,7,3,10-49,Restaurant,36,1,0
438,20251126,3,7,1,1-9,Restaurant,11,0,0
439,20251126,3,8,6,1-9,Restaurant,8,0,0
440,20251126,4,10,5,10-49,Restaurant,,0,0
441,20251126,4,10,1,10-49,Restaurant,63,0,0
442,20251126,4,10,5,1-9,Snack,45,0,0
443,20251126,4,11,4,1-9,Restaurant,37,0,0
444,20251126,4,11,1,10-49,Restaurant,35,1,0
445,20251126,4,11,1,1-9,Café,59,1,1
446,20251126,4,11,7,10-49,Bar,47,0,0
447,20251126,5,13,5,1-9,Café,49,0,0
448,20251126,5,13,1,1-9,Restaurant,53,0,0
449,20251126,5,13,5,1-9,Snack,23,0,0
450,20251126,5,13,8,10-49,Snack,49,0,0
451,20251126,6,16,7,10-49,Café,36,0,0
452,20251126,6,16,3,1-9,Snack,65,1,0
453,20251126,6,16,4,1-9,Restaurant,60,1,1
454,20251126,7,19,7,1-9,Snack,90,1,0
455,20251126,7,19,8,10-49,Snack,77,1,1
456,20251126,7,20,1,1-9,Snack,63,0,0
457,20251127,1,2,7,1-9,Restaurant,60,1,1
458,20251127,1,3,7,1-9,Restaurant,59,1,1
459,20251127,2,4,6,10-49,Bar,84,1,1
460,20251127,3,7,6,1-9,Restaurant,0,0,0
461,20251127,3,7,8,10-49,Bar,30,0,0
462,20251127,3,7,3,1-9,Restaurant,36,1,0
463,20251127,3,7,1,50+,Restaurant,22,0,0
464,20251127,3,8,7,1-9,Restaurant,39,1,0
465,20251127,3,8,3,50+,Snack,27,0,0
466,20251127,4,10,2,50+,Snack,54,1,1
467,20251127,4,11,8,1-9,Snack,36,0,0
468,20251127,4,11,6,1-9,Restaurant,47,0,0
469,20251127,5,13,2,1-9,Café,73,1,1
470,20251127,7,19,1,1-9,Restaurant,68,1,1
471,20251127,7,19,7,10-49,Snack,88,1,1
472,20251127,7,20,5,1-9,Restaurant,60,1,0
473,20251128,1,1,2,1-9,Restaurant,70,1,0
474,20251128,1,1,7,1-9,Restaurant,66,1,1
475,20251128,1,1,6,1-9,Restaurant,42,0,0
476,20251128,1,1,5,10-49,Bar,60,0,0
477,20251128,3,7,7,10-49,Café,32,0,0
478,20251128,3,7,1,1-9,Restaurant,30,0,0
479,20251128,3,7,5,1-9,Restaurant,16,0,0
480,20251128,3,7,3,1-9,Snack,28,0,0
481,20251128,4,10,1,1-9,Café,40,0,0
482,20251128,4,10,1,10-49,Restaurant,67,0,0
483,20251128,4,11,1,10-49,Café,32,0,0
484,20251128,4,11,1,1-9,Restaurant,61,0,0
485,20251128,5,13,3,1-9,Restaurant,55,0,0
486,20251128,7,19,7,1-9,Restaurant,91,1,1
487,20251128,7,20,4,10-49,Hotel,90,1,1
488,20251129,3,7,5,10-49,Restaurant,38,0,0
489,20251129,3,7,5,1-9,Café,23,0,0
490,20251129,3,7,4,50+,Hotel,30,0,0
491,20251129,3,7,7,1-9,Café,14,0,0
492,20251129,3,8,5,10-49,Restaurant,52,0,0
493,20251129,3,8,6,1-9,Snack,38,0,0
494,20251129,4,11,5,1-9,Hotel,63,1,1
495,20251129,4,11,1,1-9,Café,35,0,0
496,20251129,6,16,1,10-49,Restaurant,70,1,1
497,20251129,7,19,2,50+,Restaurant,67,0,0
498,20251129,7,20,8,1-9,Café,62,0,0
499,20251129,7,20,1,10-49,Hotel,80,1,1
500,20251129,7,20,1,10-49,Café,73,0,0
501,20251130,1,1,3,1-9,Bar,56,1,0
502,20251130,1,1,4,1-9,Restaurant,40,1,0
503,20251130,1,1,1,1-9,Restaurant,52,0,0
504,20251130,1,2,6,1-9,Snack,64,1,0
505,20251130,3,8,3,50+,Restaurant,38,0,0
506,20251130,3,8,2,1-9,Restaurant,37,0,0
507,20251130,3,8,7,1-9,Restaurant,23,0,0
508,20251130,3,8,1,1-9,Café,42,1,0
509,20251130,4,10,1,1-9,Bar,59,0,0
510,20251130,4,10,4,1-9,Snack,69,0,0
511,20251130,4,11,1,1-9,Bar,70,0,0
512,20251130,4,11,1,1-9,Restaurant,41,1,1
513,20251130,5,13,1,10-49,Restaurant,42,1,1
514,20251130,7,19,1,50+,Bar,71,1,0
515,20251130,7,19,5,10-49,Restaurant,100,1,1
516,20251201,3,7,1,10-49,Bar,14,0,0
517,20251201,3,7,6,10-49,Bar,60,0,0
518,20251201,3,7,6,10-49,Bar,28,0,0
519,20251201,3,7,8,1-9,Café,30,0,0
520,20251201,3,7,8,1-9,Restaurant,32,0,0
521,20251201,3,7,8,1-9,Hotel,2,0,0
522,20251201,3,8,6,10-49,Restaurant,36,1,0
523,20251201,3,8,5,10-49,Bar,44,0,0
524,20251201,4,10,5,10-49,Restaurant,54,0,0
525,20251201,4,10,5,1-9,Restaurant,44,1,0
526,20251201,4,10,4,10-49,Hotel,81,1,1
527,20251201,4,11,3,1-9,Café,49,1,1
528,20251201,4,11,8,1-9,Restaurant,33,0,0
529,20251201,4,11,7,10-49,Café,74,0,0
530,20251201,4,11,2,10-49,Restaurant,44,0,0
531,20251201,4,11,1,1-9,Café,55,1,0
532,20251201,5,13,8,10-49,Snack,52,0,0
533,20251201,5,14,6,1-9,Restaurant,76,1,0
534,20251201,6,16,4,50+,Restaurant,57,1,1
535,20251201,6,16,2,50+,Restaurant,52,1,1
536,20251201,6,17,7,10-49,Bar,65,1,1
537,20251201,7,19,1,1-9,Restaurant,65,0,0
538,20251201,7,19,3,10-49,Hotel,68,1,1
539,20251201,7,19,3,1-9,Restaurant,65,1,1
540,20251202,3,7,1,50+,Restaurant,23,0,0
541,20251202,3,7,5,1-9,Restaurant,6,0,0
542,20251202,3,7,7,1-9,Hotel,0,0,0
543,20251202,4,10,1,50+,Restaurant,76,1,0
544,20251202,4,11,5,10-49,Restaurant,58,0,0
545,20251202,4,11,1,10-49,Restaurant,63,0,0
546,20251202,5,14,1,1-9,Bar,59,1,0
547,20251202,5,14,4,1-9,Restaurant,61,1,1
548,20251202,6,16,2,50+,Restaurant,58,1,1
549,20251202,6,16,6,1-9,Restaurant,37,0,0
550,20251202,6,16,6,10-49,Bar,72,1,0
551,20251202,6,17,7,10-49,Restaurant,72,1,1
552,20251202,6,17,6,1-9,Restaurant,72,1,1
553,20251202,6,17,3,10-49,Bar,67,1,1
554,20251203,1,1,8,10-49,Restaurant,51,0,0
555,20251203,1,1,3,10-49,Bar,57,0,0
556,20251203,1,2,4,1-9,Restaurant,32,1,0
557,20251203,1,3,3,1-9,Snack,52,1,0
558,20251203,2,4,2,10-49,Restaurant,82,1,1
559,20251203,2,5,2,50+,Hotel,67,1,0
560,20251203,3,7,6,1-9,Snack,23,0,0
561,20251203,3,7,2,10-49,Restaurant,19,0,0
562,20251203,3,7,1,10-49,Bar,41,0,0
563,20251203,3,7,3,1-9,Restaurant,20,0,0
564,20251203,3,7,8,10-49,Bar,28,0,0
565,20251203,3,7,6,1-9,Restaurant,34,0,0
566,20251203,3,8,6,1-9,Bar,32,0,0
567,20251203,4,10,7,1-9,Bar,54,1,0
568,20251203,4,10,2,1-9,Bar,52,1,1
569,20251203,4,10,6,1-9,Restaurant,65,0,0
570,20251203,4,11,5,1-9,Restaurant,39,0,0
571,20251203,5,13,3,1-9,Restaurant,61,1,1
572,20251203,5,13,7,10-49,Restaurant,56,0,0
573,20251203,5,13,2,10-49,Restaurant,85,1,1
574,20251203,5,14,1,10-49,Restaurant,74,1,1
575,20251203,5,14,8,50+,Café,85,1,0
576,20251203,5,14,1,1-9,Bar,58,1,1
577,20251203,5,15,3,1-9,Hotel,43,0,0
578,20251203,6,16,5,1-9,Restaurant,73,1,1
579,20251203,7,19,4,10-49,Bar,75,1,1
580,20251204,1,1,7,10-49,Restaurant,47,0,0
581,20251204,1,1,6,10-49,Hotel,57,0,0
582,20251204,1,3,1,50+,Restaurant,,1,0
583,20251204,1,3,7,10-49,Bar,61,1,1
584,20251204,3,7,2,1-9,Restaurant,25,0,0
585,20251204,3,7,3,1-9,Restaurant,42,0,0
586,20251204,3,7,1,1-9,Restaurant,35,1,0
587,20251204,3,7,6,10-49,Restaurant,37,1,0
588,20251204,3,7,3,1-9,Bar,33,0,0
589,20251204,3,8,4,1-9,Restaurant,37,1,0
590,20251204,3,8,2,50+,Hotel,49,0,0
591,20251204,3,8,7,1-9,Bar,39,1,0
592,20251204,4,10,7,1-9,Snack,47,0,0
593,20251204,4,10,3,1-9,Café,21,0,0
594,20251204,4,11,5,1-9,Bar,55,0,0
595,20251204,4,11,1,1-9,Snack,67,0,0
596,20251204,4,11,2,1-9,Bar,23,0,0
597,20251204,4,11,7,10-49,Bar,59,0,0
598,20251204,5,13,3,1-9,Bar,59,1,1
599,20251204,5,13,2,10-49,Restaurant,69,1,1
600,20251204,5,14,3,1-9,Restaurant,39,0,0
601,20251204,6,16,2,1-9,Restaurant,70,0,0
602,20251204,7,19,6,1-9,Restaurant,71,1,1
603,20251204,7,19,8,10-49,Restaurant,46,1,0
604,20251205,1,1,2,1-9,Bar,55,1,1
605,20251205,2,4,2,1-9,Café,71,1,1
606,20251205,2,4,2,10-49,Restaurant,83,1,1
607,20251205,3,7,3,1-9,Restaurant,16,0,0
608,20251205,3,8,6,1-9,Restaurant,38,0,0
609,20251205,4,10,7,10-49,Bar,49,1,1
610,20251205,4,10,8,10-49,Restaurant,44,0,0
611,20251205,4,11,1,50+,Restaurant,55,0,0
612,20251205,5,13,2,10-49,Restaurant,75,0,0
613,20251205,5,13,3,1-9,Café,46,0,0
614,20251205,5,13,1,10-49,Restaurant,37,0,0
615,20251205,5,14,1,1-9,Snack,47,0,0
616,20251205,5,15,1,10-49,Restaurant,65,0,0
617,20251205,6,16,1,1-9,Restaurant,48,0,0
618,20251205,6,16,4,1-9,Snack,54,1,0
619,20251205,7,20,2,1-9,Restaurant,75,1,0
620,20251205,7,20,3,10-49,Restaurant,67,0,0
621,20251206,1,1,6,1-9,Restaurant,54,1,0
622,20251206,1,3,2,1-9,Bar,52,1,1
623,20251206,3,7,4,1-9,Restaurant,30,0,0
624,20251206,3,7,1,10-49,Restaurant,26,0,0
625,20251206,3,7,8,1-9,Snack,30,1,0
626,20251206,3,7,7,1-9,Restaurant,2,0,0
627,20251206,3,8,1,10-49,Bar,28,0,0
628,20251206,4,10,6,1-9,Restaurant,51,1,0
629,20251206,4,10,1,50+,Hotel,80,1,1
630,20251206,4,10,1,10-49,Restaurant,52,1,1
631,20251206,4,10,8,10-49,Bar,51,1,1
632,20251206,4,11,6,1-9,Bar,33,0,0
633,20251206,4,11,1,50+,Bar,50,1,0
634,20251206,4,11,4,50+,Bar,61,1,1
635,20251206,4,11,7,1-9,Bar,70,1,0
636,20251206,5,13,8,10-49,Restaurant,68,1,1
637,20251206,5,13,2,1-9,Restaurant,52,0,0
638,20251206,5,13,3,1-9,Restaurant,38,0,0
639,20251206,5,13,8,10-49,Bar,57,1,1
640,20251206,5,15,3,10-49,Restaurant,99,1,1
641,20251206,5,15,2,1-9,Restaurant,48,1,0
642,20251206,6,16,6,10-49,Hotel,80,1,0
643,20251206,7,19,2,1-9,Bar,64,1,1
644,20251206,7,19,7,1-9,Restaurant,90,1,1
645,20251206,7,19,3,1-9,Restaurant,65,0,0
646,20251206,7,19,4,1-9,Snack,67,0,0
647,20251206,7,20,2,10-49,Restaurant,95,1,1
648,20251207,1,1,1,10-49,Restaurant,38,1,1
649,20251207,1,1,5,1-9,Bar,52,1,1
650,20251207,1,2,7,1-9,Bar,48,0,0
651,20251207,3,7,6,1-9,Restaurant,42,0,0
652,20251207,3,7,8,1-9,Restaurant,45,0,0
653,20251207,4,10,8,10-49,Restaurant,57,0,0
654,20251207,4,11,2,1-9,Snack,59,0,0
655,20251207,5,15,3,1-9,Restaurant,51,0,0
656,20251207,6,17,4,1-9,Bar,66,1,1
657,20251207,7,19,1,1-9,Café,68,1,1
658,20251207,7,19,2,50+,Restaurant,100,1,1
659,20251207,7,19,2,10-49,Bar,73,1,1
660,20251208,1,1,2,1-9,Restaurant,76,1,1
661,20251208,1,1,8,10-49,Snack,60,0,0
662,20251208,1,3,6,1-9,Restaurant,46,0,0
663,20251208,1,3,3,10-49,Restaurant,50,0,0
664,20251208,3,7,3,1-9,Bar,,0,0
665,20251208,3,8,7,50+,Bar,36,1,0
666,20251208,3,8,8,50+,Hotel,41,0,0
667,20251208,3,8,2,1-9,Snack,52,1,1
668,20251208,4,10,1,10-49,Restaurant,63,0,0
669,20251208,4,10,7,1-9,Café,32,1,0
670,20251208,4,11,7,1-9,Café,22,0,0
671,20251208,4,11,1,1-9,Restaurant,60,1,0
672,20251208,4,11,1,1-9,Bar,60,1,0
673,20251208,4,11,2,50+,Restaurant,45,1,0
674,20251208,5,13,3,10-49,Restaurant,49,1,0
675,20251208,5,13,2,10-49,Hotel,80,1,1
676,20251208,5,13,4,1-9,Restaurant,38,0,0
677,20251208,5,14,1,10-49,Café,57,0,0
678,20251208,5,14,3,50+,Restaurant,64,1,1
679,20251208,7,19,7,1-9,Restaurant,82,1,1
680,20251208,7,19,1,1-9,Hotel,83,1,1
681,20251208,7,19,5,1-9,Bar,64,0,0
682,20251208,7,20,7,1-9,Bar,82,0,0
683,20251208,7,20,7,10-49,Restaurant,89,1,1
684,20251208,7,20,3,1-9,Snack,73,1,1
685,20251209,1,1,7,50+,Bar,56,1,1
686,20251209,1,1,2,10-49,Snack,67,0,0
687,20251209,1,3,7,1-9,Restaurant,36,0,0
688,20251209,3,7,1,1-9,Restaurant,33,0,0
689,20251209,3,7,3,10-49,Restaurant,42,1,0
690,20251209,3,7,3,1-9,Hotel,33,0,0
691,20251209,3,7,3,50+,Restaurant,31,0,0
692,20251209,3,7,2,10-49,Restaurant,44,0,0
693,20251209,3,7,6,1-9,Restaurant,,0,0
694,20251209,3,7,1,1-9,Restaurant,36,0,0
695,20251209,3,7,5,10-49,Bar,20,0,0
696,20251209,3,7,8,1-9,Bar,16,0,0
697,20251209,3,7,2,50+,Snack,29,0,0
698,20251209,3,7,4,1-9,Hotel,39,0,0
699,20251209,4,10,3,1-9,Restaurant,47,1,0
700,20251209,4,10,8,1-9,Restaurant,73,1,1
701,20251209,4,11,6,1-9,Restaurant,47,1,0
702,20251209,4,11,6,10-49,Bar,32,0,0
703,20251209,5,13,1,10-49,Restaurant,75,1,1
704,20251209,5,13,1,1-9,Restaurant,30,0,0
705,20251209,7,20,5,1-9,Café,79,1,0
706,20251209,7,20,3,1-9,Bar,69,0,0
707,20251209,7,20,1,10-49,Restaurant,67,1,1
708,20251210,3,7,1,10-49,Bar,52,0,0
709,20251210,3,7,5,10-49,Café,21,0,0
710,20251210,3,7,4,10-49,Restaurant,31,1,0
711,20251210,3,7,1,1-9,Restaurant,12,0,0
712,20251210,3,7,2,1-9,Restaurant,0,0,0
713,20251210,3,7,5,1-9,Restaurant,37,1,0
714,20251210,3,8,5,1-9,Café,22,0,0
715,20251210,4,10,4,1-9,Restaurant,58,1,1
716,20251210,4,10,8,10-49,Restaurant,91,0,0
717,20251210,4,10,6,50+,Restaurant,38,1,0
718,20251210,4,10,2,10-49,Restaurant,55,0,0
719,20251210,4,11,2,50+,Restaurant,74,1,0
720,20251210,4,11,3,1-9,Restaurant,59,1,0
721,20251210,4,11,1,1-9,Bar,67,0,0
722,20251210,5,13,6,10-49,Restaurant,50,0,0
723,20251210,6,16,3,1-9,Hotel,60,1,1
724,20251210,7,20,3,10-49,Restaurant,87,1,1
725,20251210,7,20,2,1-9,Snack,82,1,1
726,20251211,3,7,7,10-49,Restaurant,10,0,0
727,20251211,3,7,5,1-9,Snack,10,0,0
728,20251211,3,8,1,10-49,Snack,34,1,0
729,20251211,4,10,2,1-9,Restaurant,55,1,1
730,20251211,4,11,6,10-49,Restaurant,67,1,0
731,20251211,4,11,6,1-9,Restaurant,44,0,0
732,20251211,5,13,5,50+,Restaurant,71,1,0
733,20251211,5,13,1,50+,Restaurant,71,1,0
734,20251211,6,16,4,1-9,Snack,57,0,0
735,20251211,6,17,6,1-9,Snack,71,1,1
736,20251211,7,19,1,50+,Restaurant,90,1,1
737,20251211,7,19,5,1-9,Hotel,77,1,0
738,20251211,7,19,3,10-49,Café,62,1,1
739,20251211,7,20,3,1-9,Restaurant,73,1,1
740,20251211,7,20,8,1-9,Restaurant,86,1,1
741,20251211,7,20,1,1-9,Snack,67,0,0
742,20251212,3,7,3,1-9,Restaurant,28,1,0
743,20251212,3,7,7,50+,Restaurant,17,0,0
744,20251212,3,8,6,50+,Café,58,1,1
745,20251212,4,10,7,50+,Restaurant,100,1,0
746,20251212,4,10,3,1-9,Restaurant,51,1,1
747,20251212,5,13,2,50+,Restaurant,69,1,1
748,20251212,5,13,3,1-9,Restaurant,65,0,0
749,20251212,5,14,5,10-49,Hotel,70,1,0
750,20251212,5,14,1,1-9,Bar,57,1,0
751,20251212,6,17,5,10-49,Restaurant,89,1,0
752,20251212,6,17,6,10-49,Restaurant,43,0,0
753,20251212,7,19,5,1-9,Bar,74,1,1
754,20251213,1,1,1,10-49,Bar,76,1,0
755,20251213,1,1,6,10-49,Restaurant,63,1,1
756,20251213,2,4,3,50+,Bar,73,0,0
757,20251213,3,7,2,10-49,Restaurant,48,1,1
758,20251213,4,10,1,1-9,Restaurant,86,1,0
759,20251213,4,11,2,1-9,Restaurant,45,0,0
760,20251213,4,11,8,10-49,Restaurant,34,0,0
761,20251213,5,13,7,1-9,Snack,56,1,1
762,20251213,5,13,5,10-49,Snack,49,0,0
763,20251213,5,13,6,10-49,Restaurant,60,0,0
764,20251213,5,15,3,10-49,Café,77,1,1
765,20251213,6,17,8,1-9,Restaurant,74,1,1
766,20251213,7,19,1,10-49,Snack,97,1,1
767,20251213,7,19,1,10-49,Café,67,0,0
768,20251213,7,20,6,50+,Bar,97,1,1
769,20251213,7,20,4,10-49,Hotel,44,0,0
770,20251213,7,20,2,1-9,Restaurant,78,1,1
771,20251214,1,1,4,10-49,Café,72,0,0
772,20251214,1,3,4,1-9,Bar,61,0,0
773,20251214,3,7,5,1-9,Restaurant,40,0,0
774,20251214,3,7,4,1-9,Café,16,0,0
775,20251214,3,7,5,10-49,Café,36,0,0
776,20251214,3,8,2,10-49,Snack,48,1,0
777,20251214,3,8,2,1-9,Restaurant,26,0,0
778,20251214,4,10,7,10-49,Snack,73,1,1
779,20251214,4,10,8,1-9,Restaurant,45,0,0
780,20251214,4,10,6,1-9,Restaurant,63,1,0
781,20251214,5,13,5,1-9,Café,64,1,1
782,20251214,5,14,1,1-9,Restaurant,63,1,1
783,20251214,5,15,1,1-9,Restaurant,75,1,1
784,20251214,6,16,3,10-49,Restaurant,83,1,0
785,20251214,6,16,3,10-49,Café,52,1,0
786,20251214,6,16,1,1-9,Bar,68,1,1
787,20251214,7,19,8,1-9,Bar,52,0,0
788,20251215,1,1,1,10-49,Restaurant,71,0,0
789,20251215,1,1,1,1-9,Restaurant,24,0,0
790,20251215,1,2,6,1-9,Bar,32,0,0
791,20251215,3,7,4,1-9,Hotel,21,0,0
792,20251215,3,7,1,1-9,Restaurant,12,0,0
793,20251215,3,7,7,1-9,Restaurant,30,0,0
794,20251215,3,7,5,1-9,Restaurant,20,0,0
795,20251215,3,8,1,1-9,Restaurant,31,0,0
796,20251215,3,8,8,10-49,Restaurant,42,0,0
797,20251215,3,8,4,1-9,Restaurant,4,0,0
798,20251215,3,8,1,1-9,Restaurant,29,0,0
799,20251215,4,10,4,50+,Snack,75,1,1
800,20251215,4,10,3,10-49,Restaurant,43,1,1
801,20251215,4,10,5,10-49,Bar,59,1,1
802,20251215,5,13,5,1-9,Café,74,1,0
803,20251215,5,13,1,1-9,Bar,49,0,0
804,20251215,5,14,8,10-49,Restaurant,64,1,1
805,20251215,5,15,6,10-49,Bar,69,1,0
806,20251215,6,16,7,10-49,Café,77,1,1
807,20251215,6,16,6,1-9,Café,29,1,0
808,20251215,6,16,1,1-9,Snack,35,0,0
809,20251215,7,20,7,1-9,Snack,52,0,0
810,20251215,7,20,8,1-9,Restaurant,48,1,0
811,20251216,1,1,8,50+,Restaurant,87,1,0
812,20251216,1,1,4,1-9,Snack,39,0,0
813,20251216,1,3,8,1-9,Restaurant,49,1,1
814,20251216,2,5,4,10-49,Restaurant,77,0,0
815,20251216,3,7,5,1-9,Restaurant,22,0,0
816,20251216,3,7,5,1-9,Bar,16,0,0
817,20251216,3,7,1,10-49,Hotel,41,0,0
818,20251216,3,7,8,1-9,Bar,21,0,0
819,20251216,4,10,1,1-9,Restaurant,62,0,0
820,20251216,4,10,8,10-49,Bar,62,1,0
821,20251216,4,10,8,50+,Restaurant,55,0,0
822,20251216,4,10,1,10-49,Bar,47,1,1
823,20251216,4,11,2,1-9,Restaurant,35,0,0
824,20251216,4,11,5,1-9,Restaurant,40,0,0
825,20251216,5,13,7,1-9,Snack,55,0,0
826,20251216,5,13,3,1-9,Snack,66,1,1
827,20251216,5,14,7,1-9,Café,63,1,1
828,20251216,6,16,8,1-9,Snack,59,0,0
829,20251216,6,16,6,10-49,Restaurant,41,1,0
830,20251216,7,19,2,1-9,Bar,72,1,1
831,20251216,7,19,6,1-9,Restaurant,83,1,1
832,20251216,7,19,8,10-49,Café,100,1,1
833,20251216,7,19,1,10-49,Snack,52,1,0
834,20251216,7,20,3,1-9,Restaurant,77,1,1
835,20251216,7,20,7,1-9,Restaurant,69,1,1
836,20251216,7,20,8,10-49,Restaurant,72,1,1
837,20251216,7,20,2,1-9,Restaurant,86,1,1
838,20251217,1,3,1,10-49,Restaurant,54,0,0
839,20251217,2,5,5,50+,Restaurant,100,1,1
840,20251217,3,7,2,1-9,Bar,38,0,0
841,20251217,3,8,6,1-9,Restaurant,51,1,0
842,20251217,4,10,5,10-49,Bar,44,0,0
843,20251217,4,11,7,10-49,Restaurant,42,0,0
844,20251217,5,14,1,1-9,Snack,41,1,1
845,20251217,5,14,5,1-9,Bar,74,1,0
846,20251217,6,16,1,1-9,Restaurant,78,1,1
847,20251217,6,16,3,1-9,Restaurant,36,0,0
848,20251217,6,16,2,1-9,Snack,72,1,1
849,20251217,6,17,7,10-49,Bar,75,1,0
850,20251217,6,17,7,1-9,Restaurant,66,1,1
851,20251217,7,19,4,10-49,Restaurant,87,1,1
852,20251217,7,19,8,10-49,Bar,77,1,0
853,20251217,7,20,4,1-9,Café,78,0,0
854,20251218,1,1,8,1-9,Restaurant,48,1,0
855,20251218,1,3,7,1-9,Restaurant,58,1,0
856,20251218,2,4,3,10-49,Snack,59,1,0
857,20251218,3,8,1,1-9,Restaurant,39,0,0
858,20251218,4,10,7,1-9,Hotel,44,1,0
859,20251218,4,10,7,1-9,Restaurant,28,0,0
860,20251218,4,11,5,10-49,Restaurant,82,1,1
861,20251218,4,11,7,1-9,Restaurant,50,1,1
862,20251218,5,13,2,10-49,Café,55,0,0
863,20251218,5,13,7,1-9,Restaurant,76,0,0
864,20251218,5,13,2,1-9,Bar,67,0,0
865,20251218,5,14,1,1-9,Restaurant,53,0,0
866,20251218,6,16,4,10-49,Café,82,1,1
867,20251218,6,16,3,1-9,Bar,55,0,0
868,20251218,6,17,2,1-9,Restaurant,62,1,0
869,20251218,6,17,7,1-9,Restaurant,51,0,0
870,20251218,7,19,5,10-49,Restaurant,76,1,1
871,20251218,7,19,5,10-49,Restaurant,83,1,1
872,20251219,3,7,3,1-9,Café,43,0,0
873,20251219,3,7,3,1-9,Restaurant,27,0,0
874,20251219,3,7,1,1-9,Restaurant,31,0,0
875,20251219,3,7,4,1-9,Snack,39,1,0
876,20251219,3,7,2,1-9,Café,4,0,0
877,20251219,3,7,7,1-9,Restaurant,45,0,0
878,20251219,3,7,4,10-49,Snack,59,0,0
879,20251219,3,8,1,1-9,Restaurant,20,0,0
880,20251219,3,8,5,1-9,Restaurant,14,0,0
881,20251219,3,8,7,10-49,Restaurant,54,0,0
882,20251219,3,8,4,1-9,Restaurant,28,0,0
883,20251219,3,8,4,1-9,Snack,26,0,0
884,20251219,3,8,1,1-9,Café,29,0,0
885,20251219,4,10,1,10-49,Bar,76,1,0
886,20251219,4,10,6,1-9,Restaurant,40,0,0
887,20251219,4,10,4,1-9,Restaurant,47,1,1
888,20251219,4,10,5,10-49,Snack,51,1,0
889,20251219,4,10,7,10-49,Bar,66,0,0
890,20251219,4,11,8,10-49,Restaurant,59,1,0
891,20251219,4,11,7,10-49,Snack,,1,0
892,20251219,4,11,4,10-49,Restaurant,56,0,0
893,20251219,5,13,1,1-9,Bar,68,1,1
894,20251219,5,13,7,10-49,Bar,76,0,0
895,20251219,6,17,7,1-9,Restaurant,55,1,1
896,20251219,7,20,1,10-49,Restaurant,87,1,1
897,20251220,1,1,1,10-49,Restaurant,77,1,1
898,20251220,1,3,1,1-9,Restaurant,61,0,0
899,20251220,1,3,1,10-49,Restaurant,40,0,0
900,20251220,3,8,1,10-49,Bar,43,0,0
901,20251220,4,11,7,1-9,Restaurant,18,0,0
902,20251220,5,13,4,1-9,Snack,58,0,0
903,20251220,5,13,2,1-9,Café,63,1,0
904,20251220,5,13,4,10-49,Hotel,84,1,0
905,20251220,5,13,3,1-9,Bar,63,1,1
906,20251220,5,14,3,1-9,Restaurant,76,1,1
907,20251220,7,19,8,10-49,Café,94,1,1
908,20251221,1,3,6,10-49,Restaurant,67,0,0
909,20251221,3,8,3,1-9,Restaurant,25,0,0
910,20251221,3,8,8,1-9,Café,53,0,0
911,20251221,3,8,5,10-49,Restaurant,29,0,0
912,20251221,4,11,8,1-9,Restaurant,57,1,0
913,20251221,5,14,5,1-9,Restaurant,60,1,1
914,20251221,7,20,3,1-9,Restaurant,63,0,0
915,20251221,7,20,6,1-9,Restaurant,71,1,1
916,20251222,1,1,4,50+,Café,88,1,1
917,20251222,1,1,8,1-9,Bar,49,1,0
918,20251222,3,7,5,1-9,Snack,22,0,0
919,20251222,3,7,1,1-9,Snack,11,0,0
920,20251222,3,8,2,1-9,Restaurant,,0,0
921,20251222,3,8,8,1-9,Restaurant,30,0,0
922,20251222,4,10,5,50+,Hotel,72,0,0
923,20251222,4,10,1,1-9,Bar,45,1,1
924,20251222,4,10,7,10-49,Café,66,0,0
925,20251222,4,11,6,1-9,Restaurant,51,1,0
926,20251222,4,11,1,1-9,Bar,36,1,1
927,20251222,5,13,3,1-9,Bar,64,1,0
928,20251222,5,13,2,10-49,Restaurant,46,1,1
929,20251222,5,13,7,1-9,Café,57,0,0
930,20251222,6,16,2,10-49,Bar,67,1,0
931,20251222,7,20,8,50+,Restaurant,90,1,1
932,20251223,1,3,4,1-9,Snack,55,0,0
933,20251223,3,7,6,1-9,Restaurant,34,1,0
934,20251223,3,7,1,10-49,Restaurant,14,0,0
935,20251223,3,7,6,1-9,Café,22,0,0
936,20251223,3,7,8,1-9,Café,39,0,0
937,20251223,3,7,7,10-49,Snack,0,0,0
938,20251223,4,11,2,10-49,Restaurant,18,0,0
939,20251223,4,11,4,1-9,Restaurant,43,0,0
940,20251223,5,13,1,50+,Snack,67,0,0
941,20251223,5,13,7,1-9,Bar,50,1,0
942,20251223,5,13,2,10-49,Restaurant,62,0,0
943,20251223,5,14,6,1-9,Restaurant,47,0,0
944,20251223,5,14,8,1-9,Restaurant,45,0,0
945,20251223,6,16,8,50+,Bar,80,1,0
946,20251223,6,16,1,50+,Restaurant,78,1,1
947,20251223,6,17,4,1-9,Restaurant,61,1,1
948,20251223,6,17,5,50+,Restaurant,96,1,1
949,20251223,6,17,6,50+,Restaurant,81,1,1
950,20251223,7,19,7,10-49,Café,56,0,0
951,20251223,7,19,6,50+,Café,87,1,0
952,20251223,7,20,2,1-9,Bar,92,1,1
953,20251224,1,2,1,10-49,Café,76,0,0
954,20251224,3,7,6,10-49,Restaurant,54,1,0
955,20251224,3,7,3,10-49,Snack,20,0,0
956,20251224,3,7,4,10-49,Bar,48,0,0
957,20251224,4,10,2,50+,Restaurant,79,1,1
958,20251224,4,11,1,1-9,Hotel,33,1,1
959,20251224,5,15,2,1-9,Restaurant,38,1,0
960,20251224,6,16,8,1-9,Restaurant,64,1,0
961,20251224,6,17,5,10-49,Bar,49,1,1
962,20251224,6,17,5,50+,Bar,71,1,0
963,20251224,6,17,1,1-9,Bar,70,1,1
964,20251225,1,1,1,10-49,Restaurant,42,1,0
965,20251225,1,1,2,1-9,Snack,37,0,0
966,20251225,3,7,2,10-49,Café,5,0,0
967,20251225,3,7,1,1-9,Café,23,0,0
968,20251225,3,7,1,1-9,Café,8,0,0
969,20251225,3,8,5,10-49,Bar,50,0,0
970,20251225,4,10,2,1-9,Restaurant,58,0,0
971,20251225,4,10,3,50+,Snack,52,0,0
972,20251225,4,10,2,50+,Restaurant,82,1,1
973,20251225,4,11,4,1-9,Hotel,45,0,0
974,20251225,4,11,2,1-9,Café,44,0,0
975,20251225,4,11,3,50+,Bar,69,0,0
976,20251225,4,11,7,1-9,Bar,39,1,0
977,20251225,5,13,4,1-9,Bar,81,1,0
978,20251225,5,14,1,1-9,Snack,64,1,0
979,20251225,6,16,3,50+,Restaurant,61,0,0
980,20251225,6,16,1,1-9,Hotel,59,0,0
981,20251225,6,16,1,1-9,Café,76,1,0
982,20251225,6,17,1,10-49,Restaurant,79,0,0
983,20251225,7,19,2,1-9,Restaurant,64,0,0
984,20251226,1,1,1,1-9,Snack,40,0,0
985,20251226,1,3,5,10-49,Restaurant,75,1,0
986,20251226,3,7,1,1-9,Restaurant,9,0,0
987,20251226,3,7,8,1-9,Restaurant,37,0,0
988,20251226,3,8,3,1-9,Café,12,1,0
989,20251226,4,10,4,10-49,Restaurant,50,1,0
990,20251226,4,10,6,50+,Restaurant,59,0,0
991,20251226,5,15,1,1-9,Restaurant,52,1,1
992,20251227,2,5,1,10-49,Restaurant,74,1,1
993,20251227,3,8,6,1-9,Restaurant,46,0,0
994,20251227,4,10,7,1-9,Restaurant,61,1,0
995,20251227,4,10,6,1-9,Restaurant,69,1,1
996,20251227,4,10,2,1-9,Bar,62,1,0
997,20251227,4,10,2,1-9,Bar,28,0,0
998,20251227,4,11,2,1-9,Restaurant,61,0,0
999,20251227,6,17,2,1-9,Restaurant,59,0,0
1000,20251228,3,8,3,1-9,Snack,43,1,0
1001,20251228,3,8,3,1-9,Restaurant,31,0,0
1002,20251228,4,10,7,1-9,Restaurant,49,1,0
1003,20251228,4,11,1,1-9,Snack,79,1,1
1004,20251228,5,13,1,50+,Restaurant,70,1,0
1005,20251228,5,13,3,1-9,Restaurant,40,1,1
1006,20251228,5,15,8,1-9,Café,56,1,1
1007,20251228,6,16,7,1-9,Café,59,0,0
1008,20251228,6,16,1,1-9,Bar,44,0,0
1009,20251228,7,19,7,1-9,Restaurant,78,0,0
1010,20251229,1,1,1,1-9,Restaurant,73,1,1
1011,20251229,2,5,5,10-49,Restaurant,81,1,1
1012,20251229,3,7,5,1-9,Restaurant,9,0,0
1013,20251229,3,8,8,10-49,Bar,36,1,1
1014,20251229,3,8,3,1-9,Hotel,10,0,0
1015,20251229,4,10,8,1-9,Bar,34,1,0
1016,20251229,4,11,1,10-49,Restaurant,41,0,0
1017,20251229,4,11,7,1-9,Snack,56,1,1
1018,20251229,5,13,8,1-9,Snack,70,1,0
1019,20251229,6,16,3,1-9,Hotel,64,0,0
1020,20251229,7,20,8,1-9,Bar,73,1,0
1021,20251230,1,1,7,10-49,Restaurant,69,1,0
1022,20251230,1,1,1,1-9,Restaurant,47,1,1
1023,20251230,1,1,1,1-9,Café,35,0,0
1024,20251230,1,1,6,10-49,Bar,58,1,0
1025,20251230,1,1,3,1-9,Café,49,0,0
1026,20251230,1,3,4,10-49,Restaurant,58,0,0
1027,20251230,3,7,5,1-9,Restaurant,32,0,0
1028,20251230,3,7,3,1-9,Hotel,14,0,0
1029,20251230,3,8,2,1-9,Restaurant,39,0,0
1030,20251230,3,8,6,1-9,Restaurant,33,0,0
1031,20251230,4,10,7,50+,Restaurant,64,0,0
1032,20251230,4,10,7,1-9,Restaurant,40,0,0
1033,20251230,4,10,4,10-49,Bar,44,0,0
1034,20251230,5,14,5,1-9,Snack,75,0,0
1035,20251230,5,14,8,10-49,Bar,56,0,0
1036,20251230,5,14,5,1-9,Hotel,67,1,1
1037,20251230,6,16,8,1-9,Bar,42,0,0
1038,20251230,7,19,3,10-49,Café,79,1,1
1039,20251230,7,20,5,1-9,Restaurant,72,1,1
1040,20251231,1,1,4,10-49,Restaurant,51,1,0
1041,20251231,1,2,5,1-9,Restaurant,59,0,0
1042,20251231,1,2,7,10-49,Restaurant,56,1,0
1043,20251231,1,3,3,1-9,Restaurant,47,1,0
1044,20251231,3,7,3,1-9,Restaurant,29,0,0
1045,20251231,3,7,3,1-9,Restaurant,49,0,0
1046,20251231,4,10,8,1-9,Bar,53,1,1
1047,20251231,4,11,5,1-9,Snack,54,1,1
1048,20251231,5,13,7,10-49,Restaurant,60,0,0
1049,20251231,5,13,4,1-9,Bar,65,1,1
1050,20251231,5,13,8,10-49,Restaurant,76,1,1
1051,20251231,5,14,8,1-9,Restaurant,70,1,0
1052,20251231,5,14,1,50+,Restaurant,59,1,1
1053,20251231,6,17,4,1-9,Restaurant,48,1,1
1054,20251231,7,20,1,10-49,Café,66,1,0
1055,20251231,7,20,6,10-49,Hotel,76,1,1
1056,20260101,3,7,7,1-9,Café,,0,0
1057,20260101,4,10,7,1-9,Café,57,1,0
1058,20260101,4,11,6,1-9,Bar,20,0,0
1059,20260101,4,11,4,10-49,Café,47,0,0
1060,20260101,5,13,3,10-49,Snack,,1,1
1061,20260101,5,13,2,1-9,Restaurant,59,0,0
1062,20260101,6,16,6,1-9,Restaurant,81,1,0
1063,20260102,1,1,5,1-9,Bar,45,0,0
1064,20260102,3,7,5,1-9,Snack,15,0,0
1065,20260102,3,7,2,1-9,Bar,30,0,0
1066,20260102,4,10,2,1-9,Snack,54,1,0
1067,20260102,4,10,6,1-9,Restaurant,53,1,1
1068,20260102,4,11,2,10-49,Bar,23,0,0
1069,20260102,5,14,3,10-49,Restaurant,64,1,1
1070,20260102,6,17,6,1-9,Snack,61,1,1
1071,20260102,6,17,2,1-9,Restaurant,70,1,1
1072,20260102,6,17,4,10-49,Bar,78,1,0
1073,20260103,1,1,1,1-9,Restaurant,57,1,1
1074,20260103,1,1,3,1-9,Restaurant,59,1,1
1075,20260103,1,2,7,10-49,Snack,40,0,0
1076,20260103,3,7,7,1-9,Snack,8,0,0
1077,20260103,3,8,3,10-49,Restaurant,57,1,0
1078,20260103,4,10,2,1-9,Bar,36,1,0
1079,20260103,4,10,5,1-9,Restaurant,61,0,0
1080,20260103,5,13,7,10-49,Restaurant,77,1,0
1081,20260103,6,17,1,1-9,Café,67,1,0
1082,20260103,7,19,2,10-49,Restaurant,91,1,1
1083,20260104,1,1,2,1-9,Snack,60,1,1
1084,20260104,1,2,1,1-9,Restaurant,39,1,0
1085,20260104,1,2,6,10-49,Snack,53,1,1
1086,20260104,3,7,1,1-9,Bar,39,0,0
1087,20260104,3,7,6,1-9,Snack,41,0,0
1088,20260104,3,7,6,1-9,Snack,23,0,0
1089,20260104,3,8,2,1-9,Restaurant,30,1,0
1090,20260104,3,8,6,10-49,Restaurant,38,0,0
1091,20260104,4,11,6,1-9,Restaurant,49,0,0
1092,20260104,5,13,5,1-9,Bar,42,0,0
1093,20260104,5,13,4,1-9,Restaurant,85,1,0
1094,20260104,5,13,2,1-9,Snack,62,1,1
1095,20260104,5,14,8,1-9,Bar,58,1,1
1096,20260104,7,19,1,10-49,Café,68,1,0
1097,20260104,7,20,3,50+,Restaurant,75,1,0
1098,20260105,1,1,7,1-9,Restaurant,62,1,1
1099,20260105,2,4,1,1-9,Snack,62,0,0
1100,20260105,3,7,4,10-49,Restaurant,55,0,0
1101,20260105,3,7,4,50+,Bar,57,0,0
1102,20260105,4,10,6,1-9,Restaurant,57,1,0
1103,20260105,4,10,4,10-49,Bar,66,0,0
1104,20260105,4,10,1,1-9,Bar,56,1,0
1105,20260105,4,11,6,10-49,Hotel,74,1,1
1106,20260105,4,11,1,1-9,Bar,45,0,0
1107,20260105,4,11,5,1-9,Restaurant,56,1,0
1108,20260105,5,13,2,1-9,Restaurant,54,1,1
1109,20260105,5,13,4,50+,Snack,75,1,1
1110,20260105,5,13,8,1-9,Restaurant,52,0,0
1111,20260105,5,13,8,1-9,Restaurant,65,0,0
1112,20260105,5,15,8,10-49,Café,81,0,0
1113,20260105,6,16,6,1-9,Hotel,42,0,0
1114,20260105,6,16,4,1-9,Restaurant,52,0,0
1115,20260105,6,17,2,10-49,Bar,71,1,1
1116,20260105,6,17,4,10-49,Restaurant,64,0,0
1117,20260105,7,19,4,1-9,Restaurant,84,1,1
1118,20260106,2,4,2,10-49,Snack,65,0,0
1119,20260106,3,7,2,10-49,Snack,37,0,0
1120,20260106,3,8,1,1-9,Restaurant,18,0,0
1121,20260106,3,8,6,1-9,Restaurant,29,0,0
1122,20260106,4,10,1,1-9,Snack,33,0,0
1123,20260106,4,10,7,10-49,Bar,64,1,1
1124,20260106,4,10,1,1-9,Restaurant,56,1,0
1125,20260106,4,11,1,1-9,Restaurant,58,0,0
1126,20260106,5,13,3,1-9,Restaurant,36,0,0
1127,20260106,5,13,8,10-49,Restaurant,71,0,0
1128,20260106,5,14,1,10-49,Restaurant,78,1,0
1129,20260106,5,14,3,1-9,Snack,70,1,1
1130,20260106,5,15,1,1-9,Hotel,46,1,0
1131,20260106,6,16,3,50+,Snack,60,0,0
1132,20260106,6,16,7,10-49,Bar,77,1,1
1133,20260106,6,16,2,10-49,Restaurant,72,1,1
1134,20260106,6,16,4,10-49,Restaurant,44,1,0
1135,20260106,6,16,2,10-49,Bar,65,0,0
1136,20260106,6,17,1,1-9,Bar,43,0,0
1137,20260106,7,19,5,10-49,Bar,75,1,1
1138,20260106,7,20,2,1-9,Restaurant,77,1,1
1139,20260107,1,2,4,10-49,Restaurant,50,0,0
1140,20260107,1,2,5,10-49,Café,51,1,0
1141,20260107,3,7,6,10-49,Restaurant,7,0,0
1142,20260107,3,7,7,10-49,Restaurant,,0,0
1143,20260107,3,7,1,50+,Restaurant,52,0,0
1144,20260107,3,8,1,1-9,Restaurant,34,0,0
1145,20260107,3,8,3,1-9,Restaurant,47,0,0
1146,20260107,3,8,6,10-49,Bar,39,1,1
1147,20260107,4,11,6,1-9,Restaurant,49,1,1
1148,20260107,5,14,3,1-9,Snack,62,1,1
1149,20260107,6,16,4,1-9,Restaurant,49,1,0
1150,20260107,6,16,4,10-49,Restaurant,35,0,0
1151,20260107,6,16,1,10-49,Café,86,1,0
1152,20260107,6,17,8,50+,Restaurant,74,1,1
1153,20260107,6,17,5,1-9,Snack,40,1,1
1154,20260107,6,17,3,1-9,Café,60,1,1
1155,20260108,1,1,1,10-49,Bar,60,1,1
1156,20260108,1,1,2,50+,Snack,49,1,0
1157,20260108,1,1,3,10-49,Restaurant,67,0,0
1158,20260108,1,2,6,1-9,Hotel,40,0,0
1159,20260108,3,7,1,1-9,Bar,29,0,0
1160,20260108,3,7,5,10-49,Bar,29,0,0
1161,20260108,3,7,2,50+,Bar,48,0,0
1162,20260108,3,8,2,10-49,Restaurant,53,0,0
1163,20260108,3,8,3,1-9,Restaurant,32,1,0
1164,20260108,3,8,5,10-49,Bar,31,1,0
1165,20260108,4,11,3,1-9,Bar,35,0,0
1166,20260108,5,13,7,1-9,Snack,42,0,0
1167,20260108,5,13,1,1-9,Restaurant,75,1,0
1168,20260108,5,13,8,10-49,Restaurant,20,0,0
1169,20260108,5,13,2,1-9,Restaurant,65,1,1
1170,20260108,5,14,1,1-9,Snack,63,1,1
1171,20260108,5,14,8,50+,Restaurant,78,0,0
1172,20260108,7,20,4,10-49,Bar,70,0,0
1173,20260109,2,5,3,10-49,Restaurant,90,0,0
1174,20260109,3,7,7,1-9,Snack,5,0,0
1175,20260109,3,7,4,50+,Restaurant,34,0,0
1176,20260109,3,7,1,50+,Restaurant,47,0,0
1177,20260109,3,8,5,10-49,Restaurant,37,0,0
1178,20260109,3,8,1,1-9,Bar,28,0,0
1179,20260109,3,8,6,1-9,Snack,42,1,1
1180,20260109,4,10,8,1-9,Bar,81,1,0
1181,20260109,4,10,5,1-9,Restaurant,45,0,0
1182,20260109,4,10,6,10-49,Restaurant,59,1,0
1183,20260109,4,10,1,1-9,Bar,57,1,1
1184,20260109,4,10,7,1-9,Restaurant,57,0,0
1185,20260109,5,14,8,10-49,Restaurant,91,1,1
1186,20260109,5,14,2,1-9,Restaurant,59,0,0
1187,20260109,6,16,1,1-9,Restaurant,62,1,1
1188,20260109,6,16,4,1-9,Hotel,45,1,0
1189,20260109,6,16,7,1-9,Bar,69,1,0
1190,20260109,6,17,4,10-49,Snack,76,1,1
1191,20260109,7,20,1,10-49,Restaurant,82,1,1
1192,20260109,7,20,2,50+,Hotel,97,0,0
1193,20260110,1,2,2,50+,Bar,43,0,0
1194,20260110,1,2,1,10-49,Snack,39,1,0
1195,20260110,2,5,1,50+,Café,75,1,1
1196,20260110,3,7,7,10-49,Restaurant,35,0,0
1197,20260110,3,7,5,1-9,Café,45,0,0
1198,20260110,3,7,1,10-49,Hotel,34,0,0
1199,20260110,3,7,4,1-9,Bar,31,0,0
1200,20260110,3,8,3,1-9,Restaurant,53,0,0
1201,20260110,3,8,1,1-9,Snack,0,0,0
1202,20260110,3,8,1,1-9,Café,8,0,0
1203,20260110,3,8,8,1-9,Bar,18,0,0
1204,20260110,3,8,1,1-9,Restaurant,41,0,0
1205,20260110,4,10,4,1-9,Restaurant,38,0,0
1206,20260110,5,13,3,1-9,Restaurant,60,0,0
1207,20260110,5,13,1,10-49,Restaurant,58,1,1
1208,20260110,5,13,1,10-49,Café,63,0,0
1209,20260110,6,16,4,10-49,Restaurant,51,0,0
1210,20260110,6,16,6,1-9,Restaurant,65,1,1
1211,20260110,6,17,6,10-49,Café,64,0,0
1212,20260110,7,20,2,10-49,Restaurant,87,1,1
1213,20260110,7,20,4,10-49,Restaurant,84,1,1
1214,20260111,1,1,6,10-49,Bar,52,1,0
1215,20260111,1,1,1,10-49,Restaurant,70,1,0
1216,20260111,3,7,4,1-9,Restaurant,25,0,0
1217,20260111,3,7,8,10-49,Snack,33,1,0
1218,20260111,3,7,8,1-9,Restaurant,34,0,0
1219,20260111,3,8,2,10-49,Restaurant,76,0,0
1220,20260111,3,8,7,10-49,Restaurant,23,0,0
1221,20260111,3,8,6,10-49,Bar,28,1,0
1222,20260111,4,11,4,10-49,Restaurant,67,0,0
1223,20260111,4,11,1,1-9,Restaurant,46,0,0
1224,20260111,5,13,6,10-49,Café,66,1,0
1225,20260111,6,16,3,10-49,Bar,52,0,0
1226,20260111,6,17,6,10-49,Restaurant,81,1,1
1227,20260111,7,19,2,10-49,Hotel,77,1,1
1228,20260112,1,1,7,1-9,Restaurant,49,0,0
1229,20260112,1,2,6,1-9,Bar,49,1,0
1230,20260112,1,2,1,1-9,Snack,54,0,0
1231,20260112,1,3,4,50+,Bar,52,1,1
1232,20260112,1,3,2,1-9,Café,55,1,0
1233,20260112,3,7,3,1-9,Hotel,0,0,0
1234,20260112,3,7,4,1-9,Bar,13,0,0
1235,20260112,3,7,1,1-9,Bar,28,0,0
1236,20260112,3,7,7,10-49,Restaurant,26,0,0
1237,20260112,3,7,7,10-49,Restaurant,23,0,0
1238,20260112,3,8,7,10-49,Restaurant,42,0,0
1239,20260112,3,8,2,10-49,Restaurant,60,1,0
1240,20260112,3,8,1,1-9,Bar,30,1,0
1241,20260112,4,10,4,10-49,Bar,60,1,1
1242,20260112,4,11,3,10-49,Restaurant,,1,1
1243,20260112,5,13,3,50+,Restaurant,78,0,0
1244,20260112,5,13,5,1-9,Snack,,0,0
1245,20260112,5,13,2,1-9,Restaurant,84,1,0
1246,20260112,5,13,2,1-9,Bar,65,1,1
1247,20260112,5,14,5,10-49,Bar,39,0,0
1248,20260112,5,15,6,1-9,Restaurant,74,1,1
1249,20260112,7,20,1,10-49,Snack,84,1,1
1250,20260112,7,20,5,1-9,Café,76,1,0
1251,20260112,7,20,3,10-49,Café,66,0,0
1252,20260113,1,2,2,10-49,Restaurant,59,1,0
1253,20260113,1,3,1,10-49,Snack,67,0,0
1254,20260113,3,7,6,10-49,Restaurant,22,0,0
1255,20260113,3,7,1,1-9,Bar,22,0,0
1256,20260113,3,7,2,1-9,Restaurant,16,0,0
1257,20260113,4,10,6,1-9,Restaurant,36,0,0
1258,20260113,4,11,6,50+,Hotel,44,0,0
1259,20260113,5,13,3,10-49,Restaurant,69,1,1
1260,20260113,5,14,1,1-9,Hotel,56,0,0
1261,20260113,5,15,3,1-9,Restaurant,,1,1
1262,20260113,7,19,2,10-49,Bar,94,1,1
1263,20260113,7,20,1,1-9,Restaurant,73,1,1
1264,20260114,1,1,2,1-9,Restaurant,54,0,0
1265,20260114,1,1,2,1-9,Bar,36,0,0
1266,20260114,1,2,5,10-49,Café,49,0,0
1267,20260114,1,3,2,1-9,Snack,23,0,0
1268,20260114,3,7,7,10-49,Restaurant,6,1,0
1269,20260114,3,7,3,1-9,Restaurant,30,0,0
1270,20260114,3,7,5,1-9,Restaurant,,0,0
1271,20260114,3,7,2,10-49,Bar,31,0,0
1272,20260114,3,7,1,1-9,Bar,53,0,0
1273,20260114,3,7,1,10-49,Restaurant,38,1,0
1274,20260114,3,7,3,10-49,Hotel,40,0,0
1275,20260114,3,7,4,10-49,Restaurant,33,0,0
1276,20260114,3,7,3,10-49,Café,60,0,0
1277,20260114,3,7,4,10-49,Bar,42,0,0
1278,20260114,3,7,4,10-49,Restaurant,20,0,0
1279,20260114,3,8,8,1-9,Restaurant,32,0,0
1280,20260114,3,8,8,1-9,Café,34,0,0
1281,20260114,4,10,1,1-9,Bar,47,0,0
1282,20260114,4,10,2,1-9,Restaurant,61,1,0
1283,20260114,4,10,1,10-49,Bar,70,0,0
1284,20260114,4,11,5,1-9,Restaurant,40,1,1
1285,20260114,4,11,5,1-9,Café,60,0,0
1286,20260114,5,13,1,10-49,Bar,73,1,1
1287,20260114,5,13,8,1-9,Restaurant,53,0,0
1288,20260114,5,13,8,10-49,Restaurant,60,1,1
1289,20260114,5,14,2,1-9,Restaurant,56,1,1
1290,20260114,5,15,7,10-49,Bar,86,1,0
1291,20260114,5,15,3,1-9,Café,60,1,0
1292,20260114,6,16,2,1-9,Snack,41,0,0
1293,20260114,6,17,6,10-49,Hotel,68,1,1
1294,20260114,7,19,5,10-49,Restaurant,95,1,1
1295,20260114,7,20,2,10-49,Snack,75,1,0
1296,20260115,1,1,6,1-9,Bar,68,0,0
1297,20260115,1,3,1,10-49,Restaurant,48,1,0
1298,20260115,2,6,2,10-49,Café,49,0,0
1299,20260115,3,7,7,10-49,Restaurant,38,0,0
1300,20260115,3,7,4,1-9,Snack,,0,0
1301,20260115,3,7,3,1-9,Restaurant,42,1,0
1302,20260115,3,8,6,1-9,Restaurant,52,0,0
1303,20260115,3,8,4,1-9,Café,33,0,0
1304,20260115,3,8,5,10-49,Bar,54,1,0
1305,20260115,3,8,8,10-49,Snack,30,0,0
1306,20260115,3,0,8,10-49,Restaurant,34,0,0
1307,20260115,3,9,2,1-9,Bar,31,0,0
1308,20260115,4,10,8,10-49,Restaurant,91,1,1
1309,20260115,4,10,2,10-49,Bar,41,0,0
1310,20260115,4,10,8,1-9,Restaurant,69,0,0
1311,20260115,4,10,6,10-49,Snack,56,1,1
1312,20260115,4,11,6,1-9,Snack,49,1,0
1313,20260115,5,13,2,1-9,Restaurant,,0,0
1314,20260115,5,13,2,50+,Hotel,63,1,0
1315,20260115,6,16,5,1-9,Restaurant,59,1,0
1316,20260115,6,16,2,1-9,Restaurant,70,1,0
1317,20260116,3,7,4,10-49,Restaurant,34,0,0
1318,20260116,3,7,4,1-9,Bar,23,0,0
1319,20260116,3,7,4,1-9,Snack,1,0,0
1320,20260116,3,7,4,10-49,Restaurant,43,0,0
1321,20260116,3,7,6,10-49,Bar,31,0,0
1322,20260116,3,7,2,1-9,Café,33,0,0
1323,20260116,3,7,1,50+,Bar,52,1,0
1324,20260116,3,8,1,1-9,Restaurant,18,0,0
1325,20260116,3,8,1,1-9,Café,54,1,1
1326,20260116,3,8,7,10-49,Bar,31,0,0
1327,20260116,3,8,4,1-9,Restaurant,25,0,0
1328,20260116,3,8,3,1-9,Bar,37,0,0
1329,20260116,3,8,6,10-49,Restaurant,43,0,0
1330,20260116,3,9,7,1-9,Snack,40,0,0
1331,20260116,3,9,4,10-49,Restaurant,64,1,0
1332,20260116,3,9,5,10-49,Snack,31,0,0
1333,20260116,4,10,1,10-49,Café,55,1,1
1334,20260116,4,10,5,10-49,Café,54,0,0
1335,20260116,4,11,2,1-9,Restaurant,51,1,0
1336,20260116,4,11,1,10-49,Bar,41,0,0
1337,20260116,4,11,6,1-9,Restaurant,52,0,0
1338,20260116,4,11,4,1-9,Snack,44,0,0
1339,20260116,5,13,3,50+,Restaurant,79,1,1
1340,20260116,5,13,8,1-9,Restaurant,55,0,0
1341,20260116,5,15,2,10-49,Restaurant,99,1,1
1342,20260116,6,16,3,1-9,Restaurant,48,0,0
1343,20260116,6,17,3,1-9,Hotel,62,0,0
1344,20260116,6,17,6,1-9,Café,38,0,0
1345,20260116,7,20,2,1-9,Bar,63,1,1
1346,20260117,2,4,3,1-9,Restaurant,80,1,1
1347,20260117,3,7,1,10-49,Restaurant,15,0,0
1348,20260117,3,7,2,1-9,Café,28,0,0
1349,20260117,3,8,1,10-49,Snack,27,0,0
1350,20260117,3,8,3,1-9,Bar,30,0,0
1351,20260117,3,8,5,1-9,Café,34,0,0
1352,20260117,3,9,2,50+,Restaurant,43,0,0
1353,20260117,3,9,1,50+,Restaurant,39,0,0
1354,20260117,4,10,5,10-49,Restaurant,93,0,0
1355,20260117,4,10,5,1-9,Bar,69,1,0
1356,20260117,5,14,5,1-9,Restaurant,65,1,1
1357,20260117,5,15,3,10-49,Restaurant,,0,0
1358,20260117,5,15,1,1-9,Bar,56,0,0
1359,20260117,6,16,2,10-49,Bar,,0,0
1360,20260117,6,16,3,1-9,Restaurant,66,1,0
1361,20260117,6,17,5,1-9,Restaurant,76,1,1
1362,20260117,7,19,4,1-9,Café,83,1,1
1363,20260118,3,7,1,1-9,Snack,20,0,0
1364,20260118,3,7,3,50+,Restaurant,44,0,0
1365,20260118,3,7,2,50+,Restaurant,14,0,0
1366,20260118,3,8,2,10-49,Bar,52,0,0
1367,20260118,3,8,2,1-9,Restaurant,34,0,0
1368,20260118,4,10,1,1-9,Bar,31,0,0
1369,20260118,4,10,1,1-9,Café,43,1,0
1370,20260118,4,10,8,10-49,Restaurant,60,0,0
1371,20260118,4,10,6,1-9,Restaurant,46,0,0
1372,20260118,6,16,1,50+,Snack,59,1,1
1373,20260118,6,17,1,1-9,Restaurant,59,0,0
1374,20260118,7,20,8,10-49,Restaurant,88,1,1
1375,20260119,1,1,5,1-9,Snack,35,0,0
1376,20260119,1,1,6,10-49,Restaurant,78,1,1
1377,20260119,1,3,4,10-49,Snack,56,0,0
1378,20260119,2,5,1,50+,Restaurant,86,1,1
1379,20260119,3,7,4,10-49,Restaurant,12,0,0
1380,20260119,3,7,7,1-9,Restaurant,39,1,0
1381,20260119,3,7,1,1-9,Hotel,20,0,0
1382,20260119,3,8,1,10-49,Restaurant,37,0,0
1383,20260119,3,9,8,10-49,Bar,62,1,0
1384,20260119,3,9,1,50+,Café,55,0,0
1385,20260119,4,10,1,1-9,Snack,33,1,0
1386,20260119,4,10,2,1-9,Hotel,54,0,0
1387,20260119,4,10,2,50+,Bar,,0,0
1388,20260119,4,10,2,50+,Bar,60,1,1
1389,20260119,4,10,5,10-49,Restaurant,57,1,0
1390,20260119,4,10,1,10-49,Restaurant,87,1,1
1391,20260119,4,10,6,10-49,Hotel,39,0,0
1392,20260119,4,11,7,10-49,Restaurant,39,0,0
1393,20260119,4,11,1,10-49,Restaurant,32,0,0
1394,20260119,4,11,8,10-49,Bar,70,1,0
1395,20260119,4,11,2,1-9,Bar,48,0,0
1396,20260119,5,14,4,1-9,Bar,68,1,0
1397,20260119,5,15,5,10-49,Bar,79,1,1
1398,20260119,6,16,6,1-9,Bar,54,1,0
1399,20260119,6,16,1,1-9,Restaurant,51,0,0
1400,20260119,6,17,5,1-9,Bar,51,0,0
1401,20260119,7,19,3,10-49,Hotel,77,1,1
1402,20260119,7,19,7,1-9,Restaurant,54,0,0
1403,20260120,1,1,6,1-9,Bar,66,1,1
1404,20260120,1,1,1,1-9,Bar,73,1,0
1405,20260120,1,1,5,1-9,Café,64,1,1
1406,20260120,1,2,4,50+,Restaurant,59,0,0
1407,20260120,3,7,7,10-49,Restaurant,48,0,0
1408,20260120,3,7,4,1-9,Café,23,0,0
1409,20260120,3,7,2,50+,Restaurant,23,1,0
1410,20260120,3,7,4,10-49,Snack,37,0,0
1411,20260120,3,7,6,1-9,Restaurant,36,0,0
1412,20260120,3,7,1,1-9,Hotel,3,0,0
1413,20260120,3,8,1,1-9,Restaurant,47,0,0
1414,20260120,3,8,7,1-9,Bar,41,0,0
1415,20260120,3,8,6,10-49,Restaurant,20,0,0
1416,20260120,3,8,5,1-9,Restaurant,37,0,0
1417,20260120,3,9,4,1-9,Snack,32,0,0
1418,20260120,3,9,1,50+,Snack,52,0,0
1419,20260120,4,11,1,10-49,Restaurant,58,0,0
1420,20260120,4,11,5,1-9,Restaurant,48,0,0
1421,20260120,4,11,1,1-9,Hotel,38,0,0
1422,20260120,5,13,8,50+,Café,73,1,1
1423,20260120,5,14,2,10-49,Restaurant,90,1,1
1424,20260120,6,16,1,1-9,Hotel,71,1,1
1425,20260120,6,16,8,1-9,Restaurant,69,1,1
1426,20260120,6,16,1,50+,Bar,60,0,0
1427,20260120,7,20,6,10-49,Restaurant,73,1,1
1428,20260120,7,20,3,10-49,Restaurant,64,1,1
1429,20260120,7,20,7,1-9,Restaurant,72,1,1
1430,20260120,7,20,8,50+,Snack,94,1,1
1431,20260120,7,20,2,1-9,Restaurant,77,1,1
1432,20260121,1,1,1,10-49,Restaurant,59,1,1
1433,20260121,3,7,2,1-9,Restaurant,37,1,0
1434,20260121,3,7,8,1-9,Restaurant,43,0,0
1435,20260121,3,9,1,1-9,Café,28,0,0
1436,20260121,4,10,6,1-9,Bar,62,1,0
1437,20260121,4,10,1,50+,Hotel,63,1,1
1438,20260121,4,10,4,50+,Snack,58,1,1
1439,20260121,4,11,2,50+,Bar,45,1,1
1440,20260121,4,11,4,1-9,Restaurant,56,1,0
1441,20260121,5,13,5,50+,Café,95,1,1
1442,20260121,5,13,4,1-9,Snack,66,1,1
1443,20260121,6,16,1,10-49,Snack,51,0,0
1444,20260121,6,16,1,1-9,Snack,63,1,1
1445,20260121,6,17,5,1-9,Snack,53,0,0
1446,20260121,6,17,5,1-9,Restaurant,62,0,0
1447,20260121,6,17,3,1-9,Bar,66,1,0
1448,20260121,6,17,3,1-9,Hotel,63,1,0
1449,20260121,6,17,3,10-49,Café,44,0,0
1450,20260121,6,17,3,50+,Restaurant,83,1,1
1451,20260121,7,19,3,1-9,Restaurant,57,1,0
1452,20260121,7,19,5,1-9,Restaurant,85,1,1
1453,20260121,7,20,6,1-9,Restaurant,77,1,0
1454,20260121,7,20,4,1-9,Restaurant,88,1,1
1455,20260122,1,1,1,50+,Snack,67,1,1
1456,20260122,1,2,6,1-9,Snack,25,0,0
1457,20260122,3,7,8,10-49,Hotel,11,0,0
1458,20260122,3,7,1,10-49,Restaurant,,0,0
1459,20260122,3,7,5,1-9,Restaurant,0,0,0
1460,20260122,3,7,2,1-9,Restaurant,4,0,0
1461,20260122,3,7,3,1-9,Snack,5,0,0
1462,20260122,3,7,1,1-9,Restaurant,36,0,0
1463,20260122,3,8,1,10-49,Snack,40,0,0
1464,20260122,3,8,5,1-9,Bar,47,0,0
1465,20260122,4,10,1,10-49,Restaurant,29,0,0
1466,20260122,4,11,2,1-9,Restaurant,42,0,0
1467,20260122,4,11,3,1-9,Snack,55,1,0
1468,20260122,5,13,8,1-9,Bar,67,1,0
1469,20260122,5,13,1,10-49,Restaurant,44,0,0
1470,20260122,5,14,5,10-49,Restaurant,68,1,0
1471,20260122,5,14,5,1-9,Bar,63,1,1
1472,20260122,5,14,3,1-9,Café,67,0,0
1473,20260122,5,14,2,10-49,Bar,49,1,0
1474,20260122,6,16,4,10-49,Restaurant,59,0,0
1475,20260122,6,16,8,1-9,Hotel,56,1,0
1476,20260122,6,16,3,1-9,Bar,58,1,1
1477,20260122,6,17,2,10-49,Restaurant,94,1,1
1478,20260122,7,19,2,50+,Snack,97,1,1
1479,20260123,1,1,3,50+,Restaurant,52,1,0
1480,20260123,3,7,7,1-9,Bar,54,1,0
1481,20260123,3,7,2,1-9,Restaurant,29,0,0
1482,20260123,3,7,5,10-49,Snack,15,0,0
1483,20260123,3,7,7,1-9,Restaurant,27,1,0
1484,20260123,4,10,5,50+,Bar,94,1,1
1485,20260123,4,10,2,10-49,Snack,78,1,1
1486,20260123,4,10,1,10-49,Restaurant,53,0,0
1487,20260123,4,11,8,10-49,Café,41,1,0
1488,20260123,4,11,3,1-9,Restaurant,51,1,1
1489,20260123,4,11,8,1-9,Bar,69,0,0
1490,20260123,4,11,2,1-9,Bar,56,1,0
1491,20260123,5,13,3,1-9,Bar,43,1,1
1492,20260123,5,13,6,1-9,Café,,1,1
1493,20260123,5,14,6,1-9,Snack,61,0,0
1494,20260123,5,14,3,1-9,Restaurant,67,0,0
1495,20260123,5,14,6,1-9,Hotel,40,0,0
1496,20260123,6,16,4,1-9,Hotel,50,1,1
1497,20260123,6,16,4,10-49,Restaurant,44,0,0
1498,20260123,6,16,7,1-9,Bar,60,1,1
1499,20260123,6,17,2,10-49,Restaurant,76,1,1
1500,20260123,7,19,1,10-49,Restaurant,82,1,1
1501,20260123,7,19,5,1-9,Bar,72,1,1
1502,20260123,7,20,1,10-49,Café,79,1,1
1503,20260124,1,1,7,1-9,Restaurant,31,0,0
1504,20260124,1,1,6,1-9,Bar,32,0,0
1505,20260124,3,7,1,1-9,Restaurant,16,0,0
1506,20260124,3,7,1,1-9,Snack,37,1,0
1507,20260124,3,7,4,1-9,Restaurant,40,0,0
1508,20260124,3,7,4,1-9,Restaurant,26,0,0
1509,20260124,3,7,4,1-9,Restaurant,7,0,0
1510,20260124,3,8,3,1-9,Restaurant,27,0,0
1511,20260124,4,10,1,1-9,Café,46,0,0
1512,20260124,4,10,3,1-9,Restaurant,56,1,1
1513,20260124,4,11,1,10-49,Restaurant,58,0,0
1514,20260124,4,11,6,1-9,Snack,48,0,0
1515,20260124,5,13,2,1-9,Café,63,0,0
1516,20260124,5,14,8,1-9,Café,43,1,0
1517,20260124,5,14,1,50+,Café,78,1,1
1518,20260124,6,17,1,10-49,Snack,72,1,0
1519,20260124,6,17,6,1-9,Restaurant,71,1,1
1520,20260124,7,19,1,1-9,Restaurant,80,0,0
1521,20260124,7,20,1,10-49,Café,76,1,1
1522,20260125,3,0,3,1-9,Restaurant,60,1,0
1523,20260125,3,7,3,10-49,Hotel,31,0,0
1524,20260125,3,8,2,1-9,Bar,50,0,0
1525,20260125,3,9,2,1-9,Bar,15,0,0
1526,20260125,4,11,1,1-9,Café,38,0,0
1527,20260125,4,11,2,1-9,Bar,55,0,0
1528,20260125,4,11,5,1-9,Restaurant,65,0,0
1529,20260125,4,11,5,1-9,Bar,61,1,0
1530,20260125,4,11,6,1-9,Bar,42,1,1
1531,20260125,4,11,2,1-9,Restaurant,63,1,1
1532,20260125,5,13,6,10-49,Café,64,1,0
1533,20260125,5,14,4,1-9,Restaurant,60,0,0
1534,20260125,5,15,7,10-49,Bar,,1,1
1535,20260125,5,15,2,1-9,Restaurant,62,0,0
1536,20260125,6,16,4,1-9,Restaurant,51,1,0
1537,20260125,6,17,2,10-49,Hotel,84,1,0
1538,20260125,7,19,7,1-9,Restaurant,51,0,0
1539,20260126,1,1,2,10-49,Restaurant,75,1,1
1540,20260126,1,1,2,1-9,Café,52,1,0
1541,20260126,1,1,7,1-9,Restaurant,49,0,0
1542,20260126,1,2,2,10-49,Bar,50,0,0
1543,20260126,1,2,4,1-9,Bar,35,0,0
1544,20260126,1,3,1,1-9,Café,44,0,0
1545,20260126,3,7,5,1-9,Restaurant,54,0,0
1546,20260126,3,7,8,1-9,Restaurant,10,0,0
1547,20260126,3,7,4,1-9,Snack,18,0,0
1548,20260126,3,7,5,1-9,Snack,31,1,1
1549,20260126,3,7,3,10-49,Snack,14,0,0
1550,20260126,3,7,2,1-9,Hotel,28,0,0
1551,20260126,3,7,1,1-9,Restaurant,11,0,0
1552,20260126,3,8,4,1-9,Bar,46,0,0
1553,20260126,3,9,6,1-9,Restaurant,47,0,0
1554,20260126,3,9,6,1-9,Restaurant,35,0,0
1555,20260126,4,10,2,1-9,Bar,34,0,0
1556,20260126,5,13,6,50+,Bar,89,0,0
1557,20260126,5,13,1,50+,Bar,61,1,1
1558,20260126,5,13,5,1-9,Bar,64,1,0
1559,20260126,5,14,6,1-9,Hotel,60,0,0
1560,20260126,5,15,6,50+,Restaurant,94,1,1
1561,20260126,6,16,3,1-9,Restaurant,32,0,0
1562,20260126,6,16,6,1-9,Restaurant,80,1,1
1563,20260126,6,16,8,1-9,Restaurant,73,1,1
1564,20260127,1,1,2,10-49,Hotel,61,0,0
1565,20260127,1,1,6,10-49,Snack,39,0,0
1566,20260127,3,7,5,1-9,Hotel,6,0,0
1567,20260127,3,7,6,1-9,Restaurant,19,0,0
1568,20260127,3,7,2,10-49,Restaurant,34,0,0
1569,20260127,3,7,1,1-9,Snack,32,0,0
1570,20260127,3,8,5,1-9,Snack,2,0,0
1571,20260127,3,0,8,1-9,Hotel,34,0,0
1572,20260127,3,8,3,10-49,Hotel,45,0,0
1573,20260127,3,8,7,50+,Restaurant,51,0,0
1574,20260127,3,9,5,50+,Restaurant,60,1,0
1575,20260127,4,10,1,1-9,Restaurant,66,0,0
1576,20260127,4,10,8,50+,Restaurant,72,1,1
1577,20260127,4,11,1,1-9,Bar,48,1,1
1578,20260127,4,11,1,10-49,Restaurant,62,1,0
1579,20260127,4,11,1,10-49,Hotel,40,1,0
1580,20260127,5,13,6,1-9,Restaurant,65,0,0
1581,20260127,5,13,7,50+,Restaurant,76,1,1
1582,20260127,5,13,1,10-49,Snack,56,0,0
1583,20260127,5,14,3,10-49,Restaurant,80,1,1
1584,20260127,5,14,1,1-9,Café,26,0,0
1585,20260127,5,14,7,1-9,Restaurant,59,0,0
1586,20260127,6,16,7,1-9,Restaurant,55,1,1
1587,20260127,6,17,2,1-9,Bar,56,0,0
1588,20260127,7,20,1,1-9,Restaurant,58,1,0
1589,20260127,7,20,5,1-9,Restaurant,50,1,1
1590,20260128,1,1,6,10-49,Hotel,64,1,1
1591,20260128,1,1,1,1-9,Bar,63,1,0
1592,20260128,2,5,5,50+,Restaurant,88,1,1
1593,20260128,3,7,5,10-49,Restaurant,54,1,0
1594,20260128,3,7,2,1-9,Restaurant,11,0,0
1595,20260128,3,7,8,10-49,Restaurant,31,0,0
1596,20260128,3,7,2,1-9,Hotel,25,0,0
1597,20260128,4,11,6,1-9,Bar,60,1,1
1598,20260128,4,11,6,10-49,Bar,55,0,0
1599,20260128,4,11,7,10-49,Hotel,50,0,0
1600,20260128,4,11,2,1-9,Restaurant,54,1,0
1601,20260128,5,13,3,1-9,Restaurant,80,1,1
1602,20260128,5,13,5,1-9,Restaurant,46,1,1
1603,20260128,5,13,2,1-9,Restaurant,51,1,1
1604,20260128,5,15,7,1-9,Restaurant,73,1,0
1605,20260128,6,16,6,50+,Restaurant,88,1,1
1606,20260128,6,17,1,1-9,Snack,64,1,0
1607,20260128,6,17,5,10-49,Café,64,0,0
1608,20260128,6,17,2,50+,Snack,69,0,0
1609,20260128,6,17,7,10-49,Café,70,1,1
1610,20260128,6,17,2,1-9,Bar,63,1,1
1611,20260128,6,17,4,10-49,Restaurant,89,1,1
1612,20260128,6,17,7,1-9,Snack,70,0,0
1613,20260128,7,19,2,10-49,Restaurant,88,1,1
1614,20260129,1,1,1,1-9,Café,57,0,0
1615,20260129,1,1,3,10-49,Hotel,43,1,0
1616,20260129,3,7,3,10-49,Snack,5,0,0
1617,20260129,3,7,4,50+,Snack,26,0,0
1618,20260129,3,7,5,1-9,Café,17,0,0
1619,20260129,3,8,2,10-49,Restaurant,39,0,0
1620,20260129,3,8,1,1-9,Hotel,26,0,0
1621,20260129,4,11,5,1-9,Restaurant,43,1,1
1622,20260129,4,11,4,1-9,Restaurant,49,0,0
1623,20260129,4,11,2,1-9,Bar,64,0,0
1624,20260129,5,13,2,10-49,Restaurant,58,1,0
1625,20260129,5,13,6,1-9,Restaurant,53,0,0
1626,20260129,5,13,6,1-9,Restaurant,60,1,0
1627,20260129,5,15,2,10-49,Restaurant,61,0,0
1628,20260129,7,19,4,1-9,Restaurant,100,1,1
1629,20260129,7,19,5,1-9,Café,67,1,1
1630,20260129,7,20,3,10-49,Café,84,1,1
1631,20260129,7,20,8,1-9,Restaurant,84,1,1
1632,20260130,1,1,3,1-9,Restaurant,51,1,0
1633,20260130,1,1,4,1-9,Restaurant,61,1,1
1634,20260130,1,1,8,1-9,Restaurant,66,0,0
1635,20260130,3,7,8,50+,Café,17,0,0
1636,20260130,3,7,5,1-9,Restaurant,28,0,0
1637,20260130,3,8,1,1-9,Snack,16,0,0
1638,20260130,3,8,1,1-9,Restaurant,24,0,0
1639,20260130,3,8,1,1-9,Restaurant,20,0,0
1640,20260130,3,8,7,1-9,Restaurant,11,0,0
1641,20260130,3,9,5,1-9,Snack,41,0,0
1642,20260130,4,10,1,1-9,Café,39,0,0
1643,20260130,4,10,1,10-49,Restaurant,47,0,0
1644,20260130,4,10,7,1-9,Café,71,1,0
1645,20260130,4,11,3,10-49,Restaurant,100,1,1
1646,20260130,4,11,4,1-9,Café,33,0,0
1647,20260130,4,11,6,1-9,Restaurant,56,0,0
1648,20260130,5,14,2,10-49,Bar,69,1,0
1649,20260130,5,14,2,1-9,Restaurant,31,0,0
1650,20260130,5,14,2,10-49,Café,75,1,0
1651,20260130,5,14,1,10-49,Café,78,1,1
1652,20260130,5,15,1,1-9,Restaurant,59,1,1
1653,20260130,6,16,2,1-9,Hotel,56,1,0
1654,20260130,6,16,1,1-9,Restaurant,97,1,1
1655,20260130,7,19,4,10-49,Snack,75,1,1
1656,20260130,7,19,7,1-9,Snack,50,0,0
1657,20260131,1,1,8,1-9,Restaurant,41,0,0
1658,20260131,1,3,3,10-49,Restaurant,39,0,0
1659,20260131,3,7,4,1-9,Restaurant,16,0,0
1660,20260131,3,7,3,10-49,Bar,60,1,0
1661,20260131,3,7,1,1-9,Bar,0,0,0
1662,20260131,3,7,5,10-49,Restaurant,46,0,0
1663,20260131,3,8,8,10-49,Bar,58,0,0
1664,20260131,4,10,6,10-49,Bar,66,1,0
1665,20260131,4,11,1,1-9,Restaurant,58,1,0
1666,20260131,4,11,1,1-9,Restaurant,56,0,0
1667,20260131,5,13,1,10-49,Bar,62,1,1
1668,20260131,6,16,1,1-9,Bar,35,0,0
1669,20260131,6,17,6,10-49,Hotel,74,1,1
1670,20260131,7,19,1,10-49,Snack,64,1,1
1671,20260131,7,19,1,10-49,Restaurant,71,1,1
1672,20260201,2,5,3,50+,Restaurant,82,1,1
1673,20260201,3,7,4,1-9,Café,34,0,0
1674,20260201,3,7,2,1-9,Restaurant,24,0,0
1675,20260201,3,7,1,50+,Snack,46,1,0
1676,20260201,3,8,6,1-9,Bar,24,0,0
1677,20260201,3,9,3,10-49,Snack,69,0,0
1678,20260201,3,9,1,10-49,Snack,26,0,0
1679,20260201,4,10,4,10-49,Snack,67,0,0
1680,20260201,4,10,3,1-9,Snack,42,0,0
1681,20260201,6,16,3,1-9,Restaurant,58,0,0
1682,20260201,6,17,1,10-49,Restaurant,74,1,1
1683,20260201,6,18,5,10-49,Hotel,55,1,1
1684,20260201,6,18,5,1-9,Restaurant,58,1,0
1685,20260201,6,18,6,1-9,Bar,61,1,1
1686,20260201,7,20,4,1-9,Restaurant,67,1,0
1687,20260201,7,20,3,10-49,Restaurant,54,1,1
1688,20260202,1,1,7,10-49,Snack,53,0,0
1689,20260202,1,2,4,1-9,Snack,26,0,0
1690,20260202,1,3,2,1-9,Restaurant,42,1,0
1691,20260202,1,3,2,10-49,Restaurant,43,0,0
1692,20260202,3,7,2,50+,Restaurant,37,1,0
1693,20260202,3,7,7,10-49,Café,37,0,0
1694,20260202,3,7,7,10-49,Bar,37,1,0
1695,20260202,3,8,8,10-49,Bar,31,0,0
1696,20260202,3,9,7,1-9,Bar,66,1,1
1697,20260202,4,10,7,1-9,Restaurant,59,1,1
1698,20260202,4,11,1,1-9,Snack,57,1,0
1699,20260202,4,11,5,50+,Snack,53,1,0
1700,20260202,5,13,6,10-49,Café,58,0,0
1701,20260202,5,13,6,1-9,Restaurant,43,0,0
1702,20260202,5,13,1,10-49,Restaurant,56,1,1
1703,20260202,5,13,5,1-9,Restaurant,61,1,0
1704,20260202,6,16,1,10-49,Snack,74,1,1
1705,20260202,6,16,3,1-9,Bar,64,0,0
1706,20260202,6,16,1,10-49,Restaurant,80,1,1
1707,20260202,6,16,1,50+,Bar,91,1,1
1708,20260202,6,16,7,10-49,Restaurant,47,1,1
1709,20260202,6,17,3,1-9,Snack,64,1,1
1710,20260202,6,17,3,10-49,Bar,46,1,1
1711,20260202,6,18,6,10-49,Bar,63,0,0
1712,20260202,6,18,2,10-49,Restaurant,42,0,0
1713,20260202,7,19,5,1-9,Restaurant,55,1,1
1714,20260203,1,1,3,10-49,Café,35,0,0
1715,20260203,1,3,5,1-9,Hotel,35,0,0
1716,20260203,2,5,7,10-49,Bar,52,0,0
1717,20260203,2,5,7,1-9,Restaurant,64,1,0
1718,20260203,3,7,1,1-9,Bar,9,0,0
1719,20260203,3,7,7,10-49,Bar,29,0,0
1720,20260203,3,7,2,10-49,Snack,29,0,0
1721,20260203,3,8,4,1-9,Bar,31,0,0
1722,20260203,3,8,7,10-49,Restaurant,27,0,0
1723,20260203,3,8,6,1-9,Restaurant,61,0,0
1724,20260203,3,9,1,1-9,Snack,27,0,0
1725,20260203,4,10,4,10-49,Bar,74,1,1
1726,20260203,4,11,4,1-9,Hotel,23,0,0
1727,20260203,4,11,1,1-9,Restaurant,36,0,0
1728,20260203,4,12,4,1-9,Restaurant,51,0,0
1729,20260203,5,13,3,1-9,Restaurant,46,1,1
1730,20260203,5,13,1,50+,Snack,45,1,0
1731,20260203,5,13,6,10-49,Snack,76,1,0
1732,20260203,5,14,8,1-9,Hotel,52,0,0
1733,20260203,6,16,1,1-9,Snack,70,1,1
1734,20260203,6,18,1,50+,Bar,63,1,0
1735,20260203,7,19,2,10-49,Restaurant,78,1,1
1736,20260203,7,19,8,1-9,Bar,72,0,0
1737,20260203,7,20,7,10-49,Restaurant,69,0,0
1738,20260203,7,20,1,10-49,Restaurant,60,1,1
1739,20260203,7,20,2,10-49,Restaurant,76,1,1
1740,20260204,1,1,8,1-9,Restaurant,59,0,0
1741,20260204,1,1,3,10-49,Restaurant,54,0,0
1742,20260204,3,7,6,10-49,Restaurant,40,1,0
1743,20260204,3,7,3,10-49,Hotel,27,0,0
1744,20260204,3,7,7,10-49,Restaurant,51,0,0
1745,20260204,3,8,1,10-49,Café,46,0,0
1746,20260204,3,8,5,1-9,Restaurant,30,0,0
1747,20260204,4,11,2,1-9,Restaurant,39,0,0
1748,20260204,4,11,8,1-9,Snack,16,0,0
1749,20260204,4,12,6,10-49,Restaurant,60,0,0
1750,20260204,5,13,1,1-9,Snack,39,0,0
1751,20260204,5,14,5,10-49,Bar,79,1,1
1752,20260204,5,14,5,1-9,Snack,64,1,1
1753,20260204,5,15,1,1-9,Restaurant,79,1,0
1754,20260204,6,16,3,1-9,Restaurant,49,0,0
1755,20260204,6,16,6,1-9,Restaurant,54,1,1
1756,20260204,6,17,3,1-9,Restaurant,63,1,0
1757,20260204,6,17,4,10-49,Restaurant,,1,1
1758,20260204,6,17,2,1-9,Café,61,0,0
1759,20260204,6,17,2,10-49,Hotel,47,0,0
1760,20260204,7,19,5,10-49,Bar,92,1,1
1761,20260205,1,1,5,10-49,Restaurant,60,0,0
1762,20260205,1,3,6,1-9,Café,49,0,0
1763,20260205,1,3,7,10-49,Restaurant,71,1,0
1764,20260205,2,5,2,10-49,Hotel,70,1,1
1765,20260205,2,5,2,1-9,Hotel,65,1,1
1766,20260205,2,5,1,10-49,Restaurant,67,0,0
1767,20260205,2,6,2,50+,Restaurant,72,1,1
1768,20260205,3,7,5,1-9,Restaurant,54,1,0
1769,20260205,3,7,1,1-9,Restaurant,16,0,0
1770,20260205,3,7,5,1-9,Café,29,0,0
1771,20260205,3,7,7,1-9,Restaurant,1,0,0
1772,20260205,3,8,3,10-49,Hotel,45,0,0
1773,20260205,3,9,8,1-9,Restaurant,52,0,0
1774,20260205,4,10,1,1-9,Snack,69,1,1
1775,20260205,4,10,7,10-49,Bar,59,1,1
1776,20260205,4,10,1,50+,Café,67,0,0
1777,20260205,4,11,1,1-9,Bar,66,1,1
1778,20260205,4,11,2,10-49,Café,50,0,0
1779,20260205,4,12,7,1-9,Restaurant,63,0,0
1780,20260205,5,13,5,1-9,Restaurant,43,1,1
1781,20260205,5,13,5,10-49,Restaurant,60,1,1
1782,20260205,5,14,5,1-9,Bar,65,0,0
1783,20260205,5,14,2,1-9,Snack,64,0,0
1784,20260205,5,14,5,1-9,Bar,67,1,0
1785,20260205,6,16,4,10-49,Restaurant,64,1,1
1786,20260205,6,17,7,10-49,Restaurant,61,1,1
1787,20260205,6,18,7,1-9,Restaurant,49,0,0
1788,20260206,1,3,8,1-9,Snack,35,0,0
1789,20260206,1,3,4,1-9,Bar,32,0,0
1790,20260206,3,7,5,10-49,Snack,30,0,0
1791,20260206,3,8,1,1-9,Bar,29,0,0
1792,20260206,4,10,1,1-9,Hotel,60,1,0
1793,20260206,4,11,4,1-9,Restaurant,36,0,0
1794,20260206,4,11,5,1-9,Restaurant,42,0,0
1795,20260206,4,12,3,10-49,Bar,42,0,0
1796,20260206,4,12,1,10-49,Restaurant,66,1,0
1797,20260206,5,13,2,10-49,Restaurant,80,0,0
1798,20260206,5,13,3,10-49,Snack,36,0,0
1799,20260206,5,13,2,1-9,Bar,73,1,1
1800,20260206,5,13,5,1-9,Restaurant,56,0,0
1801,20260206,5,15,8,10-49,Restaurant,77,1,1
1802,20260206,5,15,8,1-9,Restaurant,66,0,0
1803,20260206,6,16,4,1-9,Restaurant,44,0,0
1804,20260206,6,17,3,1-9,Bar,59,1,1
1805,20260206,7,19,3,1-9,Snack,79,1,1
1806,20260206,7,19,1,1-9,Restaurant,77,1,1
1807,20260206,7,19,5,10-49,Snack,74,1,1
1808,20260206,7,19,5,10-49,Restaurant,54,1,0
1809,20260207,3,7,5,10-49,Bar,60,0,0
1810,20260207,3,7,5,1-9,Restaurant,48,0,0
1811,20260207,3,8,1,1-9,Restaurant,10,0,0
1812,20260207,3,8,8,10-49,Restaurant,33,1,0
1813,20260207,3,8,2,50+,Restaurant,58,1,0
1814,20260207,4,12,2,1-9,Hotel,63,0,0
1815,20260207,5,13,8,10-49,Restaurant,42,0,0
1816,20260207,6,16,8,50+,Bar,46,0,0
1817,20260207,6,17,7,10-49,Café,51,1,1
1818,20260207,6,17,3,1-9,Bar,63,1,1
1819,20260207,6,17,1,1-9,Bar,64,1,1
1820,20260207,6,17,6,1-9,Snack,68,1,0
1821,20260207,7,20,5,10-49,Café,96,1,1
1822,20260208,1,1,2,1-9,Restaurant,49,0,0
1823,20260208,1,1,4,1-9,Bar,37,1,0
1824,20260208,1,3,1,1-9,Restaurant,41,0,0
1825,20260208,1,3,1,10-49,Snack,62,0,0
1826,20260208,1,3,7,1-9,Snack,64,1,1
1827,20260208,3,7,1,1-9,Snack,22,0,0
1828,20260208,3,7,7,1-9,Restaurant,43,0,0
1829,20260208,3,7,1,10-49,Restaurant,26,0,0
1830,20260208,3,7,1,10-49,Restaurant,23,0,0
1831,20260208,3,7,1,1-9,Restaurant,16,0,0
1832,20260208,3,7,2,10-49,Snack,37,0,0
1833,20260208,3,8,6,1-9,Café,47,1,0
1834,20260208,4,10,7,50+,Bar,70,1,0
1835,20260208,4,10,1,1-9,Restaurant,58,1,1
1836,20260208,4,10,3,10-49,Snack,60,1,0
1837,20260208,4,11,1,1-9,Snack,82,1,1
1838,20260208,4,11,7,1-9,Bar,49,0,0
1839,20260208,5,13,1,10-49,Bar,68,0,0
1840,20260208,5,15,8,1-9,Café,70,1,1
1841,20260208,6,16,1,1-9,Restaurant,57,0,0
1842,20260208,6,16,4,10-49,Restaurant,80,0,0
1843,20260208,6,17,1,1-9,Café,57,1,1
1844,20260208,6,17,1,1-9,Bar,74,1,0
1845,20260208,6,18,1,50+,Restaurant,57,0,0
1846,20260209,1,1,8,1-9,Restaurant,65,0,0
1847,20260209,1,1,1,50+,Snack,74,1,1
1848,20260209,1,1,6,1-9,Bar,45,1,1
1849,20260209,1,2,7,1-9,Bar,32,0,0
1850,20260209,1,2,4,1-9,Restaurant,10,0,0
1851,20260209,1,2,6,1-9,Café,38,0,0
1852,20260209,1,3,8,1-9,Restaurant,48,0,0
1853,20260209,2,4,6,10-49,Hotel,53,1,1
1854,20260209,2,4,1,1-9,Restaurant,59,0,0
1855,20260209,3,7,3,10-49,Restaurant,46,0,0
1856,20260209,3,8,2,1-9,Café,33,1,0
1857,20260209,3,9,1,10-49,Café,57,0,0
1858,20260209,3,9,3,1-9,Snack,50,1,0
1859,20260209,4,10,8,10-49,Hotel,64,0,0
1860,20260209,4,10,6,1-9,Restaurant,74,0,0
1861,20260209,4,11,3,1-9,Restaurant,52,1,0
1862,20260209,4,11,4,10-49,Bar,51,1,1
1863,20260209,4,11,3,1-9,Bar,45,0,0
1864,20260209,4,11,8,1-9,Hotel,49,0,0
1865,20260209,4,11,6,1-9,Snack,37,0,0
1866,20260209,5,13,2,1-9,Snack,69,1,1
1867,20260209,5,13,3,1-9,Restaurant,50,1,1
1868,20260209,5,13,3,1-9,Restaurant,60,1,0
1869,20260209,5,14,5,1-9,Snack,45,1,0
1870,20260209,6,16,1,10-49,Restaurant,51,0,0
1871,20260209,6,17,5,10-49,Snack,83,1,1
1872,20260209,6,18,3,1-9,Café,32,0,0
1873,20260209,6,18,7,10-49,Restaurant,58,1,1
1874,20260209,7,19,5,10-49,Restaurant,92,1,0
1875,20260209,7,20,3,1-9,Café,81,1,1
1876,20260210,1,3,4,1-9,Restaurant,81,1,0
1877,20260210,2,5,8,1-9,Restaurant,54,1,1
1878,20260210,3,7,7,1-9,Restaurant,26,0,0
1879,20260210,3,8,1,1-9,Restaurant,45,0,0
1880,20260210,3,8,6,50+,Restaurant,52,1,1
1881,20260210,3,9,3,1-9,Restaurant,48,0,0
1882,20260210,4,10,5,50+,Restaurant,73,1,1
1883,20260210,4,10,4,50+,Restaurant,66,0,0
1884,20260210,4,10,6,10-49,Restaurant,38,0,0
1885,20260210,4,10,7,10-49,Restaurant,44,0,0
1886,20260210,4,10,4,1-9,Restaurant,86,1,1
1887,20260210,4,11,8,1-9,Snack,36,0,0
1888,20260210,4,11,1,10-49,Hotel,58,1,0
1889,20260210,4,12,6,1-9,Snack,76,1,1
1890,20260210,4,12,3,50+,Restaurant,65,1,1
1891,20260210,5,14,8,10-49,Café,46,1,0
1892,20260210,5,14,5,10-49,Restaurant,66,0,0
1893,20260210,5,15,4,1-9,Restaurant,39,1,0
1894,20260210,6,16,1,1-9,Restaurant,66,1,1
1895,20260210,6,17,6,10-49,Restaurant,57,1,0
1896,20260210,7,20,8,1-9,Bar,79,1,1
1897,20260211,1,1,7,50+,Bar,56,1,1
1898,20260211,1,2,2,10-49,Café,53,0,0
1899,20260211,1,3,4,1-9,Bar,33,0,0
1900,20260211,2,6,1,10-49,Restaurant,65,1,1
1901,20260211,3,7,3,10-49,Café,35,0,0
1902,20260211,3,7,1,1-9,Restaurant,14,0,0
1903,20260211,3,7,6,1-9,Snack,17,0,0
1904,20260211,3,7,1,1-9,Hotel,8,0,0
1905,20260211,3,8,4,10-49,Restaurant,31,0,0
1906,20260211,4,10,5,1-9,Restaurant,50,1,1
1907,20260211,4,10,5,10-49,Restaurant,61,1,0
1908,20260211,4,10,1,50+,Bar,56,1,1
1909,20260211,4,11,2,10-49,Bar,57,1,0
1910,20260211,4,11,5,1-9,Snack,25,0,0
1911,20260211,4,11,2,1-9,Restaurant,49,0,0
1912,20260211,5,13,2,10-49,Bar,63,0,0
1913,20260211,5,15,3,1-9,Bar,73,1,1
1914,20260211,5,15,6,10-49,Bar,65,0,0
1915,20260211,5,15,1,10-49,Restaurant,61,1,0
1916,20260211,5,15,1,1-9,Bar,80,1,0
1917,20260211,6,16,8,10-49,Restaurant,71,1,1
1918,20260211,6,16,2,1-9,Restaurant,28,0,0
1919,20260211,6,17,2,1-9,Restaurant,65,1,0
1920,20260211,6,17,6,1-9,Snack,81,0,0
1921,20260211,6,18,1,1-9,Café,28,0,0
1922,20260211,7,19,1,10-49,Restaurant,,1,0
1923,20260211,7,20,3,1-9,Restaurant,63,1,0
1924,20260212,1,1,8,10-49,Hotel,45,0,0
1925,20260212,3,7,3,50+,Café,40,1,0
1926,20260212,3,7,1,1-9,Restaurant,33,0,0
1927,20260212,3,7,6,50+,Restaurant,25,0,0
1928,20260212,3,7,3,10-49,Café,26,0,0
1929,20260212,3,8,2,1-9,Café,14,0,0
1930,20260212,3,8,7,10-49,Bar,,1,0
1931,20260212,4,11,3,50+,Snack,65,0,0
1932,20260212,4,12,3,1-9,Snack,80,1,1
1933,20260212,5,13,1,1-9,Restaurant,42,1,0
1934,20260212,5,13,2,1-9,Snack,51,0,0
1935,20260212,5,13,1,1-9,Snack,29,0,0
1936,20260212,5,14,6,1-9,Restaurant,74,1,0
1937,20260212,5,14,4,50+,Bar,100,1,1
1938,20260212,5,14,3,10-49,Restaurant,56,0,0
1939,20260212,6,16,6,1-9,Bar,62,1,0
1940,20260212,6,17,1,10-49,Bar,99,1,1
1941,20260212,6,17,4,1-9,Restaurant,81,0,0
1942,20260212,6,18,2,1-9,Restaurant,43,0,0
1943,20260212,6,18,8,1-9,Café,29,0,0
1944,20260212,7,19,1,50+,Bar,86,1,1
1945,20260213,1,3,2,1-9,Restaurant,61,1,0
1946,20260213,2,4,2,50+,Hotel,65,0,0
1947,20260213,2,6,6,50+,Bar,68,1,0
1948,20260213,3,7,5,10-49,Restaurant,56,0,0
1949,20260213,3,7,2,1-9,Bar,25,0,0
1950,20260213,3,7,4,1-9,Restaurant,40,0,0
1951,20260213,3,7,8,10-49,Restaurant,21,0,0
1952,20260213,3,7,6,10-49,Snack,37,0,0
1953,20260213,3,8,7,1-9,Café,0,0,0
1954,20260213,3,8,8,1-9,Snack,4,0,0
1955,20260213,3,8,8,1-9,Café,47,1,0
1956,20260213,3,8,7,1-9,Bar,30,1,0
1957,20260213,3,8,1,1-9,Bar,26,0,0
1958,20260213,3,9,7,1-9,Snack,42,0,0
1959,20260213,3,9,1,10-49,Restaurant,48,1,0
1960,20260213,4,10,7,10-49,Restaurant,49,1,0
1961,20260213,4,10,4,1-9,Restaurant,69,1,1
1962,20260213,4,11,6,10-49,Restaurant,80,1,0
1963,20260213,5,13,8,1-9,Restaurant,66,1,0
1964,20260213,5,13,4,1-9,Bar,55,1,0
1965,20260213,5,13,3,1-9,Restaurant,54,0,0
1966,20260213,5,13,3,1-9,Bar,70,1,0
1967,20260213,5,13,3,1-9,Café,54,1,0
1968,20260213,5,13,4,1-9,Hotel,63,0,0
1969,20260213,5,14,5,1-9,Bar,75,1,0
1970,20260213,6,16,1,1-9,Café,42,0,0
1971,20260213,6,16,1,1-9,Café,39,0,0
1972,20260213,6,17,4,1-9,Bar,53,1,1
1973,20260213,6,17,2,50+,Restaurant,84,1,1
1974,20260213,6,17,3,1-9,Restaurant,51,0,0
1975,20260213,6,17,4,10-49,Hotel,100,0,0
1976,20260213,6,17,7,1-9,Restaurant,96,1,1
1977,20260213,6,17,5,1-9,Restaurant,56,0,0
1978,20260213,6,17,1,1-9,Restaurant,57,1,1
1979,20260213,6,18,6,1-9,Restaurant,59,1,0
1980,20260213,7,19,1,1-9,Restaurant,78,1,1
1981,20260213,7,19,5,1-9,Snack,66,1,0
1982,20260213,7,20,4,1-9,Snack,67,1,1
1983,20260213,7,20,1,1-9,Restaurant,91,1,1
1984,20260214,1,3,7,1-9,Bar,62,1,1
1985,20260214,2,4,2,10-49,Restaurant,86,1,1
1986,20260214,2,5,7,10-49,Snack,96,1,1
1987,20260214,3,7,2,1-9,Bar,43,1,1
1988,20260214,3,7,1,1-9,Snack,25,0,0
1989,20260214,3,7,2,1-9,Hotel,20,0,0
1990,20260214,3,8,1,10-49,Snack,46,0,0
1991,20260214,3,8,8,1-9,Restaurant,41,0,0
1992,20260214,3,8,5,1-9,Bar,28,1,0
1993,20260214,3,9,6,50+,Snack,38,0,0
1994,20260214,3,9,7,10-49,Restaurant,54,0,0
1995,20260214,4,10,1,1-9,Bar,35,0,0
1996,20260214,4,11,1,1-9,Hotel,48,0,0
1997,20260214,4,12,1,1-9,Restaurant,77,1,1
1998,20260214,5,13,1,10-49,Snack,58,1,0
1999,20260214,6,16,3,1-9,Café,56,1,0
2000,20260214,7,19,2,1-9,Snack,78,1,1
2001,20260215,1,1,1,10-49,Hotel,71,1,0
2002,20260215,1,1,1,1-9,Café,76,1,0
2003,20260215,1,3,1,1-9,Café,61,0,0
2004,20260215,1,3,2,1-9,Restaurant,51,1,0
2005,20260215,2,4,5,10-49,Snack,64,1,1
2006,20260215,3,7,1,1-9,Restaurant,6,0,0
2007,20260215,3,7,3,1-9,Restaurant,21,0,0
2008,20260215,3,9,5,1-9,Restaurant,22,0,0
2009,20260215,4,10,5,10-49,Restaurant,50,0,0
2010,20260215,4,10,7,1-9,Bar,46,1,0
2011,20260215,4,10,6,10-49,Bar,87,1,1
2012,20260215,4,11,6,10-49,Restaurant,48,1,1
2013,20260215,4,11,2,1-9,Restaurant,62,0,0
2014,20260215,4,11,6,1-9,Bar,40,0,0
2015,20260215,4,11,2,1-9,Snack,35,1,1
2016,20260215,5,13,5,50+,Restaurant,74,0,0
2017,20260215,5,15,2,1-9,Bar,57,1,0
2018,20260215,6,17,8,1-9,Restaurant,73,1,1
2019,20260215,6,18,5,10-49,Restaurant,36,0,0
2020,20260215,6,18,3,1-9,Snack,66,1,1
2021,20260215,6,18,4,1-9,Snack,55,0,0
2022,20260215,7,20,5,1-9,Restaurant,81,1,1
2023,20260215,7,20,2,10-49,Café,66,1,1
2024,20260216,1,3,8,50+,Bar,79,1,0
2025,20260216,3,7,1,1-9,Restaurant,8,0,0
2026,20260216,3,7,2,50+,Restaurant,26,1,0
2027,20260216,3,7,5,10-49,Snack,11,0,0
2028,20260216,3,7,2,50+,Restaurant,30,0,0
2029,20260216,3,7,1,1-9,Bar,1,0,0
2030,20260216,3,7,6,1-9,Restaurant,19,0,0
2031,20260216,3,7,2,10-49,Bar,47,0,0
2032,20260216,3,7,2,10-49,Snack,41,0,0
2033,20260216,3,7,8,1-9,Restaurant,18,0,0
2034,20260216,3,8,1,1-9,Restaurant,37,0,0
2035,20260216,3,8,6,1-9,Restaurant,27,0,0
2036,20260216,3,8,6,10-49,Restaurant,56,1,0
2037,20260216,3,9,3,1-9,Restaurant,50,1,0
2038,20260216,3,9,2,10-49,Restaurant,62,1,0
2039,20260216,4,11,2,10-49,Restaurant,46,0,0
2040,20260216,4,11,2,50+,Bar,63,0,0
2041,20260216,5,15,1,10-49,Snack,77,1,1
2042,20260216,6,17,5,10-49,Snack,61,1,1
2043,20260216,7,19,7,1-9,Café,53,0,0
2044,20260216,7,20,2,1-9,Bar,81,1,1
2045,20260217,1,1,1,1-9,Restaurant,30,0,0
2046,20260217,1,1,1,10-49,Restaurant,65,1,1
2047,20260217,3,7,3,10-49,Restaurant,56,0,0
2048,20260217,3,7,5,10-49,Restaurant,7,0,0
2049,20260217,3,7,2,1-9,Bar,18,0,0
2050,20260217,3,7,5,10-49,Snack,0,0,0
2051,20260217,3,7,5,1-9,Restaurant,3,0,0
2052,20260217,3,7,6,1-9,Café,8,0,0
2053,20260217,3,8,1,10-49,Restaurant,66,1,0
2054,20260217,3,8,6,50+,Restaurant,23,0,0
2055,20260217,3,9,7,1-9,Bar,34,1,1
2056,20260217,3,9,7,1-9,Restaurant,50,1,1
2057,20260217,3,9,1,50+,Restaurant,60,0,0
2058,20260217,4,10,7,1-9,Restaurant,77,0,0
2059,20260217,4,10,8,1-9,Restaurant,65,0,0
2060,20260217,4,12,7,10-49,Restaurant,71,1,0
2061,20260217,5,13,2,10-49,Restaurant,68,0,0
2062,20260217,5,13,2,1-9,Café,41,1,1
2063,20260217,5,14,6,1-9,Restaurant,56,1,1
2064,20260217,5,15,4,1-9,Restaurant,45,0,0
2065,20260217,6,17,4,10-49,Café,62,0,0
2066,20260217,7,19,5,1-9,Restaurant,59,0,0
2067,20260217,7,20,6,1-9,Restaurant,58,0,0
2068,20260218,1,2,3,1-9,Bar,30,0,0
2069,20260218,1,3,1,50+,Restaurant,69,1,0
2070,20260218,3,7,5,1-9,Restaurant,15,0,0
2071,20260218,3,7,7,1-9,Restaurant,8,0,0
2072,20260218,3,7,2,10-49,Bar,15,0,0
2073,20260218,3,8,2,10-49,Restaurant,45,0,0
2074,20260218,3,8,6,1-9,Restaurant,45,0,0
2075,20260218,3,9,5,10-49,Café,39,1,0
2076,20260218,4,10,5,50+,Restaurant,71,0,0
2077,20260218,4,11,7,10-49,Restaurant,50,1,0
2078,20260218,4,12,1,1-9,Bar,66,1,0
2079,20260218,5,13,1,1-9,Bar,58,0,0
2080,20260218,5,13,1,1-9,Bar,49,0,0
2081,20260218,5,13,6,10-49,Restaurant,36,0,0
2082,20260218,5,14,8,10-49,Bar,37,0,0
2083,20260218,5,15,4,1-9,Restaurant,63,0,0
2084,20260218,6,16,4,1-9,Snack,60,0,0
2085,20260218,6,16,8,1-9,Snack,50,0,0
2086,20260218,6,17,2,1-9,Restaurant,69,1,1
2087,20260218,6,17,1,1-9,Hotel,49,0,0
2088,20260218,6,18,2,10-49,Hotel,73,1,0
2089,20260219,1,1,7,1-9,Snack,60,1,1
2090,20260219,1,3,1,1-9,Restaurant,52,0,0
2091,20260219,1,3,1,50+,Hotel,55,1,0
2092,20260219,2,4,2,50+,Café,65,1,1
2093,20260219,3,7,7,1-9,Restaurant,20,0,0
2094,20260219,3,7,8,1-9,Restaurant,30,0,0
2095,20260219,3,7,5,1-9,Restaurant,23,0,0
2096,20260219,3,7,3,10-49,Bar,39,0,0
2097,20260219,3,7,2,1-9,Bar,,0,0
2098,20260219,3,8,1,50+,Restaurant,41,0,0
2099,20260219,3,8,8,1-9,Snack,21,0,0
2100,20260219,3,8,3,1-9,Restaurant,24,0,0
2101,20260219,4,10,1,1-9,Snack,48,0,0
2102,20260219,4,10,1,10-49,Bar,55,0,0
2103,20260219,4,10,8,1-9,Bar,60,0,0
2104,20260219,4,10,4,1-9,Restaurant,74,1,0
2105,20260219,4,10,3,50+,Restaurant,69,1,0
2106,20260219,4,10,1,1-9,Café,63,1,0
2107,20260219,4,11,6,1-9,Restaurant,45,1,1
2108,20260219,4,11,1,10-49,Restaurant,63,1,1
2109,20260219,5,13,2,10-49,Bar,75,1,1
2110,20260219,5,13,3,1-9,Restaurant,51,1,0
2111,20260219,5,13,2,1-9,Hotel,19,0,0
2112,20260219,5,13,3,1-9,Snack,54,0,0
2113,20260219,5,13,1,10-49,Café,100,1,1
2114,20260219,5,14,4,1-9,Restaurant,52,0,0
2115,20260219,6,16,3,50+,Snack,68,0,0
2116,20260219,6,16,6,10-49,Restaurant,50,1,0
2117,20260219,6,16,2,1-9,Restaurant,51,1,1
2118,20260219,6,17,3,50+,Bar,74,0,0
2119,20260219,6,17,7,10-49,Restaurant,64,1,0
2120,20260219,7,19,2,1-9,Bar,85,1,1
2121,20260219,7,21,2,1-9,Snack,76,0,0
2122,20260220,1,1,2,10-49,Bar,53,1,0
2123,20260220,2,6,4,10-49,Restaurant,70,1,0
2124,20260220,3,7,5,10-49,Restaurant,17,0,0
2125,20260220,3,7,3,10-49,Bar,13,0,0
2126,20260220,3,7,4,1-9,Restaurant,30,0,0
2127,20260220,3,8,1,10-49,Bar,19,0,0
2128,20260220,3,9,1,1-9,Restaurant,42,0,0
2129,20260220,4,10,3,1-9,Restaurant,47,1,0
2130,20260220,4,10,5,1-9,Bar,62,1,1
2131,20260220,5,13,6,10-49,Bar,53,0,0
2132,20260220,5,13,8,10-49,Restaurant,79,1,1
2133,20260220,5,14,6,10-49,Restaurant,50,0,0
2134,20260220,5,15,8,1-9,Restaurant,76,1,1
2135,20260220,6,16,5,1-9,Café,38,0,0
2136,20260220,6,17,1,1-9,Restaurant,59,1,1
2137,20260220,6,18,7,10-49,Café,49,1,0
2138,20260221,1,1,3,10-49,Café,55,1,1
2139,20260221,1,2,6,1-9,Restaurant,48,0,0
2140,20260221,1,3,4,1-9,Bar,46,0,0
2141,20260221,2,5,5,50+,Hotel,68,1,1
2142,20260221,2,5,1,1-9,Hotel,47,1,1
2144,20260221,3,7,2,1-9,Restaurant,21,0,0
2145,20260221,3,7,3,1-9,Restaurant,24,0,0
2146,20260221,3,7,3,1-9,Snack,24,0,0
2147,20260221,3,0,1,50+,Restaurant,30,1,0
2148,20260221,3,8,1,10-49,Restaurant,50,1,0
2149,20260221,3,8,6,1-9,Bar,28,0,0
2150,20260221,4,10,1,10-49,Hotel,33,0,0
2151,20260221,4,11,3,10-49,Restaurant,80,1,0
2152,20260221,4,11,5,1-9,Restaurant,46,0,0
2153,20260221,5,13,5,1-9,Restaurant,49,1,1
2154,20260221,5,13,1,10-49,Restaurant,57,0,0
2155,20260221,6,17,7,1-9,Restaurant,96,1,1
2156,20260221,7,21,1,10-49,Restaurant,92,1,1
2157,20260222,1,2,7,1-9,Restaurant,50,1,0
2158,20260222,2,5,1,10-49,Café,61,0,0
2159,20260222,3,7,2,1-9,Restaurant,0,0,0
2160,20260222,3,7,1,1-9,Restaurant,35,0,0
2161,20260222,3,7,1,50+,Bar,58,1,0
2162,20260222,3,7,2,10-49,Restaurant,38,0,0
2163,20260222,3,9,2,1-9,Restaurant,41,1,0
2164,20260222,3,9,1,10-49,Snack,43,0,0
2165,20260222,5,13,1,1-9,Café,50,0,0
2166,20260222,5,14,5,1-9,Restaurant,38,0,0
2167,20260222,5,14,3,10-49,Restaurant,57,0,0
2168,20260222,5,14,3,10-49,Restaurant,33,1,1
2169,20260222,5,14,2,50+,Snack,62,1,1
2170,20260222,5,15,3,1-9,Bar,61,1,1
2171,20260222,6,16,5,10-49,Restaurant,69,0,0
2172,20260222,6,16,6,50+,Restaurant,38,0,0
2173,20260222,6,17,1,1-9,Restaurant,72,0,0
2174,20260222,7,19,5,10-49,Café,67,1,1
2175,20260222,7,19,2,10-49,Bar,70,1,1
2176,20260222,7,21,1,10-49,Café,90,1,1
2177,20260223,3,7,1,10-49,Bar,42,0,0
2178,20260223,3,7,7,1-9,Café,4,0,0
2179,20260223,3,7,5,1-9,Snack,0,0,0
2180,20260223,3,7,5,50+,Restaurant,33,0,0
2181,20260223,3,8,1,10-49,Restaurant,58,1,0
2182,20260223,3,8,6,1-9,Bar,25,0,0
2183,20260223,3,9,3,1-9,Restaurant,52,0,0
2184,20260223,4,10,7,1-9,Snack,52,0,0
2185,20260223,4,10,4,1-9,Snack,56,0,0
2186,20260223,4,10,2,10-49,Bar,38,0,0
2187,20260223,4,10,1,1-9,Restaurant,55,1,0
2188,20260223,4,11,1,1-9,Restaurant,63,0,0
2189,20260223,4,11,3,50+,Restaurant,52,0,0
2190,20260223,5,13,1,1-9,Restaurant,75,1,1
2191,20260223,5,13,2,1-9,Bar,47,0,0
2192,20260223,5,15,1,10-49,Restaurant,77,1,1
2193,20260223,5,15,3,1-9,Restaurant,54,0,0
2194,20260223,6,16,5,1-9,Restaurant,,0,0
2195,20260223,6,16,4,1-9,Restaurant,74,0,0
2196,20260223,6,16,4,1-9,Bar,73,1,1
2197,20260223,6,16,6,1-9,Snack,49,1,0
2198,20260223,6,16,6,10-49,Snack,56,1,1
2199,20260223,6,17,7,10-49,Restaurant,87,1,1
2200,20260223,6,17,7,1-9,Bar,65,0,0
2201,20260223,6,18,2,50+,Restaurant,55,0,0
2202,20260223,6,18,3,1-9,Bar,58,1,1
2203,20260223,7,19,1,10-49,Restaurant,84,1,1
2204,20260223,7,20,2,1-9,Restaurant,55,0,0
2205,20260223,7,20,6,1-9,Restaurant,94,1,1
2206,20260224,1,1,3,1-9,Café,60,0,0
2207,20260224,2,4,2,50+,Café,76,0,0
2208,20260224,3,7,3,10-49,Bar,21,0,0
2209,20260224,3,7,7,1-9,Café,36,0,0
2210,20260224,3,7,8,10-49,Restaurant,24,0,0
2211,20260224,3,7,7,50+,Snack,38,1,0
2212,20260224,3,7,8,10-49,Restaurant,22,0,0
2213,20260224,3,7,2,10-49,Hotel,31,0,0
2214,20260224,3,7,2,10-49,Restaurant,43,0,0
2215,20260224,3,7,2,50+,Hotel,22,0,0
2216,20260224,3,8,3,50+,Restaurant,63,1,0
2217,20260224,3,9,8,10-49,Restaurant,43,1,1
2218,20260224,4,10,1,50+,Restaurant,75,0,0
2219,20260224,4,10,1,1-9,Café,47,0,0
2220,20260224,4,10,2,10-49,Snack,72,0,0
2221,20260224,4,10,8,10-49,Bar,50,1,1
2222,20260224,4,10,1,1-9,Restaurant,61,0,0
2223,20260224,4,11,2,1-9,Restaurant,49,1,0
2224,20260224,5,13,4,10-49,Bar,66,1,0
2225,20260224,5,13,4,1-9,Restaurant,76,0,0
2226,20260224,5,14,1,10-49,Snack,56,1,0
2227,20260224,6,16,6,1-9,Restaurant,52,1,0
2228,20260224,6,17,1,1-9,Bar,84,1,1
2229,20260224,6,17,2,1-9,Restaurant,64,1,1
2230,20260224,7,19,5,10-49,Restaurant,65,0,0
2231,20260225,1,1,5,1-9,Restaurant,75,1,0
2232,20260225,1,1,1,1-9,Restaurant,39,1,1
2233,20260225,3,7,6,1-9,Bar,26,0,0
2234,20260225,3,7,1,1-9,Restaurant,33,0,0
2235,20260225,3,7,7,10-49,Café,25,0,0
2236,20260225,3,0,5,50+,Bar,30,1,0
2237,20260225,3,7,5,10-49,Café,36,0,0
2238,20260225,3,7,2,1-9,Hotel,0,0,0
2239,20260225,3,7,1,1-9,Restaurant,33,0,0
2240,20260225,3,7,1,1-9,Restaurant,12,0,0
2241,20260225,3,8,2,1-9,Restaurant,34,0,0
2242,20260225,3,9,1,1-9,Restaurant,39,1,0
2243,20260225,3,9,1,1-9,Bar,45,0,0
2244,20260225,4,10,7,10-49,Restaurant,50,1,0
2245,20260225,4,11,2,10-49,Restaurant,38,1,0
2246,20260225,4,11,5,50+,Restaurant,66,1,0
2247,20260225,5,13,4,1-9,Restaurant,43,1,1
2248,20260225,5,13,1,1-9,Snack,44,0,0
2249,20260225,5,13,2,1-9,Restaurant,64,1,0
2250,20260225,5,14,3,1-9,Café,51,0,0
2251,20260225,6,16,2,1-9,Restaurant,79,1,1
2252,20260225,6,16,1,10-49,Restaurant,72,0,0
2253,20260225,6,16,7,1-9,Restaurant,73,1,1
2254,20260225,6,17,2,50+,Restaurant,56,0,0
2255,20260225,6,17,3,1-9,Bar,70,0,0
2256,20260225,6,18,8,10-49,Restaurant,49,1,1
2257,20260225,7,19,6,10-49,Bar,64,1,1
2258,20260226,1,1,3,1-9,Restaurant,46,0,0
2259,20260226,1,1,8,10-49,Bar,61,0,0
2260,20260226,1,1,3,1-9,Restaurant,30,0,0
2261,20260226,1,1,7,1-9,Restaurant,61,1,1
2262,20260226,1,2,2,1-9,Hotel,58,1,1
2263,20260226,2,4,4,1-9,Restaurant,,1,1
2264,20260226,2,5,4,50+,Bar,79,0,0
2265,20260226,3,7,6,1-9,Café,22,0,0
2266,20260226,3,7,7,1-9,Restaurant,31,0,0
2267,20260226,3,7,1,1-9,Restaurant,12,0,0
2268,20260226,3,7,1,1-9,Bar,22,0,0
2269,20260226,3,7,5,1-9,Bar,14,0,0
2270,20260226,3,9,6,10-49,Restaurant,36,0,0
2271,20260226,4,10,3,1-9,Hotel,64,1,1
2272,20260226,4,10,4,50+,Bar,71,1,1
2273,20260226,4,10,2,1-9,Bar,48,1,0
2274,20260226,4,11,3,1-9,Restaurant,67,1,0
2275,20260226,5,13,7,1-9,Restaurant,61,0,0
2276,20260226,5,14,2,50+,Restaurant,95,1,0
2277,20260226,5,15,1,1-9,Bar,67,1,0
2278,20260226,6,16,3,10-49,Restaurant,79,1,1
2279,20260226,6,16,3,10-49,Restaurant,46,0,0
2280,20260226,6,18,6,1-9,Restaurant,74,1,0
2281,20260226,7,19,1,1-9,Restaurant,70,0,0
2282,20260226,7,20,2,1-9,Hotel,62,1,1
2283,20260226,7,20,5,10-49,Bar,69,0,0
2284,20260226,7,20,6,10-49,Restaurant,70,1,0
2285,20260227,2,6,4,10-49,Restaurant,59,1,0
2286,20260227,3,7,1,50+,Bar,29,0,0
2287,20260227,3,7,2,1-9,Bar,43,1,0
2288,20260227,3,7,4,1-9,Restaurant,42,0,0
2289,20260227,3,7,7,1-9,Restaurant,16,0,0
2290,20260227,3,7,6,1-9,Restaurant,29,0,0
2291,20260227,3,7,5,1-9,Bar,30,0,0
2292,20260227,3,7,5,1-9,Restaurant,26,0,0
2293,20260227,3,7,1,1-9,Restaurant,12,0,0
2294,20260227,3,7,4,10-49,Restaurant,25,0,0
2295,20260227,3,8,3,10-49,Restaurant,53,0,0
2296,20260227,3,8,6,1-9,Restaurant,22,0,0
2297,20260227,3,9,7,1-9,Restaurant,30,0,0
2298,20260227,4,10,6,50+,Snack,52,1,0
2299,20260227,4,10,4,10-49,Restaurant,68,0,0
2300,20260227,4,10,5,1-9,Restaurant,40,0,0
2301,20260227,4,11,5,50+,Bar,60,0,0
2302,20260227,4,11,1,1-9,Restaurant,53,0,0
2303,20260227,4,11,7,10-49,Bar,43,0,0
2304,20260227,5,13,3,50+,Snack,63,1,1
2305,20260227,5,13,1,1-9,Café,49,0,0
2306,20260227,5,13,8,1-9,Restaurant,53,1,1
2307,20260227,5,13,2,1-9,Hotel,60,1,0
2308,20260227,6,16,4,10-49,Restaurant,51,0,0
2309,20260227,6,16,6,10-49,Restaurant,71,1,1
2310,20260227,6,16,3,10-49,Snack,48,1,1
2311,20260227,6,16,1,50+,Restaurant,88,1,1
2312,20260227,6,16,8,1-9,Snack,58,0,0
2313,20260227,6,17,3,10-49,Restaurant,55,0,0
2314,20260227,6,17,4,50+,Bar,68,1,1
2315,20260227,6,18,7,10-49,Café,59,1,0
2316,20260228,1,3,5,10-49,Bar,38,1,1
2317,20260228,3,7,5,10-49,Snack,32,0,0
2318,20260228,3,0,7,10-49,Café,11,0,0
2319,20260228,3,7,5,10-49,Restaurant,39,0,0
2320,20260228,3,8,2,1-9,Restaurant,47,0,0
2321,20260228,3,9,6,1-9,Bar,31,1,0
2322,20260228,4,10,3,1-9,Restaurant,59,1,0
2323,20260228,4,10,1,1-9,Restaurant,51,0,0
2324,20260228,4,11,1,10-49,Café,38,0,0
2325,20260228,4,11,1,10-49,Bar,51,0,0
2326,20260228,4,11,6,1-9,Café,50,1,0
2327,20260228,4,11,2,1-9,Bar,55,0,0
2328,20260228,4,12,4,50+,Restaurant,77,1,1
2329,20260228,5,13,8,1-9,Restaurant,32,0,0
2330,20260228,6,16,1,10-49,Bar,61,1,1
2331,20260228,7,19,1,50+,Café,79,1,1
2332,20260301,1,1,6,1-9,Restaurant,73,1,1
2333,20260301,2,4,7,10-49,Café,58,0,0
2334,20260301,3,7,4,1-9,Bar,36,0,0
2335,20260301,3,7,8,1-9,Restaurant,26,0,0
2336,20260301,3,7,5,10-49,Restaurant,47,0,0
2337,20260301,3,7,8,10-49,Restaurant,51,0,0
2338,20260301,3,7,4,10-49,Snack,31,1,1
2339,20260301,3,7,4,10-49,Snack,44,0,0
2340,20260301,3,7,5,1-9,Restaurant,25,1,1
2341,20260301,3,7,6,10-49,Snack,34,0,0
2342,20260301,3,9,7,1-9,Restaurant,23,0,0
2343,20260301,4,10,2,10-49,Café,73,1,1
2344,20260301,4,11,1,1-9,Snack,67,1,1
2345,20260301,4,11,7,1-9,Café,47,1,0
2346,20260301,4,11,1,10-49,Restaurant,55,0,0
2347,20260301,4,12,1,1-9,Café,40,0,0
2348,20260301,5,13,2,1-9,Restaurant,66,0,0
2349,20260301,5,13,2,1-9,Restaurant,52,0,0
2350,20260301,5,13,2,10-49,Restaurant,54,0,0
2351,20260301,6,16,6,10-49,Bar,62,1,1
2352,20260301,6,16,5,10-49,Restaurant,43,1,0
2353,20260301,6,17,7,10-49,Restaurant,70,0,0
2354,20260301,6,17,7,10-49,Snack,84,1,1
2355,20260301,6,17,5,1-9,Snack,48,1,1
2356,20260301,7,20,4,50+,Restaurant,88,1,1
2357,20260301,7,20,1,10-49,Snack,78,1,1
2358,20260301,7,21,7,1-9,Snack,76,0,0
2359,20260301,7,21,1,10-49,Hotel,68,1,1
2360,20260302,1,1,7,1-9,Snack,46,0,0
2361,20260302,1,1,2,50+,Bar,54,1,0
2362,20260302,2,5,5,50+,Bar,63,1,1
2363,20260302,3,7,1,1-9,Restaurant,36,0,0
2364,20260302,3,7,4,1-9,Restaurant,50,0,0
2365,20260302,3,7,4,10-49,Restaurant,20,0,0
2366,20260302,3,7,6,50+,Restaurant,35,0,0
2367,20260302,3,8,1,10-49,Restaurant,54,1,0
2368,20260302,3,9,1,10-49,Hotel,26,0,0
2369,20260302,4,10,6,10-49,Bar,55,1,0
2370,20260302,4,10,8,1-9,Restaurant,58,1,1
2371,20260302,4,10,1,50+,Restaurant,62,0,0
2372,20260302,4,10,3,10-49,Snack,60,1,1
2373,20260302,4,11,3,1-9,Restaurant,18,0,0
2374,20260302,4,11,3,50+,Restaurant,76,1,0
2375,20260302,4,12,2,1-9,Snack,97,1,1
2376,20260302,5,14,1,1-9,Bar,55,1,0
2377,20260302,5,14,7,1-9,Bar,75,1,1
2378,20260302,5,15,6,10-49,Hotel,65,1,0
2379,20260302,5,15,2,1-9,Restaurant,70,1,0
2380,20260302,6,16,5,10-49,Snack,76,1,1
2381,20260302,6,18,4,10-49,Snack,60,0,0
2382,20260302,7,19,4,10-49,Restaurant,91,1,1
2383,20260302,7,19,1,1-9,Restaurant,71,1,0
2384,20260302,7,20,2,1-9,Restaurant,84,1,1
2385,20260302,7,20,2,1-9,Restaurant,79,1,1
2386,20260303,1,1,6,10-49,Bar,57,0,0
2387,20260303,1,1,5,10-49,Restaurant,45,0,0
2388,20260303,1,1,5,1-9,Restaurant,33,0,0
2389,20260303,1,2,2,1-9,Restaurant,49,1,0
2390,20260303,3,7,2,10-49,Bar,34,0,0
2391,20260303,3,7,3,10-49,Restaurant,32,0,0
2392,20260303,3,7,3,1-9,Restaurant,7,0,0
2393,20260303,3,7,5,1-9,Bar,18,1,0
2394,20260303,3,8,1,1-9,Bar,34,1,0
2395,20260303,3,9,6,1-9,Bar,57,0,0
2396,20260303,4,10,5,10-49,Bar,38,0,0
2397,20260303,4,10,7,1-9,Restaurant,72,1,1
2398,20260303,4,11,8,10-49,Café,48,0,0
2399,20260303,4,12,3,1-9,Snack,69,1,1
2400,20260303,5,13,2,1-9,Restaurant,69,0,0
2401,20260303,5,13,1,1-9,Bar,73,1,1
2402,20260303,5,13,6,10-49,Café,68,1,1
2403,20260303,5,14,2,1-9,Restaurant,40,1,1
2404,20260303,5,14,8,1-9,Restaurant,100,1,1
2405,20260303,5,15,1,1-9,Restaurant,50,0,0
2406,20260303,6,16,1,1-9,Bar,66,1,1
2407,20260303,6,16,1,1-9,Café,67,1,1
2408,20260303,6,16,4,50+,Restaurant,63,1,1
2409,20260303,6,16,1,1-9,Restaurant,62,1,1
2410,20260303,6,17,5,1-9,Bar,63,1,1
2411,20260303,6,17,2,10-49,Restaurant,64,1,1
2412,20260303,7,20,5,50+,Restaurant,84,1,1
2413,20260303,7,20,2,10-49,Bar,66,1,1
2414,20260304,1,1,1,1-9,Restaurant,60,1,0
2415,20260304,1,2,5,1-9,Restaurant,41,0,0
2416,20260304,1,3,5,10-49,Restaurant,37,0,0
2417,20260304,1,3,6,1-9,Café,59,1,0
2418,20260304,2,4,2,10-49,Bar,79,1,0
2419,20260304,3,7,6,1-9,Restaurant,36,0,0
2420,20260304,3,7,3,10-49,Restaurant,33,1,1
2421,20260304,3,7,8,1-9,Snack,18,0,0
2422,20260304,3,7,4,1-9,Restaurant,31,0,0
2423,20260304,4,10,6,1-9,Restaurant,65,0,0
2424,20260304,4,10,2,1-9,Snack,54,0,0
2425,20260304,4,10,4,1-9,Snack,32,0,0
2426,20260304,4,11,2,1-9,Café,48,1,0
2427,20260304,4,11,4,1-9,Café,28,0,0
2428,20260304,4,11,4,1-9,Restaurant,69,0,0
2429,20260304,4,12,7,10-49,Restaurant,50,1,1
2430,20260304,5,13,1,1-9,Restaurant,53,0,0
2431,20260304,5,13,5,1-9,Bar,62,0,0
2432,20260304,5,13,5,10-49,Restaurant,59,1,0
2433,20260304,5,13,2,1-9,Bar,46,1,1
2434,20260304,6,16,7,10-49,Café,62,1,0
2435,20260304,6,16,1,1-9,Restaurant,63,1,1
2436,20260304,6,17,6,1-9,Bar,88,1,1
2437,20260304,7,19,7,1-9,Restaurant,76,1,1
2438,20260304,7,20,2,50+,Restaurant,70,1,0
2439,20260305,1,1,6,10-49,Restaurant,52,0,0
2440,20260305,1,1,2,1-9,Snack,37,0,0
2441,20260305,1,3,4,50+,Snack,65,1,1
2442,20260305,1,3,7,1-9,Bar,61,1,0
2443,20260305,3,7,5,50+,Bar,44,1,1
2444,20260305,3,7,2,1-9,Bar,43,1,0
2445,20260305,3,7,2,50+,Restaurant,36,1,1
2446,20260305,3,8,7,1-9,Restaurant,20,0,0
2447,20260305,3,9,1,1-9,Restaurant,33,1,0
2448,20260305,4,10,2,1-9,Snack,39,1,0
2449,20260305,4,10,2,10-49,Bar,67,1,1
2450,20260305,4,10,6,1-9,Restaurant,31,0,0
2451,20260305,4,10,5,1-9,Restaurant,37,0,0
2452,20260305,4,10,2,1-9,Restaurant,53,0,0
2453,20260305,4,11,6,1-9,Restaurant,41,0,0
2454,20260305,4,11,1,1-9,Restaurant,35,0,0
2455,20260305,4,12,1,10-49,Café,80,0,0
2456,20260305,5,13,1,1-9,Restaurant,47,0,0
2457,20260305,5,13,5,1-9,Bar,24,0,0
2458,20260305,5,13,1,10-49,Bar,76,1,1
2459,20260305,5,14,1,1-9,Bar,69,1,1
2460,20260305,5,14,5,1-9,Hotel,69,1,0
2461,20260305,5,14,2,1-9,Hotel,59,0,0
2462,20260305,6,16,1,50+,Hotel,95,1,0
2463,20260305,6,16,6,10-49,Restaurant,98,1,0
2464,20260305,6,16,4,1-9,Restaurant,80,1,1
2465,20260305,6,16,7,1-9,Restaurant,69,0,0
2466,20260305,6,17,1,1-9,Hotel,57,0,0
2467,20260305,6,17,3,1-9,Snack,80,1,1
2468,20260305,6,17,2,1-9,Restaurant,55,1,1
2469,20260305,6,17,7,50+,Restaurant,58,1,0
2470,20260305,7,19,1,10-49,Snack,84,1,1
2471,20260306,1,1,6,50+,Restaurant,59,1,1
2472,20260306,1,2,2,10-49,Restaurant,75,0,0
2473,20260306,2,5,3,10-49,Hotel,56,1,1
2474,20260306,3,7,3,1-9,Restaurant,40,0,0
2475,20260306,3,7,6,1-9,Snack,36,0,0
2476,20260306,3,7,2,1-9,Café,13,0,0
2477,20260306,3,7,8,1-9,Café,14,0,0
2478,20260306,3,9,6,10-49,Restaurant,53,0,0
2479,20260306,3,9,3,50+,Café,36,0,0
2480,20260306,4,10,1,10-49,Restaurant,39,0,0
2481,20260306,4,10,5,10-49,Snack,44,1,0
2482,20260306,4,10,4,10-49,Restaurant,81,1,0
2483,20260306,4,11,4,50+,Restaurant,69,1,0
2484,20260306,5,13,3,1-9,Restaurant,55,0,0
2485,20260306,5,13,2,10-49,Restaurant,53,1,1
2486,20260306,5,14,4,10-49,Snack,69,1,0
2487,20260306,6,16,4,10-49,Restaurant,65,0,0
2488,20260306,6,18,2,1-9,Restaurant,55,1,1
2489,20260306,6,18,4,1-9,Bar,64,0,0
2490,20260306,7,20,1,1-9,Café,69,1,0
2491,20260306,7,21,1,10-49,Hotel,100,1,1
2492,20260307,1,1,7,1-9,Restaurant,66,1,0
2493,20260307,3,7,8,1-9,Restaurant,29,1,0
2494,20260307,3,7,4,10-49,Hotel,35,1,0
2495,20260307,3,8,7,1-9,Restaurant,39,0,0
2496,20260307,3,8,2,50+,Restaurant,66,1,0
2497,20260307,3,8,2,10-49,Bar,48,1,0
2498,20260307,3,8,4,1-9,Café,27,0,0
2499,20260307,3,9,3,10-49,Snack,61,0,0
2500,20260307,4,10,7,10-49,Bar,51,0,0
2501,20260307,4,11,2,1-9,Restaurant,51,0,0
2502,20260307,4,12,3,1-9,Restaurant,57,1,0
2503,20260307,5,13,1,10-49,Café,70,1,0
2504,20260307,5,14,4,1-9,Restaurant,38,0,0
2505,20260307,6,17,3,10-49,Restaurant,62,1,1
2506,20260307,6,18,5,1-9,Restaurant,50,0,0
2507,20260308,1,1,6,1-9,Restaurant,39,0,0
2508,20260308,1,2,4,50+,Café,44,1,0
2509,20260308,1,2,2,1-9,Bar,26,0,0
2510,20260308,1,3,8,10-49,Restaurant,35,0,0
2511,20260308,2,6,8,50+,Restaurant,55,0,0
2512,20260308,3,7,3,1-9,Bar,27,0,0
2513,20260308,3,7,6,1-9,Restaurant,18,0,0
2514,20260308,3,7,2,10-49,Restaurant,51,1,0
2515,20260308,3,8,5,10-49,Snack,56,0,0
2516,20260308,3,9,1,10-49,Snack,35,0,0
2517,20260308,4,10,3,1-9,Restaurant,54,0,0
2518,20260308,4,10,6,1-9,Snack,67,0,0
2519,20260308,4,10,5,10-49,Restaurant,63,1,0
2520,20260308,4,11,2,1-9,Restaurant,66,0,0
2521,20260308,4,11,3,1-9,Café,47,1,0
2522,20260308,4,11,1,50+,Restaurant,52,0,0
2523,20260308,4,12,5,1-9,Café,59,0,0
2524,20260308,5,13,1,1-9,Restaurant,35,1,1
2525,20260308,5,13,8,10-49,Hotel,68,1,0
2526,20260308,6,16,7,1-9,Restaurant,67,0,0
2527,20260308,7,21,7,1-9,Restaurant,65,1,0
2528,20260309,1,1,6,10-49,Café,54,0,0
2529,20260309,3,7,5,1-9,Snack,33,1,1
2530,20260309,3,7,1,10-49,Restaurant,46,0,0
2531,20260309,3,7,3,1-9,Restaurant,26,0,0
2532,20260309,3,7,2,1-9,Restaurant,28,0,0
2533,20260309,3,8,1,1-9,Restaurant,27,0,0
2534,20260309,3,8,1,50+,Bar,31,0,0
2535,20260309,3,9,4,1-9,Hotel,34,0,0
2536,20260309,4,10,3,1-9,Bar,29,0,0
2537,20260309,4,11,6,10-49,Restaurant,59,1,0
2538,20260309,4,12,8,10-49,Snack,73,1,1
2539,20260309,5,13,6,1-9,Restaurant,66,0,0
2540,20260309,5,13,8,1-9,Café,28,0,0
2541,20260309,5,13,5,1-9,Restaurant,41,0,0
2542,20260309,5,13,5,1-9,Bar,45,0,0
2543,20260309,5,14,2,1-9,Bar,47,1,0
2544,20260309,5,14,5,10-49,Café,74,0,0
2545,20260309,5,15,6,10-49,Bar,44,0,0
2546,20260309,6,16,2,1-9,Restaurant,64,1,0
2547,20260309,6,16,1,1-9,Snack,43,0,0
2548,20260309,6,17,2,10-49,Hotel,61,0,0
2549,20260309,7,19,1,10-49,Restaurant,79,1,1
2550,20260309,7,21,4,1-9,Snack,85,1,0
2551,20260310,1,1,4,1-9,Café,65,1,0
2552,20260310,1,2,1,1-9,Snack,19,0,0
2553,20260310,2,4,7,50+,Restaurant,78,1,1
2554,20260310,2,4,3,1-9,Café,69,0,0
2555,20260310,3,7,1,1-9,Snack,15,0,0
2556,20260310,3,7,1,1-9,Restaurant,17,0,0
2557,20260310,3,7,5,1-9,Bar,14,0,0
2558,20260310,3,7,6,1-9,Restaurant,11,0,0
2559,20260310,3,8,2,1-9,Restaurant,57,0,0
2560,20260310,4,10,4,1-9,Snack,46,1,1
2561,20260310,4,10,6,1-9,Café,62,0,0
2562,20260310,4,11,6,1-9,Restaurant,64,1,1
2563,20260310,4,11,8,1-9,Snack,37,0,0
2564,20260310,4,11,3,1-9,Café,57,1,1
2565,20260310,4,11,5,1-9,Restaurant,57,1,1
2566,20260310,5,13,7,10-49,Hotel,71,1,0
2567,20260310,5,13,1,10-49,Restaurant,58,1,0
2568,20260310,5,13,1,10-49,Bar,60,1,0
2569,20260310,6,16,5,1-9,Café,59,1,1
2570,20260310,6,17,1,10-49,Restaurant,64,1,0
2571,20260310,6,18,1,1-9,Café,40,1,0
2572,20260310,6,18,3,1-9,Restaurant,70,0,0
2573,20260310,7,19,1,1-9,Hotel,87,1,0
2574,20260310,7,20,4,1-9,Restaurant,57,0,0
2575,20260310,7,20,2,1-9,Café,65,1,1
2576,20260311,1,2,6,1-9,Snack,47,0,0
2577,20260311,1,3,5,1-9,Hotel,76,1,1
2578,20260311,1,3,2,10-49,Café,67,1,1
2579,20260311,3,7,2,50+,Restaurant,36,0,0
2580,20260311,3,0,6,1-9,Café,24,0,0
2581,20260311,3,7,2,10-49,Restaurant,57,1,0
2582,20260311,3,8,6,1-9,Restaurant,33,0,0
2583,20260311,3,8,7,1-9,Snack,28,0,0
2584,20260311,3,9,8,10-49,Snack,34,1,0
2585,20260311,3,9,1,1-9,Snack,36,1,0
2586,20260311,4,10,7,1-9,Bar,41,0,0
2587,20260311,4,11,1,10-49,Restaurant,50,1,0
2588,20260311,5,13,1,1-9,Restaurant,52,1,0
2589,20260311,5,13,1,1-9,Café,61,0,0
2590,20260311,5,13,3,1-9,Hotel,32,0,0
2591,20260311,5,13,2,1-9,Restaurant,62,0,0
2592,20260311,5,13,3,1-9,Restaurant,35,1,0
2593,20260311,5,13,1,10-49,Restaurant,68,1,0
2594,20260311,5,14,4,1-9,Restaurant,71,1,0
2595,20260311,6,16,2,1-9,Bar,37,0,0
2596,20260311,6,16,2,1-9,Restaurant,61,0,0
2597,20260311,6,16,3,10-49,Snack,52,0,0
2598,20260311,6,17,8,1-9,Café,62,0,0
2599,20260311,6,18,2,10-49,Restaurant,42,1,0
2600,20260311,7,20,6,1-9,Bar,64,1,1
2601,20260311,7,20,2,10-49,Restaurant,89,1,0
2602,20260312,1,1,1,1-9,Café,41,1,1
2603,20260312,2,6,1,10-49,Restaurant,71,0,0
2604,20260312,3,7,2,1-9,Restaurant,10,0,0
2605,20260312,3,7,5,10-49,Restaurant,28,0,0
2606,20260312,3,7,2,1-9,Snack,16,0,0
2607,20260312,3,7,3,10-49,Restaurant,,0,0
2608,20260312,3,7,3,1-9,Café,24,0,0
2609,20260312,3,8,4,10-49,Hotel,42,0,0
2610,20260312,3,8,2,1-9,Restaurant,36,0,0
2611,20260312,3,8,3,10-49,Restaurant,32,0,0
2612,20260312,3,8,5,10-49,Restaurant,37,0,0
2613,20260312,3,8,1,10-49,Bar,36,1,0
2614,20260312,3,9,2,1-9,Restaurant,51,0,0
2615,20260312,3,9,4,50+,Restaurant,69,1,0
2616,20260312,3,9,4,10-49,Restaurant,50,0,0
2617,20260312,3,9,1,1-9,Restaurant,49,0,0
2618,20260312,4,10,6,10-49,Bar,39,0,0
2619,20260312,4,10,1,1-9,Bar,44,1,1
2620,20260312,4,10,8,10-49,Restaurant,60,1,0
2621,20260312,4,10,5,10-49,Restaurant,53,0,0
2622,20260312,4,10,8,10-49,Restaurant,58,0,0
2623,20260312,4,10,3,50+,Café,61,1,1
2624,20260312,4,11,8,1-9,Café,47,0,0
2625,20260312,4,12,3,10-49,Restaurant,71,1,0
2626,20260312,5,13,1,1-9,Restaurant,46,0,0
2627,20260312,5,15,2,1-9,Restaurant,61,1,1
2628,20260312,6,18,8,50+,Café,64,1,1
2629,20260312,7,20,2,10-49,Restaurant,80,1,1
2630,20260312,7,20,2,10-49,Restaurant,83,1,0
2631,20260312,7,20,7,10-49,Snack,100,1,0
2632,20260312,7,20,7,50+,Café,85,1,1
2633,20260312,7,21,1,1-9,Café,60,0,0
2634,20260313,1,1,2,1-9,Bar,49,0,0
2635,20260313,1,1,2,10-49,Restaurant,64,0,0
2636,20260313,1,1,1,1-9,Restaurant,58,1,1
2637,20260313,1,2,5,1-9,Snack,68,1,0
2638,20260313,1,2,4,1-9,Bar,47,0,0
2639,20260313,1,3,6,1-9,Bar,53,1,1
2640,20260313,2,6,6,10-49,Snack,56,1,0
2641,20260313,2,6,2,50+,Restaurant,33,0,0
2642,20260313,3,7,1,1-9,Restaurant,31,0,0
2643,20260313,3,7,5,1-9,Snack,8,0,0
2644,20260313,3,7,6,1-9,Restaurant,25,0,0
2645,20260313,3,7,4,1-9,Restaurant,30,0,0
2646,20260313,3,7,1,1-9,Restaurant,0,0,0
2647,20260313,3,7,5,10-49,Café,23,0,0
2648,20260313,3,7,1,1-9,Restaurant,38,0,0
2649,20260313,3,8,1,50+,Restaurant,52,1,1
2650,20260313,3,8,7,10-49,Restaurant,36,0,0
2651,20260313,3,8,3,1-9,Restaurant,29,0,0
2652,20260313,3,9,1,1-9,Bar,51,0,0
2653,20260313,3,9,3,1-9,Restaurant,38,1,1
2654,20260313,4,10,1,10-49,Café,60,0,0
2655,20260313,4,10,1,1-9,Hotel,56,1,0
2656,20260313,4,11,2,1-9,Restaurant,43,0,0
2657,20260313,4,11,3,1-9,Restaurant,41,0,0
2658,20260313,4,11,4,1-9,Snack,67,1,0
2659,20260313,4,11,1,1-9,Hotel,48,0,0
2660,20260313,4,12,8,1-9,Café,52,1,0
2661,20260313,4,12,3,10-49,Bar,44,0,0
2662,20260313,6,18,8,1-9,Bar,64,0,0
2663,20260313,7,20,1,50+,Café,,1,1
2664,20260314,1,2,3,10-49,Café,72,0,0
2665,20260314,1,3,3,10-49,Café,60,1,0
2666,20260314,3,7,7,10-49,Restaurant,34,1,0
2667,20260314,3,7,5,10-49,Bar,0,0,0
2668,20260314,3,8,1,1-9,Restaurant,9,0,0
2669,20260314,4,10,3,10-49,Bar,44,1,0
2670,20260314,4,11,2,10-49,Restaurant,65,1,1
2671,20260314,4,11,1,1-9,Bar,36,0,0
2672,20260314,4,11,5,10-49,Bar,47,0,0
2673,20260314,5,14,5,50+,Restaurant,80,1,1
2674,20260314,5,14,2,1-9,Hotel,48,0,0
2675,20260314,6,16,5,50+,Bar,75,1,1
2676,20260314,6,16,1,50+,Bar,84,1,0
2677,20260314,6,17,2,1-9,Restaurant,73,1,1
2678,20260314,7,20,5,1-9,Bar,85,1,1
2679,20260314,7,20,3,1-9,Café,63,1,0
2680,20260315,1,1,2,1-9,Restaurant,71,1,0
2681,20260315,1,3,4,1-9,Bar,46,0,0
2682,20260315,1,3,1,50+,Snack,71,1,0
2683,20260315,3,7,3,1-9,Restaurant,14,0,0
2684,20260315,3,8,2,1-9,Restaurant,33,0,0
2685,20260315,3,8,2,1-9,Café,26,0,0
2686,20260315,4,10,2,1-9,Snack,57,1,0
2687,20260315,4,11,2,1-9,Snack,45,1,0
2688,20260315,4,11,7,1-9,Hotel,44,1,0
2689,20260315,4,12,1,10-49,Restaurant,87,1,1
2690,20260315,5,13,2,10-49,Restaurant,77,1,1
2691,20260315,5,13,1,10-49,Café,86,1,0
2692,20260315,5,14,8,1-9,Snack,56,0,0
2693,20260315,5,14,1,1-9,Restaurant,58,1,0
2694,20260315,5,15,1,10-49,Restaurant,64,1,0
2695,20260315,6,17,5,1-9,Restaurant,62,1,0
2696,20260315,6,17,2,1-9,Bar,78,1,1
2697,20260315,6,18,7,1-9,Café,55,1,1
2698,20260316,1,1,2,1-9,Restaurant,46,0,0
2699,20260316,1,2,6,10-49,Bar,26,1,0
2700,20260316,2,4,8,50+,Snack,,1,1
2701,20260316,3,7,5,10-49,Snack,18,0,0
2702,20260316,3,7,1,1-9,Bar,27,0,0
2703,20260316,3,7,1,1-9,Restaurant,,0,0
2704,20260316,3,7,5,1-9,Restaurant,35,0,0
2705,20260316,3,8,4,1-9,Snack,11,0,0
2706,20260316,3,8,2,1-9,Hotel,11,0,0
2707,20260316,3,8,2,10-49,Snack,,1,0
2708,20260316,3,9,7,1-9,Bar,52,1,0
2709,20260316,3,9,3,1-9,Snack,39,1,1
2710,20260316,4,10,4,1-9,Snack,41,0,0
2711,20260316,4,11,8,1-9,Bar,57,1,1
2712,20260316,4,11,6,10-49,Restaurant,56,1,1
2713,20260316,4,12,1,1-9,Bar,64,1,1
2714,20260316,5,13,8,1-9,Café,71,1,0
2715,20260316,5,13,2,10-49,Restaurant,78,1,1
2716,20260316,5,15,8,1-9,Snack,48,1,0
2717,20260316,6,17,5,1-9,Café,39,0,0
2718,20260316,6,18,1,10-49,Snack,45,0,0
2719,20260316,7,19,8,1-9,Snack,74,1,1
2720,20260316,7,20,4,10-49,Bar,92,1,1
2721,20260316,7,20,4,10-49,Restaurant,,1,1
2722,20260316,7,21,2,1-9,Restaurant,60,1,1
2723,20260317,2,4,4,50+,Bar,94,1,1
2724,20260317,3,8,7,1-9,Snack,31,1,0
2725,20260317,3,8,7,1-9,Restaurant,20,0,0
2726,20260317,3,8,8,50+,Restaurant,37,0,0
2727,20260317,3,8,1,10-49,Restaurant,40,0,0
2728,20260317,4,10,1,1-9,Snack,30,0,0
2729,20260317,4,10,8,10-49,Bar,39,0,0
2730,20260317,4,11,4,1-9,Restaurant,33,1,1
2731,20260317,5,13,2,1-9,Bar,42,1,1
2732,20260317,5,13,1,1-9,Bar,45,1,1
2733,20260317,5,13,6,1-9,Café,69,0,0
2734,20260317,5,13,1,1-9,Restaurant,53,1,1
2735,20260317,5,13,2,1-9,Restaurant,61,0,0
2736,20260317,6,16,6,10-49,Bar,65,0,0
2737,20260317,6,16,7,50+,Café,88,1,1
2738,20260317,6,17,1,1-9,Restaurant,74,1,1
2739,20260317,6,17,5,10-49,Hotel,68,1,0
2740,20260317,6,18,6,1-9,Restaurant,21,0,0
2741,20260317,6,18,5,1-9,Café,50,1,0
2742,20260317,7,20,2,1-9,Restaurant,92,1,1
2743,20260317,7,21,2,1-9,Restaurant,70,1,1
2744,20260318,1,1,6,10-49,Restaurant,74,1,1
2745,20260318,1,1,6,1-9,Café,77,1,1
2746,20260318,1,2,5,10-49,Restaurant,50,1,1
2747,20260318,1,2,5,10-49,Restaurant,60,1,0
2748,20260318,3,7,3,10-49,Restaurant,23,0,0
2749,20260318,3,7,5,10-49,Restaurant,39,0,0
2750,20260318,3,7,1,1-9,Café,31,0,0
2751,20260318,3,9,1,1-9,Restaurant,34,0,0
2752,20260318,4,11,2,10-49,Restaurant,30,0,0
2753,20260318,4,11,2,10-49,Bar,24,0,0
2754,20260318,4,12,3,1-9,Restaurant,45,0,0
2755,20260318,5,13,6,1-9,Restaurant,65,0,0
2756,20260318,5,13,6,1-9,Hotel,51,1,0
2757,20260318,5,13,1,10-49,Restaurant,52,0,0
2758,20260318,5,13,6,10-49,Restaurant,57,0,0
2759,20260318,6,16,6,1-9,Snack,69,1,0
2760,20260318,6,16,1,1-9,Restaurant,70,1,1
2761,20260318,6,16,1,1-9,Restaurant,47,1,1
2762,20260318,7,19,1,1-9,Café,78,1,0
2763,20260319,1,2,6,10-49,Restaurant,40,0,0
2764,20260319,2,6,8,50+,Restaurant,58,1,0
2765,20260319,3,7,8,1-9,Restaurant,33,0,0
2766,20260319,3,7,5,10-49,Café,44,0,0
2767,20260319,3,7,1,1-9,Snack,19,0,0
2768,20260319,3,8,4,1-9,Restaurant,29,0,0
2769,20260319,3,8,6,50+,Restaurant,41,0,0
2770,20260319,3,8,1,1-9,Restaurant,25,0,0
2771,20260319,3,8,6,50+,Restaurant,61,1,0
2772,20260319,3,9,5,10-49,Café,50,0,0
2773,20260319,4,11,6,1-9,Café,53,0,0
2774,20260319,4,11,3,10-49,Restaurant,43,0,0
2775,20260319,5,13,1,10-49,Snack,70,1,1
2776,20260319,5,13,8,1-9,Restaurant,61,1,1
2777,20260319,5,14,1,10-49,Hotel,41,0,0
2778,20260319,6,18,7,1-9,Restaurant,47,1,0
2779,20260319,7,19,3,10-49,Café,65,1,1
2780,20260319,7,19,5,10-49,Restaurant,100,1,1
2781,20260319,7,20,2,1-9,Hotel,76,1,1
2782,20260319,7,21,1,50+,Café,44,0,0
2783,20260320,1,1,7,10-49,Restaurant,53,1,0
2784,20260320,1,1,2,10-49,Restaurant,57,0,0
2785,20260320,1,1,5,1-9,Snack,59,1,1
2786,20260320,2,6,1,1-9,Restaurant,53,0,0
2787,20260320,3,7,6,50+,Bar,28,0,0
2788,20260320,3,7,7,1-9,Restaurant,25,1,0
2789,20260320,3,9,1,1-9,Bar,44,0,0
2790,20260320,4,10,2,1-9,Restaurant,46,0,0
2791,20260320,4,11,6,1-9,Restaurant,24,0,0
2792,20260320,4,12,6,50+,Restaurant,85,1,1
2793,20260320,5,14,8,10-49,Bar,88,1,0
2794,20260320,5,14,8,10-49,Bar,73,1,1
2795,20260320,6,16,7,10-49,Restaurant,48,0,0
2796,20260320,6,16,5,1-9,Hotel,60,1,1
2797,20260320,6,16,7,50+,Café,81,1,1
2798,20260320,6,17,1,1-9,Restaurant,57,0,0
2799,20260320,7,19,4,10-49,Café,70,0,0
2800,20260320,7,19,1,10-49,Bar,69,1,1
2801,20260320,7,21,7,10-49,Bar,84,1,1
2802,20260320,7,21,2,1-9,Bar,55,0,0
2803,20260321,1,1,1,1-9,Restaurant,33,0,0
2804,20260321,3,7,5,1-9,Hotel,21,0,0
2805,20260321,3,0,1,10-49,Café,11,0,0
2806,20260321,4,10,3,10-49,Restaurant,52,1,1
2807,20260321,4,11,5,1-9,Snack,28,0,0
2808,20260321,4,11,5,10-49,Restaurant,56,0,0
2809,20260321,4,11,8,1-9,Restaurant,71,1,1
2810,20260321,4,12,4,1-9,Restaurant,59,1,1
2811,20260321,5,13,4,1-9,Restaurant,60,1,1
2812,20260321,5,13,7,1-9,Café,60,1,1
2813,20260321,5,14,6,10-49,Bar,51,1,1
2814,20260321,6,16,3,50+,Bar,67,1,1
2815,20260321,6,17,1,1-9,Restaurant,69,1,1
2816,20260321,6,18,2,1-9,Restaurant,37,1,0
2817,20260321,7,20,1,1-9,Restaurant,70,1,0
2818,20260321,7,21,4,1-9,Restaurant,61,1,1
2819,20260322,1,3,3,10-49,Restaurant,70,1,0
2820,20260322,1,3,1,1-9,Bar,63,1,0
2821,20260322,1,3,1,1-9,Café,64,0,0
2822,20260322,2,4,2,1-9,Bar,50,0,0
2823,20260322,3,7,3,1-9,Bar,18,0,0
2824,20260322,3,8,5,1-9,Café,46,1,0
2825,20260322,3,8,2,1-9,Café,3,0,0
2826,20260322,3,9,8,1-9,Restaurant,51,0,0
2827,20260322,4,10,5,10-49,Bar,78,1,1
2828,20260322,4,11,3,10-49,Restaurant,79,0,0
2829,20260322,5,14,6,1-9,Restaurant,64,1,1
2830,20260322,6,16,6,10-49,Bar,41,0,0
2831,20260322,6,16,4,1-9,Restaurant,71,1,1
2832,20260322,6,16,6,1-9,Bar,62,1,0
2833,20260322,6,17,4,1-9,Restaurant,64,0,0
2834,20260322,6,17,2,10-49,Café,86,1,0
2835,20260322,7,21,6,1-9,Restaurant,46,1,1
2836,20260323,1,1,1,10-49,Restaurant,47,0,0
2837,20260323,1,1,3,1-9,Restaurant,53,1,0
2838,20260323,3,7,1,1-9,Bar,5,0,0
2839,20260323,3,7,5,1-9,Restaurant,30,1,0
2840,20260323,3,7,2,10-49,Restaurant,40,0,0
2841,20260323,3,7,2,50+,Restaurant,30,1,0
2842,20260323,3,7,3,1-9,Café,36,0,0
2843,20260323,3,7,2,10-49,Bar,55,1,1
2844,20260323,3,7,3,10-49,Restaurant,53,1,1
2845,20260323,3,7,5,50+,Restaurant,55,1,1
2846,20260323,3,7,7,10-49,Restaurant,46,1,0
2847,20260323,3,7,5,50+,Restaurant,42,0,0
2848,20260323,3,8,8,1-9,Bar,43,1,1
2849,20260323,3,8,2,10-49,Restaurant,46,1,0
2850,20260323,3,8,1,1-9,Hotel,13,0,0
2851,20260323,3,8,2,1-9,Restaurant,53,1,1
2852,20260323,3,9,1,50+,Restaurant,72,1,0
2853,20260323,3,9,8,1-9,Hotel,65,0,0
2854,20260323,4,10,2,1-9,Restaurant,65,0,0
2855,20260323,4,10,1,50+,Restaurant,65,0,0
2856,20260323,4,11,2,10-49,Restaurant,50,0,0
2857,20260323,4,12,7,1-9,Bar,51,1,1
2858,20260323,5,13,1,10-49,Restaurant,83,1,1
2859,20260323,5,14,3,1-9,Restaurant,75,1,1
2860,20260323,5,14,3,10-49,Restaurant,76,1,1
2861,20260323,5,15,2,10-49,Restaurant,74,0,0
2862,20260323,6,17,3,1-9,Restaurant,75,0,0
2863,20260323,6,17,4,1-9,Restaurant,41,1,1
2864,20260323,7,19,5,1-9,Snack,68,1,0
2865,20260323,7,19,5,10-49,Snack,100,1,1
2866,20260323,7,21,2,1-9,Hotel,60,1,1
2867,20260324,2,4,1,50+,Restaurant,56,0,0
2868,20260324,3,7,1,50+,Bar,32,1,0
2869,20260324,3,7,2,1-9,Restaurant,27,0,0
2870,20260324,3,7,8,1-9,Bar,20,0,0
2871,20260324,3,7,8,10-49,Bar,21,0,0
2872,20260324,3,7,5,10-49,Restaurant,27,0,0
2873,20260324,3,7,3,50+,Snack,37,0,0
2874,20260324,3,8,6,1-9,Bar,14,0,0
2875,20260324,3,9,5,10-49,Bar,42,0,0
2876,20260324,3,9,3,1-9,Bar,38,0,0
2877,20260324,4,10,5,1-9,Snack,69,1,1
2878,20260324,4,11,2,10-49,Bar,54,1,0
2879,20260324,4,11,7,1-9,Restaurant,38,0,0
2880,20260324,4,11,1,1-9,Restaurant,51,0,0
2881,20260324,4,12,4,10-49,Café,68,1,0
2882,20260324,5,13,1,10-49,Restaurant,70,0,0
2883,20260324,5,13,5,50+,Restaurant,94,1,1
2884,20260324,5,13,5,50+,Restaurant,67,1,0
2885,20260324,5,13,6,50+,Restaurant,50,0,0
2886,20260324,5,14,3,1-9,Hotel,51,1,1
2887,20260324,5,14,2,50+,Snack,71,1,1
2888,20260324,5,14,6,1-9,Restaurant,85,1,1
2889,20260324,5,14,7,1-9,Bar,63,0,0
2890,20260324,5,14,4,10-49,Restaurant,59,0,0
2891,20260324,6,16,4,10-49,Hotel,57,0,0
2892,20260324,6,16,2,10-49,Snack,63,0,0
2893,20260324,6,18,5,1-9,Restaurant,52,0,0
2894,20260324,7,19,1,1-9,Restaurant,88,1,1
2895,20260324,7,19,5,1-9,Café,53,0,0
2896,20260324,7,20,5,1-9,Hotel,94,1,1
2897,20260324,7,20,1,50+,Bar,90,1,1
2898,20260325,1,2,3,1-9,Restaurant,44,1,0
2899,20260325,1,3,2,1-9,Bar,40,0,0
2900,20260325,1,3,7,1-9,Snack,38,0,0
2901,20260325,1,3,1,1-9,Restaurant,50,0,0
2902,20260325,1,3,4,10-49,Bar,69,1,1
2903,20260325,2,4,1,10-49,Restaurant,75,1,1
2904,20260325,3,7,6,10-49,Snack,38,1,0
2905,20260325,3,7,6,1-9,Restaurant,11,0,0
2906,20260325,3,7,6,1-9,Bar,25,0,0
2907,20260325,3,8,2,1-9,Snack,48,1,0
2908,20260325,3,8,4,50+,Bar,27,0,0
2909,20260325,3,8,3,10-49,Café,32,0,0
2910,20260325,4,10,1,1-9,Restaurant,45,0,0
2911,20260325,4,10,8,50+,Snack,68,0,0
2912,20260325,4,10,1,1-9,Café,67,1,1
2913,20260325,4,11,3,10-49,Restaurant,85,1,1
2914,20260325,4,11,8,1-9,Café,18,0,0
2915,20260325,4,11,5,1-9,Café,41,0,0
2916,20260325,4,12,5,50+,Restaurant,60,0,0
2917,20260325,5,13,4,1-9,Restaurant,56,0,0
2918,20260325,5,13,3,10-49,Restaurant,56,1,0
2919,20260325,5,13,3,1-9,Bar,56,1,0
2920,20260325,6,16,2,10-49,Restaurant,59,1,1
2921,20260325,6,16,5,1-9,Snack,56,0,0
2922,20260325,6,17,6,10-49,Snack,90,1,0
2923,20260325,7,19,2,1-9,Restaurant,84,1,1
2924,20260325,7,20,3,1-9,Bar,56,0,0
2925,20260326,1,2,4,1-9,Bar,55,0,0
2926,20260326,1,2,6,10-49,Café,43,0,0
2927,20260326,3,7,1,1-9,Restaurant,28,0,0
2928,20260326,3,7,1,1-9,Restaurant,16,0,0
2929,20260326,3,7,6,1-9,Snack,12,0,0
2930,20260326,3,7,2,10-49,Snack,67,1,0
2931,20260326,3,8,8,1-9,Bar,21,0,0
2932,20260326,3,8,1,50+,Bar,44,1,0
2933,20260326,3,9,1,1-9,Snack,44,0,0
2934,20260326,4,10,3,10-49,Snack,62,0,0
2935,20260326,4,10,3,1-9,Bar,39,0,0
2936,20260326,4,10,4,1-9,Café,69,1,1
2937,20260326,4,11,2,1-9,Bar,38,0,0
2938,20260326,4,11,2,1-9,Restaurant,40,1,0
2939,20260326,4,11,8,10-49,Bar,72,1,1
2940,20260326,5,13,5,1-9,Restaurant,57,1,1
2941,20260326,5,13,7,10-49,Restaurant,70,1,0
2942,20260326,5,13,1,10-49,Restaurant,56,0,0
2943,20260326,5,13,8,1-9,Café,56,1,0
2944,20260326,5,13,3,10-49,Restaurant,52,1,0
2945,20260326,5,13,3,1-9,Snack,65,1,1
2946,20260326,5,14,6,10-49,Café,73,1,1
2947,20260326,5,15,2,10-49,Restaurant,67,1,1
2948,20260326,7,19,5,1-9,Snack,66,0,0
2949,20260326,7,19,5,1-9,Snack,91,1,1
2950,20260327,1,1,7,10-49,Café,77,0,0
2951,20260327,1,1,1,1-9,Hotel,75,1,1
2952,20260327,3,7,5,50+,Café,25,0,0
2953,20260327,3,7,4,10-49,Café,43,1,0
2954,20260327,3,7,3,1-9,Restaurant,27,0,0
2955,20260327,3,7,1,1-9,Restaurant,25,0,0
2956,20260327,3,7,2,50+,Café,50,0,0
2957,20260327,3,7,2,10-49,Bar,32,0,0
2958,20260327,3,8,5,1-9,Hotel,35,0,0
2959,20260327,3,8,1,50+,Bar,51,1,0
2960,20260327,3,8,6,1-9,Snack,23,0,0
2961,20260327,3,0,5,10-49,Hotel,62,1,1
2962,20260327,4,11,1,10-49,Bar,49,0,0
2963,20260327,5,13,6,10-49,Hotel,71,0,0
2964,20260327,5,13,2,1-9,Restaurant,38,0,0
2965,20260327,5,14,3,10-49,Restaurant,53,1,1
2966,20260327,6,16,7,1-9,Snack,44,1,1
2967,20260327,6,17,1,10-49,Restaurant,58,1,1
2968,20260327,6,17,8,1-9,Restaurant,73,1,1
2969,20260327,6,18,5,1-9,Bar,42,0,0
2970,20260327,7,19,5,1-9,Café,59,1,1
2971,20260327,7,21,1,1-9,Restaurant,90,1,1
2972,20260328,1,1,7,1-9,Snack,55,0,0
2973,20260328,1,1,1,10-49,Café,95,1,0
2974,20260328,3,7,3,50+,Restaurant,40,0,0
2975,20260328,3,7,1,1-9,Café,0,0,0
2976,20260328,3,7,5,1-9,Restaurant,58,0,0
2977,20260328,3,7,3,1-9,Restaurant,11,0,0
2978,20260328,3,7,6,1-9,Restaurant,11,0,0
2979,20260328,3,7,1,10-49,Snack,24,0,0
2980,20260328,3,8,1,10-49,Bar,45,0,0
2981,20260328,3,9,7,10-49,Hotel,40,1,1
2982,20260328,5,13,1,10-49,Restaurant,79,0,0
2983,20260328,5,13,6,1-9,Restaurant,82,1,0
2984,20260328,5,14,6,10-49,Bar,82,1,1
2985,20260328,5,14,7,1-9,Hotel,37,0,0
2986,20260328,6,16,4,10-49,Restaurant,45,1,1
2987,20260328,6,17,3,10-49,Snack,71,1,1
2988,20260328,6,17,7,50+,Café,76,1,1
2989,20260328,6,18,3,1-9,Bar,62,1,1
2990,20260328,7,20,5,10-49,Restaurant,78,1,1
2991,20260328,7,21,5,10-49,Restaurant,67,1,0
2992,20260329,1,1,1,1-9,Restaurant,,1,1
2993,20260329,3,7,2,1-9,Restaurant,40,0,0
2994,20260329,3,7,3,10-49,Restaurant,21,0,0
2995,20260329,3,7,6,1-9,Café,37,1,0
2996,20260329,3,8,8,1-9,Bar,53,1,0
2997,20260329,3,8,5,1-9,Restaurant,23,0,0
2998,20260329,3,9,4,10-49,Snack,59,0,0
2999,20260329,4,10,5,1-9,Restaurant,62,0,0
3000,20260329,4,10,4,10-49,Bar,65,0,0
3001,20260329,4,10,1,10-49,Bar,76,1,1
3002,20260329,4,10,5,10-49,Snack,44,0,0
3003,20260329,4,11,3,1-9,Snack,39,0,0
3004,20260329,4,12,7,1-9,Restaurant,43,0,0
3005,20260329,5,13,5,10-49,Restaurant,65,1,1
3006,20260329,5,13,4,10-49,Restaurant,77,1,1
3007,20260329,5,13,7,1-9,Restaurant,53,0,0
3008,20260329,6,16,4,1-9,Restaurant,94,1,1
3009,20260329,6,17,6,10-49,Bar,74,1,1
3010,20260329,6,18,6,1-9,Restaurant,53,1,1
3011,20260329,7,21,5,1-9,Bar,50,0,0
3012,20260330,1,1,4,1-9,Snack,47,0,0
3013,20260330,1,2,1,1-9,Restaurant,58,1,1
3014,20260330,1,3,6,50+,Hotel,78,1,1
3015,20260330,3,7,1,1-9,Restaurant,36,0,0
3016,20260330,3,7,6,10-49,Restaurant,29,1,0
3017,20260330,3,7,1,10-49,Snack,46,1,0
3018,20260330,3,7,7,1-9,Hotel,4,0,0
3019,20260330,3,7,2,1-9,Restaurant,17,0,0
3020,20260330,3,7,1,10-49,Bar,35,0,0
3021,20260330,3,8,5,10-49,Restaurant,50,0,0
3022,20260330,3,8,7,1-9,Hotel,33,0,0
3023,20260330,3,9,1,1-9,Snack,36,1,0
3024,20260330,4,10,4,50+,Bar,74,1,0
3025,20260330,4,10,1,50+,Restaurant,64,1,1
3026,20260330,4,11,3,1-9,Snack,74,1,1
3027,20260330,4,11,4,50+,Hotel,35,0,0
3028,20260330,4,11,1,1-9,Café,43,0,0
3029,20260330,4,12,5,10-49,Snack,68,0,0
3030,20260330,4,12,4,10-49,Restaurant,86,1,0
3031,20260330,4,12,3,1-9,Bar,74,1,0
3032,20260330,5,13,1,50+,Bar,66,0,0
3033,20260330,5,13,7,10-49,Restaurant,47,0,0
3034,20260330,5,15,3,1-9,Restaurant,57,1,0
3035,20260330,6,16,1,1-9,Restaurant,81,1,1
3036,20260330,6,16,1,1-9,Restaurant,61,1,0
3037,20260330,6,17,8,10-49,Snack,54,0,0
3038,20260330,6,17,6,1-9,Restaurant,71,1,1
3039,20260330,6,18,1,1-9,Bar,54,0,0
3040,20260330,6,18,2,10-49,Bar,52,0,0
3041,20260330,7,20,5,1-9,Bar,66,1,1
3042,20260330,7,21,2,50+,Café,87,1,1
3043,20260330,7,21,3,1-9,Restaurant,84,1,0
3044,20260331,1,1,3,10-49,Restaurant,61,1,1
3045,20260331,1,2,3,1-9,Snack,52,0,0
3046,20260331,1,2,2,1-9,Snack,50,0,0
3047,20260331,3,7,4,1-9,Bar,29,0,0
3048,20260331,3,7,7,1-9,Restaurant,8,0,0
3049,20260331,3,7,7,10-49,Snack,44,0,0
3050,20260331,3,7,1,1-9,Hotel,12,0,0
3051,20260331,3,7,8,1-9,Café,20,0,0
3052,20260331,3,7,3,10-49,Restaurant,36,1,1
3053,20260331,3,8,5,50+,Restaurant,43,0,0
3054,20260331,3,9,4,1-9,Café,34,1,0
3055,20260331,3,9,4,1-9,Restaurant,,0,0
3056,20260331,4,10,1,1-9,Café,68,1,1
3057,20260331,4,10,4,50+,Restaurant,66,1,0
3058,20260331,4,10,5,1-9,Bar,66,1,1
3059,20260331,4,11,8,10-49,Bar,55,1,1
3060,20260331,5,13,3,10-49,Bar,44,1,1
3061,20260331,5,14,1,1-9,Restaurant,56,1,0
3062,20260331,6,16,1,1-9,Snack,52,0,0
3063,20260331,6,16,1,1-9,Restaurant,46,0,0
3064,20260331,6,16,8,1-9,Snack,61,1,0
3065,20260331,6,16,3,10-49,Hotel,47,1,0
3066,20260331,6,17,5,10-49,Bar,46,1,0
3067,20260331,6,17,7,1-9,Snack,71,1,1
3068,20260331,6,18,3,1-9,Restaurant,49,0,0
3069,20260331,7,19,8,10-49,Snack,78,1,1
3070,20260331,7,19,7,1-9,Bar,94,1,1
3071,20260331,7,20,6,1-9,Snack,90,1,1
3072,20260331,7,21,5,1-9,Snack,68,0,0
3073,20260401,1,2,2,10-49,Bar,56,1,0
3074,20260401,3,7,1,1-9,Restaurant,12,0,0
3075,20260401,3,7,7,1-9,Snack,39,1,0
3076,20260401,3,7,5,50+,Snack,27,0,0
3077,20260401,3,7,6,10-49,Restaurant,29,0,0
3078,20260401,3,7,3,1-9,Bar,14,0,0
3079,20260401,3,7,6,50+,Restaurant,44,0,0
3080,20260401,3,7,2,1-9,Snack,28,0,0
3081,20260401,3,7,1,1-9,Restaurant,17,0,0
3082,20260401,3,7,2,1-9,Restaurant,39,1,0
3083,20260401,3,7,2,1-9,Hotel,32,0,0
3084,20260401,3,7,2,10-49,Bar,26,0,0
3085,20260401,3,7,3,10-49,Restaurant,22,0,0
3086,20260401,3,8,4,10-49,Restaurant,15,0,0
3087,20260401,3,9,5,10-49,Restaurant,65,0,0
3088,20260401,4,10,3,10-49,Restaurant,46,0,0
3089,20260401,4,10,5,1-9,Bar,38,1,0
3090,20260401,4,10,5,1-9,Café,79,0,0
3091,20260401,4,11,1,1-9,Bar,44,1,0
3092,20260401,4,11,7,10-49,Snack,72,1,1
3093,20260401,4,11,7,50+,Bar,92,1,1
3094,20260401,4,12,5,1-9,Restaurant,79,1,0
3095,20260401,5,13,4,1-9,Restaurant,55,0,0
3096,20260401,6,16,5,1-9,Restaurant,56,0,0
3097,20260401,6,17,1,1-9,Restaurant,57,1,1
3098,20260401,6,18,7,50+,Bar,50,0,0
3099,20260401,6,18,8,1-9,Bar,51,0,0
3100,20260401,7,19,1,1-9,Bar,70,1,1
3101,20260401,7,19,5,1-9,Bar,73,0,0
3102,20260401,7,19,8,1-9,Bar,64,1,0
3103,20260401,7,21,8,10-49,Restaurant,61,1,1
3104,20260402,1,1,4,10-49,Restaurant,61,1,0
3105,20260402,1,1,6,10-49,Bar,67,1,1
3106,20260402,3,7,8,1-9,Restaurant,15,0,0
3107,20260402,3,0,2,1-9,Snack,38,1,0
3108,20260402,3,7,6,1-9,Bar,6,0,0
3109,20260402,3,7,7,1-9,Restaurant,39,0,0
3110,20260402,3,7,7,1-9,Bar,31,0,0
3111,20260402,3,7,2,50+,Bar,42,0,0
3112,20260402,3,8,7,1-9,Restaurant,47,1,0
3113,20260402,4,10,1,10-49,Hotel,44,0,0
3114,20260402,4,10,3,1-9,Snack,35,1,0
3115,20260402,4,10,1,1-9,Restaurant,28,0,0
3116,20260402,4,11,6,1-9,Restaurant,28,0,0
3117,20260402,4,12,7,50+,Bar,83,0,0
3118,20260402,4,12,5,1-9,Bar,84,1,1
3119,20260402,5,13,2,1-9,Hotel,62,1,0
3120,20260402,5,13,7,1-9,Restaurant,51,0,0
3121,20260402,5,13,4,10-49,Restaurant,66,1,1
3122,20260402,5,13,4,10-49,Restaurant,66,1,1
3123,20260402,5,14,4,10-49,Bar,57,1,1
3124,20260402,6,17,2,10-49,Bar,74,1,1
3125,20260402,6,17,2,1-9,Snack,78,0,0
3126,20260402,6,17,1,1-9,Restaurant,66,1,1
3127,20260402,6,17,2,1-9,Restaurant,49,1,1
3128,20260402,6,18,5,1-9,Hotel,47,0,0
3129,20260402,7,19,6,1-9,Restaurant,46,0,0
3130,20260402,7,19,1,1-9,Bar,53,0,0
3131,20260402,7,19,3,10-49,Restaurant,78,0,0
3132,20260403,1,2,1,1-9,Bar,30,0,0
3133,20260403,2,5,8,10-49,Restaurant,65,0,0
3134,20260403,3,7,2,1-9,Restaurant,16,0,0
3135,20260403,3,7,3,50+,Restaurant,29,0,0
3136,20260403,3,7,1,1-9,Restaurant,28,1,0
3137,20260403,3,7,2,1-9,Bar,22,0,0
3138,20260403,3,7,5,1-9,Restaurant,33,1,1
3139,20260403,3,8,3,10-49,Café,44,1,0
3140,20260403,3,8,2,1-9,Snack,15,0,0
3141,20260403,3,8,3,1-9,Bar,19,0,0
3142,20260403,3,0,2,10-49,Snack,26,0,0
3143,20260403,4,10,1,10-49,Restaurant,83,1,0
3144,20260403,4,11,1,10-49,Restaurant,45,1,0
3145,20260403,5,13,1,10-49,Restaurant,79,0,0
3146,20260403,5,13,8,10-49,Restaurant,58,1,1
3147,20260403,5,13,4,1-9,Snack,30,0,0
3148,20260403,5,14,6,1-9,Restaurant,71,0,0
3149,20260403,5,15,1,50+,Restaurant,91,1,1
3150,20260403,6,16,5,1-9,Bar,37,0,0
3151,20260403,6,16,2,1-9,Hotel,70,1,1
3152,20260403,6,16,2,1-9,Restaurant,32,0,0
3153,20260403,6,18,7,1-9,Snack,44,0,0
3154,20260403,6,18,3,10-49,Bar,58,0,0
3155,20260403,7,20,5,1-9,Hotel,87,1,0
3156,20260403,7,21,1,1-9,Restaurant,94,1,1
3157,20260403,7,21,2,1-9,Bar,60,1,1
3158,20260403,7,21,8,50+,Restaurant,82,1,1
3159,20260404,1,1,1,1-9,Restaurant,54,1,1
3160,20260404,1,1,1,1-9,Hotel,45,0,0
3161,20260404,3,7,8,1-9,Bar,0,0,0
3162,20260404,3,7,4,10-49,Restaurant,14,0,0
3163,20260404,3,7,5,10-49,Bar,27,0,0
3164,20260404,3,7,8,1-9,Restaurant,17,0,0
3165,20260404,3,7,5,1-9,Restaurant,22,0,0
3166,20260404,3,7,6,10-49,Hotel,27,0,0
3167,20260404,3,8,5,10-49,Restaurant,56,1,0
3168,20260404,3,8,4,1-9,Restaurant,33,1,0
3169,20260404,3,9,1,50+,Snack,38,1,0
3170,20260404,3,9,1,1-9,Bar,53,0,0
3171,20260404,4,11,7,1-9,Snack,24,0,0
3172,20260404,4,12,4,10-49,Bar,99,1,0
3173,20260404,4,12,6,10-49,Restaurant,32,0,0
3174,20260404,5,13,8,1-9,Bar,68,1,1
3175,20260404,5,14,3,1-9,Restaurant,43,0,0
3176,20260404,5,15,3,10-49,Café,70,1,1
3177,20260404,6,16,1,1-9,Bar,50,1,1
3178,20260404,6,16,1,1-9,Restaurant,57,0,0
3179,20260404,6,18,4,1-9,Café,58,0,0
3180,20260404,7,19,6,10-49,Restaurant,66,1,0
3181,20260404,7,20,1,10-49,Restaurant,60,0,0
3182,20260404,7,20,2,10-49,Bar,74,0,0
3183,20260405,3,7,5,10-49,Restaurant,29,1,0
3184,20260405,3,7,5,1-9,Hotel,12,0,0
3185,20260405,3,7,2,1-9,Restaurant,33,0,0
3186,20260405,3,8,4,1-9,Restaurant,46,1,0
3187,20260405,3,9,6,10-49,Hotel,52,1,1
3188,20260405,4,10,6,1-9,Snack,79,1,1
3189,20260405,4,10,7,1-9,Bar,55,0,0
3190,20260405,4,11,2,1-9,Café,,0,0
3191,20260405,4,11,7,1-9,Snack,59,1,0
3192,20260405,4,11,2,10-49,Restaurant,54,1,1
3193,20260405,4,12,3,1-9,Café,54,0,0
3194,20260405,4,12,6,1-9,Restaurant,28,1,0
3195,20260405,4,12,1,10-49,Restaurant,62,1,1
3196,20260405,5,13,4,1-9,Snack,54,0,0
3197,20260405,6,17,3,1-9,Restaurant,75,0,0
3198,20260405,6,18,1,10-49,Bar,66,1,0
3199,20260405,6,18,2,1-9,Restaurant,57,1,1
3200,20260405,7,19,5,1-9,Bar,61,0,0
3201,20260405,7,19,3,1-9,Café,47,1,1
3202,20260406,2,6,4,10-49,Café,40,1,1
3203,20260406,3,7,8,10-49,Restaurant,29,0,0
3204,20260406,3,7,1,10-49,Restaurant,28,0,0
3205,20260406,3,7,8,10-49,Bar,0,0,0
3206,20260406,3,7,2,10-49,Snack,25,0,0
3207,20260406,3,7,7,1-9,Restaurant,26,1,1
3208,20260406,3,8,1,50+,Restaurant,30,0,0
3209,20260406,3,9,8,1-9,Restaurant,55,0,0
3210,20260406,4,10,1,1-9,Snack,55,1,1
3211,20260406,4,10,2,1-9,Restaurant,36,0,0
3212,20260406,4,11,6,10-49,Snack,51,0,0
3213,20260406,4,11,4,1-9,Restaurant,55,0,0
3214,20260406,5,14,5,1-9,Café,67,1,1
3215,20260406,5,15,4,1-9,Snack,48,0,0
3216,20260406,6,16,3,50+,Bar,75,1,1
3217,20260406,6,16,7,10-49,Restaurant,73,1,1
3218,20260406,6,16,5,1-9,Restaurant,46,1,1
3219,20260406,6,16,6,10-49,Snack,63,1,0
3220,20260406,6,16,5,10-49,Snack,72,1,0
3221,20260406,6,17,1,1-9,Café,78,1,1
3222,20260406,6,17,3,1-9,Hotel,62,0,0
3223,20260406,6,17,1,1-9,Restaurant,39,1,1
3224,20260406,7,20,5,10-49,Restaurant,74,1,0
3225,20260407,1,1,1,10-49,Restaurant,76,0,0
3226,20260407,1,2,8,1-9,Café,38,0,0
3227,20260407,2,5,3,50+,Restaurant,99,1,1
3228,20260407,3,7,6,10-49,Café,52,0,0
3229,20260407,3,7,3,50+,Restaurant,33,1,0
3230,20260407,3,7,2,1-9,Café,13,0,0
3231,20260407,3,7,8,1-9,Snack,45,0,0
3232,20260407,3,7,7,10-49,Hotel,21,0,0
3233,20260407,3,7,1,50+,Restaurant,48,1,0
3234,20260407,3,8,5,1-9,Bar,31,0,0
3235,20260407,3,8,8,1-9,Café,31,0,0
3236,20260407,3,8,1,1-9,Restaurant,38,1,1
3237,20260407,3,8,1,1-9,Restaurant,36,0,0
3238,20260407,3,9,7,10-49,Snack,48,1,0
3239,20260407,4,11,2,1-9,Café,30,0,0
3240,20260407,4,11,1,10-49,Restaurant,50,0,0
3241,20260407,4,12,6,1-9,Café,52,0,0
3242,20260407,4,12,6,50+,Café,85,1,1
3243,20260407,4,12,7,1-9,Café,49,0,0
3244,20260407,4,12,8,1-9,Restaurant,63,1,0
3245,20260407,5,13,1,50+,Restaurant,82,1,0
3246,20260407,5,13,2,1-9,Café,78,1,0
3247,20260407,5,13,8,1-9,Bar,75,1,0
3248,20260407,5,13,4,1-9,Snack,66,1,1
3249,20260407,5,13,1,50+,Snack,,1,1
3250,20260407,5,13,1,50+,Café,64,1,0
3251,20260407,5,14,1,1-9,Restaurant,57,1,1
3252,20260407,5,15,1,1-9,Restaurant,60,1,0
3253,20260407,5,15,2,1-9,Restaurant,66,1,0
3254,20260407,6,16,6,1-9,Café,57,1,1
3255,20260407,6,16,1,1-9,Bar,50,1,0
3256,20260407,6,17,2,10-49,Bar,86,1,1
3257,20260407,6,18,5,10-49,Hotel,87,1,1
3258,20260407,6,18,5,1-9,Snack,80,1,0
3259,20260407,7,19,3,10-49,Restaurant,71,0,0
3260,20260407,7,19,6,10-49,Restaurant,66,1,0
3261,20260407,7,19,1,1-9,Restaurant,43,0,0
3262,20260407,7,21,7,1-9,Bar,53,1,1
3263,20260408,1,1,1,1-9,Café,44,1,1
3264,20260408,1,1,7,1-9,Café,67,1,1
3265,20260408,1,3,7,10-49,Snack,52,0,0
3266,20260408,3,7,7,1-9,Snack,14,0,0
3267,20260408,3,8,7,10-49,Restaurant,30,0,0
3268,20260408,3,8,7,10-49,Café,55,0,0
3269,20260408,3,9,1,10-49,Café,48,0,0
3270,20260408,4,10,6,10-49,Restaurant,75,1,1
3271,20260408,4,10,3,10-49,Bar,51,1,0
3272,20260408,4,10,1,50+,Snack,79,1,1
3273,20260408,4,11,5,1-9,Snack,50,0,0
3274,20260408,4,11,2,1-9,Café,15,0,0
3275,20260408,5,13,3,10-49,Restaurant,31,0,0
3276,20260408,5,14,6,10-49,Restaurant,71,1,1
3277,20260408,6,16,2,1-9,Restaurant,44,1,1
3278,20260408,6,16,4,1-9,Restaurant,56,1,0
3279,20260408,6,18,5,1-9,Bar,72,0,0
3280,20260408,6,18,5,1-9,Restaurant,51,0,0
3281,20260408,6,18,8,1-9,Hotel,48,0,0
3282,20260408,7,19,4,1-9,Restaurant,70,1,1
3283,20260408,7,19,6,10-49,Restaurant,99,1,1
3284,20260408,7,19,5,10-49,Snack,67,1,1
3285,20260409,1,1,7,10-49,Bar,50,1,0
3286,20260409,1,3,5,1-9,Restaurant,43,0,0
3287,20260409,1,3,3,1-9,Restaurant,34,1,0
3288,20260409,1,3,1,1-9,Restaurant,68,1,1
3289,20260409,3,7,6,1-9,Restaurant,34,0,0
3290,20260409,3,7,4,10-49,Bar,44,0,0
3291,20260409,3,7,4,1-9,Hotel,57,1,0
3292,20260409,3,7,2,10-49,Café,20,1,0
3293,20260409,3,7,3,1-9,Bar,23,0,0
3294,20260409,3,7,3,1-9,Snack,34,0,0
3295,20260409,3,8,8,50+,Bar,28,0,0
3296,20260409,4,10,4,10-49,Restaurant,51,0,0
3297,20260409,4,10,4,1-9,Restaurant,37,1,1
3298,20260409,4,11,6,1-9,Snack,49,0,0
3299,20260409,4,12,1,1-9,Snack,69,0,0
3300,20260409,5,13,5,50+,Restaurant,62,1,1
3301,20260409,5,13,3,1-9,Snack,64,0,0
3302,20260409,5,13,1,1-9,Restaurant,59,1,1
3303,20260409,5,14,4,50+,Restaurant,71,1,1
3304,20260409,5,14,5,1-9,Bar,62,0,0
3305,20260409,5,15,1,50+,Restaurant,63,1,1
3306,20260409,6,16,1,1-9,Snack,36,0,0
3307,20260409,6,16,4,1-9,Bar,59,1,1
3308,20260409,6,16,1,10-49,Restaurant,82,1,1
3309,20260409,6,17,6,10-49,Restaurant,77,1,1
3310,20260409,6,17,1,1-9,Café,64,1,0
3311,20260409,6,17,1,1-9,Restaurant,76,0,0
3312,20260409,6,17,6,1-9,Hotel,60,1,1
3313,20260409,6,18,1,1-9,Restaurant,45,0,0
3314,20260409,6,18,2,10-49,Restaurant,65,1,1
3315,20260409,6,18,6,50+,Bar,69,1,0
3316,20260409,7,20,4,10-49,Bar,65,1,1
3317,20260410,1,1,2,1-9,Bar,47,1,0
3318,20260410,1,1,1,1-9,Restaurant,37,0,0
3319,20260410,1,1,3,1-9,Restaurant,61,0,0
3320,20260410,1,1,1,10-49,Snack,71,0,0
3321,20260410,1,2,1,1-9,Restaurant,50,0,0
3322,20260410,2,4,2,10-49,Bar,58,0,0
3323,20260410,2,6,4,50+,Restaurant,42,0,0
3324,20260410,3,7,8,1-9,Bar,5,0,0
3325,20260410,3,7,2,1-9,Café,23,0,0
3326,20260410,3,7,1,1-9,Hotel,17,0,0
3327,20260410,3,7,7,10-49,Hotel,26,0,0
3328,20260410,3,7,1,1-9,Bar,13,0,0
3329,20260410,3,7,5,10-49,Café,24,1,0
3330,20260410,3,8,5,10-49,Restaurant,43,1,0
3331,20260410,3,8,5,10-49,Snack,55,1,0
3332,20260410,3,8,6,1-9,Bar,3,0,0
3333,20260410,3,8,7,10-49,Café,19,0,0
3334,20260410,4,10,8,10-49,Restaurant,41,1,0
3335,20260410,4,10,5,1-9,Snack,39,0,0
3336,20260410,4,10,6,10-49,Restaurant,48,0,0
3337,20260410,4,10,4,1-9,Restaurant,48,0,0
3338,20260410,4,11,7,10-49,Snack,46,0,0
3339,20260410,4,11,1,1-9,Restaurant,41,0,0
3340,20260410,4,11,8,1-9,Snack,45,0,0
3341,20260410,4,12,7,10-49,Café,59,1,1
3342,20260410,4,12,8,10-49,Café,72,1,1
3343,20260410,5,13,1,1-9,Restaurant,55,1,1
3344,20260410,5,13,6,10-49,Bar,51,1,0
3345,20260410,6,17,2,10-49,Restaurant,66,1,0
3346,20260410,6,17,2,1-9,Restaurant,68,0,0
3347,20260410,6,17,3,10-49,Restaurant,81,0,0
3348,20260410,6,18,2,1-9,Café,80,1,1
3349,20260410,6,18,3,1-9,Restaurant,65,1,1
3350,20260410,7,20,5,1-9,Restaurant,69,1,0
3351,20260410,7,20,1,10-49,Bar,70,1,1
3352,20260410,7,21,1,1-9,Restaurant,88,1,1
3353,20260411,1,1,7,1-9,Restaurant,53,0,0
3354,20260411,1,3,1,10-49,Restaurant,52,0,0
3355,20260411,3,7,8,1-9,Snack,11,0,0
3356,20260411,3,7,5,1-9,Restaurant,19,0,0
3357,20260411,3,7,2,1-9,Restaurant,17,0,0
3358,20260411,3,8,1,10-49,Bar,21,0,0
3359,20260411,4,10,7,10-49,Restaurant,49,1,1
3360,20260411,4,11,8,1-9,Restaurant,41,1,0
3361,20260411,5,13,2,1-9,Restaurant,61,0,0
3362,20260411,5,13,3,1-9,Café,51,1,0
3363,20260411,5,14,2,10-49,Restaurant,54,1,0
3364,20260411,5,15,3,10-49,Bar,78,1,0
3365,20260411,6,16,2,10-49,Restaurant,76,1,0
3366,20260411,6,17,3,1-9,Snack,27,0,0
3367,20260412,1,1,5,1-9,Restaurant,55,1,0
3368,20260412,1,1,2,1-9,Restaurant,48,1,0
3369,20260412,1,3,3,1-9,Hotel,61,0,0
3370,20260412,3,7,5,1-9,Snack,19,0,0
3371,20260412,3,8,4,1-9,Hotel,28,0,0
3372,20260412,3,8,2,1-9,Hotel,26,0,0
3373,20260412,3,9,1,1-9,Bar,46,0,0
3374,20260412,3,9,2,1-9,Restaurant,52,0,0
3375,20260412,4,10,1,1-9,Café,58,0,0
3376,20260412,4,10,7,1-9,Bar,55,1,1
3377,20260412,4,10,8,1-9,Bar,34,0,0
3378,20260412,4,11,1,10-49,Restaurant,55,0,0
3379,20260412,4,11,2,1-9,Restaurant,27,0,0
3380,20260412,4,11,3,10-49,Snack,74,1,1
3381,20260412,5,13,1,10-49,Bar,59,0,0
3382,20260412,5,14,1,1-9,Restaurant,64,0,0
3383,20260412,5,15,5,10-49,Restaurant,56,0,0
3384,20260412,6,16,1,1-9,Hotel,44,0,0
3385,20260412,6,17,2,10-49,Restaurant,66,0,0
3386,20260412,6,17,1,1-9,Restaurant,61,1,1
3387,20260412,6,17,6,1-9,Bar,60,1,0
3388,20260412,7,19,4,1-9,Restaurant,74,1,1
3389,20260412,7,20,6,1-9,Bar,73,1,1
3390,20260413,1,2,8,10-49,Bar,50,0,0
3391,20260413,1,3,1,1-9,Restaurant,68,0,0
3392,20260413,3,7,8,10-49,Bar,29,0,0
3393,20260413,3,7,1,10-49,Restaurant,39,0,0
3394,20260413,3,7,2,1-9,Café,15,0,0
3395,20260413,3,7,3,1-9,Café,41,0,0
3396,20260413,3,8,2,10-49,Café,46,1,0
3397,20260413,3,0,7,1-9,Restaurant,37,0,0
3398,20260413,3,9,1,1-9,Restaurant,40,1,0
3399,20260413,4,10,3,1-9,Restaurant,35,1,1
3400,20260413,4,10,3,50+,Hotel,77,1,0
3401,20260413,4,11,3,10-49,Restaurant,59,0,0
3402,20260413,4,11,4,1-9,Restaurant,52,0,0
3403,20260413,4,11,6,1-9,Snack,54,1,0
3404,20260413,4,12,1,1-9,Restaurant,69,0,0
3405,20260413,5,14,6,1-9,Café,74,1,0
3406,20260413,5,14,7,1-9,Restaurant,59,1,1
3407,20260413,5,14,3,1-9,Bar,51,1,1
3408,20260413,6,16,1,1-9,Restaurant,39,0,0
3409,20260413,6,16,2,1-9,Restaurant,63,0,0
3410,20260413,6,17,8,1-9,Hotel,79,1,1
3411,20260413,6,18,2,1-9,Restaurant,29,0,0
3412,20260413,7,19,6,50+,Snack,76,0,0
3413,20260413,7,21,4,50+,Restaurant,77,1,0
3414,20260413,7,21,1,10-49,Hotel,92,1,1
3415,20260414,1,3,3,10-49,Restaurant,79,0,0
3416,20260414,3,7,2,10-49,Restaurant,42,0,0
3417,20260414,3,8,3,10-49,Snack,53,1,1
3418,20260414,3,9,1,1-9,Café,48,1,1
3419,20260414,3,9,1,50+,Restaurant,15,1,0
3420,20260414,3,9,6,1-9,Bar,50,0,0
3421,20260414,4,10,3,10-49,Bar,64,1,1
3422,20260414,4,10,3,10-49,Restaurant,48,1,1
3423,20260414,4,10,3,10-49,Restaurant,63,1,1
3424,20260414,4,10,2,1-9,Restaurant,43,0,0
3425,20260414,4,11,8,1-9,Hotel,45,0,0
3426,20260414,4,11,4,10-49,Café,71,1,1
3427,20260414,4,12,2,10-49,Restaurant,73,1,0
3428,20260414,5,15,3,10-49,Snack,56,1,0
3429,20260414,6,16,4,1-9,Restaurant,68,1,1
3430,20260414,6,16,3,1-9,Bar,59,1,1
3431,20260414,6,17,8,10-49,Restaurant,63,1,0
3432,20260414,6,18,6,1-9,Restaurant,36,0,0
3433,20260414,7,19,7,1-9,Restaurant,55,0,0
3434,20260414,7,19,6,1-9,Restaurant,66,0,0
3435,20260414,7,19,6,1-9,Snack,53,1,0
3436,20260414,7,21,7,1-9,Restaurant,46,0,0
3437,20260414,7,21,8,1-9,Restaurant,,1,1
3438,20260414,7,21,1,1-9,Hotel,52,1,1
3439,20260414,7,21,2,1-9,Restaurant,78,1,0
3440,20260415,1,2,8,1-9,Snack,31,0,0
3441,20260415,1,2,3,1-9,Bar,30,0,0
3442,20260415,1,3,1,1-9,Restaurant,33,1,1
3443,20260415,1,3,1,10-49,Snack,59,0,0
3444,20260415,2,5,6,50+,Restaurant,56,0,0
3445,20260415,3,7,7,10-49,Bar,48,1,0
3446,20260415,3,7,1,1-9,Bar,32,0,0
3447,20260415,3,7,1,1-9,Snack,25,0,0
3448,20260415,3,8,8,1-9,Snack,,0,0
3449,20260415,3,8,2,10-49,Bar,21,0,0
3450,20260415,3,8,3,50+,Bar,37,0,0
3451,20260415,3,8,8,1-9,Bar,23,0,0
3452,20260415,3,8,7,10-49,Restaurant,40,1,0
3453,20260415,4,12,2,1-9,Snack,49,0,0
3454,20260415,4,12,1,1-9,Restaurant,53,0,0
3455,20260415,5,13,4,1-9,Bar,64,0,0
3456,20260415,5,13,2,1-9,Snack,78,1,1
3457,20260415,5,14,8,1-9,Café,53,0,0
3458,20260415,5,14,1,1-9,Bar,46,1,1
3459,20260415,6,17,5,10-49,Bar,91,1,1
3460,20260415,6,17,5,10-49,Café,74,0,0
3461,20260415,6,18,6,10-49,Snack,48,1,1
3462,20260415,7,19,4,1-9,Café,65,1,1
3463,20260415,7,20,3,1-9,Restaurant,89,1,1
3464,20260416,1,1,6,10-49,Restaurant,43,1,0
3465,20260416,1,1,1,1-9,Bar,38,0,0
3466,20260416,2,6,7,1-9,Restaurant,70,1,1
3467,20260416,3,7,7,1-9,Bar,21,0,0
3468,20260416,3,7,4,1-9,Bar,33,0,0
3469,20260416,3,7,2,10-49,Restaurant,54,0,0
3470,20260416,3,8,2,1-9,Bar,26,0,0
3471,20260416,3,8,4,1-9,Restaurant,39,0,0
3472,20260416,3,9,5,1-9,Restaurant,29,0,0
3473,20260416,4,10,1,1-9,Bar,54,0,0
3474,20260416,4,10,6,10-49,Restaurant,76,1,1
3475,20260416,4,10,7,1-9,Bar,76,1,1
3476,20260416,4,10,6,10-49,Restaurant,51,1,0
3477,20260416,4,11,2,1-9,Restaurant,39,1,0
3478,20260416,4,12,7,10-49,Restaurant,77,1,1
3479,20260416,4,12,2,1-9,Restaurant,73,0,0
3480,20260416,4,12,3,1-9,Bar,56,0,0
3481,20260416,4,12,5,10-49,Hotel,70,1,0
3482,20260416,5,13,3,1-9,Restaurant,50,0,0
3483,20260416,5,13,1,1-9,Restaurant,55,1,1
3484,20260416,6,16,1,1-9,Hotel,46,0,0
3485,20260416,6,16,3,1-9,Restaurant,63,1,1
3486,20260416,6,17,5,1-9,Restaurant,53,0,0
3487,20260416,6,17,7,1-9,Restaurant,77,1,1
3488,20260416,6,17,5,1-9,Restaurant,71,0,0
3489,20260416,6,17,1,1-9,Bar,67,1,0
3490,20260416,6,17,3,1-9,Bar,71,1,1
3491,20260416,6,18,4,10-49,Bar,50,1,1
3492,20260416,7,19,1,1-9,Café,67,1,0
3493,20260416,7,20,5,10-49,Hotel,83,1,1
3494,20260416,7,20,2,1-9,Snack,92,1,1
3495,20260416,7,20,5,50+,Restaurant,78,1,1
3496,20260417,1,1,4,50+,Snack,64,1,1
3497,20260417,1,1,8,1-9,Bar,65,1,1
3498,20260417,1,1,8,10-49,Snack,52,1,0
3499,20260417,1,3,6,10-49,Restaurant,65,1,0
3500,20260417,3,7,4,10-49,Bar,22,0,0
3501,20260417,3,7,1,10-49,Restaurant,29,0,0
3502,20260417,3,7,8,10-49,Restaurant,19,0,0
3503,20260417,3,7,5,1-9,Restaurant,34,1,0
3504,20260417,3,7,2,10-49,Café,27,1,0
3505,20260417,3,8,1,1-9,Restaurant,17,0,0
3506,20260417,3,8,2,10-49,Snack,23,0,0
3507,20260417,3,8,8,50+,Restaurant,51,1,0
3508,20260417,3,9,1,50+,Restaurant,63,1,0
3509,20260417,4,10,2,50+,Restaurant,63,0,0
3510,20260417,4,11,5,1-9,Restaurant,57,1,1
3511,20260417,4,12,4,10-49,Restaurant,76,0,0
3512,20260417,5,14,8,10-49,Restaurant,72,1,0
3513,20260417,5,15,3,1-9,Hotel,55,0,0
3514,20260417,6,16,5,1-9,Restaurant,56,0,0
3515,20260417,6,16,5,10-49,Bar,91,1,1
3516,20260417,6,18,5,10-49,Snack,42,1,0
3517,20260417,7,19,1,1-9,Bar,79,1,0
3518,20260417,7,21,4,1-9,Bar,59,1,1
3519,20260418,1,1,8,1-9,Hotel,62,0,0
3520,20260418,1,1,8,10-49,Restaurant,43,1,1
3521,20260418,3,7,4,10-49,Restaurant,,1,1
3522,20260418,3,8,7,1-9,Bar,22,0,0
3523,20260418,3,8,3,1-9,Bar,25,0,0
3524,20260418,4,10,6,1-9,Bar,51,0,0
3525,20260418,4,11,2,1-9,Café,,0,0
3526,20260418,5,13,2,1-9,Bar,74,1,0
3527,20260418,6,16,1,10-49,Hotel,72,1,1
3528,20260418,6,17,2,50+,Snack,62,0,0
3529,20260418,6,17,5,50+,Restaurant,77,1,1
3530,20260418,6,17,7,1-9,Restaurant,41,0,0
3531,20260418,7,19,1,10-49,Snack,82,1,1
3532,20260418,7,19,2,1-9,Restaurant,70,0,0
3533,20260418,7,20,3,1-9,Restaurant,50,0,0
3534,20260418,7,20,2,1-9,Restaurant,62,0,0
3535,20260419,3,9,1,1-9,Café,39,0,0
3536,20260419,4,10,2,1-9,Café,61,0,0
3537,20260419,4,10,1,1-9,Restaurant,75,1,1
3538,20260419,4,10,8,10-49,Restaurant,46,0,0
3539,20260419,4,11,1,1-9,Restaurant,50,0,0
3540,20260419,4,11,7,10-49,Restaurant,47,0,0
3541,20260419,4,12,1,10-49,Bar,70,1,1
3542,20260419,4,12,1,50+,Restaurant,62,1,1
3543,20260419,5,14,4,10-49,Restaurant,48,1,0
3544,20260419,5,14,6,10-49,Restaurant,57,1,0
3545,20260419,5,15,3,10-49,Bar,65,1,0
3546,20260419,6,16,8,50+,Café,91,1,0
3547,20260419,6,18,1,10-49,Restaurant,51,1,0
3548,20260420,1,1,2,10-49,Restaurant,69,1,0
3549,20260420,1,1,1,1-9,Snack,31,0,0
3550,20260420,1,2,3,1-9,Restaurant,43,0,0
3551,20260420,1,3,5,1-9,Restaurant,42,0,0
3552,20260420,2,6,4,10-49,Restaurant,57,1,1
3553,20260420,3,7,1,1-9,Bar,33,0,0
3554,20260420,3,7,3,1-9,Restaurant,34,0,0
3555,20260420,3,0,3,1-9,Restaurant,51,1,1
3556,20260420,3,7,5,1-9,Café,30,0,0
3557,20260420,3,7,1,10-49,Café,18,0,0
3558,20260420,3,8,3,50+,Restaurant,60,0,0
3559,20260420,3,8,1,10-49,Bar,27,0,0
3560,20260420,3,8,2,1-9,Restaurant,32,0,0
3561,20260420,3,9,4,10-49,Restaurant,79,1,0
3562,20260420,4,10,1,10-49,Restaurant,47,0,0
3563,20260420,4,10,4,1-9,Snack,61,0,0
3564,20260420,4,11,4,1-9,Bar,38,0,0
3565,20260420,4,11,5,50+,Restaurant,52,0,0
3566,20260420,5,13,6,1-9,Restaurant,30,0,0
3567,20260420,5,14,7,1-9,Restaurant,60,1,1
3568,20260420,7,19,2,1-9,Restaurant,40,0,0
3569,20260420,7,20,4,1-9,Bar,73,1,0
3570,20260420,7,21,7,50+,Restaurant,85,1,1
3571,20260421,1,1,2,50+,Bar,55,1,0
3572,20260421,1,2,6,10-49,Bar,51,0,0
3573,20260421,1,3,2,1-9,Bar,49,1,0
3574,20260421,2,4,1,1-9,Restaurant,60,0,0
3575,20260421,3,7,4,50+,Restaurant,37,0,0
3576,20260421,3,7,1,10-49,Snack,15,0,0
3577,20260421,3,7,2,1-9,Bar,20,0,0
3578,20260421,3,9,8,1-9,Hotel,38,0,0
3579,20260421,4,10,2,1-9,Restaurant,59,1,0
3580,20260421,4,10,3,10-49,Restaurant,57,0,0
3581,20260421,4,11,1,1-9,Hotel,57,0,0
3582,20260421,4,11,7,1-9,Restaurant,40,0,0
3583,20260421,5,13,5,1-9,Restaurant,21,0,0
3584,20260421,5,14,1,10-49,Café,45,0,0
3585,20260421,5,15,3,1-9,Snack,94,1,1
3586,20260421,6,16,2,1-9,Snack,58,0,0
3587,20260421,6,16,4,10-49,Restaurant,79,1,0
3588,20260421,6,18,7,1-9,Restaurant,58,1,0
3589,20260421,6,18,5,1-9,Hotel,52,1,1
3590,20260421,7,19,1,1-9,Snack,37,1,1
3591,20260421,7,19,7,1-9,Bar,93,1,1
3592,20260421,7,19,2,10-49,Restaurant,100,1,1
3593,20260421,7,20,2,10-49,Snack,71,1,1
3594,20260421,7,20,2,10-49,Snack,79,1,1
3595,20260421,7,21,3,1-9,Restaurant,80,1,1
3596,20260422,1,1,3,10-49,Café,61,1,1
3597,20260422,1,3,4,1-9,Bar,69,0,0
3598,20260422,1,3,2,10-49,Restaurant,32,1,0
3599,20260422,2,4,3,50+,Café,83,1,1
3600,20260422,3,7,8,10-49,Bar,39,0,0
3601,20260422,3,7,6,1-9,Café,23,0,0
3602,20260422,3,7,3,10-49,Bar,20,0,0
3603,20260422,3,7,5,50+,Café,49,1,0
3604,20260422,3,7,3,1-9,Restaurant,20,0,0
3605,20260422,3,7,4,1-9,Hotel,29,0,0
3606,20260422,3,7,4,1-9,Bar,3,0,0
3607,20260422,3,7,2,1-9,Restaurant,20,0,0
3608,20260422,3,8,8,1-9,Restaurant,37,0,0
3609,20260422,3,8,3,1-9,Snack,22,0,0
3610,20260422,4,10,1,1-9,Restaurant,54,0,0
3611,20260422,4,11,6,10-49,Café,43,1,1
3612,20260422,4,11,3,10-49,Restaurant,34,1,0
3613,20260422,4,11,6,10-49,Café,,1,1
3614,20260422,5,13,3,10-49,Snack,69,0,0
3615,20260422,5,14,1,1-9,Hotel,41,0,0
3616,20260422,5,15,1,10-49,Bar,71,1,1
3617,20260422,5,15,8,10-49,Bar,72,1,0
3618,20260422,6,16,5,1-9,Restaurant,23,0,0
3619,20260422,6,16,8,1-9,Café,68,1,1
3620,20260422,6,16,7,1-9,Bar,62,1,1
3621,20260422,6,17,7,50+,Snack,68,1,1
3622,20260422,6,17,1,1-9,Bar,72,0,0
3623,20260422,6,18,1,50+,Restaurant,69,1,0
3624,20260422,7,19,7,1-9,Café,55,0,0
3625,20260422,7,19,3,1-9,Bar,72,1,0
3626,20260422,7,21,2,50+,Bar,100,1,1
3627,20260423,1,1,1,10-49,Restaurant,50,1,1
3628,20260423,2,4,1,50+,Snack,,1,1
3629,20260423,2,5,3,10-49,Restaurant,83,1,1
3630,20260423,2,5,4,10-49,Restaurant,83,1,1
3631,20260423,3,7,8,10-49,Restaurant,13,0,0
3632,20260423,3,7,5,10-49,Restaurant,19,0,0
3633,20260423,3,7,7,10-49,Restaurant,17,1,0
3634,20260423,3,7,2,1-9,Bar,30,0,0
3635,20260423,3,7,5,1-9,Restaurant,32,0,0
3636,20260423,3,7,2,1-9,Restaurant,8,0,0
3637,20260423,3,7,1,1-9,Hotel,22,1,0
3638,20260423,3,9,7,1-9,Restaurant,42,0,0
3639,20260423,4,10,7,1-9,Snack,48,0,0
3640,20260423,4,10,3,10-49,Restaurant,65,1,1
3641,20260423,4,10,3,50+,Café,57,1,1
3642,20260423,4,11,1,1-9,Restaurant,41,0,0
3643,20260423,4,12,1,10-49,Bar,74,1,0
3644,20260423,5,13,2,1-9,Café,56,1,0
3645,20260423,5,13,1,1-9,Bar,44,0,0
3646,20260423,5,13,2,10-49,Restaurant,73,0,0
3647,20260423,5,13,2,1-9,Bar,71,0,0
3648,20260423,5,13,3,1-9,Bar,68,1,1
3649,20260423,5,15,4,10-49,Restaurant,67,1,1
3650,20260423,6,16,2,1-9,Restaurant,65,1,0
3651,20260423,6,16,2,1-9,Hotel,74,1,1
3652,20260423,6,16,3,10-49,Restaurant,41,1,0
3653,20260423,7,19,1,1-9,Restaurant,57,0,0
3654,20260423,7,21,8,10-49,Café,60,1,1
3655,20260423,7,21,6,1-9,Restaurant,82,1,1
3656,20260423,7,21,3,10-49,Restaurant,62,0,0
3657,20260424,1,1,1,10-49,Restaurant,52,0,0
3658,20260424,1,2,5,1-9,Bar,47,0,0
3659,20260424,1,2,3,10-49,Snack,49,1,0
3660,20260424,3,7,5,1-9,Bar,10,0,0
3661,20260424,3,7,8,10-49,Snack,40,0,0
3662,20260424,3,7,1,1-9,Restaurant,26,0,0
3663,20260424,3,7,2,50+,Bar,37,0,0
3664,20260424,3,7,3,50+,Bar,29,0,0
3665,20260424,3,7,3,10-49,Bar,52,1,1
3666,20260424,3,8,5,1-9,Snack,31,0,0
3667,20260424,3,9,4,10-49,Bar,36,0,0
3668,20260424,4,10,8,10-49,Restaurant,56,1,0
3669,20260424,4,11,5,50+,Bar,60,1,0
3670,20260424,4,11,5,10-49,Hotel,55,1,0
3671,20260424,4,11,3,1-9,Restaurant,34,0,0
3672,20260424,5,13,3,1-9,Snack,47,0,0
3673,20260424,6,16,2,10-49,Snack,68,1,1
3674,20260424,6,16,5,10-49,Restaurant,68,1,1
3675,20260424,6,17,7,1-9,Restaurant,53,1,0
3676,20260424,6,17,4,1-9,Restaurant,76,1,0
3677,20260424,6,17,8,10-49,Café,71,1,1
3678,20260424,6,17,1,10-49,Bar,98,1,1
3679,20260424,6,18,4,1-9,Restaurant,62,0,0
3680,20260424,7,20,8,1-9,Restaurant,76,1,1
3681,20260424,7,20,1,1-9,Hotel,100,1,0
3682,20260425,1,3,7,10-49,Bar,54,0,0
3683,20260425,3,7,1,10-49,Restaurant,8,0,0
3684,20260425,3,7,4,10-49,Restaurant,17,0,0
3685,20260425,3,7,3,10-49,Restaurant,46,0,0
3686,20260425,3,8,2,10-49,Restaurant,64,1,1
3687,20260425,4,10,6,1-9,Restaurant,41,1,1
3688,20260425,4,11,7,1-9,Bar,52,0,0
3689,20260425,4,12,3,10-49,Bar,79,1,1
3690,20260425,4,12,3,10-49,Restaurant,72,1,0
3691,20260425,5,13,3,1-9,Restaurant,37,0,0
3692,20260425,5,14,1,50+,Restaurant,77,0,0
3693,20260425,6,16,3,10-49,Restaurant,86,1,0
3694,20260425,6,16,1,1-9,Restaurant,60,1,1
3695,20260425,6,17,1,10-49,Bar,75,1,1
3696,20260425,6,18,4,10-49,Bar,67,1,1
3697,20260425,7,19,3,1-9,Café,48,1,0
3698,20260425,7,20,8,1-9,Restaurant,40,1,1
3699,20260426,1,1,2,1-9,Snack,38,1,0
3700,20260426,1,3,4,1-9,Snack,51,0,0
3701,20260426,2,4,2,10-49,Restaurant,80,1,1
3702,20260426,2,5,3,10-49,Restaurant,75,1,1
3703,20260426,3,7,5,1-9,Restaurant,19,0,0
3704,20260426,3,7,2,1-9,Restaurant,44,0,0
3705,20260426,3,7,8,1-9,Bar,32,0,0
3706,20260426,3,7,4,10-49,Hotel,26,0,0
3707,20260426,3,7,5,1-9,Snack,25,0,0
3708,20260426,3,8,8,1-9,Restaurant,24,0,0
3709,20260426,3,8,1,1-9,Café,46,1,0
3710,20260426,4,10,1,1-9,Restaurant,36,1,1
3711,20260426,4,10,1,10-49,Café,66,1,0
3712,20260426,4,11,4,50+,Snack,85,1,0
3713,20260426,4,12,5,10-49,Restaurant,82,1,0
3714,20260426,4,12,1,10-49,Restaurant,66,1,1
3715,20260426,5,13,7,10-49,Restaurant,53,0,0
3716,20260426,5,13,6,1-9,Hotel,20,0,0
3717,20260426,6,16,5,10-49,Bar,57,1,1
3718,20260426,6,16,7,50+,Restaurant,,1,0
3719,20260426,7,20,3,10-49,Restaurant,55,1,0
3720,20260427,1,1,2,1-9,Restaurant,79,1,0
3721,20260427,1,1,2,10-49,Restaurant,51,0,0
3722,20260427,1,2,1,1-9,Restaurant,50,1,1
3723,20260427,2,4,8,1-9,Restaurant,97,1,1
3724,20260427,3,7,5,10-49,Snack,46,0,0
3725,20260427,3,7,1,10-49,Restaurant,11,0,0
3726,20260427,3,8,5,1-9,Restaurant,52,1,0
3727,20260427,3,8,6,1-9,Café,35,1,1
3728,20260427,3,8,1,10-49,Restaurant,38,0,0
3729,20260427,3,8,3,1-9,Restaurant,36,0,0
3730,20260427,3,9,3,50+,Restaurant,27,0,0
3731,20260427,4,10,8,10-49,Snack,65,1,1
3732,20260427,4,10,1,1-9,Café,66,0,0
3733,20260427,4,10,8,1-9,Snack,68,1,0
3734,20260427,4,11,1,1-9,Restaurant,50,0,0
3735,20260427,4,11,5,50+,Restaurant,57,1,1
3736,20260427,4,11,3,1-9,Restaurant,46,0,0
3737,20260427,4,11,1,1-9,Café,28,0,0
3738,20260427,4,12,2,10-49,Restaurant,61,0,0
3739,20260427,5,14,3,10-49,Restaurant,45,1,0
3740,20260427,6,16,5,10-49,Café,74,1,0
3741,20260427,6,16,1,1-9,Hotel,51,1,0
3742,20260427,6,18,1,10-49,Restaurant,48,0,0
3743,20260427,6,18,5,1-9,Restaurant,34,0,0
3744,20260427,7,20,5,50+,Restaurant,88,1,1
3745,20260427,7,21,2,10-49,Café,78,1,0
3746,20260427,7,21,1,1-9,Bar,61,1,1
3747,20260428,1,2,6,10-49,Restaurant,40,0,0
3748,20260428,1,3,5,50+,Restaurant,60,0,0
3749,20260428,3,7,5,10-49,Café,33,0,0
3750,20260428,3,0,6,50+,Restaurant,31,0,0
3751,20260428,3,8,2,50+,Snack,34,0,0
3752,20260428,3,8,2,50+,Restaurant,38,0,0
3753,20260428,3,8,2,1-9,Snack,34,0,0
3754,20260428,4,10,6,1-9,Restaurant,67,0,0
3755,20260428,4,10,2,1-9,Restaurant,51,0,0
3756,20260428,4,10,8,1-9,Snack,39,0,0
3757,20260428,4,10,4,50+,Bar,68,1,0
3758,20260428,6,16,5,10-49,Restaurant,69,0,0
3759,20260428,7,19,6,1-9,Restaurant,73,1,1
3760,20260428,7,19,2,1-9,Snack,100,1,1
3761,20260428,7,19,8,1-9,Restaurant,64,0,0
3762,20260428,7,21,3,50+,Restaurant,92,1,1
3763,20260429,1,1,5,10-49,Bar,72,1,1
3764,20260429,1,1,1,10-49,Bar,54,1,1
3765,20260429,1,1,1,10-49,Restaurant,61,0,0
3766,20260429,1,2,3,10-49,Bar,46,0,0
3767,20260429,1,3,1,1-9,Bar,34,0,0
3768,20260429,2,4,6,10-49,Restaurant,83,0,0
3769,20260429,2,4,4,1-9,Restaurant,93,1,1
3770,20260429,3,7,4,1-9,Bar,39,0,0
3771,20260429,3,7,5,50+,Snack,26,0,0
3772,20260429,3,7,2,1-9,Restaurant,18,0,0
3773,20260429,3,7,7,1-9,Restaurant,45,0,0
3774,20260429,3,7,3,10-49,Café,33,1,0
3775,20260429,3,8,5,10-49,Café,29,0,0
3776,20260429,3,8,4,1-9,Restaurant,45,1,1
3777,20260429,3,8,2,10-49,Restaurant,41,0,0
3778,20260429,3,8,4,10-49,Café,48,1,0
3779,20260429,3,9,2,1-9,Bar,30,0,0
3780,20260429,4,10,1,1-9,Snack,68,1,0
3781,20260429,4,10,2,1-9,Hotel,,0,0
3782,20260429,4,11,8,10-49,Restaurant,58,0,0
3783,20260429,4,11,1,50+,Bar,67,1,0
3784,20260429,4,12,1,1-9,Bar,59,1,0
3785,20260429,5,13,8,1-9,Restaurant,35,0,0
3786,20260429,5,14,1,10-49,Bar,39,0,0
3787,20260429,5,14,1,1-9,Café,41,0,0
3788,20260429,6,16,4,50+,Hotel,73,1,1
3789,20260429,6,17,1,10-49,Snack,79,1,0
3790,20260429,6,17,3,1-9,Restaurant,96,1,0
3791,20260429,6,17,5,1-9,Snack,61,0,0
3792,20260429,6,17,2,1-9,Restaurant,61,1,0
3793,20260429,6,17,6,1-9,Restaurant,79,1,1
3794,20260429,6,18,8,1-9,Café,49,0,0
3795,20260430,1,1,8,1-9,Restaurant,64,1,1
3796,20260430,1,1,1,10-49,Snack,53,0,0
3797,20260430,1,1,5,50+,Snack,73,1,0
3798,20260430,1,1,4,10-49,Snack,37,0,0
3799,20260430,1,2,5,1-9,Hotel,47,1,0
3800,20260430,1,3,7,1-9,Restaurant,62,1,0
3801,20260430,1,3,2,1-9,Bar,60,0,0
3802,20260430,3,7,6,50+,Bar,51,0,0
3803,20260430,3,7,1,10-49,Café,41,1,0
3804,20260430,3,7,3,1-9,Bar,20,0,0
3805,20260430,3,7,8,10-49,Snack,33,0,0
3806,20260430,3,7,3,10-49,Bar,2,0,0
3807,20260430,3,8,2,1-9,Restaurant,37,1,1
3808,20260430,3,8,1,1-9,Restaurant,44,0,0
3809,20260430,4,10,3,1-9,Snack,50,0,0
3810,20260430,4,11,8,10-49,Restaurant,58,1,0
3811,20260430,4,11,1,1-9,Restaurant,47,0,0
3812,20260430,4,11,8,50+,Hotel,53,1,1
3813,20260430,4,11,6,10-49,Bar,67,1,0
3814,20260430,4,11,5,1-9,Bar,43,1,0
3815,20260430,4,12,1,1-9,Snack,69,1,1
3816,20260430,5,13,1,1-9,Restaurant,54,0,0
3817,20260430,5,13,4,10-49,Snack,73,1,1
3819,20260430,5,14,6,1-9,Bar,41,0,0
3820,20260430,5,14,1,1-9,Bar,86,1,0
3821,20260430,5,14,5,10-49,Restaurant,77,0,0
3822,20260430,6,16,3,50+,Bar,83,1,1
3823,20260430,6,17,2,1-9,Bar,76,0,0
3824,20260430,6,17,6,50+,Snack,96,1,1
3825,20260430,6,18,7,1-9,Snack,44,0,0
3826,20260430,6,18,1,10-49,Bar,58,0,0
3827,20260430,6,18,6,1-9,Restaurant,48,1,1
3828,20260430,7,19,8,10-49,Restaurant,92,1,1
3829,20260430,7,20,1,50+,Restaurant,91,1,1
3830,20260501,1,1,1,1-9,Restaurant,76,1,0
3831,20260501,1,1,5,1-9,Restaurant,49,0,0
3832,20260501,1,2,4,10-49,Snack,63,0,0
3833,20260501,3,7,8,1-9,Café,24,0,0
3834,20260501,3,7,6,50+,Snack,42,1,0
3835,20260501,3,7,3,50+,Café,42,1,1
3836,20260501,3,8,4,1-9,Restaurant,18,0,0
3837,20260501,3,8,4,10-49,Restaurant,32,0,0
3838,20260501,3,8,2,1-9,Snack,37,0,0
3839,20260501,4,10,2,50+,Restaurant,57,1,1
3840,20260501,4,10,3,1-9,Snack,81,1,1
3841,20260501,4,11,4,10-49,Restaurant,49,0,0
3842,20260501,4,12,1,10-49,Restaurant,70,0,0
3843,20260501,5,13,1,1-9,Bar,60,1,1
3844,20260501,5,13,2,1-9,Restaurant,56,1,0
3845,20260501,5,13,4,10-49,Bar,53,1,0
3846,20260501,5,14,7,10-49,Restaurant,67,0,0
3847,20260501,6,16,6,10-49,Restaurant,64,1,0
3848,20260501,6,16,1,1-9,Snack,58,1,1
3849,20260501,6,16,8,10-49,Restaurant,50,0,0
3850,20260501,6,16,2,1-9,Restaurant,60,1,1
3851,20260501,6,16,5,1-9,Café,55,0,0
3852,20260501,6,16,2,1-9,Restaurant,60,0,0
3853,20260501,6,16,4,1-9,Restaurant,64,1,0
3854,20260501,6,17,7,1-9,Snack,70,1,1
3855,20260501,6,18,7,1-9,Restaurant,66,0,0
3856,20260501,7,19,2,10-49,Snack,75,0,0
3857,20260501,7,21,4,10-49,Restaurant,62,1,1
3858,20260501,7,21,8,1-9,Café,67,1,1
3859,20260502,1,1,3,10-49,Snack,55,0,0
3860,20260502,1,3,7,1-9,Restaurant,49,0,0
3861,20260502,2,4,1,10-49,Hotel,74,1,1
3862,20260502,2,4,1,1-9,Bar,95,1,1
3863,20260502,2,6,2,50+,Restaurant,85,1,1
3864,20260502,3,7,1,1-9,Café,32,0,0
3865,20260502,3,7,3,10-49,Restaurant,36,0,0
3866,20260502,3,8,2,1-9,Restaurant,31,0,0
3867,20260502,4,10,1,10-49,Snack,63,1,0
3868,20260502,4,11,3,1-9,Restaurant,48,0,0
3869,20260502,4,11,2,1-9,Bar,42,1,0
3870,20260502,5,13,3,1-9,Restaurant,50,0,0
3871,20260502,5,15,4,1-9,Restaurant,69,1,1
3872,20260502,6,16,7,1-9,Restaurant,58,1,0
3873,20260502,6,16,1,50+,Café,71,1,0
3874,20260502,6,16,1,10-49,Restaurant,67,1,0
3875,20260502,6,16,8,1-9,Café,69,0,0
3876,20260502,6,18,7,50+,Bar,66,1,0
3877,20260503,1,2,7,10-49,Restaurant,50,0,0
3878,20260503,1,3,4,1-9,Restaurant,40,1,0
3879,20260503,3,7,2,10-49,Bar,42,0,0
3880,20260503,3,7,1,1-9,Restaurant,27,0,0
3881,20260503,3,7,6,1-9,Café,38,1,0
3882,20260503,3,7,2,10-49,Snack,45,1,0
3883,20260503,3,0,4,1-9,Restaurant,20,0,0
3884,20260503,3,9,5,1-9,Restaurant,49,1,1
3885,20260503,3,9,7,1-9,Café,33,0,0
3886,20260503,4,10,3,1-9,Snack,58,1,1
3887,20260503,4,10,7,1-9,Restaurant,61,1,0
3888,20260503,4,11,4,1-9,Bar,58,1,0
3889,20260503,4,11,1,1-9,Café,49,0,0
3890,20260503,4,12,7,1-9,Restaurant,70,1,0
3891,20260503,5,13,1,50+,Restaurant,70,0,0
3892,20260503,5,13,4,50+,Bar,66,1,1
3893,20260503,6,16,8,10-49,Snack,83,1,0
3894,20260503,6,16,1,1-9,Snack,59,1,0
3895,20260503,6,16,1,10-49,Snack,71,1,0
3896,20260503,6,18,3,1-9,Hotel,61,0,0
3897,20260503,6,18,4,1-9,Restaurant,49,1,1
3898,20260503,7,20,1,10-49,Restaurant,93,1,1
3899,20260503,7,20,1,1-9,Bar,50,1,0
3900,20260503,7,20,1,50+,Restaurant,86,1,1
3901,20260504,1,1,1,10-49,Café,62,0,0
3902,20260504,1,2,1,10-49,Restaurant,50,1,1
3903,20260504,1,2,1,1-9,Restaurant,,1,0
3904,20260504,1,2,2,10-49,Restaurant,51,0,0
3905,20260504,1,2,1,10-49,Restaurant,62,0,0
3906,20260504,2,5,6,10-49,Café,87,1,0
3907,20260504,3,7,2,10-49,Restaurant,25,0,0
3908,20260504,3,7,1,1-9,Bar,39,0,0
3909,20260504,3,7,4,1-9,Café,12,0,0
3910,20260504,3,7,6,1-9,Restaurant,23,0,0
3911,20260504,3,7,6,1-9,Bar,30,0,0
3912,20260504,3,8,3,10-49,Bar,49,1,0
3913,20260504,3,8,2,1-9,Restaurant,38,0,0
3914,20260504,3,9,6,1-9,Restaurant,13,0,0
3915,20260504,4,11,7,1-9,Snack,45,0,0
3916,20260504,4,11,6,1-9,Restaurant,39,0,0
3917,20260504,4,11,5,10-49,Restaurant,65,1,0
3918,20260504,4,12,1,1-9,Restaurant,50,0,0
3919,20260504,5,13,8,1-9,Bar,57,1,1
3920,20260504,5,13,4,1-9,Restaurant,74,1,1
3921,20260504,5,14,2,1-9,Café,90,1,0
3922,20260504,5,14,2,10-49,Restaurant,55,0,0
3923,20260504,5,15,2,1-9,Restaurant,,0,0
3924,20260504,6,17,6,1-9,Snack,55,1,0
3925,20260504,6,17,3,1-9,Hotel,74,1,1
3926,20260504,6,18,1,50+,Restaurant,64,1,0
3927,20260504,6,18,1,1-9,Restaurant,69,0,0
3928,20260504,7,19,5,50+,Bar,73,1,1
3929,20260504,7,19,8,1-9,Café,81,0,0
3930,20260504,7,19,8,1-9,Restaurant,78,1,1
3931,20260504,7,20,7,1-9,Snack,84,1,1
3932,20260504,7,20,6,10-49,Café,77,1,1
3933,20260504,7,20,1,50+,Restaurant,96,1,0
3934,20260505,1,1,6,1-9,Snack,43,0,0
3935,20260505,2,4,2,50+,Bar,87,1,1
3936,20260505,2,4,6,1-9,Snack,73,1,1
3937,20260505,3,7,2,1-9,Restaurant,15,0,0
3938,20260505,3,7,6,1-9,Bar,16,0,0
3939,20260505,3,8,6,1-9,Restaurant,35,0,0
3940,20260505,3,8,8,1-9,Snack,47,1,0
3941,20260505,3,8,4,10-49,Snack,18,0,0
3942,20260505,3,9,6,1-9,Restaurant,38,1,0
3943,20260505,4,10,5,1-9,Restaurant,67,1,1
3944,20260505,4,10,1,10-49,Restaurant,36,1,1
3945,20260505,4,11,1,10-49,Restaurant,49,1,0
3946,20260505,4,11,1,50+,Restaurant,56,0,0
3947,20260505,4,11,6,50+,Restaurant,73,1,0
3948,20260505,4,12,4,1-9,Restaurant,47,0,0
3949,20260505,4,12,6,10-49,Restaurant,69,1,0
3950,20260505,5,13,1,1-9,Café,49,1,0
3951,20260505,5,13,8,1-9,Café,46,0,0
3952,20260505,5,13,7,10-49,Bar,38,1,0
3953,20260505,5,13,1,1-9,Bar,71,1,0
3954,20260505,5,14,4,1-9,Bar,53,0,0
3955,20260505,5,14,3,10-49,Snack,60,1,1
3956,20260505,5,14,7,10-49,Bar,73,1,1
3957,20260505,5,14,2,10-49,Hotel,73,1,0
3958,20260505,5,15,3,10-49,Snack,73,1,1
3959,20260505,6,16,8,1-9,Café,44,0,0
3960,20260505,6,18,5,1-9,Restaurant,66,0,0
3961,20260505,7,19,1,10-49,Bar,75,1,1
3962,20260505,7,19,1,50+,Bar,88,1,1
3963,20260505,7,20,5,1-9,Restaurant,63,1,1
3964,20260505,7,20,5,1-9,Restaurant,72,1,1
3965,20260506,1,2,1,50+,Restaurant,55,1,0
3966,20260506,1,3,6,1-9,Restaurant,55,1,0
3967,20260506,2,5,5,10-49,Restaurant,68,1,0
3968,20260506,2,6,5,10-49,Restaurant,56,1,1
3969,20260506,2,6,8,10-49,Bar,56,0,0
3970,20260506,3,7,8,10-49,Snack,20,0,0
3971,20260506,3,7,5,1-9,Restaurant,32,0,0
3972,20260506,3,7,6,1-9,Hotel,7,0,0
3973,20260506,3,7,3,1-9,Bar,34,0,0
3974,20260506,3,7,2,10-49,Café,27,0,0
3975,20260506,3,7,1,1-9,Restaurant,21,0,0
3976,20260506,3,8,4,1-9,Café,37,0,0
3977,20260506,4,11,8,10-49,Restaurant,70,0,0
3978,20260506,4,11,1,1-9,Bar,44,1,0
3979,20260506,5,13,2,1-9,Hotel,45,0,0
3980,20260506,5,13,2,10-49,Café,52,0,0
3981,20260506,5,13,4,10-49,Snack,65,0,0
3982,20260506,5,13,5,10-49,Bar,66,1,1
3983,20260506,5,13,6,50+,Restaurant,68,1,1
3984,20260506,5,15,3,1-9,Café,,1,1
3985,20260506,6,16,3,10-49,Bar,85,0,0
3986,20260506,6,16,3,10-49,Hotel,55,0,0
3987,20260506,6,16,7,1-9,Restaurant,44,0,0
3988,20260506,6,16,3,10-49,Snack,61,1,0
3989,20260506,6,16,1,1-9,Bar,69,1,1
3990,20260506,6,17,6,10-49,Café,73,0,0
3991,20260506,6,18,1,1-9,Restaurant,30,1,1
3992,20260506,6,18,3,1-9,Restaurant,68,0,0
3993,20260506,6,18,5,1-9,Bar,60,1,0
3994,20260506,7,19,1,10-49,Snack,73,0,0
3995,20260506,7,19,7,10-49,Café,64,1,1
3996,20260506,7,19,1,10-49,Restaurant,78,0,0
3997,20260506,7,20,3,1-9,Restaurant,78,0,0
3998,20260506,7,20,1,1-9,Restaurant,82,0,0
3999,20260507,1,1,4,1-9,Restaurant,38,1,0
4000,20260507,2,5,1,10-49,Snack,67,1,1
4001,20260507,3,7,2,1-9,Restaurant,21,0,0
4002,20260507,3,7,4,10-49,Bar,39,0,0
4003,20260507,3,7,3,1-9,Hotel,25,0,0
4004,20260507,3,7,7,1-9,Restaurant,30,0,0
4005,20260507,3,7,5,1-9,Snack,41,1,0
4006,20260507,3,7,2,1-9,Café,51,1,0
4007,20260507,3,7,3,10-49,Restaurant,30,0,0
4008,20260507,3,8,7,1-9,Snack,25,0,0
4009,20260507,3,8,7,10-49,Restaurant,53,1,0
4010,20260507,3,9,6,1-9,Bar,24,0,0
4011,20260507,4,10,6,10-49,Restaurant,61,1,1
4012,20260507,4,11,1,10-49,Snack,41,0,0
4013,20260507,4,12,6,1-9,Restaurant,53,1,0
4014,20260507,5,13,5,1-9,Café,57,1,1
4015,20260507,5,13,8,10-49,Restaurant,52,1,0
4016,20260507,5,13,5,50+,Café,50,1,0
4017,20260507,5,14,2,10-49,Bar,80,1,0
4018,20260507,5,15,6,1-9,Restaurant,49,0,0
4019,20260507,6,16,1,10-49,Restaurant,69,1,0
4020,20260507,6,16,8,50+,Restaurant,57,1,1
4021,20260507,6,17,3,1-9,Restaurant,77,1,1
4022,20260507,6,17,8,10-49,Restaurant,63,1,1
4023,20260507,6,17,2,50+,Snack,84,1,1
4024,20260507,6,18,3,10-49,Hotel,36,0,0
4025,20260507,6,18,5,1-9,Restaurant,41,0,0
4026,20260507,7,19,2,10-49,Snack,96,1,1
4027,20260507,7,20,1,10-49,Restaurant,74,1,1
4028,20260507,7,20,8,10-49,Café,72,1,1
4029,20260507,7,21,6,1-9,Bar,71,1,0
4030,20260507,7,21,3,1-9,Bar,68,1,1
4031,20260508,1,1,5,1-9,Restaurant,67,0,0
4032,20260508,2,4,6,10-49,Bar,71,0,0
4033,20260508,3,7,4,50+,Snack,42,0,0
4034,20260508,3,7,1,1-9,Café,46,0,0
4035,20260508,3,7,1,1-9,Bar,22,0,0
4036,20260508,3,7,2,1-9,Restaurant,41,1,0
4037,20260508,3,8,3,1-9,Restaurant,36,0,0
4038,20260508,4,10,7,1-9,Restaurant,74,1,1
4039,20260508,4,10,7,1-9,Snack,63,0,0
4040,20260508,4,11,4,1-9,Bar,59,1,1
4041,20260508,4,11,4,1-9,Bar,58,1,0
4042,20260508,4,11,8,50+,Snack,55,0,0
4043,20260508,4,11,5,10-49,Snack,35,0,0
4044,20260508,5,13,5,1-9,Bar,47,0,0
4045,20260508,5,14,2,1-9,Bar,62,1,1
4046,20260508,6,16,7,50+,Restaurant,41,1,1
4047,20260508,6,16,1,1-9,Hotel,40,0,0
4048,20260508,6,16,3,1-9,Restaurant,53,0,0
4049,20260508,6,16,2,50+,Snack,87,1,1
4050,20260508,6,17,2,10-49,Bar,51,0,0
4051,20260508,6,17,7,1-9,Hotel,58,1,0
4052,20260508,6,18,4,10-49,Restaurant,47,0,0
4053,20260508,6,18,1,10-49,Snack,55,1,0
4054,20260508,6,18,4,1-9,Restaurant,56,0,0
4055,20260508,7,19,4,1-9,Café,70,1,0
4056,20260508,7,19,7,50+,Bar,100,1,1
4057,20260508,7,20,7,10-49,Restaurant,64,1,1
4058,20260508,7,20,4,1-9,Restaurant,88,1,1
4059,20260508,7,20,2,10-49,Café,64,1,0
4060,20260508,7,21,5,10-49,Restaurant,83,1,1
4061,20260508,7,21,3,1-9,Bar,87,1,0
4062,20260508,7,21,3,1-9,Snack,84,1,1
4063,20260509,1,1,1,1-9,Bar,39,1,1
4064,20260509,1,2,7,10-49,Bar,67,1,0
4065,20260509,1,3,5,10-49,Hotel,62,1,1
4066,20260509,3,7,3,50+,Restaurant,38,0,0
4067,20260509,3,7,1,10-49,Bar,36,0,0
4068,20260509,3,7,3,1-9,Snack,14,0,0
4069,20260509,3,7,1,1-9,Café,31,1,0
4070,20260509,3,7,1,10-49,Restaurant,44,0,0
4071,20260509,3,8,5,1-9,Restaurant,17,0,0
4072,20260509,3,8,3,10-49,Café,40,0,0
4073,20260509,4,10,2,50+,Bar,71,1,1
4074,20260509,4,10,7,1-9,Bar,64,1,1
4075,20260509,4,11,1,1-9,Restaurant,51,1,0
4076,20260509,4,11,3,10-49,Bar,38,0,0
4077,20260509,4,11,6,10-49,Restaurant,65,0,0
4078,20260509,4,11,2,1-9,Restaurant,53,0,0
4079,20260509,5,13,3,10-49,Café,74,1,0
4080,20260509,5,14,3,10-49,Restaurant,89,1,1
4081,20260509,5,15,3,50+,Bar,81,1,1
4082,20260509,5,15,4,1-9,Restaurant,55,0,0
4083,20260509,7,19,4,1-9,Hotel,85,1,1
4084,20260509,7,21,8,1-9,Restaurant,69,1,1
4085,20260510,1,1,1,10-49,Restaurant,64,1,1
4086,20260510,1,1,2,1-9,Bar,60,1,0
4087,20260510,3,7,5,1-9,Restaurant,19,0,0
4088,20260510,3,7,1,10-49,Restaurant,11,0,0
4089,20260510,3,7,3,1-9,Snack,7,0,0
4090,20260510,3,8,4,1-9,Restaurant,33,1,0
4091,20260510,3,8,1,10-49,Bar,27,0,0
4092,20260510,4,10,1,1-9,Bar,54,0,0
4093,20260510,4,10,3,50+,Restaurant,43,0,0
4094,20260510,4,10,1,1-9,Restaurant,70,0,0
4095,20260510,4,10,3,1-9,Restaurant,63,0,0
4096,20260510,4,11,8,10-49,Café,53,0,0
4097,20260510,4,11,1,10-49,Restaurant,56,1,0
4098,20260510,4,12,5,10-49,Bar,55,0,0
4099,20260510,5,13,7,1-9,Café,47,1,1
4100,20260510,5,13,5,1-9,Bar,57,1,1
4101,20260510,5,13,1,50+,Café,62,1,1
4102,20260510,5,13,6,1-9,Snack,36,0,0
4103,20260510,5,14,1,10-49,Restaurant,52,0,0
4104,20260510,6,16,8,50+,Bar,73,1,0
4105,20260511,1,1,2,1-9,Restaurant,46,0,0
4106,20260511,1,3,6,1-9,Snack,43,0,0
4107,20260511,1,3,3,1-9,Restaurant,39,0,0
4108,20260511,3,7,8,1-9,Snack,16,0,0
4109,20260511,3,7,1,10-49,Restaurant,51,0,0
4110,20260511,3,7,3,50+,Bar,18,0,0
4111,20260511,3,7,5,10-49,Restaurant,23,0,0
4112,20260511,3,7,2,1-9,Restaurant,15,0,0
4113,20260511,3,8,5,1-9,Snack,72,0,0
4114,20260511,3,9,1,10-49,Restaurant,39,0,0
4115,20260511,3,9,4,1-9,Restaurant,24,0,0
4116,20260511,4,10,2,10-49,Snack,50,0,0
4117,20260511,4,10,4,1-9,Restaurant,36,0,0
4118,20260511,4,10,7,1-9,Restaurant,48,0,0
4119,20260511,4,11,1,1-9,Café,47,0,0
4120,20260511,4,11,1,1-9,Restaurant,55,1,0
4121,20260511,4,12,6,1-9,Restaurant,52,1,1
4122,20260511,4,12,1,50+,Restaurant,65,1,1
4123,20260511,5,13,1,10-49,Restaurant,73,1,0
4124,20260511,5,14,3,50+,Bar,69,0,0
4125,20260511,5,15,1,1-9,Snack,71,1,0
4126,20260511,6,16,1,1-9,Restaurant,57,1,0
4127,20260511,6,16,4,1-9,Hotel,45,0,0
4128,20260511,6,17,7,10-49,Restaurant,71,0,0
4129,20260511,6,17,5,50+,Restaurant,79,1,1
4130,20260511,7,19,6,10-49,Snack,53,1,1
4131,20260512,1,2,2,10-49,Snack,44,0,0
4132,20260512,1,3,7,1-9,Restaurant,29,0,0
4133,20260512,2,4,3,10-49,Restaurant,87,1,1
4134,20260512,2,4,8,10-49,Restaurant,92,1,1
4135,20260512,3,7,2,1-9,Restaurant,28,1,0
4136,20260512,3,7,3,1-9,Café,21,0,0
4137,20260512,3,7,5,1-9,Restaurant,5,0,0
4138,20260512,3,7,3,1-9,Restaurant,5,0,0
4139,20260512,3,8,5,1-9,Hotel,48,0,0
4140,20260512,3,8,5,1-9,Snack,26,0,0
4141,20260512,3,8,2,10-49,Restaurant,69,0,0
4142,20260512,3,9,6,1-9,Snack,30,1,0
4143,20260512,4,10,3,10-49,Restaurant,59,1,0
4144,20260512,4,10,2,50+,Snack,49,0,0
4145,20260512,4,10,7,1-9,Snack,61,1,0
4146,20260512,4,11,5,1-9,Bar,40,0,0
4147,20260512,4,12,6,1-9,Restaurant,77,1,1
4148,20260512,5,13,5,1-9,Café,32,0,0
4149,20260512,5,13,5,10-49,Restaurant,47,1,0
4150,20260512,5,14,3,50+,Bar,71,1,1
4151,20260512,5,14,2,1-9,Snack,78,1,0
4152,20260512,5,14,2,10-49,Restaurant,65,1,1
4153,20260512,5,14,3,50+,Restaurant,63,1,1
4154,20260512,5,15,5,10-49,Café,53,0,0
4155,20260512,6,17,4,50+,Restaurant,73,1,0
4156,20260512,6,18,3,1-9,Restaurant,51,1,0
4157,20260512,7,21,1,1-9,Café,74,1,1
4158,20260512,7,21,1,1-9,Hotel,21,0,0
4159,20260512,7,21,7,1-9,Restaurant,56,1,1
4160,20260513,1,1,6,1-9,Restaurant,58,1,1
4161,20260513,1,2,2,50+,Snack,66,1,0
4162,20260513,2,4,6,1-9,Restaurant,62,1,1
4163,20260513,2,4,2,1-9,Bar,85,1,1
4164,20260513,3,7,1,1-9,Café,41,0,0
4165,20260513,3,7,5,1-9,Bar,36,0,0
4166,20260513,3,7,3,10-49,Restaurant,33,0,0
4167,20260513,3,7,5,1-9,Hotel,0,0,0
4168,20260513,3,7,3,50+,Bar,27,0,0
4169,20260513,3,7,4,10-49,Hotel,16,0,0
4170,20260513,3,8,4,1-9,Hotel,43,0,0
4171,20260513,3,8,5,10-49,Bar,52,1,0
4172,20260513,3,9,4,1-9,Restaurant,42,1,0
4173,20260513,4,10,2,1-9,Restaurant,50,0,0
4174,20260513,4,10,5,1-9,Snack,56,1,0
4175,20260513,4,10,3,1-9,Snack,48,1,0
4176,20260513,4,10,2,1-9,Snack,60,0,0
4177,20260513,4,11,1,1-9,Snack,25,0,0
4178,20260513,4,12,6,10-49,Restaurant,76,1,1
4179,20260513,5,13,2,50+,Restaurant,80,1,1
4180,20260513,5,13,6,1-9,Bar,56,1,1
4181,20260513,5,13,2,1-9,Restaurant,47,1,0
4182,20260513,5,13,2,1-9,Restaurant,68,1,1
4183,20260513,5,13,8,10-49,Hotel,70,1,1
4184,20260513,5,13,4,1-9,Café,60,1,1
4185,20260513,5,14,2,1-9,Restaurant,46,1,1
4186,20260513,5,14,6,1-9,Café,62,0,0
4187,20260513,5,14,3,1-9,Bar,59,1,0
4188,20260513,5,14,1,1-9,Café,58,1,0
4189,20260513,5,15,4,10-49,Restaurant,64,1,1
4190,20260513,6,16,6,1-9,Restaurant,45,1,0
4191,20260513,6,17,2,1-9,Restaurant,81,0,0
4192,20260513,7,19,1,1-9,Café,65,1,1
4193,20260513,7,19,3,1-9,Restaurant,64,1,0
4194,20260513,7,21,1,10-49,Snack,57,0,0
4195,20260514,1,1,2,10-49,Restaurant,82,1,1
4196,20260514,1,1,3,10-49,Café,54,1,0
4197,20260514,1,2,1,1-9,Hotel,39,0,0
4198,20260514,3,7,6,10-49,Restaurant,14,0,0
4199,20260514,3,7,2,50+,Restaurant,43,0,0
4200,20260514,3,7,5,1-9,Restaurant,18,0,0
4201,20260514,3,7,2,1-9,Restaurant,43,1,0
4202,20260514,3,8,5,1-9,Snack,15,0,0
4203,20260514,3,8,8,10-49,Restaurant,21,0,0
4204,20260514,4,10,1,1-9,Restaurant,55,0,0
4205,20260514,4,10,6,1-9,Restaurant,56,0,0
4206,20260514,4,10,1,10-49,Restaurant,85,1,1
4207,20260514,4,11,2,1-9,Hotel,47,0,0
4208,20260514,4,11,1,1-9,Snack,46,0,0
4209,20260514,5,14,5,50+,Restaurant,73,1,0
4210,20260514,5,14,2,1-9,Snack,58,1,1
4211,20260514,5,14,5,50+,Restaurant,100,1,1
4212,20260514,5,15,4,1-9,Hotel,79,0,0
4213,20260514,6,16,6,10-49,Restaurant,71,1,0
4214,20260514,6,16,1,1-9,Bar,76,1,0
4215,20260514,6,16,1,10-49,Restaurant,72,1,1
4216,20260514,6,16,8,1-9,Bar,70,0,0
4217,20260514,6,17,5,1-9,Café,90,1,1
4218,20260514,6,18,7,10-49,Restaurant,44,0,0
4219,20260514,6,18,1,1-9,Restaurant,50,0,0
4220,20260515,1,1,8,1-9,Snack,62,0,0
4221,20260515,2,4,8,50+,Snack,100,1,1
4222,20260515,3,8,3,1-9,Restaurant,33,1,0
4223,20260515,3,8,5,50+,Hotel,28,0,0
4224,20260515,3,8,2,10-49,Café,32,0,0
4225,20260515,3,9,5,10-49,Bar,41,0,0
4226,20260515,4,10,5,1-9,Restaurant,50,1,1
4227,20260515,4,10,1,10-49,Café,53,0,0
4228,20260515,4,10,3,10-49,Bar,49,1,1
4229,20260515,4,12,5,50+,Restaurant,65,1,1
4230,20260515,4,12,6,10-49,Snack,57,1,1
4231,20260515,4,12,7,10-49,Bar,77,1,1
4232,20260515,5,13,4,10-49,Snack,61,0,0
4233,20260515,5,13,1,10-49,Snack,62,0,0
4234,20260515,5,13,2,10-49,Bar,77,1,0
4235,20260515,5,13,5,1-9,Hotel,66,1,1
4236,20260515,5,13,6,1-9,Restaurant,66,1,0
4237,20260515,5,13,1,1-9,Hotel,64,1,1
4238,20260515,5,14,2,50+,Restaurant,56,0,0
4239,20260515,5,14,3,10-49,Hotel,54,0,0
4240,20260515,5,14,6,1-9,Restaurant,71,1,0
4241,20260515,6,16,2,10-49,Restaurant,83,1,0
4242,20260515,6,17,5,10-49,Restaurant,48,0,0
4243,20260515,6,17,3,10-49,Restaurant,61,1,1
4244,20260515,7,19,3,1-9,Bar,81,1,1
4245,20260515,7,20,2,1-9,Restaurant,65,1,0
4246,20260515,7,20,3,10-49,Bar,77,1,0
4247,20260516,1,3,4,1-9,Bar,65,1,1
4248,20260516,1,3,1,1-9,Bar,62,1,0
4249,20260516,2,6,6,50+,Bar,57,0,0
4250,20260516,3,7,1,10-49,Snack,27,0,0
4251,20260516,3,8,5,10-49,Restaurant,40,1,0
4252,20260516,3,9,2,1-9,Bar,47,0,0
4253,20260516,3,9,5,1-9,Restaurant,47,0,0
4254,20260516,4,12,2,1-9,Bar,60,1,1
4255,20260516,5,13,6,1-9,Restaurant,65,0,0
4256,20260516,5,13,7,1-9,Restaurant,54,0,0
4257,20260516,5,14,5,1-9,Restaurant,67,0,0
4258,20260516,5,14,1,10-49,Snack,65,0,0
4259,20260516,6,17,3,1-9,Restaurant,65,1,1
4260,20260516,7,19,4,1-9,Bar,96,1,1
4261,20260516,7,19,3,1-9,Bar,64,1,1
4262,20260516,7,19,7,10-49,Snack,57,1,1
4263,20260516,7,19,7,1-9,Snack,91,1,1
4264,20260516,7,20,4,1-9,Bar,68,0,0
4265,20260517,1,1,5,1-9,Restaurant,57,0,0
4266,20260517,1,1,4,10-49,Restaurant,67,0,0
4267,20260517,2,4,1,1-9,Restaurant,71,0,0
4268,20260517,3,7,1,10-49,Restaurant,43,0,0
4269,20260517,3,7,8,10-49,Restaurant,16,0,0
4270,20260517,3,7,1,10-49,Restaurant,34,0,0
4271,20260517,3,0,8,10-49,Bar,46,0,0
4272,20260517,3,9,5,10-49,Café,36,0,0
4273,20260517,4,11,5,1-9,Bar,37,0,0
4274,20260517,4,11,5,1-9,Snack,40,0,0
4275,20260517,4,12,1,50+,Hotel,80,1,0
4276,20260517,5,14,7,10-49,Restaurant,68,1,1
4277,20260517,6,16,2,10-49,Hotel,78,1,1
4278,20260517,6,16,3,1-9,Snack,47,0,0
4279,20260517,6,16,1,1-9,Snack,57,1,0
4280,20260518,1,1,6,1-9,Restaurant,30,0,0
4281,20260518,1,1,1,10-49,Restaurant,79,1,0
4282,20260518,1,1,5,1-9,Restaurant,48,0,0
4283,20260518,1,1,2,10-49,Restaurant,51,0,0
4284,20260518,1,3,5,1-9,Snack,46,1,1
4285,20260518,1,3,5,1-9,Restaurant,47,1,0
4286,20260518,3,7,7,1-9,Restaurant,16,0,0
4287,20260518,3,7,8,1-9,Bar,25,0,0
4288,20260518,3,8,1,1-9,Restaurant,47,0,0
4289,20260518,3,8,6,1-9,Restaurant,24,0,0
4290,20260518,3,8,3,10-49,Café,47,1,0
4291,20260518,4,10,1,1-9,Restaurant,64,1,0
4292,20260518,4,10,5,1-9,Restaurant,26,0,0
4293,20260518,4,10,2,10-49,Café,55,0,0
4294,20260518,4,10,8,10-49,Restaurant,65,1,0
4295,20260518,4,10,8,1-9,Bar,59,1,1
4296,20260518,4,11,8,10-49,Restaurant,55,1,0
4297,20260518,4,11,6,10-49,Snack,41,0,0
4298,20260518,4,11,3,1-9,Restaurant,78,1,0
4299,20260518,4,12,1,1-9,Snack,53,1,1
4300,20260518,4,12,3,1-9,Café,47,0,0
4301,20260518,5,13,2,1-9,Bar,67,0,0
4302,20260518,5,13,2,1-9,Restaurant,79,1,1
4303,20260518,5,14,4,1-9,Restaurant,73,0,0
4304,20260518,6,16,1,1-9,Snack,57,1,1
4305,20260518,6,17,6,1-9,Restaurant,71,1,1
4306,20260518,6,17,1,1-9,Café,59,1,0
4307,20260518,6,17,6,1-9,Snack,75,1,0
4308,20260518,6,17,4,10-49,Hotel,55,0,0
4309,20260518,7,19,4,1-9,Restaurant,68,1,1
4310,20260518,7,20,6,1-9,Restaurant,58,0,0
4311,20260518,7,21,2,1-9,Restaurant,87,1,1
4312,20260519,1,2,8,10-49,Restaurant,50,1,0
4313,20260519,1,3,5,1-9,Snack,29,0,0
4314,20260519,3,7,2,10-49,Restaurant,45,0,0
4315,20260519,3,7,3,1-9,Restaurant,19,0,0
4316,20260519,3,8,7,50+,Bar,41,0,0
4317,20260519,3,8,8,10-49,Restaurant,53,0,0
4318,20260519,4,10,2,1-9,Restaurant,56,0,0
4319,20260519,4,10,2,10-49,Café,81,1,1
4320,20260519,4,10,1,1-9,Restaurant,31,0,0
4321,20260519,4,10,2,1-9,Restaurant,38,0,0
4322,20260519,4,11,5,1-9,Café,53,0,0
4323,20260519,4,11,5,1-9,Restaurant,54,1,0
4324,20260519,5,13,3,1-9,Restaurant,72,0,0
4325,20260519,5,13,8,50+,Restaurant,89,1,0
4326,20260519,6,16,4,1-9,Hotel,71,1,0
4327,20260519,6,17,5,10-49,Café,77,1,1
4328,20260519,6,17,1,10-49,Restaurant,50,1,0
4329,20260519,7,20,5,1-9,Snack,83,1,1
4330,20260520,1,1,1,10-49,Café,66,1,1
4331,20260520,1,1,3,1-9,Snack,51,0,0
4332,20260520,1,1,1,1-9,Restaurant,57,0,0
4333,20260520,1,1,6,1-9,Café,60,1,0
4334,20260520,1,1,3,10-49,Bar,60,1,1
4335,20260520,1,3,8,50+,Café,69,1,0
4336,20260520,1,3,1,10-49,Restaurant,75,1,0
4337,20260520,3,7,1,1-9,Restaurant,44,0,0
4338,20260520,3,7,1,1-9,Hotel,12,0,0
4339,20260520,3,7,1,10-49,Restaurant,45,0,0
4340,20260520,3,7,5,10-49,Snack,36,0,0
4341,20260520,3,8,7,10-49,Restaurant,31,0,0
4342,20260520,3,9,1,1-9,Restaurant,27,0,0
4343,20260520,4,10,3,1-9,Restaurant,71,1,1
4344,20260520,4,10,4,10-49,Café,55,1,0
4345,20260520,4,10,8,1-9,Snack,93,1,1
4346,20260520,4,10,5,1-9,Café,68,0,0
4347,20260520,4,11,6,1-9,Café,51,0,0
4348,20260520,4,11,4,50+,Bar,60,1,0
4349,20260520,4,11,6,1-9,Snack,58,0,0
4350,20260520,4,12,1,1-9,Bar,47,0,0
4351,20260520,5,14,1,1-9,Bar,61,0,0
4352,20260520,6,16,5,10-49,Hotel,77,0,0
4353,20260520,6,17,2,10-49,Café,46,0,0
4354,20260520,7,19,5,10-49,Snack,76,0,0
4355,20260520,7,21,6,10-49,Snack,67,1,1
4356,20260520,7,21,7,50+,Restaurant,79,1,1
4357,20260521,1,1,3,1-9,Restaurant,76,1,0
4358,20260521,1,1,2,1-9,Restaurant,87,1,0
4359,20260521,1,1,5,1-9,Restaurant,45,1,0
4360,20260521,2,6,1,50+,Snack,75,1,0
4361,20260521,2,6,7,1-9,Restaurant,43,1,0
4362,20260521,3,7,7,10-49,Restaurant,19,0,0
4363,20260521,3,7,1,1-9,Bar,20,0,0
4364,20260521,3,7,6,1-9,Restaurant,16,0,0
4365,20260521,3,7,5,1-9,Hotel,36,0,0
4366,20260521,3,7,1,50+,Restaurant,42,0,0
4367,20260521,3,7,3,1-9,Restaurant,24,1,0
4368,20260521,3,7,3,1-9,Restaurant,13,0,0
4369,20260521,3,7,2,1-9,Hotel,33,0,0
4370,20260521,3,7,1,1-9,Bar,33,1,0
4371,20260521,3,7,4,1-9,Restaurant,32,1,0
4372,20260521,3,7,5,50+,Snack,45,0,0
4373,20260521,3,8,8,50+,Café,60,1,0
4374,20260521,3,8,4,1-9,Restaurant,24,0,0
4375,20260521,4,10,5,1-9,Bar,57,1,1
4376,20260521,4,10,1,1-9,Snack,57,0,0
4377,20260521,4,10,3,10-49,Café,77,1,1
4378,20260521,4,11,7,10-49,Restaurant,41,1,0
4379,20260521,4,11,3,1-9,Restaurant,44,0,0
4380,20260521,4,11,7,1-9,Bar,33,0,0
4381,20260521,4,11,7,1-9,Restaurant,23,0,0
4382,20260521,4,11,6,50+,Restaurant,63,1,0
4383,20260521,5,13,4,10-49,Restaurant,48,0,0
4384,20260521,5,15,4,1-9,Restaurant,79,1,1
4385,20260521,6,16,7,1-9,Restaurant,58,0,0
4386,20260521,6,16,5,1-9,Restaurant,67,1,1
4387,20260521,6,16,2,1-9,Snack,69,0,0
4388,20260521,6,17,6,10-49,Restaurant,75,1,1
4389,20260521,6,17,8,1-9,Hotel,67,1,1
4390,20260521,6,18,7,1-9,Café,28,0,0
4391,20260521,7,19,1,50+,Café,92,1,1
4392,20260521,7,20,4,1-9,Restaurant,65,1,1
4393,20260522,1,1,1,1-9,Restaurant,49,0,0
4394,20260522,1,1,2,1-9,Restaurant,48,0,0
4395,20260522,1,1,3,1-9,Snack,63,0,0
4396,20260522,1,2,6,1-9,Restaurant,69,1,0
4397,20260522,1,3,4,1-9,Bar,43,1,0
4398,20260522,2,4,3,50+,Bar,74,1,1
4399,20260522,2,5,1,1-9,Restaurant,67,1,1
4400,20260522,3,7,6,50+,Restaurant,28,1,0
4401,20260522,3,7,2,10-49,Bar,25,0,0
4402,20260522,3,7,1,1-9,Snack,13,0,0
4403,20260522,3,7,5,1-9,Restaurant,31,0,0
4404,20260522,3,7,2,10-49,Snack,48,1,1
4405,20260522,3,7,1,1-9,Restaurant,56,1,0
4406,20260522,3,0,7,50+,Bar,45,0,0
4407,20260522,4,10,1,1-9,Hotel,37,0,0
4408,20260522,4,10,2,1-9,Café,57,1,0
4409,20260522,4,10,2,1-9,Bar,67,1,1
4410,20260522,4,11,1,1-9,Restaurant,30,0,0
4411,20260522,4,11,7,50+,Restaurant,57,1,1
4412,20260522,4,11,7,10-49,Restaurant,65,1,1
4413,20260522,4,12,1,1-9,Restaurant,95,1,1
4414,20260522,5,13,8,1-9,Café,46,0,0
4415,20260522,5,13,2,1-9,Bar,41,1,1
4416,20260522,5,14,2,10-49,Restaurant,56,0,0
4417,20260522,6,16,6,10-49,Snack,76,0,0
4418,20260522,6,16,1,10-49,Restaurant,56,0,0
4419,20260522,6,17,1,1-9,Restaurant,86,1,1
4420,20260522,7,20,7,1-9,Restaurant,64,1,1
4421,20260522,7,21,5,10-49,Restaurant,85,1,1
4422,20260522,7,21,4,1-9,Restaurant,63,0,0
4423,20260523,1,1,4,1-9,Hotel,50,1,1
4424,20260523,3,7,3,10-49,Restaurant,12,0,0
4425,20260523,3,7,7,1-9,Restaurant,20,0,0
4426,20260523,3,7,1,1-9,Bar,26,0,0
4427,20260523,3,7,5,10-49,Café,36,0,0
4428,20260523,3,7,3,1-9,Restaurant,28,0,0
4429,20260523,3,8,5,1-9,Restaurant,30,0,0
4430,20260523,3,8,7,10-49,Restaurant,,0,0
4431,20260523,3,9,4,10-49,Restaurant,51,1,1
4432,20260523,4,10,1,1-9,Restaurant,56,0,0
4433,20260523,4,10,1,1-9,Restaurant,56,1,0
4434,20260523,4,10,1,10-49,Snack,90,1,1
4435,20260523,4,11,7,1-9,Restaurant,40,1,0
4436,20260523,4,12,8,10-49,Restaurant,72,1,0
4437,20260523,6,16,1,1-9,Bar,54,1,1
4438,20260523,6,16,4,1-9,Snack,75,1,0
4439,20260523,6,17,7,1-9,Restaurant,52,1,1
4440,20260523,6,17,1,1-9,Bar,64,1,0
4441,20260523,6,17,8,1-9,Café,79,1,1
4442,20260524,1,1,1,1-9,Restaurant,61,1,1
4443,20260524,2,4,1,10-49,Restaurant,88,1,1
4444,20260524,3,7,7,1-9,Restaurant,19,0,0
4445,20260524,3,8,5,10-49,Hotel,35,1,0
4446,20260524,3,8,7,10-49,Restaurant,23,0,0
4447,20260524,3,8,4,1-9,Bar,38,0,0
4448,20260524,3,9,6,10-49,Bar,79,1,1
4449,20260524,4,10,6,1-9,Restaurant,60,0,0
4450,20260524,4,10,6,50+,Hotel,79,1,0
4451,20260524,4,10,2,50+,Restaurant,69,1,1
4452,20260524,4,11,5,10-49,Restaurant,57,0,0
4453,20260524,4,11,8,10-49,Café,51,0,0
4454,20260524,5,13,1,1-9,Café,53,0,0
4455,20260524,5,13,4,1-9,Snack,47,0,0
4456,20260524,5,13,2,1-9,Restaurant,41,1,1
4457,20260524,5,14,1,1-9,Café,84,1,1
4458,20260524,5,14,1,50+,Restaurant,51,1,1
4459,20260524,6,18,1,1-9,Bar,53,1,1
4460,20260524,6,18,3,10-49,Café,63,1,1
4461,20260524,7,19,2,1-9,Café,48,0,0
4462,20260524,7,19,6,10-49,Café,67,1,1
4463,20260524,7,20,6,1-9,Snack,84,1,1
4464,20260524,7,20,6,1-9,Bar,61,0,0
4465,20260525,3,7,1,1-9,Restaurant,0,0,0
4466,20260525,3,8,3,1-9,Bar,5,0,0
4467,20260525,3,9,1,1-9,Hotel,42,0,0
4468,20260525,4,10,7,1-9,Bar,33,0,0
4469,20260525,4,10,2,10-49,Restaurant,59,1,0
4470,20260525,4,11,2,1-9,Restaurant,51,0,0
4471,20260525,4,11,8,50+,Snack,41,0,0
4472,20260525,4,12,4,10-49,Restaurant,79,0,0
4473,20260525,5,13,6,10-49,Restaurant,59,0,0
4474,20260525,5,13,2,10-49,Restaurant,56,1,1
4475,20260525,5,13,6,1-9,Restaurant,52,0,0
4476,20260525,5,14,5,10-49,Restaurant,45,0,0
4477,20260525,6,16,3,1-9,Restaurant,66,1,1
4478,20260525,6,17,3,1-9,Restaurant,47,0,0
4479,20260525,6,17,1,10-49,Bar,91,1,1
4480,20260525,6,17,5,50+,Bar,86,1,0
4481,20260525,6,17,1,1-9,Restaurant,59,0,0
4482,20260525,6,18,7,10-49,Bar,61,1,0
4483,20260525,6,18,6,1-9,Snack,52,1,0
4484,20260525,6,18,1,10-49,Snack,38,0,0
4485,20260525,7,19,1,10-49,Restaurant,81,1,1
4486,20260525,7,19,5,10-49,Hotel,100,1,0
4487,20260525,7,21,3,10-49,Snack,77,1,1
4488,20260526,1,2,8,1-9,Hotel,32,0,0
4489,20260526,1,3,7,1-9,Restaurant,28,1,0
4490,20260526,2,6,7,10-49,Restaurant,74,0,0
4491,20260526,3,7,7,10-49,Snack,50,1,0
4492,20260526,3,7,6,1-9,Restaurant,27,0,0
4493,20260526,3,7,7,1-9,Hotel,34,0,0
4494,20260526,3,7,5,50+,Restaurant,38,1,0
4495,20260526,3,7,2,10-49,Bar,26,1,0
4496,20260526,3,8,3,10-49,Bar,30,0,0
4497,20260526,3,9,2,1-9,Restaurant,25,0,0
4498,20260526,3,9,6,10-49,Restaurant,57,1,1
4499,20260526,4,10,5,1-9,Café,36,0,0
4500,20260526,4,10,6,10-49,Restaurant,68,1,0
4501,20260526,4,10,1,1-9,Bar,66,0,0
4502,20260526,4,11,3,1-9,Restaurant,49,1,1
4503,20260526,4,11,5,1-9,Restaurant,26,0,0
4504,20260526,4,11,1,1-9,Hotel,33,1,1
4505,20260526,4,12,3,1-9,Bar,64,0,0
4506,20260526,5,14,4,1-9,Hotel,61,0,0
4507,20260526,5,15,6,10-49,Hotel,76,1,1
4508,20260526,5,15,1,1-9,Restaurant,63,1,1
4509,20260526,6,16,8,50+,Restaurant,63,0,0
4510,20260526,6,16,2,1-9,Snack,68,1,1
4511,20260526,6,16,8,10-49,Restaurant,92,1,1
4512,20260526,6,17,8,1-9,Bar,68,0,0
4513,20260526,6,18,2,1-9,Restaurant,52,0,0
4514,20260526,7,19,8,1-9,Bar,72,1,1
4515,20260526,7,19,1,1-9,Restaurant,50,0,0
4516,20260526,7,19,3,1-9,Restaurant,54,1,1
4517,20260526,7,19,6,10-49,Bar,72,1,1
4518,20260526,7,20,5,10-49,Restaurant,90,1,1
4519,20260526,7,21,6,10-49,Restaurant,82,1,1
4520,20260527,1,2,1,10-49,Snack,62,1,0
4521,20260527,3,7,3,10-49,Restaurant,39,0,0
4522,20260527,3,7,5,1-9,Hotel,18,0,0
4523,20260527,3,7,5,1-9,Restaurant,0,0,0
4524,20260527,3,0,4,10-49,Restaurant,12,0,0
4525,20260527,3,8,6,50+,Restaurant,35,0,0
4526,20260527,4,10,5,1-9,Restaurant,60,0,0
4527,20260527,4,10,2,1-9,Café,43,1,1
4528,20260527,4,11,2,10-49,Restaurant,60,0,0
4529,20260527,5,13,1,1-9,Snack,54,1,1
4530,20260527,5,13,8,1-9,Restaurant,45,0,0
4531,20260527,5,13,6,10-49,Snack,49,1,1
4532,20260527,5,13,4,1-9,Hotel,94,1,0
4533,20260527,5,14,6,1-9,Snack,44,0,0
4534,20260527,5,15,6,10-49,Restaurant,42,0,0
4535,20260527,6,16,4,1-9,Bar,60,1,0
4536,20260527,6,17,7,1-9,Restaurant,53,0,0
4537,20260527,6,18,3,1-9,Restaurant,45,0,0
4538,20260527,6,18,6,1-9,Restaurant,57,0,0
4539,20260527,6,18,6,1-9,Restaurant,64,0,0
4540,20260527,7,20,6,10-49,Snack,62,1,0
4541,20260528,1,1,6,1-9,Bar,44,0,0
4542,20260528,1,2,5,1-9,Restaurant,27,1,1
4543,20260528,1,2,6,1-9,Restaurant,47,0,0
4544,20260528,3,7,5,10-49,Café,21,0,0
4545,20260528,3,7,2,1-9,Snack,20,0,0
4546,20260528,3,7,3,1-9,Bar,40,0,0
4547,20260528,3,7,4,1-9,Restaurant,51,0,0
4548,20260528,3,7,2,10-49,Snack,21,0,0
4549,20260528,3,7,5,1-9,Snack,24,1,0
4550,20260528,3,8,6,1-9,Bar,11,0,0
4551,20260528,3,8,2,1-9,Restaurant,29,0,0
4552,20260528,3,9,8,1-9,Restaurant,21,0,0
4553,20260528,3,9,2,1-9,Restaurant,43,1,0
4554,20260528,4,10,1,1-9,Hotel,40,0,0
4555,20260528,4,10,2,1-9,Restaurant,63,1,0
4556,20260528,4,10,6,10-49,Snack,75,0,0
4557,20260528,4,10,1,1-9,Snack,48,1,0
4558,20260528,4,11,8,10-49,Bar,72,1,1
4559,20260528,5,13,8,1-9,Café,40,0,0
4560,20260528,5,13,5,10-49,Café,92,1,1
4561,20260528,5,13,7,1-9,Restaurant,76,0,0
4562,20260528,5,14,3,10-49,Restaurant,50,1,1
4563,20260528,5,14,3,1-9,Café,43,0,0
4564,20260528,6,16,5,1-9,Bar,69,1,0
4565,20260528,6,18,8,10-49,Café,36,0,0
4566,20260528,6,18,2,50+,Restaurant,72,1,0
4567,20260528,7,21,3,50+,Snack,55,0,0
4568,20260529,1,1,1,1-9,Bar,46,0,0
4569,20260529,1,1,3,1-9,Bar,46,0,0
4570,20260529,1,2,1,1-9,Bar,30,0,0
4571,20260529,2,6,3,50+,Restaurant,54,0,0
4572,20260529,3,7,2,1-9,Bar,49,1,0
4573,20260529,3,7,1,1-9,Snack,9,0,0
4574,20260529,3,7,1,1-9,Bar,24,0,0
4575,20260529,3,7,1,1-9,Bar,24,0,0
4576,20260529,3,8,2,1-9,Restaurant,29,0,0
4577,20260529,3,8,8,1-9,Bar,34,0,0
4578,20260529,3,8,3,1-9,Snack,14,0,0
4579,20260529,3,8,1,10-49,Bar,48,1,1
4580,20260529,3,8,1,10-49,Restaurant,34,0,0
4581,20260529,3,8,1,10-49,Restaurant,25,0,0
4582,20260529,3,8,2,1-9,Snack,18,0,0
4583,20260529,3,9,5,10-49,Snack,50,0,0
4584,20260529,4,10,2,50+,Restaurant,91,1,1
4585,20260529,4,10,4,50+,Bar,60,1,0
4586,20260529,4,10,6,1-9,Snack,74,1,1
4587,20260529,4,10,4,10-49,Restaurant,66,1,0
4588,20260529,4,10,3,1-9,Snack,31,1,1
4589,20260529,4,11,5,10-49,Bar,64,1,0
4590,20260529,5,13,4,1-9,Restaurant,46,0,0
4591,20260529,5,13,1,1-9,Bar,41,1,0
4592,20260529,5,13,7,1-9,Restaurant,31,0,0
4593,20260529,5,13,1,1-9,Bar,49,0,0
4594,20260529,5,13,6,10-49,Restaurant,40,0,0
4595,20260529,5,13,5,1-9,Restaurant,53,1,1
4596,20260529,5,13,8,1-9,Bar,43,0,0
4597,20260529,5,13,5,10-49,Restaurant,82,1,1
4598,20260529,5,14,3,1-9,Café,58,1,0
4599,20260529,6,16,6,10-49,Hotel,72,1,0
4600,20260529,6,16,1,50+,Restaurant,79,0,0
4601,20260529,6,17,3,10-49,Restaurant,80,1,1
4602,20260529,6,17,7,1-9,Restaurant,62,1,1
4603,20260529,6,17,5,10-49,Bar,61,0,0
4604,20260529,6,18,5,1-9,Bar,46,1,0
4605,20260529,6,18,3,10-49,Snack,75,0,0
4606,20260529,7,19,2,1-9,Snack,84,1,1
4607,20260529,7,20,7,1-9,Bar,75,1,1
4608,20260529,7,21,4,1-9,Restaurant,67,1,0
4609,20260530,1,1,5,1-9,Hotel,74,1,0
4610,20260530,1,1,7,1-9,Restaurant,42,0,0
4611,20260530,1,1,7,10-49,Hotel,48,1,0
4612,20260530,1,2,6,10-49,Restaurant,51,1,0
4613,20260530,1,2,7,1-9,Hotel,36,1,0
4614,20260530,1,3,1,1-9,Bar,83,1,1
4615,20260530,3,7,7,1-9,Bar,24,0,0
4616,20260530,3,7,2,1-9,Café,14,0,0
4617,20260530,3,7,7,1-9,Restaurant,22,0,0
4618,20260530,3,7,3,10-49,Café,0,0,0
4619,20260530,3,8,1,50+,Restaurant,47,0,0
4620,20260530,3,9,2,1-9,Restaurant,38,0,0
4621,20260530,4,10,3,1-9,Restaurant,57,0,0
4622,20260530,5,13,7,50+,Snack,69,1,1
4623,20260530,5,15,5,1-9,Restaurant,46,0,0
4624,20260530,6,18,5,1-9,Bar,55,1,0
4625,20260530,7,19,1,1-9,Restaurant,61,1,1
4626,20260530,7,20,1,1-9,Restaurant,94,1,1
4627,20260530,7,20,8,1-9,Restaurant,83,1,1
4628,20260530,7,20,2,1-9,Bar,67,0,0
4629,20260530,7,21,2,10-49,Bar,81,1,1
4630,20260530,7,21,6,10-49,Restaurant,63,0,0
4631,20260531,1,1,1,10-49,Hotel,74,0,0
4632,20260531,1,2,7,1-9,Restaurant,52,0,0
4633,20260531,1,3,6,50+,Restaurant,71,1,0
4634,20260531,2,4,8,1-9,Bar,64,1,1
4635,20260531,2,4,8,1-9,Restaurant,88,1,1
4636,20260531,3,7,8,1-9,Hotel,20,0,0
4637,20260531,3,7,8,1-9,Bar,25,0,0
4638,20260531,3,7,3,1-9,Restaurant,15,0,0
4639,20260531,3,7,7,10-49,Bar,25,0,0
4640,20260531,3,7,1,10-49,Restaurant,32,0,0
4641,20260531,3,8,8,1-9,Restaurant,4,0,0
4642,20260531,3,8,4,1-9,Restaurant,28,0,0
4643,20260531,3,8,3,1-9,Restaurant,30,1,1
4644,20260531,4,10,1,10-49,Hotel,61,0,0
4645,20260531,4,10,5,1-9,Restaurant,83,1,1
4646,20260531,4,10,7,10-49,Snack,63,1,0
4647,20260531,4,11,2,1-9,Snack,45,1,1
4648,20260531,5,14,4,10-49,Restaurant,74,1,1
4649,20260531,5,14,2,10-49,Restaurant,67,1,1
4650,20260531,6,18,3,1-9,Hotel,56,0,0
4651,20260531,7,19,1,1-9,Café,71,1,1
4652,20260531,7,19,5,1-9,Restaurant,82,1,1
4653,20260531,7,19,1,1-9,Bar,86,1,1
4654,20260531,7,19,4,1-9,Snack,63,0,0
4655,20260531,7,19,8,50+,Restaurant,76,0,0
4656,20260531,7,20,1,10-49,Bar,90,1,1
4657,20260601,1,1,2,10-49,Bar,88,1,0
4658,20260601,1,1,1,10-49,Café,55,0,0
4659,20260601,1,1,1,1-9,Restaurant,56,1,1
4660,20260601,1,2,8,1-9,Restaurant,56,1,1
4661,20260601,1,3,5,1-9,Bar,68,1,1
4662,20260601,3,7,4,10-49,Restaurant,27,0,0
4663,20260601,3,7,3,1-9,Bar,25,0,0
4664,20260601,3,8,4,10-49,Restaurant,28,0,0
4665,20260601,3,8,3,1-9,Bar,36,0,0
4666,20260601,3,8,2,10-49,Snack,26,0,0
4667,20260601,3,9,4,10-49,Restaurant,61,1,0
4668,20260601,3,9,3,1-9,Restaurant,40,1,0
4669,20260601,4,10,1,1-9,Café,45,0,0
4670,20260601,4,10,6,1-9,Bar,44,0,0
4671,20260601,4,10,1,10-49,Restaurant,74,1,0
4672,20260601,4,10,1,10-49,Bar,69,0,0
4673,20260601,4,10,2,1-9,Restaurant,54,1,1
4674,20260601,4,10,6,1-9,Restaurant,48,0,0
4675,20260601,4,11,2,1-9,Restaurant,33,0,0
4676,20260601,4,12,5,1-9,Bar,57,0,0
4677,20260601,5,13,8,10-49,Restaurant,49,0,0
4678,20260601,5,13,5,10-49,Restaurant,67,1,0
4679,20260601,5,13,7,1-9,Café,49,0,0
4680,20260601,6,16,1,10-49,Snack,72,1,1
4681,20260601,6,16,1,1-9,Bar,61,1,0
4682,20260601,6,17,1,50+,Café,75,1,1
4683,20260601,6,17,1,10-49,Snack,81,0,0
4684,20260601,7,19,7,10-49,Restaurant,60,1,1
4685,20260602,1,1,7,10-49,Restaurant,45,0,0
4686,20260602,1,1,3,1-9,Snack,55,1,1
4687,20260602,1,2,3,1-9,Restaurant,52,1,1
4688,20260602,1,3,7,1-9,Snack,46,1,0
4689,20260602,1,3,5,1-9,Restaurant,55,0,0
4690,20260602,1,3,6,1-9,Bar,32,0,0
4691,20260602,3,7,4,10-49,Snack,45,1,1
4692,20260602,3,7,6,1-9,Restaurant,13,0,0
4693,20260602,3,7,8,10-49,Restaurant,16,0,0
4694,20260602,3,8,2,50+,Restaurant,37,0,0
4695,20260602,3,9,5,1-9,Restaurant,39,0,0
4696,20260602,4,10,3,1-9,Café,52,1,0
4697,20260602,4,11,2,1-9,Restaurant,1,0,0
4698,20260602,4,11,6,1-9,Restaurant,48,0,0
4699,20260602,4,11,5,50+,Restaurant,71,1,1
4700,20260602,4,11,5,10-49,Restaurant,47,0,0
4701,20260602,4,11,1,1-9,Restaurant,38,0,0
4702,20260602,5,13,1,50+,Bar,55,0,0
4703,20260602,5,13,8,1-9,Restaurant,58,1,1
4704,20260602,5,13,7,1-9,Restaurant,69,1,1
4705,20260602,5,14,3,1-9,Restaurant,62,1,1
4706,20260602,5,14,1,1-9,Restaurant,61,0,0
4707,20260602,5,14,1,1-9,Restaurant,49,1,1
4708,20260602,6,16,2,1-9,Snack,53,0,0
4709,20260602,6,16,8,1-9,Café,24,1,1
4710,20260602,6,17,8,10-49,Restaurant,57,1,1
4711,20260602,6,18,6,50+,Bar,63,1,0
4712,20260602,6,18,5,10-49,Café,46,1,0
4713,20260602,7,19,1,50+,Hotel,89,1,1
4714,20260602,7,19,6,10-49,Café,69,1,0
4715,20260602,7,19,4,1-9,Restaurant,72,1,1
4716,20260603,1,1,3,10-49,Restaurant,53,0,0
4717,20260603,1,1,8,10-49,Restaurant,39,1,1
4718,20260603,1,3,1,1-9,Restaurant,63,1,0
4719,20260603,2,6,4,10-49,Bar,55,1,0
4720,20260603,3,7,5,1-9,Restaurant,29,0,0
4721,20260603,3,7,3,1-9,Restaurant,40,1,1
4722,20260603,3,8,8,1-9,Bar,32,0,0
4723,20260603,3,8,4,1-9,Restaurant,33,0,0
4724,20260603,4,10,6,50+,Bar,49,1,1
4725,20260603,4,11,8,1-9,Restaurant,30,0,0
4726,20260603,4,11,1,10-49,Bar,62,1,0
4727,20260603,5,13,1,1-9,Café,43,1,1
4728,20260603,5,13,7,50+,Snack,88,1,0
4729,20260603,5,13,2,10-49,Restaurant,44,1,0
4730,20260603,5,14,7,10-49,Bar,68,0,0
4731,20260603,6,16,7,1-9,Bar,55,0,0
4732,20260603,6,16,5,1-9,Café,62,0,0
4733,20260603,6,17,6,1-9,Bar,83,1,1
4734,20260603,6,18,6,10-49,Restaurant,55,1,0
4735,20260603,6,18,3,10-49,Restaurant,81,1,1
4736,20260603,7,19,4,1-9,Restaurant,76,1,1
4737,20260603,7,19,8,1-9,Restaurant,83,1,1
4738,20260603,7,21,2,50+,Restaurant,85,1,0
4739,20260604,1,1,1,1-9,Hotel,71,1,0
4740,20260604,1,1,7,1-9,Restaurant,61,1,1
4741,20260604,1,2,2,1-9,Restaurant,51,1,0
4742,20260604,1,2,7,1-9,Bar,43,1,0
4743,20260604,3,7,2,1-9,Restaurant,27,0,0
4744,20260604,3,7,5,1-9,Restaurant,8,0,0
4745,20260604,3,7,5,1-9,Restaurant,15,0,0
4746,20260604,3,7,3,1-9,Snack,22,0,0
4747,20260604,3,7,8,10-49,Restaurant,48,0,0
4748,20260604,3,7,2,10-49,Restaurant,24,0,0
4749,20260604,3,7,6,1-9,Restaurant,19,0,0
4750,20260604,3,7,2,1-9,Restaurant,20,0,0
4751,20260604,3,8,1,1-9,Café,27,0,0
4752,20260604,3,8,6,10-49,Restaurant,42,0,0
4753,20260604,3,8,7,10-49,Snack,39,1,0
4754,20260604,4,10,2,1-9,Bar,38,1,0
4755,20260604,4,10,5,10-49,Café,83,1,0
4756,20260604,4,11,5,1-9,Bar,42,1,0
4757,20260604,4,12,4,50+,Restaurant,46,0,0
4758,20260604,4,12,1,50+,Café,84,1,0
4759,20260604,5,13,4,1-9,Snack,68,1,1
4760,20260604,5,13,1,10-49,Hotel,64,1,0
4761,20260604,5,15,8,1-9,Restaurant,61,1,0
4762,20260604,5,15,1,10-49,Restaurant,58,1,1
4763,20260604,6,16,2,10-49,Restaurant,58,0,0
4764,20260604,6,16,6,10-49,Restaurant,85,1,1
4765,20260604,6,16,1,10-49,Restaurant,73,0,0
4766,20260604,6,16,7,1-9,Restaurant,81,1,0
4767,20260604,6,16,6,10-49,Restaurant,80,1,1
4768,20260604,6,17,5,1-9,Bar,52,0,0
4769,20260604,6,17,7,1-9,Café,,0,0
4770,20260604,6,17,1,1-9,Restaurant,56,1,1
4771,20260604,6,17,1,10-49,Restaurant,88,1,1
4772,20260604,7,20,2,10-49,Snack,75,1,1
4773,20260605,1,1,1,1-9,Café,73,1,1
4774,20260605,2,4,3,1-9,Restaurant,65,0,0
4775,20260605,2,5,7,1-9,Hotel,71,1,0
4776,20260605,3,7,4,1-9,Restaurant,10,0,0
4777,20260605,3,7,1,1-9,Restaurant,26,1,0
4778,20260605,3,7,8,1-9,Hotel,0,0,0
4779,20260605,3,7,3,1-9,Café,27,0,0
4780,20260605,3,7,5,1-9,Snack,17,0,0
4781,20260605,3,7,2,1-9,Restaurant,44,1,0
4782,20260605,3,9,3,1-9,Restaurant,44,1,0
4783,20260605,4,10,6,1-9,Restaurant,34,0,0
4784,20260605,4,10,1,1-9,Restaurant,81,1,0
4785,20260605,4,11,1,1-9,Restaurant,41,0,0
4786,20260605,4,11,7,1-9,Bar,66,1,1
4787,20260605,4,12,1,1-9,Restaurant,91,1,1
4788,20260605,4,12,3,1-9,Bar,49,1,1
4789,20260605,5,13,4,1-9,Restaurant,30,0,0
4790,20260605,5,13,5,1-9,Restaurant,66,1,1
4791,20260605,5,14,2,10-49,Bar,70,1,1
4792,20260605,5,14,6,10-49,Restaurant,61,1,1
4793,20260605,5,14,1,1-9,Restaurant,68,0,0
4794,20260605,6,17,1,10-49,Snack,100,1,1
4795,20260605,6,18,8,1-9,Café,56,1,0
4796,20260605,7,19,4,10-49,Bar,77,1,1
4797,20260605,7,21,8,10-49,Restaurant,61,0,0
4798,20260606,1,1,1,1-9,Café,45,0,0
4799,20260606,1,2,1,10-49,Bar,82,1,0
4800,20260606,3,7,2,1-9,Bar,22,0,0
4801,20260606,3,7,3,1-9,Restaurant,19,0,0
4802,20260606,3,8,5,50+,Café,19,0,0
4803,20260606,4,10,5,1-9,Snack,54,0,0
4804,20260606,4,10,3,1-9,Restaurant,62,1,0
4805,20260606,4,11,4,1-9,Snack,77,1,1
4806,20260606,6,16,5,50+,Bar,58,0,0
4807,20260606,6,17,1,1-9,Café,64,0,0
4808,20260606,6,17,7,1-9,Restaurant,56,0,0
4809,20260606,6,17,3,1-9,Café,70,1,0
4810,20260606,7,19,1,1-9,Snack,68,0,0
4811,20260606,7,19,7,10-49,Restaurant,68,1,1
4812,20260606,7,20,2,1-9,Restaurant,100,1,1
4813,20260606,7,21,5,10-49,Restaurant,69,1,1
4814,20260606,7,21,5,1-9,Restaurant,84,1,1
4815,20260607,1,1,7,10-49,Restaurant,39,0,0
4816,20260607,1,1,3,1-9,Restaurant,54,0,0
4817,20260607,1,2,2,10-49,Bar,40,1,0
4818,20260607,3,7,4,10-49,Restaurant,54,0,0
4819,20260607,3,7,8,1-9,Restaurant,10,0,0
4820,20260607,3,7,6,10-49,Bar,45,0,0
4821,20260607,3,7,1,1-9,Bar,28,0,0
4822,20260607,3,7,2,10-49,Hotel,37,0,0
4823,20260607,3,7,2,10-49,Restaurant,18,0,0
4824,20260607,3,8,8,10-49,Restaurant,38,1,0
4825,20260607,3,8,5,1-9,Restaurant,30,0,0
4826,20260607,3,8,5,50+,Hotel,68,1,1
4827,20260607,3,9,6,10-49,Restaurant,67,1,0
4828,20260607,4,10,4,10-49,Restaurant,60,0,0
4829,20260607,4,11,3,10-49,Restaurant,78,1,1
4830,20260607,4,11,2,1-9,Hotel,59,0,0
4831,20260607,4,12,2,10-49,Bar,84,1,1
4832,20260607,5,13,7,1-9,Snack,60,1,1
4833,20260607,5,13,7,10-49,Snack,52,1,0
4834,20260607,5,14,1,1-9,Snack,64,1,1
4835,20260607,5,15,3,1-9,Restaurant,56,1,0
4836,20260607,6,16,4,10-49,Bar,40,0,0
4837,20260607,6,16,6,1-9,Snack,45,1,0
4838,20260607,6,18,6,1-9,Bar,45,1,0
4839,20260608,1,1,3,1-9,Bar,66,1,1
4840,20260608,1,3,5,10-49,Snack,62,1,0
4841,20260608,1,3,2,1-9,Restaurant,35,0,0
4842,20260608,1,3,8,1-9,Restaurant,62,1,0
4843,20260608,1,3,3,10-49,Snack,63,1,0
4844,20260608,3,7,7,1-9,Restaurant,23,0,0
4845,20260608,3,7,5,1-9,Restaurant,39,0,0
4846,20260608,3,7,1,50+,Restaurant,34,0,0
4847,20260608,3,8,8,10-49,Restaurant,54,0,0
4848,20260608,3,8,4,50+,Café,32,0,0
4849,20260608,3,8,3,1-9,Café,39,1,0
4850,20260608,3,9,1,1-9,Bar,44,0,0
4851,20260608,4,10,1,50+,Bar,75,1,1
4852,20260608,4,10,7,10-49,Restaurant,59,1,0
4853,20260608,4,10,6,10-49,Snack,32,0,0
4854,20260608,4,11,7,10-49,Restaurant,48,0,0
4855,20260608,4,11,2,1-9,Bar,37,1,0
4856,20260608,4,11,2,1-9,Restaurant,42,1,0
4857,20260608,4,11,4,1-9,Café,52,1,0
4858,20260608,4,12,5,1-9,Restaurant,42,0,0
4859,20260608,5,13,6,10-49,Café,56,0,0
4860,20260608,5,13,6,10-49,Bar,62,0,0
4861,20260608,6,16,8,1-9,Bar,58,1,1
4862,20260608,6,16,7,1-9,Bar,63,1,1
4863,20260608,6,17,5,1-9,Hotel,72,1,1
4864,20260608,7,20,6,10-49,Restaurant,77,1,1
4865,20260608,7,20,2,1-9,Hotel,72,0,0
4866,20260608,7,20,4,50+,Restaurant,87,1,0
4867,20260608,7,21,7,50+,Hotel,66,1,0
4868,20260608,7,21,1,10-49,Restaurant,85,1,1
4869,20260608,7,21,1,10-49,Restaurant,95,1,1
4870,20260609,1,3,3,10-49,Snack,58,0,0
4871,20260609,2,5,4,1-9,Restaurant,77,1,1
4872,20260609,3,7,1,1-9,Restaurant,3,0,0
4873,20260609,3,7,8,10-49,Café,39,0,0
4874,20260609,3,7,1,1-9,Bar,28,0,0
4875,20260609,3,7,2,1-9,Bar,28,0,0
4876,20260609,3,7,2,10-49,Restaurant,39,0,0
4877,20260609,3,7,4,10-49,Café,35,0,0
4878,20260609,3,7,5,1-9,Restaurant,27,0,0
4879,20260609,3,7,5,1-9,Restaurant,0,0,0
4880,20260609,3,7,1,1-9,Restaurant,35,1,1
4881,20260609,3,7,6,50+,Snack,39,0,0
4882,20260609,3,7,6,50+,Café,41,1,0
4883,20260609,3,7,4,1-9,Restaurant,52,1,0
4884,20260609,3,8,1,10-49,Restaurant,42,0,0
4885,20260609,3,8,8,50+,Restaurant,58,0,0
4886,20260609,3,8,4,1-9,Snack,9,0,0
4887,20260609,3,8,1,10-49,Bar,37,0,0
4888,20260609,4,10,5,1-9,Snack,60,1,0
4889,20260609,4,10,5,50+,Restaurant,,1,1
4890,20260609,4,11,2,1-9,Restaurant,57,0,0
4891,20260609,4,11,3,1-9,Snack,46,1,1
4892,20260609,5,13,3,1-9,Bar,46,1,1
4893,20260609,5,13,4,1-9,Restaurant,37,0,0
4894,20260609,5,13,5,1-9,Snack,43,1,0
4895,20260609,5,13,4,1-9,Bar,88,1,1
4896,20260609,5,14,1,1-9,Café,36,0,0
4897,20260609,6,16,2,1-9,Café,32,0,0
4898,20260609,6,17,8,1-9,Restaurant,56,1,0
4899,20260609,6,17,1,10-49,Bar,78,0,0
4900,20260609,7,19,6,1-9,Snack,64,1,0
4901,20260609,7,19,1,10-49,Restaurant,91,1,1
4902,20260609,7,19,6,1-9,Café,58,0,0
4903,20260609,7,19,6,1-9,Restaurant,68,1,1
4904,20260609,7,20,3,10-49,Bar,56,0,0
4905,20260609,7,21,5,1-9,Café,61,0,0
4906,20260609,7,21,8,10-49,Hotel,73,0,0
4907,20260610,3,7,1,10-49,Café,31,0,0
4908,20260610,3,7,1,1-9,Restaurant,1,0,0
4909,20260610,3,7,1,10-49,Café,37,0,0
4910,20260610,3,7,2,1-9,Snack,16,0,0
4911,20260610,3,7,6,50+,Café,29,0,0
4912,20260610,3,9,1,1-9,Snack,47,1,0
4913,20260610,3,9,1,1-9,Snack,50,0,0
4914,20260610,3,9,3,1-9,Restaurant,61,1,0
4915,20260610,4,10,5,10-49,Bar,71,0,0
4916,20260610,4,10,1,1-9,Bar,52,0,0
4917,20260610,4,10,5,10-49,Snack,74,1,1
4918,20260610,4,11,4,50+,Restaurant,72,1,1
4919,20260610,4,11,6,10-49,Restaurant,70,1,1
4920,20260610,4,12,1,1-9,Bar,75,1,1
4921,20260610,4,12,3,1-9,Restaurant,61,1,0
4922,20260610,4,12,3,10-49,Restaurant,71,1,1
4923,20260610,5,13,4,50+,Café,71,1,0
4924,20260610,5,13,1,50+,Snack,73,1,1
4925,20260610,5,13,7,10-49,Bar,73,1,0
4926,20260610,5,13,3,1-9,Restaurant,34,0,0
4927,20260610,6,16,2,10-49,Café,76,1,0
4928,20260610,6,16,6,1-9,Restaurant,52,1,0
4929,20260610,6,18,3,10-49,Restaurant,67,0,0
4930,20260610,7,19,1,1-9,Restaurant,72,1,1
4931,20260610,7,19,1,1-9,Bar,,1,1
4932,20260611,1,1,3,1-9,Bar,52,1,0
4933,20260611,1,1,1,1-9,Snack,54,1,1
4934,20260611,1,1,2,1-9,Restaurant,72,1,1
4935,20260611,1,1,6,10-49,Snack,64,1,0
4936,20260611,1,1,6,1-9,Restaurant,52,0,0
4937,20260611,1,1,3,1-9,Snack,42,1,0
4938,20260611,1,2,7,10-49,Bar,25,0,0
4939,20260611,1,3,1,1-9,Bar,45,0,0
4940,20260611,1,3,3,1-9,Restaurant,39,1,0
4941,20260611,1,3,6,10-49,Restaurant,67,1,1
4942,20260611,1,3,8,10-49,Restaurant,65,0,0
4943,20260611,2,5,6,50+,Snack,84,1,1
4944,20260611,2,6,6,50+,Hotel,52,0,0
4945,20260611,3,7,1,50+,Café,34,0,0
4946,20260611,3,7,6,1-9,Restaurant,26,0,0
4947,20260611,3,7,2,10-49,Snack,34,1,1
4948,20260611,3,8,5,1-9,Restaurant,45,1,0
4949,20260611,3,9,5,1-9,Restaurant,18,0,0
4950,20260611,4,10,3,1-9,Bar,47,0,0
4951,20260611,4,10,3,1-9,Restaurant,56,0,0
4952,20260611,4,10,1,1-9,Café,84,1,1
4953,20260611,4,11,5,1-9,Café,51,0,0
4954,20260611,4,12,3,1-9,Restaurant,40,1,1
4955,20260611,5,13,1,1-9,Hotel,54,1,1
4956,20260611,5,13,6,50+,Restaurant,76,1,1
4957,20260611,5,13,2,1-9,Restaurant,39,0,0
4958,20260611,5,13,7,1-9,Café,66,1,0
4959,20260611,5,14,5,1-9,Restaurant,30,0,0
4960,20260611,5,14,1,1-9,Bar,44,0,0
4961,20260611,5,15,3,10-49,Café,78,1,0
4962,20260611,6,17,5,1-9,Snack,67,0,0
4963,20260611,6,17,5,10-49,Restaurant,47,1,1
4964,20260611,6,17,1,1-9,Café,58,1,0
4965,20260611,6,17,8,1-9,Café,59,1,1
4966,20260611,7,19,8,1-9,Bar,68,1,0
4967,20260611,7,19,7,10-49,Snack,68,1,0
4968,20260611,7,19,3,1-9,Snack,90,1,1
4969,20260611,7,20,2,1-9,Restaurant,70,1,0
4970,20260612,1,1,3,10-49,Restaurant,43,0,0
4971,20260612,3,7,2,1-9,Bar,5,0,0
4972,20260612,3,7,3,1-9,Restaurant,38,1,0
4973,20260612,3,7,2,1-9,Snack,18,0,0
4974,20260612,3,7,6,1-9,Restaurant,32,1,0
4975,20260612,3,7,6,10-49,Restaurant,42,0,0
4976,20260612,3,7,8,1-9,Restaurant,49,0,0
4977,20260612,3,7,5,10-49,Snack,9,0,0
4978,20260612,3,7,7,1-9,Bar,38,1,0
4979,20260612,3,9,3,10-49,Bar,54,1,1
4980,20260612,4,10,7,1-9,Restaurant,61,1,0
4981,20260612,4,10,6,1-9,Café,45,1,0
4982,20260612,4,11,1,1-9,Bar,49,1,0
4983,20260612,4,11,1,50+,Restaurant,52,0,0
4984,20260612,5,13,1,10-49,Bar,67,0,0
4985,20260612,5,13,1,10-49,Hotel,92,1,0
4986,20260612,5,14,1,50+,Snack,72,1,1
4987,20260612,5,14,4,10-49,Restaurant,81,0,0
4988,20260612,6,17,1,10-49,Restaurant,85,1,1
4989,20260612,6,17,1,10-49,Restaurant,79,1,1
4990,20260612,6,17,2,1-9,Bar,61,1,0
4991,20260612,7,19,1,10-49,Restaurant,73,1,1
4992,20260613,1,1,1,10-49,Café,74,1,1
4993,20260613,1,2,6,10-49,Bar,58,1,1
4994,20260613,2,4,6,1-9,Snack,70,1,1
4995,20260613,2,6,2,50+,Restaurant,49,1,1
4996,20260613,3,7,3,10-49,Restaurant,23,0,0
4997,20260613,3,7,3,10-49,Restaurant,40,0,0
4998,20260613,3,8,2,1-9,Snack,37,0,0
4999,20260613,3,8,2,1-9,Snack,18,0,0
5000,20260613,3,9,2,10-49,Snack,31,0,0
5001,20260613,3,9,3,1-9,Café,52,0,0
5002,20260613,4,10,2,1-9,Bar,22,0,0
5003,20260613,4,11,4,1-9,Restaurant,48,0,0
5004,20260613,4,11,6,1-9,Restaurant,44,1,1
5005,20260613,4,11,1,1-9,Bar,44,1,0
5006,20260613,4,11,5,10-49,Restaurant,35,0,0
5007,20260613,5,13,5,1-9,Restaurant,55,1,0
5008,20260613,5,13,2,1-9,Bar,27,0,0
5009,20260613,5,13,2,10-49,Restaurant,62,1,1
5010,20260613,5,13,7,1-9,Café,50,0,0
5011,20260613,6,16,3,10-49,Bar,49,1,1
5012,20260613,6,16,5,1-9,Bar,,1,1
5013,20260613,6,16,7,1-9,Bar,54,1,1
5014,20260613,6,17,7,1-9,Bar,59,1,1
5015,20260613,6,18,5,10-49,Restaurant,76,1,1
5016,20260613,6,18,5,10-49,Café,47,0,0
5017,20260613,7,19,8,1-9,Café,51,0,0
5018,20260613,7,19,1,10-49,Bar,55,1,1
5019,20260613,7,19,4,50+,Restaurant,77,1,0
5020,20260613,7,19,2,1-9,Restaurant,61,1,1
5021,20260613,7,20,3,1-9,Snack,72,0,0
5022,20260613,7,20,2,1-9,Café,71,0,0
5023,20260613,7,21,4,1-9,Café,74,1,1
5024,20260613,7,21,5,10-49,Bar,57,0,0
5025,20260614,1,1,7,10-49,Café,62,1,1
5026,20260614,2,6,2,10-49,Snack,47,0,0
5027,20260614,3,7,1,1-9,Snack,31,0,0
5028,20260614,3,7,8,1-9,Hotel,23,0,0
5029,20260614,3,7,8,1-9,Restaurant,47,0,0
5030,20260614,3,8,2,10-49,Bar,29,0,0
5031,20260614,3,9,1,1-9,Restaurant,46,0,0
5032,20260614,3,9,1,10-49,Restaurant,41,0,0
5033,20260614,4,11,6,1-9,Hotel,83,1,1
5034,20260614,5,13,3,1-9,Café,60,1,0
5035,20260614,5,15,6,50+,Snack,69,0,0
5036,20260614,5,15,2,10-49,Bar,72,1,1
5037,20260614,6,16,5,1-9,Café,66,1,1
5038,20260614,6,17,5,1-9,Café,59,0,0
5039,20260614,6,18,1,50+,Restaurant,88,1,0
5040,20260614,7,19,3,1-9,Restaurant,83,1,1
5041,20260614,7,19,3,10-49,Restaurant,84,1,1
5042,20260614,7,21,5,1-9,Hotel,83,1,1
5043,20260615,1,3,5,1-9,Snack,31,0,0
5044,20260615,3,7,5,1-9,Restaurant,35,0,0
5045,20260615,3,7,5,10-49,Restaurant,,0,0
5046,20260615,3,7,8,1-9,Snack,22,0,0
5047,20260615,3,7,2,10-49,Restaurant,22,0,0
5048,20260615,3,7,6,1-9,Restaurant,32,0,0
5049,20260615,4,10,1,1-9,Snack,54,0,0
5050,20260615,4,10,5,10-49,Restaurant,57,1,0
5051,20260615,4,10,2,50+,Bar,57,1,1
5052,20260615,4,11,2,1-9,Hotel,36,0,0
5053,20260615,5,13,1,1-9,Bar,61,1,1
5054,20260615,5,15,4,10-49,Restaurant,86,1,1
5055,20260615,6,16,1,10-49,Restaurant,73,1,0
5056,20260615,6,16,8,50+,Restaurant,62,1,1
5057,20260615,6,17,3,1-9,Restaurant,51,0,0
5058,20260615,6,17,5,1-9,Bar,74,1,1
5059,20260615,7,19,5,1-9,Restaurant,68,0,0
5060,20260615,7,19,1,1-9,Restaurant,78,0,0
5061,20260615,7,19,6,10-49,Café,95,1,1
5062,20260615,7,20,1,10-49,Café,96,1,1
5063,20260616,1,1,7,50+,Bar,79,0,0
5064,20260616,2,4,1,50+,Snack,87,1,1
5065,20260616,3,7,1,1-9,Restaurant,13,0,0
5066,20260616,3,7,3,50+,Café,44,1,0
5067,20260616,3,0,2,50+,Restaurant,49,1,0
5068,20260616,3,8,7,10-49,Restaurant,50,1,1
5069,20260616,3,9,1,10-49,Hotel,57,1,0
5070,20260616,3,9,3,1-9,Bar,44,1,1
5071,20260616,4,10,3,10-49,Restaurant,71,0,0
5072,20260616,4,11,2,1-9,Hotel,37,0,0
5073,20260616,4,12,6,1-9,Restaurant,78,1,1
5074,20260616,5,13,3,1-9,Restaurant,37,0,0
5075,20260616,5,13,3,10-49,Hotel,89,1,0
5076,20260616,5,14,8,1-9,Hotel,40,0,0
5077,20260616,5,14,2,1-9,Bar,58,1,1
5078,20260616,5,15,1,10-49,Bar,66,0,0
5079,20260616,6,16,5,1-9,Bar,67,0,0
5080,20260616,6,16,1,1-9,Snack,59,1,0
5081,20260616,6,17,5,50+,Bar,95,1,1
5082,20260616,6,17,1,10-49,Bar,70,1,1
5083,20260616,6,17,7,1-9,Snack,66,1,1
5084,20260616,7,19,8,1-9,Bar,58,1,1
5085,20260616,7,19,4,1-9,Restaurant,65,1,1
5086,20260616,7,20,6,10-49,Snack,54,0,0
5087,20260617,1,1,6,1-9,Restaurant,29,0,0
5088,20260617,1,2,2,1-9,Restaurant,37,1,0
5089,20260617,1,3,4,10-49,Restaurant,69,1,0
5090,20260617,2,4,1,10-49,Bar,67,0,0
5091,20260617,3,7,7,50+,Hotel,16,0,0
5092,20260617,3,7,1,1-9,Restaurant,12,0,0
5093,20260617,3,7,2,1-9,Café,6,0,0
5094,20260617,3,7,1,10-49,Café,26,1,0
5095,20260617,3,8,3,1-9,Restaurant,26,0,0
5096,20260617,3,8,6,50+,Hotel,46,1,0
5097,20260617,3,8,3,1-9,Hotel,35,0,0
5098,20260617,4,10,6,50+,Bar,73,0,0
5099,20260617,4,12,2,10-49,Restaurant,81,1,1
5100,20260617,5,13,1,1-9,Restaurant,46,0,0
5101,20260617,5,14,5,1-9,Restaurant,70,1,0
5102,20260617,5,14,3,50+,Restaurant,95,1,1
5103,20260617,5,15,1,1-9,Bar,87,1,1
5104,20260617,6,16,5,1-9,Bar,48,0,0
5105,20260617,6,16,3,50+,Café,93,1,0
5106,20260617,6,17,1,50+,Restaurant,75,1,0
5107,20260617,6,17,3,1-9,Café,62,0,0
5108,20260617,6,17,5,1-9,Restaurant,44,0,0
5109,20260617,6,17,5,1-9,Restaurant,46,0,0
5110,20260617,6,18,3,10-49,Hotel,74,0,0
5111,20260617,7,19,2,1-9,Restaurant,75,1,1
5112,20260617,7,20,2,1-9,Restaurant,69,0,0
5113,20260617,7,21,2,1-9,Bar,63,0,0
5114,20260617,7,21,5,1-9,Café,67,1,0
5115,20260618,3,7,3,1-9,Snack,32,0,0
5116,20260618,3,7,1,1-9,Snack,34,1,0
5117,20260618,3,7,6,10-49,Café,40,0,0
5118,20260618,3,9,6,10-49,Bar,48,1,1
5119,20260618,3,0,1,1-9,Restaurant,25,0,0
5120,20260618,4,11,6,1-9,Restaurant,50,1,0
5121,20260618,4,11,3,1-9,Café,36,1,0
5122,20260618,4,11,1,1-9,Hotel,39,0,0
5123,20260618,4,11,6,1-9,Snack,72,1,1
5124,20260618,4,11,1,1-9,Hotel,68,1,0
5125,20260618,4,12,6,10-49,Restaurant,56,0,0
5126,20260618,5,14,3,10-49,Bar,71,1,0
5127,20260618,5,15,7,1-9,Snack,72,1,0
5128,20260618,6,16,2,10-49,Restaurant,71,0,0
5129,20260618,6,16,3,1-9,Café,70,0,0
5130,20260618,6,16,5,1-9,Bar,68,1,0
5131,20260618,6,16,5,1-9,Restaurant,55,0,0
5132,20260618,6,16,7,1-9,Restaurant,53,1,0
5133,20260618,6,16,1,50+,Restaurant,61,0,0
5134,20260618,6,17,1,10-49,Restaurant,79,1,0
5135,20260618,6,17,1,10-49,Restaurant,77,0,0
5136,20260618,6,18,1,1-9,Bar,50,0,0
5137,20260618,7,19,8,10-49,Snack,94,1,1
5138,20260618,7,19,3,1-9,Snack,47,0,0
5139,20260618,7,21,6,1-9,Snack,58,0,0
5140,20260619,1,1,5,1-9,Snack,40,0,0
5141,20260619,1,3,8,10-49,Restaurant,68,1,0
5142,20260619,1,3,1,1-9,Restaurant,54,0,0
5143,20260619,3,8,7,1-9,Bar,4,0,0
5144,20260619,3,0,3,1-9,Restaurant,48,1,0
5145,20260619,3,9,4,1-9,Café,29,1,0
5146,20260619,4,10,4,10-49,Restaurant,73,0,0
5147,20260619,4,10,1,10-49,Snack,68,1,1
5148,20260619,4,11,1,1-9,Bar,63,1,0
5149,20260619,4,11,2,1-9,Restaurant,63,1,0
5150,20260619,4,11,8,10-49,Café,54,0,0
5151,20260619,4,11,1,1-9,Restaurant,51,0,0
5152,20260619,4,12,1,10-49,Restaurant,68,1,1
5153,20260619,5,13,1,1-9,Snack,39,1,1
5154,20260619,5,13,3,1-9,Hotel,78,1,1
5155,20260619,5,13,2,10-49,Bar,73,0,0
5156,20260619,5,14,5,10-49,Restaurant,71,1,1
5157,20260619,6,17,3,1-9,Snack,51,0,0
5158,20260619,6,17,8,1-9,Café,56,1,0
5159,20260619,6,17,1,10-49,Snack,56,1,1
5160,20260619,6,17,3,1-9,Snack,69,1,1
5161,20260619,7,19,1,1-9,Bar,57,0,0
5162,20260619,7,20,5,1-9,Snack,87,1,0
5163,20260619,7,21,3,10-49,Restaurant,93,1,1
5164,20260620,1,1,8,50+,Restaurant,51,1,0
5165,20260620,2,5,8,1-9,Restaurant,73,0,0
5166,20260620,3,7,6,1-9,Restaurant,1,0,0
5167,20260620,3,7,1,1-9,Snack,27,0,0
5168,20260620,3,7,1,10-49,Restaurant,27,0,0
5169,20260620,3,7,1,1-9,Café,15,0,0
5170,20260620,3,8,7,10-49,Restaurant,36,1,0
5171,20260620,3,8,4,1-9,Hotel,21,0,0
5172,20260620,3,8,1,1-9,Bar,48,0,0
5173,20260620,4,10,6,1-9,Restaurant,54,1,0
5174,20260620,4,10,5,10-49,Restaurant,53,1,0
5175,20260620,4,10,1,1-9,Bar,49,0,0
5176,20260620,4,11,6,1-9,Restaurant,64,1,0
5177,20260620,4,12,4,10-49,Restaurant,70,0,0
5178,20260620,4,12,1,1-9,Restaurant,67,0,0
5179,20260620,6,16,1,10-49,Bar,76,1,1
5180,20260620,7,20,4,1-9,Snack,68,1,1
5181,20260621,1,2,5,1-9,Restaurant,61,0,0
5182,20260621,2,5,1,10-49,Bar,80,1,1
5183,20260621,2,6,3,10-49,Restaurant,62,1,1
5184,20260621,3,7,2,50+,Restaurant,26,0,0
5185,20260621,3,7,3,50+,Restaurant,44,0,0
5186,20260621,3,7,7,10-49,Restaurant,38,0,0
5187,20260621,3,7,7,10-49,Snack,52,0,0
5188,20260621,4,10,6,1-9,Restaurant,33,0,0
5189,20260621,4,10,8,1-9,Café,59,0,0
5190,20260621,5,13,1,10-49,Bar,76,1,1
5191,20260621,5,13,3,1-9,Restaurant,64,0,0
5192,20260621,5,13,4,10-49,Bar,38,0,0
5193,20260621,5,13,6,1-9,Hotel,65,1,1
5194,20260621,5,14,6,1-9,Restaurant,56,1,1
5195,20260621,5,14,1,10-49,Bar,93,1,0
5196,20260621,6,16,8,1-9,Bar,68,1,0
5197,20260621,6,16,1,1-9,Restaurant,53,1,1
5198,20260621,6,18,5,1-9,Restaurant,,0,0
5199,20260621,6,18,2,1-9,Restaurant,61,1,0
5200,20260621,6,18,1,10-49,Restaurant,64,1,0
5201,20260621,7,19,1,1-9,Restaurant,69,1,1
5202,20260621,7,19,5,10-49,Bar,93,1,1
5203,20260621,7,20,3,1-9,Restaurant,75,1,1
5204,20260621,7,20,6,10-49,Restaurant,61,1,1
5205,20260621,7,21,5,1-9,Bar,75,1,1
5206,20260622,1,1,2,10-49,Café,63,1,0
5207,20260622,1,1,7,1-9,Snack,61,1,1
5208,20260622,1,1,6,10-49,Restaurant,72,1,1
5209,20260622,1,2,3,1-9,Restaurant,36,0,0
5210,20260622,3,7,7,10-49,Bar,34,1,0
5211,20260622,3,7,4,1-9,Bar,37,0,0
5212,20260622,3,7,2,1-9,Bar,36,0,0
5213,20260622,3,7,6,1-9,Snack,18,0,0
5214,20260622,3,7,4,10-49,Restaurant,42,1,0
5215,20260622,3,8,7,1-9,Café,47,1,0
5216,20260622,3,8,3,1-9,Restaurant,20,0,0
5217,20260622,3,0,4,1-9,Restaurant,29,0,0
5218,20260622,3,8,1,1-9,Restaurant,53,1,0
5219,20260622,3,9,8,1-9,Restaurant,41,0,0
5220,20260622,4,10,7,10-49,Restaurant,59,1,1
5221,20260622,4,10,1,10-49,Restaurant,66,0,0
5222,20260622,4,10,3,1-9,Café,78,1,1
5223,20260622,4,11,3,1-9,Restaurant,57,1,1
5224,20260622,4,12,6,1-9,Restaurant,,1,0
5225,20260622,4,12,3,10-49,Bar,54,1,0
5226,20260622,5,13,1,1-9,Café,72,1,1
5227,20260622,5,13,6,1-9,Café,52,0,0
5228,20260622,5,13,1,10-49,Restaurant,92,1,1
5229,20260622,5,14,3,1-9,Café,78,1,1
5230,20260622,5,15,4,10-49,Restaurant,58,0,0
5231,20260622,6,16,5,1-9,Snack,54,1,0
5232,20260622,6,16,4,1-9,Restaurant,51,0,0
5233,20260622,6,16,2,10-49,Café,76,1,0
5234,20260622,6,16,3,1-9,Snack,30,0,0
5235,20260622,6,17,2,1-9,Café,74,1,1
5236,20260622,6,17,7,1-9,Bar,62,0,0
5237,20260622,6,17,7,1-9,Snack,77,1,0
5238,20260622,6,18,2,1-9,Restaurant,29,0,0
5239,20260622,7,19,8,10-49,Café,90,1,1
5240,20260622,7,20,3,1-9,Restaurant,67,1,1
5241,20260622,7,20,7,10-49,Bar,65,1,1
5242,20260622,7,20,7,1-9,Café,72,1,0
5243,20260623,1,1,1,50+,Café,58,0,0
5244,20260623,1,3,2,1-9,Restaurant,31,0,0
5245,20260623,3,7,2,10-49,Café,19,0,0
5246,20260623,3,0,1,10-49,Hotel,15,0,0
5247,20260623,3,7,3,50+,Hotel,53,0,0
5248,20260623,3,7,6,10-49,Restaurant,13,0,0
5249,20260623,3,7,1,1-9,Hotel,35,0,0
5250,20260623,3,7,2,10-49,Restaurant,49,0,0
5251,20260623,3,8,6,10-49,Restaurant,50,0,0
5252,20260623,3,0,1,10-49,Café,35,0,0
5253,20260623,3,8,8,10-49,Restaurant,43,0,0
5254,20260623,3,8,2,10-49,Restaurant,20,0,0
5255,20260623,3,8,4,10-49,Restaurant,18,0,0
5256,20260623,3,8,1,10-49,Café,46,1,0
5257,20260623,3,9,3,1-9,Snack,11,0,0
5258,20260623,3,9,3,50+,Restaurant,50,0,0
5259,20260623,3,9,1,1-9,Restaurant,46,0,0
5260,20260623,4,10,8,10-49,Restaurant,50,0,0
5261,20260623,5,13,5,50+,Café,62,1,1
5262,20260623,5,13,6,1-9,Restaurant,89,1,0
5263,20260623,5,13,5,10-49,Restaurant,70,1,0
5264,20260623,5,14,5,1-9,Restaurant,45,0,0
5265,20260623,5,14,2,1-9,Restaurant,72,0,0
5266,20260623,6,16,1,1-9,Café,39,1,0
5267,20260623,6,17,1,1-9,Snack,73,1,1
5268,20260623,6,18,6,10-49,Restaurant,53,1,0
5269,20260623,7,20,6,1-9,Restaurant,78,1,1
5270,20260624,2,4,5,1-9,Restaurant,81,1,1
5271,20260624,3,7,2,1-9,Bar,24,0,0
5272,20260624,3,7,2,1-9,Bar,27,1,0
5273,20260624,3,7,3,1-9,Café,40,1,0
5274,20260624,3,7,5,1-9,Restaurant,36,0,0
5275,20260624,3,7,7,1-9,Restaurant,36,0,0
5276,20260624,3,7,4,10-49,Restaurant,28,0,0
5277,20260624,3,7,4,1-9,Bar,4,0,0
5278,20260624,3,7,5,50+,Restaurant,38,0,0
5279,20260624,3,8,7,1-9,Snack,26,1,1
5280,20260624,3,8,6,1-9,Restaurant,23,0,0
5281,20260624,3,8,4,1-9,Restaurant,38,0,0
5282,20260624,3,8,1,1-9,Restaurant,55,1,1
5283,20260624,3,9,4,10-49,Restaurant,48,0,0
5284,20260624,3,9,6,10-49,Snack,30,0,0
5285,20260624,4,10,1,10-49,Snack,66,0,0
5286,20260624,4,10,5,1-9,Bar,51,0,0
5287,20260624,4,11,1,50+,Restaurant,47,1,0
5288,20260624,4,11,4,1-9,Snack,43,1,0
5289,20260624,4,11,2,1-9,Restaurant,57,1,1
5290,20260624,4,11,3,50+,Restaurant,69,1,0
5291,20260624,5,13,3,1-9,Restaurant,65,0,0
5292,20260624,5,13,1,1-9,Café,68,1,1
5293,20260624,5,14,8,10-49,Bar,57,1,0
5294,20260624,5,14,2,1-9,Snack,70,1,1
5295,20260624,6,16,1,50+,Restaurant,54,0,0
5296,20260624,6,16,1,10-49,Café,81,1,0
5297,20260624,6,16,7,1-9,Restaurant,67,1,0
5298,20260624,6,16,2,50+,Hotel,68,1,0
5299,20260624,7,19,4,1-9,Restaurant,51,1,0
5300,20260624,7,19,2,1-9,Restaurant,90,1,1
5301,20260624,7,19,7,1-9,Bar,57,0,0
5302,20260624,7,19,3,10-49,Bar,84,1,1
5303,20260624,7,20,2,10-49,Snack,91,1,1
5304,20260625,1,1,7,1-9,Restaurant,41,0,0
5305,20260625,1,1,2,10-49,Bar,47,1,1
5306,20260625,1,1,3,1-9,Restaurant,68,1,0
5307,20260625,1,2,3,10-49,Restaurant,56,1,0
5308,20260625,1,3,5,1-9,Restaurant,42,0,0
5309,20260625,2,5,3,10-49,Restaurant,46,0,0
5310,20260625,3,7,5,1-9,Restaurant,9,0,0
5311,20260625,3,7,3,1-9,Restaurant,28,0,0
5312,20260625,3,7,6,10-49,Snack,45,0,0
5313,20260625,3,7,5,1-9,Café,28,0,0
5314,20260625,3,8,2,50+,Hotel,38,0,0
5315,20260625,3,9,7,1-9,Restaurant,47,1,0
5316,20260625,3,9,7,10-49,Snack,46,0,0
5317,20260625,4,10,2,10-49,Bar,66,1,0
5318,20260625,4,11,8,10-49,Restaurant,48,1,0
5319,20260625,4,11,4,1-9,Restaurant,70,1,0
5320,20260625,4,12,7,10-49,Restaurant,59,1,0
5321,20260625,5,13,4,10-49,Bar,66,1,1
5322,20260625,5,13,8,1-9,Restaurant,61,0,0
5323,20260625,5,13,7,1-9,Bar,61,0,0
5324,20260625,5,14,5,1-9,Restaurant,90,1,1
5325,20260625,6,16,4,10-49,Bar,48,0,0
5326,20260625,6,16,5,10-49,Snack,58,0,0
5327,20260625,6,16,6,10-49,Café,59,1,0
5328,20260625,6,18,6,10-49,Bar,29,0,0
5329,20260625,7,20,7,10-49,Snack,76,0,0
5330,20260625,7,21,2,10-49,Bar,90,1,1
5331,20260625,7,21,3,1-9,Café,79,0,0
5332,20260626,1,2,3,1-9,Bar,51,0,0
5333,20260626,2,5,5,50+,Snack,75,1,1
5334,20260626,2,5,1,50+,Snack,83,1,1
5335,20260626,3,7,7,10-49,Hotel,24,0,0
5336,20260626,3,7,4,10-49,Bar,9,0,0
5337,20260626,3,7,5,1-9,Bar,28,0,0
5338,20260626,3,7,1,1-9,Restaurant,9,0,0
5339,20260626,3,7,7,1-9,Restaurant,5,0,0
5340,20260626,3,7,2,1-9,Snack,2,0,0
5341,20260626,3,7,6,10-49,Bar,19,0,0
5342,20260626,3,8,1,1-9,Snack,14,0,0
5343,20260626,3,9,3,1-9,Bar,44,0,0
5344,20260626,3,9,3,1-9,Restaurant,50,1,0
5345,20260626,3,9,4,1-9,Snack,,1,0
5346,20260626,3,9,6,1-9,Café,53,0,0
5347,20260626,4,10,4,10-49,Café,56,0,0
5348,20260626,4,10,4,1-9,Restaurant,61,1,0
5349,20260626,4,10,2,10-49,Restaurant,80,1,1
5350,20260626,4,10,5,1-9,Bar,40,1,1
5351,20260626,4,11,2,10-49,Snack,48,0,0
5352,20260626,4,11,6,50+,Restaurant,80,1,1
5353,20260626,4,11,1,1-9,Snack,43,1,1
5354,20260626,4,12,4,10-49,Restaurant,69,1,1
5355,20260626,5,13,4,1-9,Restaurant,39,1,0
5356,20260626,5,13,5,10-49,Snack,88,1,0
5357,20260626,5,13,2,1-9,Restaurant,44,0,0
5358,20260626,5,13,2,1-9,Café,72,0,0
5359,20260626,6,17,8,1-9,Café,67,1,0
5360,20260626,6,17,1,1-9,Restaurant,65,1,1
5361,20260626,6,18,3,10-49,Café,43,0,0
5362,20260626,6,18,8,1-9,Restaurant,46,0,0
5363,20260626,7,19,5,10-49,Hotel,72,1,1
5364,20260626,7,19,5,1-9,Restaurant,74,1,0
5365,20260626,7,20,2,1-9,Bar,99,1,1
5366,20260626,7,21,7,1-9,Café,73,1,1
5367,20260627,1,1,1,1-9,Restaurant,55,1,1
5368,20260627,1,1,3,1-9,Bar,52,1,0
5369,20260627,1,1,3,1-9,Restaurant,18,0,0
5370,20260627,1,3,3,1-9,Restaurant,50,0,0
5371,20260627,1,3,5,1-9,Bar,70,1,1
5372,20260627,3,7,5,10-49,Restaurant,31,0,0
5373,20260627,3,7,2,1-9,Restaurant,,0,0
5374,20260627,3,7,5,10-49,Restaurant,33,0,0
5375,20260627,3,7,3,10-49,Snack,29,1,0
5376,20260627,3,7,4,1-9,Restaurant,11,0,0
5377,20260627,3,0,2,1-9,Snack,19,0,0
5378,20260627,3,8,4,10-49,Restaurant,37,0,0
5379,20260627,3,8,6,10-49,Restaurant,30,0,0
5380,20260627,3,9,7,1-9,Bar,41,1,0
5381,20260627,4,10,2,1-9,Snack,59,1,1
5382,20260627,4,10,4,1-9,Restaurant,57,1,1
5383,20260627,4,11,1,1-9,Restaurant,47,0,0
5384,20260627,4,11,5,10-49,Restaurant,76,1,0
5385,20260627,5,13,5,10-49,Restaurant,62,0,0
5386,20260627,5,13,2,1-9,Restaurant,61,0,0
5387,20260627,5,14,2,1-9,Snack,49,0,0
5388,20260627,5,14,7,1-9,Snack,69,1,1
5389,20260627,5,14,3,1-9,Bar,50,0,0
5390,20260627,5,14,4,1-9,Restaurant,66,1,0
5391,20260627,5,15,1,10-49,Snack,49,1,1
5392,20260627,5,15,1,1-9,Restaurant,57,1,0
5393,20260627,6,16,5,1-9,Bar,42,0,0
5394,20260627,6,17,6,10-49,Café,57,1,0
5395,20260627,7,19,6,10-49,Restaurant,52,0,0
5396,20260627,7,20,2,10-49,Restaurant,85,0,0
5397,20260628,1,1,4,1-9,Restaurant,43,1,0
5398,20260628,1,1,3,1-9,Bar,46,0,0
5399,20260628,1,1,1,10-49,Snack,59,0,0
5400,20260628,1,3,1,1-9,Restaurant,49,0,0
5401,20260628,3,7,2,1-9,Restaurant,19,0,0
5402,20260628,3,7,8,10-49,Restaurant,34,0,0
5403,20260628,3,7,3,1-9,Restaurant,25,0,0
5404,20260628,3,8,7,10-49,Restaurant,31,0,0
5405,20260628,3,9,2,1-9,Restaurant,44,1,1
5406,20260628,3,9,6,1-9,Restaurant,49,0,0
5407,20260628,3,9,7,1-9,Restaurant,47,0,0
5408,20260628,4,10,1,10-49,Snack,67,1,1
5409,20260628,4,11,2,1-9,Restaurant,32,0,0
5410,20260628,4,11,2,1-9,Snack,43,1,0
5411,20260628,4,12,5,1-9,Restaurant,54,0,0
5412,20260628,5,13,6,1-9,Restaurant,30,1,0
5413,20260628,5,14,6,1-9,Restaurant,72,0,0
5414,20260628,6,16,1,10-49,Hotel,72,1,0
5415,20260628,6,16,8,1-9,Bar,54,1,1
5416,20260628,6,17,4,1-9,Snack,52,0,0
5417,20260628,6,17,5,1-9,Café,79,1,0
5418,20260628,7,19,8,50+,Restaurant,83,0,0
5419,20260628,7,19,6,1-9,Café,77,0,0
5420,20260628,7,21,6,10-49,Bar,94,1,1
5421,20260629,1,3,5,1-9,Café,54,0,0
5422,20260629,3,7,5,10-49,Snack,27,0,0
5423,20260629,3,7,1,10-49,Café,29,0,0
5424,20260629,3,8,3,1-9,Café,45,0,0
5425,20260629,3,9,1,10-49,Bar,49,0,0
5426,20260629,3,9,5,10-49,Restaurant,,1,1
5427,20260629,4,10,2,1-9,Café,60,1,1
5428,20260629,4,10,4,10-49,Restaurant,54,1,0
5429,20260629,4,10,8,1-9,Bar,36,0,0
5430,20260629,4,11,6,10-49,Hotel,41,0,0
5431,20260629,4,11,4,50+,Restaurant,68,0,0
5432,20260629,4,11,6,1-9,Snack,63,1,0
5433,20260629,4,11,7,10-49,Bar,69,1,1
5434,20260629,4,11,2,1-9,Snack,50,1,0
5435,20260629,4,12,5,1-9,Restaurant,59,0,0
5436,20260629,4,12,8,1-9,Restaurant,52,0,0
5437,20260629,5,13,1,1-9,Restaurant,62,1,0
5438,20260629,5,14,4,10-49,Bar,61,0,0
5439,20260629,5,14,1,10-49,Restaurant,51,1,1
5440,20260629,6,16,7,10-49,Restaurant,73,1,0
5441,20260629,6,16,2,50+,Restaurant,77,0,0
5442,20260629,6,16,5,50+,Restaurant,71,1,1
5443,20260629,6,17,7,1-9,Restaurant,54,0,0
5444,20260629,6,17,3,1-9,Restaurant,77,1,1
5445,20260629,6,18,6,10-49,Snack,56,0,0
5446,20260629,7,19,3,1-9,Hotel,67,0,0
5447,20260629,7,19,6,50+,Café,78,1,1
5448,20260629,7,19,2,1-9,Restaurant,93,1,1
5449,20260629,7,21,7,10-49,Restaurant,76,1,1
5450,20260629,7,21,1,10-49,Restaurant,65,0,0
5451,20260630,1,1,1,1-9,Restaurant,72,1,1
5452,20260630,1,1,1,10-49,Restaurant,72,1,0
5453,20260630,1,1,2,10-49,Restaurant,53,1,0
5454,20260630,1,3,3,1-9,Bar,38,0,0
5455,20260630,1,3,1,10-49,Café,59,0,0
5456,20260630,1,3,5,1-9,Café,60,0,0
5457,20260630,2,6,5,50+,Restaurant,86,1,1
5458,20260630,2,6,3,10-49,Restaurant,70,1,1
5459,20260630,3,7,5,1-9,Restaurant,46,0,0
5460,20260630,3,7,2,1-9,Restaurant,32,0,0
5461,20260630,3,7,4,50+,Restaurant,46,1,0
5462,20260630,3,7,3,1-9,Bar,30,1,0
5463,20260630,3,7,7,1-9,Snack,29,0,0
5464,20260630,3,7,1,1-9,Restaurant,16,0,0
5465,20260630,3,8,5,1-9,Restaurant,5,0,0
5466,20260630,4,11,1,10-49,Restaurant,53,0,0
5467,20260630,4,11,4,10-49,Café,30,0,0
5468,20260630,4,11,1,1-9,Snack,57,1,0
5469,20260630,5,13,4,10-49,Café,68,0,0
5470,20260630,5,13,5,1-9,Bar,78,1,1
5471,20260630,5,14,2,1-9,Snack,45,0,0
5472,20260630,6,16,7,1-9,Café,50,0,0
5473,20260630,6,16,5,1-9,Snack,81,1,1
5474,20260630,6,16,5,10-49,Bar,62,0,0
5475,20260630,6,17,2,1-9,Café,52,0,0
5476,20260630,6,17,7,10-49,Snack,50,1,0
5477,20260630,6,18,4,10-49,Restaurant,56,1,0
5478,20260630,7,20,1,50+,Restaurant,86,1,1
5479,20260630,7,20,5,50+,Café,100,1,1
5480,20260630,7,20,6,1-9,Bar,87,1,1
